[2026-09-18T12:31:36.846+0000] {local_task_job_runner.py:120} INFO - ::group::Pre task execution logs
[2026-09-18T12:31:36.864+0000] {taskinstance.py:2076} INFO - Dependencies all met for dep_context=non-requeueable deps ti=<TaskInstance: ecommerce_data.extract scheduled__2019-10-02T00:00:00+00:00 [queued]>
[2026-09-18T12:31:36.867+0000] {taskinstance.py:2076} INFO - Dependencies all met for dep_context=requeueable deps ti=<TaskInstance: ecommerce_data.extract scheduled__2019-10-02T00:00:00+00:00 [queued]>
[2026-09-18T12:31:36.867+0000] {taskinstance.py:2306} INFO - Starting attempt 1 of 4
[2026-09-18T12:31:36.873+0000] {taskinstance.py:2330} INFO - Executing <Task(_PythonDecoratedOperator): extract> on 2019-10-02 00:00:00+00:00
[2026-09-18T12:31:36.876+0000] {standard_task_runner.py:63} INFO - Started process 174 to run task
[2026-09-18T12:31:36.877+0000] {standard_task_runner.py:90} INFO - Running: ['airflow', 'tasks', 'run', 'ecommerce_data', 'extract', 'scheduled__2019-10-02T00:00:00+00:00', '--job-id', '4', '--raw', '--subdir', 'DAGS_FOLDER/etl.py', '--cfg-path', '/tmp/tmpklgowrge']
[2026-09-18T12:31:36.878+0000] {standard_task_runner.py:91} INFO - Job 4: Subtask extract
[2026-09-18T12:31:36.895+0000] {task_command.py:426} INFO - Running <TaskInstance: ecommerce_data.extract scheduled__2019-10-02T00:00:00+00:00 [running]> on host ac3d43ca2f24
[2026-09-18T12:31:36.929+0000] {taskinstance.py:2648} INFO - Exporting env vars: AIRFLOW_CTX_DAG_OWNER='airflow' AIRFLOW_CTX_DAG_ID='ecommerce_data' AIRFLOW_CTX_TASK_ID='extract' AIRFLOW_CTX_EXECUTION_DATE='2019-10-02T00:00:00+00:00' AIRFLOW_CTX_TRY_NUMBER='1' AIRFLOW_CTX_DAG_RUN_ID='scheduled__2019-10-02T00:00:00+00:00'
[2026-09-18T12:31:36.929+0000] {taskinstance.py:430} INFO - ::endgroup::
[2026-09-18T12:31:37.894+0000] {taskinstance.py:441} INFO - ::group::Post task execution logs
[2026-09-18T12:31:37.894+0000] {taskinstance.py:2905} ERROR - Task failed with exception
Traceback (most recent call last):
  File "/home/airflow/.local/lib/python3.11/site-packages/airflow/models/taskinstance.py", line 465, in _execute_task
    result = _execute_callable(context=context, **execute_callable_kwargs)
             ^^^^^^^^^^^^^^^^^^^^^^^^^^^^^^^^^^^^^^^^^^^^^^^^^^^^^^^^^^^^^
  File "/home/airflow/.local/lib/python3.11/site-packages/airflow/models/taskinstance.py", line 432, in _execute_callable
    return execute_callable(context=context, **execute_callable_kwargs)
           ^^^^^^^^^^^^^^^^^^^^^^^^^^^^^^^^^^^^^^^^^^^^^^^^^^^^^^^^^^^^
  File "/home/airflow/.local/lib/python3.11/site-packages/airflow/models/baseoperator.py", line 401, in wrapper
    return func(self, *args, **kwargs)
           ^^^^^^^^^^^^^^^^^^^^^^^^^^^
  File "/home/airflow/.local/lib/python3.11/site-packages/airflow/decorators/base.py", line 265, in execute
    return_value = super().execute(context)
                   ^^^^^^^^^^^^^^^^^^^^^^^^
  File "/home/airflow/.local/lib/python3.11/site-packages/airflow/models/baseoperator.py", line 401, in wrapper
    return func(self, *args, **kwargs)
           ^^^^^^^^^^^^^^^^^^^^^^^^^^^
  File "/home/airflow/.local/lib/python3.11/site-packages/airflow/operators/python.py", line 235, in execute
    return_value = self.execute_callable()
                   ^^^^^^^^^^^^^^^^^^^^^^^
  File "/home/airflow/.local/lib/python3.11/site-packages/airflow/operators/python.py", line 252, in execute_callable
    return self.python_callable(*self.op_args, **self.op_kwargs)
           ^^^^^^^^^^^^^^^^^^^^^^^^^^^^^^^^^^^^^^^^^^^^^^^^^^^^^
  File "/opt/airflow/dags/etl.py", line 26, in extract
    script_run = subprocess.run(["spark-submit", "daily_etl.py", ds], check=True)
                 ^^^^^^^^^^^^^^^^^^^^^^^^^^^^^^^^^^^^^^^^^^^^^^^^^^^^^^^^^^^^^^^^
  File "/usr/local/lib/python3.11/subprocess.py", line 571, in run
    raise CalledProcessError(retcode, process.args,
subprocess.CalledProcessError: Command '['spark-submit', 'daily_etl.py', '2019-10-02']' returned non-zero exit status 2.
[2026-09-18T12:31:37.897+0000] {taskinstance.py:1206} INFO - Marking task as UP_FOR_RETRY. dag_id=ecommerce_data, task_id=extract, run_id=scheduled__2019-10-02T00:00:00+00:00, execution_date=20191002T000000, start_date=20260918T123136, end_date=20260918T123137
[2026-09-18T12:31:37.902+0000] {standard_task_runner.py:110} ERROR - Failed to execute job 4 for task extract (Command '['spark-submit', 'daily_etl.py', '2019-10-02']' returned non-zero exit status 2.; 174)
[2026-09-18T12:31:37.932+0000] {local_task_job_runner.py:240} INFO - Task exited with return code 1
[2026-09-18T12:31:37.942+0000] {taskinstance.py:3503} INFO - 0 downstream tasks scheduled from follow-on schedule check
[2026-09-18T12:31:37.942+0000] {local_task_job_runner.py:222} INFO - ::endgroup::
[2026-09-19T13:10:42.714+0000] {local_task_job_runner.py:120} INFO - ::group::Pre task execution logs
[2026-09-19T13:10:42.735+0000] {taskinstance.py:2076} INFO - Dependencies all met for dep_context=non-requeueable deps ti=<TaskInstance: ecommerce_data.extract scheduled__2019-10-02T00:00:00+00:00 [queued]>
[2026-09-19T13:10:42.740+0000] {taskinstance.py:2076} INFO - Dependencies all met for dep_context=requeueable deps ti=<TaskInstance: ecommerce_data.extract scheduled__2019-10-02T00:00:00+00:00 [queued]>
[2026-09-19T13:10:42.740+0000] {taskinstance.py:2306} INFO - Starting attempt 1 of 4
[2026-09-19T13:10:42.749+0000] {taskinstance.py:2330} INFO - Executing <Task(_PythonDecoratedOperator): extract> on 2019-10-02 00:00:00+00:00
[2026-09-19T13:10:42.754+0000] {standard_task_runner.py:63} INFO - Started process 266 to run task
[2026-09-19T13:10:42.757+0000] {standard_task_runner.py:90} INFO - Running: ['airflow', 'tasks', 'run', 'ecommerce_data', 'extract', 'scheduled__2019-10-02T00:00:00+00:00', '--job-id', '6', '--raw', '--subdir', 'DAGS_FOLDER/etl.py', '--cfg-path', '/tmp/tmp41xaem08']
[2026-09-19T13:10:42.758+0000] {standard_task_runner.py:91} INFO - Job 6: Subtask extract
[2026-09-19T13:10:42.791+0000] {task_command.py:426} INFO - Running <TaskInstance: ecommerce_data.extract scheduled__2019-10-02T00:00:00+00:00 [running]> on host 8e73891b263a
[2026-09-19T13:10:42.841+0000] {taskinstance.py:2648} INFO - Exporting env vars: AIRFLOW_CTX_DAG_OWNER='airflow' AIRFLOW_CTX_DAG_ID='ecommerce_data' AIRFLOW_CTX_TASK_ID='extract' AIRFLOW_CTX_EXECUTION_DATE='2019-10-02T00:00:00+00:00' AIRFLOW_CTX_TRY_NUMBER='1' AIRFLOW_CTX_DAG_RUN_ID='scheduled__2019-10-02T00:00:00+00:00'
[2026-09-19T13:10:42.841+0000] {taskinstance.py:430} INFO - ::endgroup::
[2026-09-19T13:10:48.929+0000] {taskinstance.py:441} INFO - ::group::Post task execution logs
[2026-09-19T13:10:48.929+0000] {taskinstance.py:2905} ERROR - Task failed with exception
Traceback (most recent call last):
  File "/home/airflow/.local/lib/python3.11/site-packages/airflow/models/taskinstance.py", line 465, in _execute_task
    result = _execute_callable(context=context, **execute_callable_kwargs)
             ^^^^^^^^^^^^^^^^^^^^^^^^^^^^^^^^^^^^^^^^^^^^^^^^^^^^^^^^^^^^^
  File "/home/airflow/.local/lib/python3.11/site-packages/airflow/models/taskinstance.py", line 432, in _execute_callable
    return execute_callable(context=context, **execute_callable_kwargs)
           ^^^^^^^^^^^^^^^^^^^^^^^^^^^^^^^^^^^^^^^^^^^^^^^^^^^^^^^^^^^^
  File "/home/airflow/.local/lib/python3.11/site-packages/airflow/models/baseoperator.py", line 401, in wrapper
    return func(self, *args, **kwargs)
           ^^^^^^^^^^^^^^^^^^^^^^^^^^^
  File "/home/airflow/.local/lib/python3.11/site-packages/airflow/decorators/base.py", line 265, in execute
    return_value = super().execute(context)
                   ^^^^^^^^^^^^^^^^^^^^^^^^
  File "/home/airflow/.local/lib/python3.11/site-packages/airflow/models/baseoperator.py", line 401, in wrapper
    return func(self, *args, **kwargs)
           ^^^^^^^^^^^^^^^^^^^^^^^^^^^
  File "/home/airflow/.local/lib/python3.11/site-packages/airflow/operators/python.py", line 235, in execute
    return_value = self.execute_callable()
                   ^^^^^^^^^^^^^^^^^^^^^^^
  File "/home/airflow/.local/lib/python3.11/site-packages/airflow/operators/python.py", line 252, in execute_callable
    return self.python_callable(*self.op_args, **self.op_kwargs)
           ^^^^^^^^^^^^^^^^^^^^^^^^^^^^^^^^^^^^^^^^^^^^^^^^^^^^^
  File "/opt/airflow/dags/etl.py", line 27, in extract
    script_run = subprocess.run(["spark-submit", "/opt/airflow/dags/daily_etl.py", ds], check=True)
                 ^^^^^^^^^^^^^^^^^^^^^^^^^^^^^^^^^^^^^^^^^^^^^^^^^^^^^^^^^^^^^^^^^^^^^^^^^^^^^^^^^^
  File "/usr/local/lib/python3.11/subprocess.py", line 571, in run
    raise CalledProcessError(retcode, process.args,
subprocess.CalledProcessError: Command '['spark-submit', '/opt/airflow/dags/daily_etl.py', '2019-10-02']' returned non-zero exit status 1.
[2026-09-19T13:10:48.936+0000] {taskinstance.py:1206} INFO - Marking task as UP_FOR_RETRY. dag_id=ecommerce_data, task_id=extract, run_id=scheduled__2019-10-02T00:00:00+00:00, execution_date=20191002T000000, start_date=20260919T131042, end_date=20260919T131048
[2026-09-19T13:10:48.946+0000] {standard_task_runner.py:110} ERROR - Failed to execute job 6 for task extract (Command '['spark-submit', '/opt/airflow/dags/daily_etl.py', '2019-10-02']' returned non-zero exit status 1.; 266)
[2026-09-19T13:10:48.975+0000] {local_task_job_runner.py:240} INFO - Task exited with return code 1
[2026-09-19T13:10:48.989+0000] {taskinstance.py:3503} INFO - 0 downstream tasks scheduled from follow-on schedule check
[2026-09-19T13:10:48.990+0000] {local_task_job_runner.py:222} INFO - ::endgroup::
[2026-09-19T13:36:25.311+0000] {local_task_job_runner.py:120} INFO - ::group::Pre task execution logs
[2026-09-19T13:36:25.330+0000] {taskinstance.py:2076} INFO - Dependencies all met for dep_context=non-requeueable deps ti=<TaskInstance: ecommerce_data.extract scheduled__2019-10-02T00:00:00+00:00 [queued]>
[2026-09-19T13:36:25.334+0000] {taskinstance.py:2076} INFO - Dependencies all met for dep_context=requeueable deps ti=<TaskInstance: ecommerce_data.extract scheduled__2019-10-02T00:00:00+00:00 [queued]>
[2026-09-19T13:36:25.334+0000] {taskinstance.py:2306} INFO - Starting attempt 1 of 4
[2026-09-19T13:36:25.343+0000] {taskinstance.py:2330} INFO - Executing <Task(_PythonDecoratedOperator): extract> on 2019-10-02 00:00:00+00:00
[2026-09-19T13:36:25.347+0000] {standard_task_runner.py:63} INFO - Started process 79 to run task
[2026-09-19T13:36:25.349+0000] {standard_task_runner.py:90} INFO - Running: ['airflow', 'tasks', 'run', 'ecommerce_data', 'extract', 'scheduled__2019-10-02T00:00:00+00:00', '--job-id', '50', '--raw', '--subdir', 'DAGS_FOLDER/etl.py', '--cfg-path', '/tmp/tmp55_g8bk4']
[2026-09-19T13:36:25.350+0000] {standard_task_runner.py:91} INFO - Job 50: Subtask extract
[2026-09-19T13:36:25.379+0000] {task_command.py:426} INFO - Running <TaskInstance: ecommerce_data.extract scheduled__2019-10-02T00:00:00+00:00 [running]> on host 8e73891b263a
[2026-09-19T13:36:25.436+0000] {taskinstance.py:2648} INFO - Exporting env vars: AIRFLOW_CTX_DAG_OWNER='airflow' AIRFLOW_CTX_DAG_ID='ecommerce_data' AIRFLOW_CTX_TASK_ID='extract' AIRFLOW_CTX_EXECUTION_DATE='2019-10-02T00:00:00+00:00' AIRFLOW_CTX_TRY_NUMBER='1' AIRFLOW_CTX_DAG_RUN_ID='scheduled__2019-10-02T00:00:00+00:00'
[2026-09-19T13:36:25.436+0000] {taskinstance.py:430} INFO - ::endgroup::
[2026-09-19T13:36:31.628+0000] {taskinstance.py:441} INFO - ::group::Post task execution logs
[2026-09-19T13:36:31.629+0000] {taskinstance.py:2905} ERROR - Task failed with exception
Traceback (most recent call last):
  File "/home/airflow/.local/lib/python3.11/site-packages/airflow/models/taskinstance.py", line 465, in _execute_task
    result = _execute_callable(context=context, **execute_callable_kwargs)
             ^^^^^^^^^^^^^^^^^^^^^^^^^^^^^^^^^^^^^^^^^^^^^^^^^^^^^^^^^^^^^
  File "/home/airflow/.local/lib/python3.11/site-packages/airflow/models/taskinstance.py", line 432, in _execute_callable
    return execute_callable(context=context, **execute_callable_kwargs)
           ^^^^^^^^^^^^^^^^^^^^^^^^^^^^^^^^^^^^^^^^^^^^^^^^^^^^^^^^^^^^
  File "/home/airflow/.local/lib/python3.11/site-packages/airflow/models/baseoperator.py", line 401, in wrapper
    return func(self, *args, **kwargs)
           ^^^^^^^^^^^^^^^^^^^^^^^^^^^
  File "/home/airflow/.local/lib/python3.11/site-packages/airflow/decorators/base.py", line 265, in execute
    return_value = super().execute(context)
                   ^^^^^^^^^^^^^^^^^^^^^^^^
  File "/home/airflow/.local/lib/python3.11/site-packages/airflow/models/baseoperator.py", line 401, in wrapper
    return func(self, *args, **kwargs)
           ^^^^^^^^^^^^^^^^^^^^^^^^^^^
  File "/home/airflow/.local/lib/python3.11/site-packages/airflow/operators/python.py", line 235, in execute
    return_value = self.execute_callable()
                   ^^^^^^^^^^^^^^^^^^^^^^^
  File "/home/airflow/.local/lib/python3.11/site-packages/airflow/operators/python.py", line 252, in execute_callable
    return self.python_callable(*self.op_args, **self.op_kwargs)
           ^^^^^^^^^^^^^^^^^^^^^^^^^^^^^^^^^^^^^^^^^^^^^^^^^^^^^
  File "/opt/airflow/dags/etl.py", line 27, in extract
    script_run = subprocess.run(["spark-submit", "/opt/airflow/dags/daily_etl.py", ds], check=True)
                 ^^^^^^^^^^^^^^^^^^^^^^^^^^^^^^^^^^^^^^^^^^^^^^^^^^^^^^^^^^^^^^^^^^^^^^^^^^^^^^^^^^
  File "/usr/local/lib/python3.11/subprocess.py", line 571, in run
    raise CalledProcessError(retcode, process.args,
subprocess.CalledProcessError: Command '['spark-submit', '/opt/airflow/dags/daily_etl.py', '2019-10-02']' returned non-zero exit status 1.
[2026-09-19T13:36:31.638+0000] {taskinstance.py:1206} INFO - Marking task as UP_FOR_RETRY. dag_id=ecommerce_data, task_id=extract, run_id=scheduled__2019-10-02T00:00:00+00:00, execution_date=20191002T000000, start_date=20260919T133625, end_date=20260919T133631
[2026-09-19T13:36:31.649+0000] {standard_task_runner.py:110} ERROR - Failed to execute job 50 for task extract (Command '['spark-submit', '/opt/airflow/dags/daily_etl.py', '2019-10-02']' returned non-zero exit status 1.; 79)
[2026-09-19T13:36:31.690+0000] {local_task_job_runner.py:240} INFO - Task exited with return code 1
[2026-09-19T13:36:31.706+0000] {taskinstance.py:3503} INFO - 0 downstream tasks scheduled from follow-on schedule check
[2026-09-19T13:36:31.707+0000] {local_task_job_runner.py:222} INFO - ::endgroup::
[2026-09-19T14:00:42.481+0000] {local_task_job_runner.py:120} INFO - ::group::Pre task execution logs
[2026-09-19T14:00:42.501+0000] {taskinstance.py:2076} INFO - Dependencies all met for dep_context=non-requeueable deps ti=<TaskInstance: ecommerce_data.extract scheduled__2019-10-02T00:00:00+00:00 [queued]>
[2026-09-19T14:00:42.505+0000] {taskinstance.py:2076} INFO - Dependencies all met for dep_context=requeueable deps ti=<TaskInstance: ecommerce_data.extract scheduled__2019-10-02T00:00:00+00:00 [queued]>
[2026-09-19T14:00:42.505+0000] {taskinstance.py:2306} INFO - Starting attempt 1 of 4
[2026-09-19T14:00:42.514+0000] {taskinstance.py:2330} INFO - Executing <Task(_PythonDecoratedOperator): extract> on 2019-10-02 00:00:00+00:00
[2026-09-19T14:00:42.519+0000] {standard_task_runner.py:63} INFO - Started process 1541 to run task
[2026-09-19T14:00:42.521+0000] {standard_task_runner.py:90} INFO - Running: ['airflow', 'tasks', 'run', 'ecommerce_data', 'extract', 'scheduled__2019-10-02T00:00:00+00:00', '--job-id', '88', '--raw', '--subdir', 'DAGS_FOLDER/etl.py', '--cfg-path', '/tmp/tmpm71zd0x7']
[2026-09-19T14:00:42.522+0000] {standard_task_runner.py:91} INFO - Job 88: Subtask extract
[2026-09-19T14:00:42.552+0000] {task_command.py:426} INFO - Running <TaskInstance: ecommerce_data.extract scheduled__2019-10-02T00:00:00+00:00 [running]> on host 8e73891b263a
[2026-09-19T14:00:42.612+0000] {taskinstance.py:2648} INFO - Exporting env vars: AIRFLOW_CTX_DAG_OWNER='airflow' AIRFLOW_CTX_DAG_ID='ecommerce_data' AIRFLOW_CTX_TASK_ID='extract' AIRFLOW_CTX_EXECUTION_DATE='2019-10-02T00:00:00+00:00' AIRFLOW_CTX_TRY_NUMBER='1' AIRFLOW_CTX_DAG_RUN_ID='scheduled__2019-10-02T00:00:00+00:00'
[2026-09-19T14:00:42.613+0000] {taskinstance.py:430} INFO - ::endgroup::
[2026-09-19T14:00:48.535+0000] {taskinstance.py:441} INFO - ::group::Post task execution logs
[2026-09-19T14:00:48.536+0000] {taskinstance.py:2905} ERROR - Task failed with exception
Traceback (most recent call last):
  File "/home/airflow/.local/lib/python3.11/site-packages/airflow/models/taskinstance.py", line 465, in _execute_task
    result = _execute_callable(context=context, **execute_callable_kwargs)
             ^^^^^^^^^^^^^^^^^^^^^^^^^^^^^^^^^^^^^^^^^^^^^^^^^^^^^^^^^^^^^
  File "/home/airflow/.local/lib/python3.11/site-packages/airflow/models/taskinstance.py", line 432, in _execute_callable
    return execute_callable(context=context, **execute_callable_kwargs)
           ^^^^^^^^^^^^^^^^^^^^^^^^^^^^^^^^^^^^^^^^^^^^^^^^^^^^^^^^^^^^
  File "/home/airflow/.local/lib/python3.11/site-packages/airflow/models/baseoperator.py", line 401, in wrapper
    return func(self, *args, **kwargs)
           ^^^^^^^^^^^^^^^^^^^^^^^^^^^
  File "/home/airflow/.local/lib/python3.11/site-packages/airflow/decorators/base.py", line 265, in execute
    return_value = super().execute(context)
                   ^^^^^^^^^^^^^^^^^^^^^^^^
  File "/home/airflow/.local/lib/python3.11/site-packages/airflow/models/baseoperator.py", line 401, in wrapper
    return func(self, *args, **kwargs)
           ^^^^^^^^^^^^^^^^^^^^^^^^^^^
  File "/home/airflow/.local/lib/python3.11/site-packages/airflow/operators/python.py", line 235, in execute
    return_value = self.execute_callable()
                   ^^^^^^^^^^^^^^^^^^^^^^^
  File "/home/airflow/.local/lib/python3.11/site-packages/airflow/operators/python.py", line 252, in execute_callable
    return self.python_callable(*self.op_args, **self.op_kwargs)
           ^^^^^^^^^^^^^^^^^^^^^^^^^^^^^^^^^^^^^^^^^^^^^^^^^^^^^
  File "/opt/airflow/dags/etl.py", line 27, in extract
    script_run = subprocess.run(["spark-submit", "dags/daily_etl.py", ds], check=True)
                 ^^^^^^^^^^^^^^^^^^^^^^^^^^^^^^^^^^^^^^^^^^^^^^^^^^^^^^^^^^^^^^^^^^^^^
  File "/usr/local/lib/python3.11/subprocess.py", line 571, in run
    raise CalledProcessError(retcode, process.args,
subprocess.CalledProcessError: Command '['spark-submit', 'dags/daily_etl.py', '2019-10-02']' returned non-zero exit status 1.
[2026-09-19T14:00:48.547+0000] {taskinstance.py:1206} INFO - Marking task as UP_FOR_RETRY. dag_id=ecommerce_data, task_id=extract, run_id=scheduled__2019-10-02T00:00:00+00:00, execution_date=20191002T000000, start_date=20260919T140042, end_date=20260919T140048
[2026-09-19T14:00:48.559+0000] {standard_task_runner.py:110} ERROR - Failed to execute job 88 for task extract (Command '['spark-submit', 'dags/daily_etl.py', '2019-10-02']' returned non-zero exit status 1.; 1541)
[2026-09-19T14:00:48.579+0000] {local_task_job_runner.py:240} INFO - Task exited with return code 1
[2026-09-19T14:00:48.593+0000] {taskinstance.py:3503} INFO - 0 downstream tasks scheduled from follow-on schedule check
[2026-09-19T14:00:48.594+0000] {local_task_job_runner.py:222} INFO - ::endgroup::
[2026-09-19T14:07:25.034+0000] {local_task_job_runner.py:120} INFO - ::group::Pre task execution logs
[2026-09-19T14:07:25.054+0000] {taskinstance.py:2076} INFO - Dependencies all met for dep_context=non-requeueable deps ti=<TaskInstance: ecommerce_data.extract scheduled__2019-10-02T00:00:00+00:00 [queued]>
[2026-09-19T14:07:25.058+0000] {taskinstance.py:2076} INFO - Dependencies all met for dep_context=requeueable deps ti=<TaskInstance: ecommerce_data.extract scheduled__2019-10-02T00:00:00+00:00 [queued]>
[2026-09-19T14:07:25.058+0000] {taskinstance.py:2306} INFO - Starting attempt 1 of 4
[2026-09-19T14:07:25.066+0000] {taskinstance.py:2330} INFO - Executing <Task(_PythonDecoratedOperator): extract> on 2019-10-02 00:00:00+00:00
[2026-09-19T14:07:25.072+0000] {standard_task_runner.py:63} INFO - Started process 2869 to run task
[2026-09-19T14:07:25.074+0000] {standard_task_runner.py:90} INFO - Running: ['airflow', 'tasks', 'run', 'ecommerce_data', 'extract', 'scheduled__2019-10-02T00:00:00+00:00', '--job-id', '95', '--raw', '--subdir', 'DAGS_FOLDER/etl.py', '--cfg-path', '/tmp/tmpz1awxbd6']
[2026-09-19T14:07:25.075+0000] {standard_task_runner.py:91} INFO - Job 95: Subtask extract
[2026-09-19T14:07:25.105+0000] {task_command.py:426} INFO - Running <TaskInstance: ecommerce_data.extract scheduled__2019-10-02T00:00:00+00:00 [running]> on host 8e73891b263a
[2026-09-19T14:07:25.164+0000] {taskinstance.py:2648} INFO - Exporting env vars: AIRFLOW_CTX_DAG_OWNER='airflow' AIRFLOW_CTX_DAG_ID='ecommerce_data' AIRFLOW_CTX_TASK_ID='extract' AIRFLOW_CTX_EXECUTION_DATE='2019-10-02T00:00:00+00:00' AIRFLOW_CTX_TRY_NUMBER='1' AIRFLOW_CTX_DAG_RUN_ID='scheduled__2019-10-02T00:00:00+00:00'
[2026-09-19T14:07:25.164+0000] {taskinstance.py:430} INFO - ::endgroup::
[2026-09-19T14:07:31.573+0000] {taskinstance.py:441} INFO - ::group::Post task execution logs
[2026-09-19T14:07:31.574+0000] {taskinstance.py:2905} ERROR - Task failed with exception
Traceback (most recent call last):
  File "/home/airflow/.local/lib/python3.11/site-packages/airflow/models/taskinstance.py", line 465, in _execute_task
    result = _execute_callable(context=context, **execute_callable_kwargs)
             ^^^^^^^^^^^^^^^^^^^^^^^^^^^^^^^^^^^^^^^^^^^^^^^^^^^^^^^^^^^^^
  File "/home/airflow/.local/lib/python3.11/site-packages/airflow/models/taskinstance.py", line 432, in _execute_callable
    return execute_callable(context=context, **execute_callable_kwargs)
           ^^^^^^^^^^^^^^^^^^^^^^^^^^^^^^^^^^^^^^^^^^^^^^^^^^^^^^^^^^^^
  File "/home/airflow/.local/lib/python3.11/site-packages/airflow/models/baseoperator.py", line 401, in wrapper
    return func(self, *args, **kwargs)
           ^^^^^^^^^^^^^^^^^^^^^^^^^^^
  File "/home/airflow/.local/lib/python3.11/site-packages/airflow/decorators/base.py", line 265, in execute
    return_value = super().execute(context)
                   ^^^^^^^^^^^^^^^^^^^^^^^^
  File "/home/airflow/.local/lib/python3.11/site-packages/airflow/models/baseoperator.py", line 401, in wrapper
    return func(self, *args, **kwargs)
           ^^^^^^^^^^^^^^^^^^^^^^^^^^^
  File "/home/airflow/.local/lib/python3.11/site-packages/airflow/operators/python.py", line 235, in execute
    return_value = self.execute_callable()
                   ^^^^^^^^^^^^^^^^^^^^^^^
  File "/home/airflow/.local/lib/python3.11/site-packages/airflow/operators/python.py", line 252, in execute_callable
    return self.python_callable(*self.op_args, **self.op_kwargs)
           ^^^^^^^^^^^^^^^^^^^^^^^^^^^^^^^^^^^^^^^^^^^^^^^^^^^^^
  File "/opt/airflow/dags/etl.py", line 27, in extract
    script_run = subprocess.run([
                 ^^^^^^^^^^^^^^^^
  File "/usr/local/lib/python3.11/subprocess.py", line 571, in run
    raise CalledProcessError(retcode, process.args,
subprocess.CalledProcessError: Command '['spark-submit', '--packages', 'org.postgresql:postgresql:42.6.0', '/opt/airflow/dags/daily_etl.py', '2019-10-02']' returned non-zero exit status 1.
[2026-09-19T14:07:31.583+0000] {taskinstance.py:1206} INFO - Marking task as UP_FOR_RETRY. dag_id=ecommerce_data, task_id=extract, run_id=scheduled__2019-10-02T00:00:00+00:00, execution_date=20191002T000000, start_date=20260919T140725, end_date=20260919T140731
[2026-09-19T14:07:31.593+0000] {standard_task_runner.py:110} ERROR - Failed to execute job 95 for task extract (Command '['spark-submit', '--packages', 'org.postgresql:postgresql:42.6.0', '/opt/airflow/dags/daily_etl.py', '2019-10-02']' returned non-zero exit status 1.; 2869)
[2026-09-19T14:07:31.610+0000] {local_task_job_runner.py:240} INFO - Task exited with return code 1
[2026-09-19T14:07:31.622+0000] {taskinstance.py:3503} INFO - 0 downstream tasks scheduled from follow-on schedule check
[2026-09-19T14:07:31.623+0000] {local_task_job_runner.py:222} INFO - ::endgroup::
[2026-09-19T14:16:08.744+0000] {local_task_job_runner.py:120} INFO - ::group::Pre task execution logs
[2026-09-19T14:16:08.763+0000] {taskinstance.py:2076} INFO - Dependencies all met for dep_context=non-requeueable deps ti=<TaskInstance: ecommerce_data.extract scheduled__2019-10-02T00:00:00+00:00 [queued]>
[2026-09-19T14:16:08.767+0000] {taskinstance.py:2076} INFO - Dependencies all met for dep_context=requeueable deps ti=<TaskInstance: ecommerce_data.extract scheduled__2019-10-02T00:00:00+00:00 [queued]>
[2026-09-19T14:16:08.767+0000] {taskinstance.py:2306} INFO - Starting attempt 1 of 4
[2026-09-19T14:16:08.775+0000] {taskinstance.py:2330} INFO - Executing <Task(_PythonDecoratedOperator): extract> on 2019-10-02 00:00:00+00:00
[2026-09-19T14:16:08.781+0000] {standard_task_runner.py:63} INFO - Started process 5835 to run task
[2026-09-19T14:16:08.783+0000] {standard_task_runner.py:90} INFO - Running: ['airflow', 'tasks', 'run', 'ecommerce_data', 'extract', 'scheduled__2019-10-02T00:00:00+00:00', '--job-id', '109', '--raw', '--subdir', 'DAGS_FOLDER/etl.py', '--cfg-path', '/tmp/tmpvpu4kgy6']
[2026-09-19T14:16:08.784+0000] {standard_task_runner.py:91} INFO - Job 109: Subtask extract
[2026-09-19T14:16:08.806+0000] {task_command.py:426} INFO - Running <TaskInstance: ecommerce_data.extract scheduled__2019-10-02T00:00:00+00:00 [running]> on host 8e73891b263a
[2026-09-19T14:16:08.852+0000] {taskinstance.py:2648} INFO - Exporting env vars: AIRFLOW_CTX_DAG_OWNER='airflow' AIRFLOW_CTX_DAG_ID='ecommerce_data' AIRFLOW_CTX_TASK_ID='extract' AIRFLOW_CTX_EXECUTION_DATE='2019-10-02T00:00:00+00:00' AIRFLOW_CTX_TRY_NUMBER='1' AIRFLOW_CTX_DAG_RUN_ID='scheduled__2019-10-02T00:00:00+00:00'
[2026-09-19T14:16:08.852+0000] {taskinstance.py:430} INFO - ::endgroup::
[2026-09-19T14:16:22.872+0000] {python.py:237} INFO - Done. Returned value was: None
[2026-09-19T14:16:22.873+0000] {taskinstance.py:441} INFO - ::group::Post task execution logs
[2026-09-19T14:16:22.877+0000] {taskinstance.py:1206} INFO - Marking task as SUCCESS. dag_id=ecommerce_data, task_id=extract, run_id=scheduled__2019-10-02T00:00:00+00:00, execution_date=20191002T000000, start_date=20260919T141608, end_date=20260919T141622
[2026-09-19T14:16:22.922+0000] {local_task_job_runner.py:240} INFO - Task exited with return code 0
[2026-09-19T14:16:22.937+0000] {taskinstance.py:3503} INFO - 0 downstream tasks scheduled from follow-on schedule check
[2026-09-19T14:16:22.937+0000] {local_task_job_runner.py:222} INFO - ::endgroup::
[2026-09-21T21:08:15.686+0000] {local_task_job_runner.py:120} INFO - ::group::Pre task execution logs
[2026-09-21T21:08:15.699+0000] {taskinstance.py:2076} INFO - Dependencies all met for dep_context=non-requeueable deps ti=<TaskInstance: ecommerce_data.extract scheduled__2019-10-02T00:00:00+00:00 [queued]>
[2026-09-21T21:08:15.702+0000] {taskinstance.py:2076} INFO - Dependencies all met for dep_context=requeueable deps ti=<TaskInstance: ecommerce_data.extract scheduled__2019-10-02T00:00:00+00:00 [queued]>
[2026-09-21T21:08:15.703+0000] {taskinstance.py:2306} INFO - Starting attempt 1 of 4
[2026-09-21T21:08:15.708+0000] {taskinstance.py:2330} INFO - Executing <Task(_PythonDecoratedOperator): extract> on 2019-10-02 00:00:00+00:00
[2026-09-21T21:08:15.713+0000] {standard_task_runner.py:63} INFO - Started process 4566 to run task
[2026-09-21T21:08:15.714+0000] {standard_task_runner.py:90} INFO - Running: ['airflow', 'tasks', 'run', 'ecommerce_data', 'extract', 'scheduled__2019-10-02T00:00:00+00:00', '--job-id', '57', '--raw', '--subdir', 'DAGS_FOLDER/etl.py', '--cfg-path', '/tmp/tmpqccgkn_o']
[2026-09-21T21:08:15.715+0000] {standard_task_runner.py:91} INFO - Job 57: Subtask extract
[2026-09-21T21:08:15.735+0000] {task_command.py:426} INFO - Running <TaskInstance: ecommerce_data.extract scheduled__2019-10-02T00:00:00+00:00 [running]> on host e6c3ac7e1715
[2026-09-21T21:08:15.764+0000] {taskinstance.py:2648} INFO - Exporting env vars: AIRFLOW_CTX_DAG_OWNER='airflow' AIRFLOW_CTX_DAG_ID='ecommerce_data' AIRFLOW_CTX_TASK_ID='extract' AIRFLOW_CTX_EXECUTION_DATE='2019-10-02T00:00:00+00:00' AIRFLOW_CTX_TRY_NUMBER='1' AIRFLOW_CTX_DAG_RUN_ID='scheduled__2019-10-02T00:00:00+00:00'
[2026-09-21T21:08:15.764+0000] {taskinstance.py:430} INFO - ::endgroup::
[2026-09-21T21:08:15.767+0000] {base.py:84} INFO - Using connection ID 'postgres_conn_id' for task execution.
[2026-09-21T21:08:21.912+0000] {etl.py:68} ERROR - === СПРАВЖНЯ ПОМИЛКА ВІД SPARK ===
[2026-09-21T21:08:21.912+0000] {etl.py:69} ERROR - /home/airflow/.local/lib/python3.11/site-packages/pyspark/bin/load-spark-env.sh: line 68: ps: command not found
Ivy Default Cache set to: /home/airflow/.ivy2/cache
The jars for the packages stored in: /home/airflow/.ivy2/jars
org.postgresql#postgresql added as a dependency
:: resolving dependencies :: org.apache.spark#spark-submit-parent-ac92efde-cae5-4e83-a8b5-7564c013c9cd;1.0
	confs: [default]
	found org.postgresql#postgresql;42.6.0 in central
	found org.checkerframework#checker-qual;3.31.0 in central
:: resolution report :: resolve 91ms :: artifacts dl 4ms
	:: modules in use:
	org.checkerframework#checker-qual;3.31.0 from central in [default]
	org.postgresql#postgresql;42.6.0 from central in [default]
	---------------------------------------------------------------------
	|                  |            modules            ||   artifacts   |
	|       conf       | number| search|dwnlded|evicted|| number|dwnlded|
	---------------------------------------------------------------------
	|      default     |   2   |   0   |   0   |   0   ||   2   |   0   |
	---------------------------------------------------------------------
:: retrieving :: org.apache.spark#spark-submit-parent-ac92efde-cae5-4e83-a8b5-7564c013c9cd
	confs: [default]
	0 artifacts copied, 2 already retrieved (0kB/3ms)
26/09/21 21:08:16 WARN NativeCodeLoader: Unable to load native-hadoop library for your platform... using builtin-java classes where applicable
26/09/21 21:08:17 INFO SparkContext: Running Spark version 3.5.1
26/09/21 21:08:17 INFO SparkContext: OS info Linux, 7.0.0-31-generic, amd64
26/09/21 21:08:17 INFO SparkContext: Java version 17.0.20.1
26/09/21 21:08:17 INFO ResourceUtils: ==============================================================
26/09/21 21:08:17 INFO ResourceUtils: No custom resources configured for spark.driver.
26/09/21 21:08:17 INFO ResourceUtils: ==============================================================
26/09/21 21:08:17 INFO SparkContext: Submitted application: Daily_ecommerce
26/09/21 21:08:17 INFO ResourceProfile: Default ResourceProfile created, executor resources: Map(cores -> name: cores, amount: 1, script: , vendor: , memory -> name: memory, amount: 1024, script: , vendor: , offHeap -> name: offHeap, amount: 0, script: , vendor: ), task resources: Map(cpus -> name: cpus, amount: 1.0)
26/09/21 21:08:17 INFO ResourceProfile: Limiting resource is cpu
26/09/21 21:08:17 INFO ResourceProfileManager: Added ResourceProfile id: 0
26/09/21 21:08:17 INFO SecurityManager: Changing view acls to: airflow
26/09/21 21:08:17 INFO SecurityManager: Changing modify acls to: airflow
26/09/21 21:08:17 INFO SecurityManager: Changing view acls groups to: 
26/09/21 21:08:17 INFO SecurityManager: Changing modify acls groups to: 
26/09/21 21:08:17 INFO SecurityManager: SecurityManager: authentication disabled; ui acls disabled; users with view permissions: airflow; groups with view permissions: EMPTY; users with modify permissions: airflow; groups with modify permissions: EMPTY
26/09/21 21:08:17 INFO Utils: Successfully started service 'sparkDriver' on port 44311.
26/09/21 21:08:17 INFO SparkEnv: Registering MapOutputTracker
26/09/21 21:08:17 INFO SparkEnv: Registering BlockManagerMaster
26/09/21 21:08:17 INFO BlockManagerMasterEndpoint: Using org.apache.spark.storage.DefaultTopologyMapper for getting topology information
26/09/21 21:08:17 INFO BlockManagerMasterEndpoint: BlockManagerMasterEndpoint up
26/09/21 21:08:17 INFO SparkEnv: Registering BlockManagerMasterHeartbeat
26/09/21 21:08:17 INFO DiskBlockManager: Created local directory at /tmp/blockmgr-5ac92b46-e6aa-4870-98fd-62903c514873
26/09/21 21:08:17 INFO MemoryStore: MemoryStore started with capacity 434.4 MiB
26/09/21 21:08:17 INFO SparkEnv: Registering OutputCommitCoordinator
26/09/21 21:08:18 INFO JettyUtils: Start Jetty 0.0.0.0:4040 for SparkUI
26/09/21 21:08:18 INFO Utils: Successfully started service 'SparkUI' on port 4040.
26/09/21 21:08:18 INFO SparkContext: Added JAR file:///home/airflow/.ivy2/jars/org.postgresql_postgresql-42.6.0.jar at spark://e6c3ac7e1715:44311/jars/org.postgresql_postgresql-42.6.0.jar with timestamp 1790024897628
26/09/21 21:08:18 INFO SparkContext: Added JAR file:///home/airflow/.ivy2/jars/org.checkerframework_checker-qual-3.31.0.jar at spark://e6c3ac7e1715:44311/jars/org.checkerframework_checker-qual-3.31.0.jar with timestamp 1790024897628
26/09/21 21:08:18 INFO SparkContext: Added file file:///home/airflow/.ivy2/jars/org.postgresql_postgresql-42.6.0.jar at file:///home/airflow/.ivy2/jars/org.postgresql_postgresql-42.6.0.jar with timestamp 1790024897628
26/09/21 21:08:18 INFO Utils: Copying /home/airflow/.ivy2/jars/org.postgresql_postgresql-42.6.0.jar to /tmp/spark-74c2e885-155d-464b-89e1-dee0dfb92b76/userFiles-733032d4-f149-4110-aa1f-d8e3b9f44057/org.postgresql_postgresql-42.6.0.jar
26/09/21 21:08:18 INFO SparkContext: Added file file:///home/airflow/.ivy2/jars/org.checkerframework_checker-qual-3.31.0.jar at file:///home/airflow/.ivy2/jars/org.checkerframework_checker-qual-3.31.0.jar with timestamp 1790024897628
26/09/21 21:08:18 INFO Utils: Copying /home/airflow/.ivy2/jars/org.checkerframework_checker-qual-3.31.0.jar to /tmp/spark-74c2e885-155d-464b-89e1-dee0dfb92b76/userFiles-733032d4-f149-4110-aa1f-d8e3b9f44057/org.checkerframework_checker-qual-3.31.0.jar
26/09/21 21:08:18 INFO Executor: Starting executor ID driver on host e6c3ac7e1715
26/09/21 21:08:18 INFO Executor: OS info Linux, 7.0.0-31-generic, amd64
26/09/21 21:08:18 INFO Executor: Java version 17.0.20.1
26/09/21 21:08:18 INFO Executor: Starting executor with user classpath (userClassPathFirst = false): ''
26/09/21 21:08:18 INFO Executor: Created or updated repl class loader org.apache.spark.util.MutableURLClassLoader@39d9aebb for default.
26/09/21 21:08:18 INFO Executor: Fetching file:///home/airflow/.ivy2/jars/org.checkerframework_checker-qual-3.31.0.jar with timestamp 1790024897628
26/09/21 21:08:18 INFO Utils: /home/airflow/.ivy2/jars/org.checkerframework_checker-qual-3.31.0.jar has been previously copied to /tmp/spark-74c2e885-155d-464b-89e1-dee0dfb92b76/userFiles-733032d4-f149-4110-aa1f-d8e3b9f44057/org.checkerframework_checker-qual-3.31.0.jar
26/09/21 21:08:18 INFO Executor: Fetching file:///home/airflow/.ivy2/jars/org.postgresql_postgresql-42.6.0.jar with timestamp 1790024897628
26/09/21 21:08:18 INFO Utils: /home/airflow/.ivy2/jars/org.postgresql_postgresql-42.6.0.jar has been previously copied to /tmp/spark-74c2e885-155d-464b-89e1-dee0dfb92b76/userFiles-733032d4-f149-4110-aa1f-d8e3b9f44057/org.postgresql_postgresql-42.6.0.jar
26/09/21 21:08:18 INFO Executor: Fetching spark://e6c3ac7e1715:44311/jars/org.postgresql_postgresql-42.6.0.jar with timestamp 1790024897628
26/09/21 21:08:18 INFO TransportClientFactory: Successfully created connection to e6c3ac7e1715/172.21.0.3:44311 after 14 ms (0 ms spent in bootstraps)
26/09/21 21:08:18 INFO Utils: Fetching spark://e6c3ac7e1715:44311/jars/org.postgresql_postgresql-42.6.0.jar to /tmp/spark-74c2e885-155d-464b-89e1-dee0dfb92b76/userFiles-733032d4-f149-4110-aa1f-d8e3b9f44057/fetchFileTemp17106618059641291729.tmp
26/09/21 21:08:18 INFO Utils: /tmp/spark-74c2e885-155d-464b-89e1-dee0dfb92b76/userFiles-733032d4-f149-4110-aa1f-d8e3b9f44057/fetchFileTemp17106618059641291729.tmp has been previously copied to /tmp/spark-74c2e885-155d-464b-89e1-dee0dfb92b76/userFiles-733032d4-f149-4110-aa1f-d8e3b9f44057/org.postgresql_postgresql-42.6.0.jar
26/09/21 21:08:18 INFO Executor: Adding file:/tmp/spark-74c2e885-155d-464b-89e1-dee0dfb92b76/userFiles-733032d4-f149-4110-aa1f-d8e3b9f44057/org.postgresql_postgresql-42.6.0.jar to class loader default
26/09/21 21:08:18 INFO Executor: Fetching spark://e6c3ac7e1715:44311/jars/org.checkerframework_checker-qual-3.31.0.jar with timestamp 1790024897628
26/09/21 21:08:18 INFO Utils: Fetching spark://e6c3ac7e1715:44311/jars/org.checkerframework_checker-qual-3.31.0.jar to /tmp/spark-74c2e885-155d-464b-89e1-dee0dfb92b76/userFiles-733032d4-f149-4110-aa1f-d8e3b9f44057/fetchFileTemp13305581187264659656.tmp
26/09/21 21:08:18 INFO Utils: /tmp/spark-74c2e885-155d-464b-89e1-dee0dfb92b76/userFiles-733032d4-f149-4110-aa1f-d8e3b9f44057/fetchFileTemp13305581187264659656.tmp has been previously copied to /tmp/spark-74c2e885-155d-464b-89e1-dee0dfb92b76/userFiles-733032d4-f149-4110-aa1f-d8e3b9f44057/org.checkerframework_checker-qual-3.31.0.jar
26/09/21 21:08:18 INFO Executor: Adding file:/tmp/spark-74c2e885-155d-464b-89e1-dee0dfb92b76/userFiles-733032d4-f149-4110-aa1f-d8e3b9f44057/org.checkerframework_checker-qual-3.31.0.jar to class loader default
26/09/21 21:08:18 INFO Utils: Successfully started service 'org.apache.spark.network.netty.NettyBlockTransferService' on port 42729.
26/09/21 21:08:18 INFO NettyBlockTransferService: Server created on e6c3ac7e1715:42729
26/09/21 21:08:18 INFO BlockManager: Using org.apache.spark.storage.RandomBlockReplicationPolicy for block replication policy
26/09/21 21:08:18 INFO BlockManagerMaster: Registering BlockManager BlockManagerId(driver, e6c3ac7e1715, 42729, None)
26/09/21 21:08:18 INFO BlockManagerMasterEndpoint: Registering block manager e6c3ac7e1715:42729 with 434.4 MiB RAM, BlockManagerId(driver, e6c3ac7e1715, 42729, None)
26/09/21 21:08:18 INFO BlockManagerMaster: Registered BlockManager BlockManagerId(driver, e6c3ac7e1715, 42729, None)
26/09/21 21:08:18 INFO BlockManager: Initialized BlockManager: BlockManagerId(driver, e6c3ac7e1715, 42729, None)
26/09/21 21:08:18 INFO SharedState: Setting hive.metastore.warehouse.dir ('null') to the value of spark.sql.warehouse.dir.
26/09/21 21:08:18 INFO SharedState: Warehouse path is 'file:/opt/airflow/spark-warehouse'.
26/09/21 21:08:18 INFO InMemoryFileIndex: It took 22 ms to list leaf files for 1 paths.
26/09/21 21:08:19 INFO SparkContext: Starting job: parquet at NativeMethodAccessorImpl.java:0
26/09/21 21:08:19 INFO DAGScheduler: Got job 0 (parquet at NativeMethodAccessorImpl.java:0) with 1 output partitions
26/09/21 21:08:19 INFO DAGScheduler: Final stage: ResultStage 0 (parquet at NativeMethodAccessorImpl.java:0)
26/09/21 21:08:19 INFO DAGScheduler: Parents of final stage: List()
26/09/21 21:08:19 INFO DAGScheduler: Missing parents: List()
26/09/21 21:08:19 INFO DAGScheduler: Submitting ResultStage 0 (MapPartitionsRDD[1] at parquet at NativeMethodAccessorImpl.java:0), which has no missing parents
26/09/21 21:08:19 INFO MemoryStore: Block broadcast_0 stored as values in memory (estimated size 104.5 KiB, free 434.3 MiB)
26/09/21 21:08:19 INFO MemoryStore: Block broadcast_0_piece0 stored as bytes in memory (estimated size 37.6 KiB, free 434.3 MiB)
26/09/21 21:08:19 INFO BlockManagerInfo: Added broadcast_0_piece0 in memory on e6c3ac7e1715:42729 (size: 37.6 KiB, free: 434.4 MiB)
26/09/21 21:08:19 INFO SparkContext: Created broadcast 0 from broadcast at DAGScheduler.scala:1585
26/09/21 21:08:19 INFO DAGScheduler: Submitting 1 missing tasks from ResultStage 0 (MapPartitionsRDD[1] at parquet at NativeMethodAccessorImpl.java:0) (first 15 tasks are for partitions Vector(0))
26/09/21 21:08:19 INFO TaskSchedulerImpl: Adding task set 0.0 with 1 tasks resource profile 0
26/09/21 21:08:19 INFO TaskSetManager: Starting task 0.0 in stage 0.0 (TID 0) (e6c3ac7e1715, executor driver, partition 0, PROCESS_LOCAL, 8303 bytes) 
26/09/21 21:08:19 INFO Executor: Running task 0.0 in stage 0.0 (TID 0)
26/09/21 21:08:19 INFO Executor: Finished task 0.0 in stage 0.0 (TID 0). 2034 bytes result sent to driver
26/09/21 21:08:19 INFO TaskSetManager: Finished task 0.0 in stage 0.0 (TID 0) in 226 ms on e6c3ac7e1715 (executor driver) (1/1)
26/09/21 21:08:19 INFO TaskSchedulerImpl: Removed TaskSet 0.0, whose tasks have all completed, from pool 
26/09/21 21:08:19 INFO DAGScheduler: ResultStage 0 (parquet at NativeMethodAccessorImpl.java:0) finished in 0.313 s
26/09/21 21:08:19 INFO DAGScheduler: Job 0 is finished. Cancelling potential speculative or zombie tasks for this job
26/09/21 21:08:19 INFO TaskSchedulerImpl: Killing all running tasks in stage 0: Stage finished
26/09/21 21:08:19 INFO DAGScheduler: Job 0 finished: parquet at NativeMethodAccessorImpl.java:0, took 0.335574 s
26/09/21 21:08:19 INFO BlockManagerInfo: Removed broadcast_0_piece0 on e6c3ac7e1715:42729 in memory (size: 37.6 KiB, free: 434.4 MiB)
26/09/21 21:08:20 INFO FileSourceStrategy: Pushed Filters: 
26/09/21 21:08:20 INFO FileSourceStrategy: Post-Scan Filters: (((isnull(user_id#7) OR (cast(price#6 as int) <= 0)) OR isnull(event_type#1)) OR (event_type#1 = ))
26/09/21 21:08:20 INFO ParquetUtils: Using default output committer for Parquet: org.apache.parquet.hadoop.ParquetOutputCommitter
26/09/21 21:08:20 INFO FileOutputCommitter: File Output Committer Algorithm version is 1
26/09/21 21:08:20 INFO FileOutputCommitter: FileOutputCommitter skip cleanup _temporary folders under output directory:false, ignore cleanup failures: false
26/09/21 21:08:20 INFO SQLHadoopMapReduceCommitProtocol: Using user defined output committer class org.apache.parquet.hadoop.ParquetOutputCommitter
26/09/21 21:08:20 INFO FileOutputCommitter: File Output Committer Algorithm version is 1
26/09/21 21:08:20 INFO FileOutputCommitter: FileOutputCommitter skip cleanup _temporary folders under output directory:false, ignore cleanup failures: false
26/09/21 21:08:20 INFO SQLHadoopMapReduceCommitProtocol: Using output committer class org.apache.parquet.hadoop.ParquetOutputCommitter
26/09/21 21:08:20 INFO CodeGenerator: Code generated in 124.57005 ms
26/09/21 21:08:20 INFO MemoryStore: Block broadcast_1 stored as values in memory (estimated size 203.8 KiB, free 434.2 MiB)
26/09/21 21:08:20 INFO MemoryStore: Block broadcast_1_piece0 stored as bytes in memory (estimated size 35.7 KiB, free 434.2 MiB)
26/09/21 21:08:20 INFO BlockManagerInfo: Added broadcast_1_piece0 in memory on e6c3ac7e1715:42729 (size: 35.7 KiB, free: 434.4 MiB)
26/09/21 21:08:20 INFO SparkContext: Created broadcast 1 from parquet at NativeMethodAccessorImpl.java:0
26/09/21 21:08:20 INFO FileSourceScanExec: Planning scan with bin packing, max size: 6058108 bytes, open cost is considered as scanning 4194304 bytes.
26/09/21 21:08:20 INFO SparkContext: Starting job: parquet at NativeMethodAccessorImpl.java:0
26/09/21 21:08:20 INFO DAGScheduler: Got job 1 (parquet at NativeMethodAccessorImpl.java:0) with 8 output partitions
26/09/21 21:08:20 INFO DAGScheduler: Final stage: ResultStage 1 (parquet at NativeMethodAccessorImpl.java:0)
26/09/21 21:08:20 INFO DAGScheduler: Parents of final stage: List()
26/09/21 21:08:20 INFO DAGScheduler: Missing parents: List()
26/09/21 21:08:20 INFO DAGScheduler: Submitting ResultStage 1 (MapPartitionsRDD[5] at parquet at NativeMethodAccessorImpl.java:0), which has no missing parents
26/09/21 21:08:20 INFO MemoryStore: Block broadcast_2 stored as values in memory (estimated size 225.2 KiB, free 433.9 MiB)
26/09/21 21:08:20 INFO MemoryStore: Block broadcast_2_piece0 stored as bytes in memory (estimated size 79.3 KiB, free 433.9 MiB)
26/09/21 21:08:20 INFO BlockManagerInfo: Added broadcast_2_piece0 in memory on e6c3ac7e1715:42729 (size: 79.3 KiB, free: 434.3 MiB)
26/09/21 21:08:20 INFO SparkContext: Created broadcast 2 from broadcast at DAGScheduler.scala:1585
26/09/21 21:08:20 INFO DAGScheduler: Submitting 8 missing tasks from ResultStage 1 (MapPartitionsRDD[5] at parquet at NativeMethodAccessorImpl.java:0) (first 15 tasks are for partitions Vector(0, 1, 2, 3, 4, 5, 6, 7))
26/09/21 21:08:20 INFO TaskSchedulerImpl: Adding task set 1.0 with 8 tasks resource profile 0
26/09/21 21:08:20 INFO TaskSetManager: Starting task 0.0 in stage 1.0 (TID 1) (e6c3ac7e1715, executor driver, partition 0, PROCESS_LOCAL, 8810 bytes) 
26/09/21 21:08:20 INFO TaskSetManager: Starting task 1.0 in stage 1.0 (TID 2) (e6c3ac7e1715, executor driver, partition 1, PROCESS_LOCAL, 8810 bytes) 
26/09/21 21:08:20 INFO TaskSetManager: Starting task 2.0 in stage 1.0 (TID 3) (e6c3ac7e1715, executor driver, partition 2, PROCESS_LOCAL, 8810 bytes) 
26/09/21 21:08:20 INFO TaskSetManager: Starting task 3.0 in stage 1.0 (TID 4) (e6c3ac7e1715, executor driver, partition 3, PROCESS_LOCAL, 8810 bytes) 
26/09/21 21:08:20 INFO TaskSetManager: Starting task 4.0 in stage 1.0 (TID 5) (e6c3ac7e1715, executor driver, partition 4, PROCESS_LOCAL, 8810 bytes) 
26/09/21 21:08:20 INFO TaskSetManager: Starting task 5.0 in stage 1.0 (TID 6) (e6c3ac7e1715, executor driver, partition 5, PROCESS_LOCAL, 8810 bytes) 
26/09/21 21:08:20 INFO TaskSetManager: Starting task 6.0 in stage 1.0 (TID 7) (e6c3ac7e1715, executor driver, partition 6, PROCESS_LOCAL, 8810 bytes) 
26/09/21 21:08:20 INFO TaskSetManager: Starting task 7.0 in stage 1.0 (TID 8) (e6c3ac7e1715, executor driver, partition 7, PROCESS_LOCAL, 8810 bytes) 
26/09/21 21:08:20 INFO Executor: Running task 1.0 in stage 1.0 (TID 2)
26/09/21 21:08:20 INFO Executor: Running task 2.0 in stage 1.0 (TID 3)
26/09/21 21:08:20 INFO Executor: Running task 3.0 in stage 1.0 (TID 4)
26/09/21 21:08:20 INFO Executor: Running task 0.0 in stage 1.0 (TID 1)
26/09/21 21:08:20 INFO Executor: Running task 4.0 in stage 1.0 (TID 5)
26/09/21 21:08:20 INFO Executor: Running task 5.0 in stage 1.0 (TID 6)
26/09/21 21:08:20 INFO Executor: Running task 6.0 in stage 1.0 (TID 7)
26/09/21 21:08:20 INFO Executor: Running task 7.0 in stage 1.0 (TID 8)
26/09/21 21:08:20 INFO CodeGenerator: Code generated in 39.425133 ms
26/09/21 21:08:20 INFO FileOutputCommitter: File Output Committer Algorithm version is 1
26/09/21 21:08:20 INFO FileOutputCommitter: FileOutputCommitter skip cleanup _temporary folders under output directory:false, ignore cleanup failures: false
26/09/21 21:08:20 INFO SQLHadoopMapReduceCommitProtocol: Using user defined output committer class org.apache.parquet.hadoop.ParquetOutputCommitter
26/09/21 21:08:20 INFO FileOutputCommitter: File Output Committer Algorithm version is 1
26/09/21 21:08:20 INFO FileOutputCommitter: File Output Committer Algorithm version is 1
26/09/21 21:08:20 INFO FileOutputCommitter: File Output Committer Algorithm version is 1
26/09/21 21:08:20 INFO FileOutputCommitter: FileOutputCommitter skip cleanup _temporary folders under output directory:false, ignore cleanup failures: false
26/09/21 21:08:20 INFO FileOutputCommitter: File Output Committer Algorithm version is 1
26/09/21 21:08:20 INFO FileOutputCommitter: FileOutputCommitter skip cleanup _temporary folders under output directory:false, ignore cleanup failures: false
26/09/21 21:08:20 INFO FileOutputCommitter: FileOutputCommitter skip cleanup _temporary folders under output directory:false, ignore cleanup failures: false
26/09/21 21:08:20 INFO FileOutputCommitter: File Output Committer Algorithm version is 1
26/09/21 21:08:20 INFO FileOutputCommitter: FileOutputCommitter skip cleanup _temporary folders under output directory:false, ignore cleanup failures: false
26/09/21 21:08:20 INFO FileOutputCommitter: FileOutputCommitter skip cleanup _temporary folders under output directory:false, ignore cleanup failures: false
26/09/21 21:08:20 INFO FileOutputCommitter: File Output Committer Algorithm version is 1
26/09/21 21:08:20 INFO FileOutputCommitter: FileOutputCommitter skip cleanup _temporary folders under output directory:false, ignore cleanup failures: false
26/09/21 21:08:20 INFO SQLHadoopMapReduceCommitProtocol: Using user defined output committer class org.apache.parquet.hadoop.ParquetOutputCommitter
26/09/21 21:08:20 INFO SQLHadoopMapReduceCommitProtocol: Using user defined output committer class org.apache.parquet.hadoop.ParquetOutputCommitter
26/09/21 21:08:20 INFO FileOutputCommitter: File Output Committer Algorithm version is 1
26/09/21 21:08:20 INFO FileOutputCommitter: FileOutputCommitter skip cleanup _temporary folders under output directory:false, ignore cleanup failures: false
26/09/21 21:08:20 INFO FileOutputCommitter: File Output Committer Algorithm version is 1
26/09/21 21:08:20 INFO FileOutputCommitter: File Output Committer Algorithm version is 1
26/09/21 21:08:20 INFO SQLHadoopMapReduceCommitProtocol: Using user defined output committer class org.apache.parquet.hadoop.ParquetOutputCommitter
26/09/21 21:08:20 INFO SQLHadoopMapReduceCommitProtocol: Using output committer class org.apache.parquet.hadoop.ParquetOutputCommitter
26/09/21 21:08:20 INFO SQLHadoopMapReduceCommitProtocol: Using user defined output committer class org.apache.parquet.hadoop.ParquetOutputCommitter
26/09/21 21:08:20 INFO FileOutputCommitter: FileOutputCommitter skip cleanup _temporary folders under output directory:false, ignore cleanup failures: false
26/09/21 21:08:20 INFO FileOutputCommitter: FileOutputCommitter skip cleanup _temporary folders under output directory:false, ignore cleanup failures: false
26/09/21 21:08:20 INFO FileOutputCommitter: File Output Committer Algorithm version is 1
26/09/21 21:08:20 INFO FileOutputCommitter: File Output Committer Algorithm version is 1
26/09/21 21:08:20 INFO FileOutputCommitter: FileOutputCommitter skip cleanup _temporary folders under output directory:false, ignore cleanup failures: false
26/09/21 21:08:20 INFO FileOutputCommitter: FileOutputCommitter skip cleanup _temporary folders under output directory:false, ignore cleanup failures: false
26/09/21 21:08:20 INFO FileOutputCommitter: File Output Committer Algorithm version is 1
26/09/21 21:08:20 INFO FileOutputCommitter: FileOutputCommitter skip cleanup _temporary folders under output directory:false, ignore cleanup failures: false
26/09/21 21:08:20 INFO FileScanRDD: Reading File path: file:///opt/airflow/data/lake/raw/events/2019-Oct/event_date=2019-10-02/part-00002-e6dbecb7-a75e-4a1e-be16-8089c329fa2c.c000.snappy.parquet, range: 0-6058108, partition values: [empty row]
26/09/21 21:08:20 INFO SQLHadoopMapReduceCommitProtocol: Using user defined output committer class org.apache.parquet.hadoop.ParquetOutputCommitter
26/09/21 21:08:20 INFO FileOutputCommitter: File Output Committer Algorithm version is 1
26/09/21 21:08:20 INFO FileOutputCommitter: FileOutputCommitter skip cleanup _temporary folders under output directory:false, ignore cleanup failures: false
26/09/21 21:08:20 INFO SQLHadoopMapReduceCommitProtocol: Using output committer class org.apache.parquet.hadoop.ParquetOutputCommitter
26/09/21 21:08:20 INFO SQLHadoopMapReduceCommitProtocol: Using output committer class org.apache.parquet.hadoop.ParquetOutputCommitter
26/09/21 21:08:20 INFO SQLHadoopMapReduceCommitProtocol: Using output committer class org.apache.parquet.hadoop.ParquetOutputCommitter
26/09/21 21:08:20 INFO SQLHadoopMapReduceCommitProtocol: Using output committer class org.apache.parquet.hadoop.ParquetOutputCommitter
26/09/21 21:08:20 INFO FileScanRDD: Reading File path: file:///opt/airflow/data/lake/raw/events/2019-Oct/event_date=2019-10-02/part-00001-e6dbecb7-a75e-4a1e-be16-8089c329fa2c.c000.snappy.parquet, range: 24232432-26808416, partition values: [empty row]
26/09/21 21:08:20 INFO SQLHadoopMapReduceCommitProtocol: Using output committer class org.apache.parquet.hadoop.ParquetOutputCommitter
26/09/21 21:08:20 INFO FileScanRDD: Reading File path: file:///opt/airflow/data/lake/raw/events/2019-Oct/event_date=2019-10-02/part-00001-e6dbecb7-a75e-4a1e-be16-8089c329fa2c.c000.snappy.parquet, range: 6058108-12116216, partition values: [empty row]
26/09/21 21:08:20 INFO FileScanRDD: Reading File path: file:///opt/airflow/data/lake/raw/events/2019-Oct/event_date=2019-10-02/part-00001-e6dbecb7-a75e-4a1e-be16-8089c329fa2c.c000.snappy.parquet, range: 18174324-24232432, partition values: [empty row]
26/09/21 21:08:20 INFO SQLHadoopMapReduceCommitProtocol: Using user defined output committer class org.apache.parquet.hadoop.ParquetOutputCommitter
26/09/21 21:08:20 INFO FileOutputCommitter: File Output Committer Algorithm version is 1
26/09/21 21:08:20 INFO FileOutputCommitter: FileOutputCommitter skip cleanup _temporary folders under output directory:false, ignore cleanup failures: false
26/09/21 21:08:20 INFO SQLHadoopMapReduceCommitProtocol: Using output committer class org.apache.parquet.hadoop.ParquetOutputCommitter
26/09/21 21:08:20 INFO FileScanRDD: Reading File path: file:///opt/airflow/data/lake/raw/events/2019-Oct/event_date=2019-10-02/part-00002-e6dbecb7-a75e-4a1e-be16-8089c329fa2c.c000.snappy.parquet, range: 12116216-13267847, partition values: [empty row]
26/09/21 21:08:20 INFO FileScanRDD: Reading File path: file:///opt/airflow/data/lake/raw/events/2019-Oct/event_date=2019-10-02/part-00002-e6dbecb7-a75e-4a1e-be16-8089c329fa2c.c000.snappy.parquet, range: 6058108-12116216, partition values: [empty row]
26/09/21 21:08:20 INFO SQLHadoopMapReduceCommitProtocol: Using user defined output committer class org.apache.parquet.hadoop.ParquetOutputCommitter
26/09/21 21:08:20 INFO FileOutputCommitter: File Output Committer Algorithm version is 1
26/09/21 21:08:20 INFO FileOutputCommitter: FileOutputCommitter skip cleanup _temporary folders under output directory:false, ignore cleanup failures: false
26/09/21 21:08:20 INFO SQLHadoopMapReduceCommitProtocol: Using output committer class org.apache.parquet.hadoop.ParquetOutputCommitter
26/09/21 21:08:20 INFO FileScanRDD: Reading File path: file:///opt/airflow/data/lake/raw/events/2019-Oct/event_date=2019-10-02/part-00001-e6dbecb7-a75e-4a1e-be16-8089c329fa2c.c000.snappy.parquet, range: 12116216-18174324, partition values: [empty row]
26/09/21 21:08:20 INFO CodecConfig: Compression: SNAPPY
26/09/21 21:08:20 INFO CodecConfig: Compression: SNAPPY
26/09/21 21:08:20 INFO ParquetOutputFormat: ParquetRecordWriter [block size: 134217728b, row group padding size: 8388608b, validating: false]
26/09/21 21:08:20 INFO ParquetWriteSupport: Initialized Parquet WriteSupport with Catalyst schema:
{
  "type" : "struct",
  "fields" : [ {
    "name" : "event_time",
    "type" : "string",
    "nullable" : true,
    "metadata" : { }
  }, {
    "name" : "event_type",
    "type" : "string",
    "nullable" : true,
    "metadata" : { }
  }, {
    "name" : "product_id",
    "type" : "string",
    "nullable" : true,
    "metadata" : { }
  }, {
    "name" : "category_id",
    "type" : "string",
    "nullable" : true,
    "metadata" : { }
  }, {
    "name" : "category_code",
    "type" : "string",
    "nullable" : true,
    "metadata" : { }
  }, {
    "name" : "brand",
    "type" : "string",
    "nullable" : true,
    "metadata" : { }
  }, {
    "name" : "price",
    "type" : "string",
    "nullable" : true,
    "metadata" : { }
  }, {
    "name" : "user_id",
    "type" : "string",
    "nullable" : true,
    "metadata" : { }
  }, {
    "name" : "user_session",
    "type" : "string",
    "nullable" : true,
    "metadata" : { }
  } ]
}
and corresponding Parquet message type:
message spark_schema {
  optional binary event_time (STRING);
  optional binary event_type (STRING);
  optional binary product_id (STRING);
  optional binary category_id (STRING);
  optional binary category_code (STRING);
  optional binary brand (STRING);
  optional binary price (STRING);
  optional binary user_id (STRING);
  optional binary user_session (STRING);
}

       
26/09/21 21:08:20 INFO CodecPool: Got brand-new compressor [.snappy]
26/09/21 21:08:20 INFO SparkHadoopMapRedUtil: No need to commit output of task because needsTaskCommit=false: attempt_202609212108205850271880572235191_0001_m_000007_8
26/09/21 21:08:20 INFO SparkHadoopMapRedUtil: No need to commit output of task because needsTaskCommit=false: attempt_202609212108205850271880572235191_0001_m_000004_5
26/09/21 21:08:20 INFO SparkHadoopMapRedUtil: No need to commit output of task because needsTaskCommit=false: attempt_202609212108205850271880572235191_0001_m_000006_7
26/09/21 21:08:20 INFO SparkHadoopMapRedUtil: No need to commit output of task because needsTaskCommit=false: attempt_202609212108205850271880572235191_0001_m_000001_2
26/09/21 21:08:20 INFO Executor: Finished task 1.0 in stage 1.0 (TID 2). 2748 bytes result sent to driver
26/09/21 21:08:20 INFO SparkHadoopMapRedUtil: No need to commit output of task because needsTaskCommit=false: attempt_202609212108205850271880572235191_0001_m_000003_4
26/09/21 21:08:20 INFO Executor: Finished task 4.0 in stage 1.0 (TID 5). 2748 bytes result sent to driver
26/09/21 21:08:20 INFO Executor: Finished task 7.0 in stage 1.0 (TID 8). 2748 bytes result sent to driver
26/09/21 21:08:20 INFO Executor: Finished task 6.0 in stage 1.0 (TID 7). 2748 bytes result sent to driver
26/09/21 21:08:20 INFO Executor: Finished task 3.0 in stage 1.0 (TID 4). 2748 bytes result sent to driver
26/09/21 21:08:20 INFO TaskSetManager: Finished task 1.0 in stage 1.0 (TID 2) in 252 ms on e6c3ac7e1715 (executor driver) (1/8)
26/09/21 21:08:20 INFO TaskSetManager: Finished task 7.0 in stage 1.0 (TID 8) in 255 ms on e6c3ac7e1715 (executor driver) (2/8)
26/09/21 21:08:20 INFO TaskSetManager: Finished task 4.0 in stage 1.0 (TID 5) in 258 ms on e6c3ac7e1715 (executor driver) (3/8)
26/09/21 21:08:20 INFO TaskSetManager: Finished task 6.0 in stage 1.0 (TID 7) in 258 ms on e6c3ac7e1715 (executor driver) (4/8)
26/09/21 21:08:20 INFO CodecPool: Got brand-new decompressor [.snappy]
26/09/21 21:08:20 INFO TaskSetManager: Finished task 3.0 in stage 1.0 (TID 4) in 265 ms on e6c3ac7e1715 (executor driver) (5/8)
26/09/21 21:08:20 INFO CodecPool: Got brand-new decompressor [.snappy]
26/09/21 21:08:21 INFO FileScanRDD: Reading File path: file:///opt/airflow/data/lake/raw/events/2019-Oct/event_date=2019-10-02/part-00001-e6dbecb7-a75e-4a1e-be16-8089c329fa2c.c000.snappy.parquet, range: 0-6058108, partition values: [empty row]
26/09/21 21:08:21 INFO CodecConfig: Compression: SNAPPY
26/09/21 21:08:21 INFO CodecConfig: Compression: SNAPPY
26/09/21 21:08:21 INFO CodecConfig: Compression: SNAPPY
26/09/21 21:08:21 INFO ParquetOutputFormat: ParquetRecordWriter [block size: 134217728b, row group padding size: 8388608b, validating: false]
26/09/21 21:08:21 INFO CodecConfig: Compression: SNAPPY
26/09/21 21:08:21 INFO ParquetOutputFormat: ParquetRecordWriter [block size: 134217728b, row group padding size: 8388608b, validating: false]
26/09/21 21:08:21 INFO ParquetWriteSupport: Initialized Parquet WriteSupport with Catalyst schema:
{
  "type" : "struct",
  "fields" : [ {
    "name" : "event_time",
    "type" : "string",
    "nullable" : true,
    "metadata" : { }
  }, {
    "name" : "event_type",
    "type" : "string",
    "nullable" : true,
    "metadata" : { }
  }, {
    "name" : "product_id",
    "type" : "string",
    "nullable" : true,
    "metadata" : { }
  }, {
    "name" : "category_id",
    "type" : "string",
    "nullable" : true,
    "metadata" : { }
  }, {
    "name" : "category_code",
    "type" : "string",
    "nullable" : true,
    "metadata" : { }
  }, {
    "name" : "brand",
    "type" : "string",
    "nullable" : true,
    "metadata" : { }
  }, {
    "name" : "price",
    "type" : "string",
    "nullable" : true,
    "metadata" : { }
  }, {
    "name" : "user_id",
    "type" : "string",
    "nullable" : true,
    "metadata" : { }
  }, {
    "name" : "user_session",
    "type" : "string",
    "nullable" : true,
    "metadata" : { }
  } ]
}
and corresponding Parquet message type:
message spark_schema {
  optional binary event_time (STRING);
  optional binary event_type (STRING);
  optional binary product_id (STRING);
  optional binary category_id (STRING);
  optional binary category_code (STRING);
  optional binary brand (STRING);
  optional binary price (STRING);
  optional binary user_id (STRING);
  optional binary user_session (STRING);
}

       
26/09/21 21:08:21 INFO ParquetWriteSupport: Initialized Parquet WriteSupport with Catalyst schema:
{
  "type" : "struct",
  "fields" : [ {
    "name" : "event_time",
    "type" : "string",
    "nullable" : true,
    "metadata" : { }
  }, {
    "name" : "event_type",
    "type" : "string",
    "nullable" : true,
    "metadata" : { }
  }, {
    "name" : "product_id",
    "type" : "string",
    "nullable" : true,
    "metadata" : { }
  }, {
    "name" : "category_id",
    "type" : "string",
    "nullable" : true,
    "metadata" : { }
  }, {
    "name" : "category_code",
    "type" : "string",
    "nullable" : true,
    "metadata" : { }
  }, {
    "name" : "brand",
    "type" : "string",
    "nullable" : true,
    "metadata" : { }
  }, {
    "name" : "price",
    "type" : "string",
    "nullable" : true,
    "metadata" : { }
  }, {
    "name" : "user_id",
    "type" : "string",
    "nullable" : true,
    "metadata" : { }
  }, {
    "name" : "user_session",
    "type" : "string",
    "nullable" : true,
    "metadata" : { }
  } ]
}
and corresponding Parquet message type:
message spark_schema {
  optional binary event_time (STRING);
  optional binary event_type (STRING);
  optional binary product_id (STRING);
  optional binary category_id (STRING);
  optional binary category_code (STRING);
  optional binary brand (STRING);
  optional binary price (STRING);
  optional binary user_id (STRING);
  optional binary user_session (STRING);
}

       
26/09/21 21:08:21 INFO FileOutputCommitter: Saved output of task 'attempt_202609212108205850271880572235191_0001_m_000000_1' to file:/opt/airflow/data/lake/rejected/events/2019-10-02/_temporary/0/task_202609212108205850271880572235191_0001_m_000000
26/09/21 21:08:21 INFO SparkHadoopMapRedUtil: attempt_202609212108205850271880572235191_0001_m_000000_1: Committed. Elapsed time: 1 ms.
26/09/21 21:08:21 INFO Executor: Finished task 0.0 in stage 1.0 (TID 1). 2748 bytes result sent to driver
26/09/21 21:08:21 INFO TaskSetManager: Finished task 0.0 in stage 1.0 (TID 1) in 442 ms on e6c3ac7e1715 (executor driver) (6/8)
26/09/21 21:08:21 INFO CodecPool: Got brand-new compressor [.snappy]
26/09/21 21:08:21 INFO FileOutputCommitter: Saved output of task 'attempt_202609212108205850271880572235191_0001_m_000005_6' to file:/opt/airflow/data/lake/rejected/events/2019-10-02/_temporary/0/task_202609212108205850271880572235191_0001_m_000005
26/09/21 21:08:21 INFO SparkHadoopMapRedUtil: attempt_202609212108205850271880572235191_0001_m_000005_6: Committed. Elapsed time: 0 ms.
26/09/21 21:08:21 INFO Executor: Finished task 5.0 in stage 1.0 (TID 6). 2834 bytes result sent to driver
26/09/21 21:08:21 INFO TaskSetManager: Finished task 5.0 in stage 1.0 (TID 6) in 859 ms on e6c3ac7e1715 (executor driver) (7/8)
26/09/21 21:08:21 INFO FileOutputCommitter: Saved output of task 'attempt_202609212108205850271880572235191_0001_m_000002_3' to file:/opt/airflow/data/lake/rejected/events/2019-10-02/_temporary/0/task_202609212108205850271880572235191_0001_m_000002
26/09/21 21:08:21 INFO SparkHadoopMapRedUtil: attempt_202609212108205850271880572235191_0001_m_000002_3: Committed. Elapsed time: 0 ms.
26/09/21 21:08:21 INFO Executor: Finished task 2.0 in stage 1.0 (TID 3). 2834 bytes result sent to driver
26/09/21 21:08:21 INFO TaskSetManager: Finished task 2.0 in stage 1.0 (TID 3) in 932 ms on e6c3ac7e1715 (executor driver) (8/8)
26/09/21 21:08:21 INFO TaskSchedulerImpl: Removed TaskSet 1.0, whose tasks have all completed, from pool 
26/09/21 21:08:21 INFO DAGScheduler: ResultStage 1 (parquet at NativeMethodAccessorImpl.java:0) finished in 0.969 s
26/09/21 21:08:21 INFO DAGScheduler: Job 1 is finished. Cancelling potential speculative or zombie tasks for this job
26/09/21 21:08:21 INFO TaskSchedulerImpl: Killing all running tasks in stage 1: Stage finished
26/09/21 21:08:21 INFO DAGScheduler: Job 1 finished: parquet at NativeMethodAccessorImpl.java:0, took 0.973771 s
26/09/21 21:08:21 INFO FileFormatWriter: Start to commit write Job 1bc024e6-3dc2-48da-aafb-d92ca39d8b67.
26/09/21 21:08:21 INFO FileFormatWriter: Write Job 1bc024e6-3dc2-48da-aafb-d92ca39d8b67 committed. Elapsed time: 11 ms.
26/09/21 21:08:21 INFO FileFormatWriter: Finished processing stats for write job 1bc024e6-3dc2-48da-aafb-d92ca39d8b67.
26/09/21 21:08:21 INFO SparkContext: Invoking stop() from shutdown hook
26/09/21 21:08:21 INFO SparkContext: SparkContext is stopping with exitCode 0.
26/09/21 21:08:21 INFO SparkUI: Stopped Spark web UI at http://e6c3ac7e1715:4040
26/09/21 21:08:21 INFO MapOutputTrackerMasterEndpoint: MapOutputTrackerMasterEndpoint stopped!
26/09/21 21:08:21 INFO MemoryStore: MemoryStore cleared
26/09/21 21:08:21 INFO BlockManager: BlockManager stopped
26/09/21 21:08:21 INFO BlockManagerMaster: BlockManagerMaster stopped
26/09/21 21:08:21 INFO OutputCommitCoordinator$OutputCommitCoordinatorEndpoint: OutputCommitCoordinator stopped!
26/09/21 21:08:21 INFO SparkContext: Successfully stopped SparkContext
26/09/21 21:08:21 INFO ShutdownHookManager: Shutdown hook called
26/09/21 21:08:21 INFO ShutdownHookManager: Deleting directory /tmp/spark-ea970c7c-586e-4c97-a80b-acfeb1f4fdc3
26/09/21 21:08:21 INFO ShutdownHookManager: Deleting directory /tmp/spark-74c2e885-155d-464b-89e1-dee0dfb92b76
26/09/21 21:08:21 INFO ShutdownHookManager: Deleting directory /tmp/spark-74c2e885-155d-464b-89e1-dee0dfb92b76/pyspark-9306c679-2855-4d27-bc15-0240c07e6b39

[2026-09-21T21:08:21.913+0000] {taskinstance.py:441} INFO - ::group::Post task execution logs
[2026-09-21T21:08:21.913+0000] {taskinstance.py:2905} ERROR - Task failed with exception
Traceback (most recent call last):
  File "/home/airflow/.local/lib/python3.11/site-packages/airflow/models/taskinstance.py", line 465, in _execute_task
    result = _execute_callable(context=context, **execute_callable_kwargs)
             ^^^^^^^^^^^^^^^^^^^^^^^^^^^^^^^^^^^^^^^^^^^^^^^^^^^^^^^^^^^^^
  File "/home/airflow/.local/lib/python3.11/site-packages/airflow/models/taskinstance.py", line 432, in _execute_callable
    return execute_callable(context=context, **execute_callable_kwargs)
           ^^^^^^^^^^^^^^^^^^^^^^^^^^^^^^^^^^^^^^^^^^^^^^^^^^^^^^^^^^^^
  File "/home/airflow/.local/lib/python3.11/site-packages/airflow/models/baseoperator.py", line 401, in wrapper
    return func(self, *args, **kwargs)
           ^^^^^^^^^^^^^^^^^^^^^^^^^^^
  File "/home/airflow/.local/lib/python3.11/site-packages/airflow/decorators/base.py", line 265, in execute
    return_value = super().execute(context)
                   ^^^^^^^^^^^^^^^^^^^^^^^^
  File "/home/airflow/.local/lib/python3.11/site-packages/airflow/models/baseoperator.py", line 401, in wrapper
    return func(self, *args, **kwargs)
           ^^^^^^^^^^^^^^^^^^^^^^^^^^^
  File "/home/airflow/.local/lib/python3.11/site-packages/airflow/operators/python.py", line 235, in execute
    return_value = self.execute_callable()
                   ^^^^^^^^^^^^^^^^^^^^^^^
  File "/home/airflow/.local/lib/python3.11/site-packages/airflow/operators/python.py", line 252, in execute_callable
    return self.python_callable(*self.op_args, **self.op_kwargs)
           ^^^^^^^^^^^^^^^^^^^^^^^^^^^^^^^^^^^^^^^^^^^^^^^^^^^^^
  File "/opt/airflow/dags/etl.py", line 70, in extract
    raise e
  File "/opt/airflow/dags/etl.py", line 59, in extract
    script_run = subprocess.run([
                 ^^^^^^^^^^^^^^^^
  File "/usr/local/lib/python3.11/subprocess.py", line 571, in run
    raise CalledProcessError(retcode, process.args,
subprocess.CalledProcessError: Command '['spark-submit', '--packages', 'org.postgresql:postgresql:42.6.0', '/opt/airflow/dags/daily_etl.py', '2019-10-02']' returned non-zero exit status 1.
[2026-09-21T21:08:21.916+0000] {taskinstance.py:1206} INFO - Marking task as UP_FOR_RETRY. dag_id=ecommerce_data, task_id=extract, run_id=scheduled__2019-10-02T00:00:00+00:00, execution_date=20191002T000000, start_date=20260921T210815, end_date=20260921T210821
[2026-09-21T21:08:21.921+0000] {standard_task_runner.py:110} ERROR - Failed to execute job 57 for task extract (Command '['spark-submit', '--packages', 'org.postgresql:postgresql:42.6.0', '/opt/airflow/dags/daily_etl.py', '2019-10-02']' returned non-zero exit status 1.; 4566)
[2026-09-21T21:08:21.944+0000] {local_task_job_runner.py:240} INFO - Task exited with return code 1
[2026-09-21T21:08:21.950+0000] {taskinstance.py:3503} INFO - 0 downstream tasks scheduled from follow-on schedule check
[2026-09-21T21:08:21.950+0000] {local_task_job_runner.py:222} INFO - ::endgroup::
[2026-09-21T21:16:38.326+0000] {local_task_job_runner.py:120} INFO - ::group::Pre task execution logs
[2026-09-21T21:16:38.339+0000] {taskinstance.py:2076} INFO - Dependencies all met for dep_context=non-requeueable deps ti=<TaskInstance: ecommerce_data.extract scheduled__2019-10-02T00:00:00+00:00 [queued]>
[2026-09-21T21:16:38.343+0000] {taskinstance.py:2076} INFO - Dependencies all met for dep_context=requeueable deps ti=<TaskInstance: ecommerce_data.extract scheduled__2019-10-02T00:00:00+00:00 [queued]>
[2026-09-21T21:16:38.343+0000] {taskinstance.py:2306} INFO - Starting attempt 1 of 4
[2026-09-21T21:16:38.348+0000] {taskinstance.py:2330} INFO - Executing <Task(_PythonDecoratedOperator): extract> on 2019-10-02 00:00:00+00:00
[2026-09-21T21:16:38.352+0000] {standard_task_runner.py:63} INFO - Started process 6302 to run task
[2026-09-21T21:16:38.354+0000] {standard_task_runner.py:90} INFO - Running: ['airflow', 'tasks', 'run', 'ecommerce_data', 'extract', 'scheduled__2019-10-02T00:00:00+00:00', '--job-id', '70', '--raw', '--subdir', 'DAGS_FOLDER/etl.py', '--cfg-path', '/tmp/tmpurzgyp7n']
[2026-09-21T21:16:38.355+0000] {standard_task_runner.py:91} INFO - Job 70: Subtask extract
[2026-09-21T21:16:38.374+0000] {task_command.py:426} INFO - Running <TaskInstance: ecommerce_data.extract scheduled__2019-10-02T00:00:00+00:00 [running]> on host e6c3ac7e1715
[2026-09-21T21:16:38.403+0000] {taskinstance.py:2648} INFO - Exporting env vars: AIRFLOW_CTX_DAG_OWNER='airflow' AIRFLOW_CTX_DAG_ID='ecommerce_data' AIRFLOW_CTX_TASK_ID='extract' AIRFLOW_CTX_EXECUTION_DATE='2019-10-02T00:00:00+00:00' AIRFLOW_CTX_TRY_NUMBER='1' AIRFLOW_CTX_DAG_RUN_ID='scheduled__2019-10-02T00:00:00+00:00'
[2026-09-21T21:16:38.404+0000] {taskinstance.py:430} INFO - ::endgroup::
[2026-09-21T21:16:38.406+0000] {base.py:84} INFO - Using connection ID 'postgres_conn_id' for task execution.
[2026-09-21T21:16:44.509+0000] {etl.py:68} ERROR - === СПРАВЖНЯ ПОМИЛКА ВІД SPARK ===
[2026-09-21T21:16:44.510+0000] {etl.py:69} ERROR - /home/airflow/.local/lib/python3.11/site-packages/pyspark/bin/load-spark-env.sh: line 68: ps: command not found
Ivy Default Cache set to: /home/airflow/.ivy2/cache
The jars for the packages stored in: /home/airflow/.ivy2/jars
org.postgresql#postgresql added as a dependency
:: resolving dependencies :: org.apache.spark#spark-submit-parent-09a2c4fc-4f60-4df6-a652-b522eb57a7f2;1.0
	confs: [default]
	found org.postgresql#postgresql;42.6.0 in central
	found org.checkerframework#checker-qual;3.31.0 in central
:: resolution report :: resolve 87ms :: artifacts dl 5ms
	:: modules in use:
	org.checkerframework#checker-qual;3.31.0 from central in [default]
	org.postgresql#postgresql;42.6.0 from central in [default]
	---------------------------------------------------------------------
	|                  |            modules            ||   artifacts   |
	|       conf       | number| search|dwnlded|evicted|| number|dwnlded|
	---------------------------------------------------------------------
	|      default     |   2   |   0   |   0   |   0   ||   2   |   0   |
	---------------------------------------------------------------------
:: retrieving :: org.apache.spark#spark-submit-parent-09a2c4fc-4f60-4df6-a652-b522eb57a7f2
	confs: [default]
	0 artifacts copied, 2 already retrieved (0kB/4ms)
26/09/21 21:16:39 WARN NativeCodeLoader: Unable to load native-hadoop library for your platform... using builtin-java classes where applicable
26/09/21 21:16:40 INFO SparkContext: Running Spark version 3.5.1
26/09/21 21:16:40 INFO SparkContext: OS info Linux, 7.0.0-31-generic, amd64
26/09/21 21:16:40 INFO SparkContext: Java version 17.0.20.1
26/09/21 21:16:40 INFO ResourceUtils: ==============================================================
26/09/21 21:16:40 INFO ResourceUtils: No custom resources configured for spark.driver.
26/09/21 21:16:40 INFO ResourceUtils: ==============================================================
26/09/21 21:16:40 INFO SparkContext: Submitted application: Daily_ecommerce
26/09/21 21:16:40 INFO ResourceProfile: Default ResourceProfile created, executor resources: Map(cores -> name: cores, amount: 1, script: , vendor: , memory -> name: memory, amount: 1024, script: , vendor: , offHeap -> name: offHeap, amount: 0, script: , vendor: ), task resources: Map(cpus -> name: cpus, amount: 1.0)
26/09/21 21:16:40 INFO ResourceProfile: Limiting resource is cpu
26/09/21 21:16:40 INFO ResourceProfileManager: Added ResourceProfile id: 0
26/09/21 21:16:40 INFO SecurityManager: Changing view acls to: airflow
26/09/21 21:16:40 INFO SecurityManager: Changing modify acls to: airflow
26/09/21 21:16:40 INFO SecurityManager: Changing view acls groups to: 
26/09/21 21:16:40 INFO SecurityManager: Changing modify acls groups to: 
26/09/21 21:16:40 INFO SecurityManager: SecurityManager: authentication disabled; ui acls disabled; users with view permissions: airflow; groups with view permissions: EMPTY; users with modify permissions: airflow; groups with modify permissions: EMPTY
26/09/21 21:16:40 INFO Utils: Successfully started service 'sparkDriver' on port 45563.
26/09/21 21:16:40 INFO SparkEnv: Registering MapOutputTracker
26/09/21 21:16:40 INFO SparkEnv: Registering BlockManagerMaster
26/09/21 21:16:40 INFO BlockManagerMasterEndpoint: Using org.apache.spark.storage.DefaultTopologyMapper for getting topology information
26/09/21 21:16:40 INFO BlockManagerMasterEndpoint: BlockManagerMasterEndpoint up
26/09/21 21:16:40 INFO SparkEnv: Registering BlockManagerMasterHeartbeat
26/09/21 21:16:40 INFO DiskBlockManager: Created local directory at /tmp/blockmgr-02ecec3e-9c33-4796-a978-3e95c5367e29
26/09/21 21:16:40 INFO MemoryStore: MemoryStore started with capacity 434.4 MiB
26/09/21 21:16:40 INFO SparkEnv: Registering OutputCommitCoordinator
26/09/21 21:16:40 INFO JettyUtils: Start Jetty 0.0.0.0:4040 for SparkUI
26/09/21 21:16:40 INFO Utils: Successfully started service 'SparkUI' on port 4040.
26/09/21 21:16:40 INFO SparkContext: Added JAR file:///home/airflow/.ivy2/jars/org.postgresql_postgresql-42.6.0.jar at spark://e6c3ac7e1715:45563/jars/org.postgresql_postgresql-42.6.0.jar with timestamp 1790025400272
26/09/21 21:16:40 INFO SparkContext: Added JAR file:///home/airflow/.ivy2/jars/org.checkerframework_checker-qual-3.31.0.jar at spark://e6c3ac7e1715:45563/jars/org.checkerframework_checker-qual-3.31.0.jar with timestamp 1790025400272
26/09/21 21:16:40 INFO SparkContext: Added file file:///home/airflow/.ivy2/jars/org.postgresql_postgresql-42.6.0.jar at file:///home/airflow/.ivy2/jars/org.postgresql_postgresql-42.6.0.jar with timestamp 1790025400272
26/09/21 21:16:40 INFO Utils: Copying /home/airflow/.ivy2/jars/org.postgresql_postgresql-42.6.0.jar to /tmp/spark-786fce79-3afd-48d1-860d-fc0a79aea9b4/userFiles-53558e50-0281-41ce-bff4-78b119c9821d/org.postgresql_postgresql-42.6.0.jar
26/09/21 21:16:40 INFO SparkContext: Added file file:///home/airflow/.ivy2/jars/org.checkerframework_checker-qual-3.31.0.jar at file:///home/airflow/.ivy2/jars/org.checkerframework_checker-qual-3.31.0.jar with timestamp 1790025400272
26/09/21 21:16:40 INFO Utils: Copying /home/airflow/.ivy2/jars/org.checkerframework_checker-qual-3.31.0.jar to /tmp/spark-786fce79-3afd-48d1-860d-fc0a79aea9b4/userFiles-53558e50-0281-41ce-bff4-78b119c9821d/org.checkerframework_checker-qual-3.31.0.jar
26/09/21 21:16:40 INFO Executor: Starting executor ID driver on host e6c3ac7e1715
26/09/21 21:16:40 INFO Executor: OS info Linux, 7.0.0-31-generic, amd64
26/09/21 21:16:40 INFO Executor: Java version 17.0.20.1
26/09/21 21:16:40 INFO Executor: Starting executor with user classpath (userClassPathFirst = false): ''
26/09/21 21:16:40 INFO Executor: Created or updated repl class loader org.apache.spark.util.MutableURLClassLoader@4e870ecc for default.
26/09/21 21:16:40 INFO Executor: Fetching file:///home/airflow/.ivy2/jars/org.checkerframework_checker-qual-3.31.0.jar with timestamp 1790025400272
26/09/21 21:16:40 INFO Utils: /home/airflow/.ivy2/jars/org.checkerframework_checker-qual-3.31.0.jar has been previously copied to /tmp/spark-786fce79-3afd-48d1-860d-fc0a79aea9b4/userFiles-53558e50-0281-41ce-bff4-78b119c9821d/org.checkerframework_checker-qual-3.31.0.jar
26/09/21 21:16:40 INFO Executor: Fetching file:///home/airflow/.ivy2/jars/org.postgresql_postgresql-42.6.0.jar with timestamp 1790025400272
26/09/21 21:16:40 INFO Utils: /home/airflow/.ivy2/jars/org.postgresql_postgresql-42.6.0.jar has been previously copied to /tmp/spark-786fce79-3afd-48d1-860d-fc0a79aea9b4/userFiles-53558e50-0281-41ce-bff4-78b119c9821d/org.postgresql_postgresql-42.6.0.jar
26/09/21 21:16:40 INFO Executor: Fetching spark://e6c3ac7e1715:45563/jars/org.checkerframework_checker-qual-3.31.0.jar with timestamp 1790025400272
26/09/21 21:16:40 INFO TransportClientFactory: Successfully created connection to e6c3ac7e1715/172.21.0.3:45563 after 14 ms (0 ms spent in bootstraps)
26/09/21 21:16:40 INFO Utils: Fetching spark://e6c3ac7e1715:45563/jars/org.checkerframework_checker-qual-3.31.0.jar to /tmp/spark-786fce79-3afd-48d1-860d-fc0a79aea9b4/userFiles-53558e50-0281-41ce-bff4-78b119c9821d/fetchFileTemp16489788692566759075.tmp
26/09/21 21:16:40 INFO Utils: /tmp/spark-786fce79-3afd-48d1-860d-fc0a79aea9b4/userFiles-53558e50-0281-41ce-bff4-78b119c9821d/fetchFileTemp16489788692566759075.tmp has been previously copied to /tmp/spark-786fce79-3afd-48d1-860d-fc0a79aea9b4/userFiles-53558e50-0281-41ce-bff4-78b119c9821d/org.checkerframework_checker-qual-3.31.0.jar
26/09/21 21:16:40 INFO Executor: Adding file:/tmp/spark-786fce79-3afd-48d1-860d-fc0a79aea9b4/userFiles-53558e50-0281-41ce-bff4-78b119c9821d/org.checkerframework_checker-qual-3.31.0.jar to class loader default
26/09/21 21:16:40 INFO Executor: Fetching spark://e6c3ac7e1715:45563/jars/org.postgresql_postgresql-42.6.0.jar with timestamp 1790025400272
26/09/21 21:16:40 INFO Utils: Fetching spark://e6c3ac7e1715:45563/jars/org.postgresql_postgresql-42.6.0.jar to /tmp/spark-786fce79-3afd-48d1-860d-fc0a79aea9b4/userFiles-53558e50-0281-41ce-bff4-78b119c9821d/fetchFileTemp6600664424836837105.tmp
26/09/21 21:16:40 INFO Utils: /tmp/spark-786fce79-3afd-48d1-860d-fc0a79aea9b4/userFiles-53558e50-0281-41ce-bff4-78b119c9821d/fetchFileTemp6600664424836837105.tmp has been previously copied to /tmp/spark-786fce79-3afd-48d1-860d-fc0a79aea9b4/userFiles-53558e50-0281-41ce-bff4-78b119c9821d/org.postgresql_postgresql-42.6.0.jar
26/09/21 21:16:40 INFO Executor: Adding file:/tmp/spark-786fce79-3afd-48d1-860d-fc0a79aea9b4/userFiles-53558e50-0281-41ce-bff4-78b119c9821d/org.postgresql_postgresql-42.6.0.jar to class loader default
26/09/21 21:16:40 INFO Utils: Successfully started service 'org.apache.spark.network.netty.NettyBlockTransferService' on port 39911.
26/09/21 21:16:40 INFO NettyBlockTransferService: Server created on e6c3ac7e1715:39911
26/09/21 21:16:40 INFO BlockManager: Using org.apache.spark.storage.RandomBlockReplicationPolicy for block replication policy
26/09/21 21:16:40 INFO BlockManagerMaster: Registering BlockManager BlockManagerId(driver, e6c3ac7e1715, 39911, None)
26/09/21 21:16:40 INFO BlockManagerMasterEndpoint: Registering block manager e6c3ac7e1715:39911 with 434.4 MiB RAM, BlockManagerId(driver, e6c3ac7e1715, 39911, None)
26/09/21 21:16:40 INFO BlockManagerMaster: Registered BlockManager BlockManagerId(driver, e6c3ac7e1715, 39911, None)
26/09/21 21:16:40 INFO BlockManager: Initialized BlockManager: BlockManagerId(driver, e6c3ac7e1715, 39911, None)
26/09/21 21:16:41 INFO SharedState: Setting hive.metastore.warehouse.dir ('null') to the value of spark.sql.warehouse.dir.
26/09/21 21:16:41 INFO SharedState: Warehouse path is 'file:/opt/airflow/spark-warehouse'.
26/09/21 21:16:41 INFO InMemoryFileIndex: It took 24 ms to list leaf files for 1 paths.
26/09/21 21:16:41 INFO SparkContext: Starting job: parquet at NativeMethodAccessorImpl.java:0
26/09/21 21:16:41 INFO DAGScheduler: Got job 0 (parquet at NativeMethodAccessorImpl.java:0) with 1 output partitions
26/09/21 21:16:41 INFO DAGScheduler: Final stage: ResultStage 0 (parquet at NativeMethodAccessorImpl.java:0)
26/09/21 21:16:41 INFO DAGScheduler: Parents of final stage: List()
26/09/21 21:16:41 INFO DAGScheduler: Missing parents: List()
26/09/21 21:16:41 INFO DAGScheduler: Submitting ResultStage 0 (MapPartitionsRDD[1] at parquet at NativeMethodAccessorImpl.java:0), which has no missing parents
26/09/21 21:16:41 INFO MemoryStore: Block broadcast_0 stored as values in memory (estimated size 104.5 KiB, free 434.3 MiB)
26/09/21 21:16:41 INFO MemoryStore: Block broadcast_0_piece0 stored as bytes in memory (estimated size 37.6 KiB, free 434.3 MiB)
26/09/21 21:16:41 INFO BlockManagerInfo: Added broadcast_0_piece0 in memory on e6c3ac7e1715:39911 (size: 37.6 KiB, free: 434.4 MiB)
26/09/21 21:16:41 INFO SparkContext: Created broadcast 0 from broadcast at DAGScheduler.scala:1585
26/09/21 21:16:41 INFO DAGScheduler: Submitting 1 missing tasks from ResultStage 0 (MapPartitionsRDD[1] at parquet at NativeMethodAccessorImpl.java:0) (first 15 tasks are for partitions Vector(0))
26/09/21 21:16:41 INFO TaskSchedulerImpl: Adding task set 0.0 with 1 tasks resource profile 0
26/09/21 21:16:41 INFO TaskSetManager: Starting task 0.0 in stage 0.0 (TID 0) (e6c3ac7e1715, executor driver, partition 0, PROCESS_LOCAL, 8303 bytes) 
26/09/21 21:16:41 INFO Executor: Running task 0.0 in stage 0.0 (TID 0)
26/09/21 21:16:42 INFO Executor: Finished task 0.0 in stage 0.0 (TID 0). 2034 bytes result sent to driver
26/09/21 21:16:42 INFO TaskSetManager: Finished task 0.0 in stage 0.0 (TID 0) in 236 ms on e6c3ac7e1715 (executor driver) (1/1)
26/09/21 21:16:42 INFO TaskSchedulerImpl: Removed TaskSet 0.0, whose tasks have all completed, from pool 
26/09/21 21:16:42 INFO DAGScheduler: ResultStage 0 (parquet at NativeMethodAccessorImpl.java:0) finished in 0.329 s
26/09/21 21:16:42 INFO DAGScheduler: Job 0 is finished. Cancelling potential speculative or zombie tasks for this job
26/09/21 21:16:42 INFO TaskSchedulerImpl: Killing all running tasks in stage 0: Stage finished
26/09/21 21:16:42 INFO DAGScheduler: Job 0 finished: parquet at NativeMethodAccessorImpl.java:0, took 0.351185 s
26/09/21 21:16:42 INFO BlockManagerInfo: Removed broadcast_0_piece0 on e6c3ac7e1715:39911 in memory (size: 37.6 KiB, free: 434.4 MiB)
26/09/21 21:16:42 INFO FileSourceStrategy: Pushed Filters: 
26/09/21 21:16:42 INFO FileSourceStrategy: Post-Scan Filters: (((isnull(user_id#7) OR (cast(price#6 as int) <= 0)) OR isnull(event_type#1)) OR (event_type#1 = ))
26/09/21 21:16:42 INFO ParquetUtils: Using default output committer for Parquet: org.apache.parquet.hadoop.ParquetOutputCommitter
26/09/21 21:16:42 INFO FileOutputCommitter: File Output Committer Algorithm version is 1
26/09/21 21:16:42 INFO FileOutputCommitter: FileOutputCommitter skip cleanup _temporary folders under output directory:false, ignore cleanup failures: false
26/09/21 21:16:42 INFO SQLHadoopMapReduceCommitProtocol: Using user defined output committer class org.apache.parquet.hadoop.ParquetOutputCommitter
26/09/21 21:16:42 INFO FileOutputCommitter: File Output Committer Algorithm version is 1
26/09/21 21:16:42 INFO FileOutputCommitter: FileOutputCommitter skip cleanup _temporary folders under output directory:false, ignore cleanup failures: false
26/09/21 21:16:42 INFO SQLHadoopMapReduceCommitProtocol: Using output committer class org.apache.parquet.hadoop.ParquetOutputCommitter
26/09/21 21:16:43 INFO CodeGenerator: Code generated in 115.650496 ms
26/09/21 21:16:43 INFO MemoryStore: Block broadcast_1 stored as values in memory (estimated size 203.8 KiB, free 434.2 MiB)
26/09/21 21:16:43 INFO MemoryStore: Block broadcast_1_piece0 stored as bytes in memory (estimated size 35.7 KiB, free 434.2 MiB)
26/09/21 21:16:43 INFO BlockManagerInfo: Added broadcast_1_piece0 in memory on e6c3ac7e1715:39911 (size: 35.7 KiB, free: 434.4 MiB)
26/09/21 21:16:43 INFO SparkContext: Created broadcast 1 from parquet at NativeMethodAccessorImpl.java:0
26/09/21 21:16:43 INFO FileSourceScanExec: Planning scan with bin packing, max size: 6058108 bytes, open cost is considered as scanning 4194304 bytes.
26/09/21 21:16:43 INFO SparkContext: Starting job: parquet at NativeMethodAccessorImpl.java:0
26/09/21 21:16:43 INFO DAGScheduler: Got job 1 (parquet at NativeMethodAccessorImpl.java:0) with 8 output partitions
26/09/21 21:16:43 INFO DAGScheduler: Final stage: ResultStage 1 (parquet at NativeMethodAccessorImpl.java:0)
26/09/21 21:16:43 INFO DAGScheduler: Parents of final stage: List()
26/09/21 21:16:43 INFO DAGScheduler: Missing parents: List()
26/09/21 21:16:43 INFO DAGScheduler: Submitting ResultStage 1 (MapPartitionsRDD[5] at parquet at NativeMethodAccessorImpl.java:0), which has no missing parents
26/09/21 21:16:43 INFO MemoryStore: Block broadcast_2 stored as values in memory (estimated size 225.2 KiB, free 433.9 MiB)
26/09/21 21:16:43 INFO MemoryStore: Block broadcast_2_piece0 stored as bytes in memory (estimated size 79.3 KiB, free 433.9 MiB)
26/09/21 21:16:43 INFO BlockManagerInfo: Added broadcast_2_piece0 in memory on e6c3ac7e1715:39911 (size: 79.3 KiB, free: 434.3 MiB)
26/09/21 21:16:43 INFO SparkContext: Created broadcast 2 from broadcast at DAGScheduler.scala:1585
26/09/21 21:16:43 INFO DAGScheduler: Submitting 8 missing tasks from ResultStage 1 (MapPartitionsRDD[5] at parquet at NativeMethodAccessorImpl.java:0) (first 15 tasks are for partitions Vector(0, 1, 2, 3, 4, 5, 6, 7))
26/09/21 21:16:43 INFO TaskSchedulerImpl: Adding task set 1.0 with 8 tasks resource profile 0
26/09/21 21:16:43 INFO TaskSetManager: Starting task 0.0 in stage 1.0 (TID 1) (e6c3ac7e1715, executor driver, partition 0, PROCESS_LOCAL, 8810 bytes) 
26/09/21 21:16:43 INFO TaskSetManager: Starting task 1.0 in stage 1.0 (TID 2) (e6c3ac7e1715, executor driver, partition 1, PROCESS_LOCAL, 8810 bytes) 
26/09/21 21:16:43 INFO TaskSetManager: Starting task 2.0 in stage 1.0 (TID 3) (e6c3ac7e1715, executor driver, partition 2, PROCESS_LOCAL, 8810 bytes) 
26/09/21 21:16:43 INFO TaskSetManager: Starting task 3.0 in stage 1.0 (TID 4) (e6c3ac7e1715, executor driver, partition 3, PROCESS_LOCAL, 8810 bytes) 
26/09/21 21:16:43 INFO TaskSetManager: Starting task 4.0 in stage 1.0 (TID 5) (e6c3ac7e1715, executor driver, partition 4, PROCESS_LOCAL, 8810 bytes) 
26/09/21 21:16:43 INFO TaskSetManager: Starting task 5.0 in stage 1.0 (TID 6) (e6c3ac7e1715, executor driver, partition 5, PROCESS_LOCAL, 8810 bytes) 
26/09/21 21:16:43 INFO TaskSetManager: Starting task 6.0 in stage 1.0 (TID 7) (e6c3ac7e1715, executor driver, partition 6, PROCESS_LOCAL, 8810 bytes) 
26/09/21 21:16:43 INFO TaskSetManager: Starting task 7.0 in stage 1.0 (TID 8) (e6c3ac7e1715, executor driver, partition 7, PROCESS_LOCAL, 8810 bytes) 
26/09/21 21:16:43 INFO Executor: Running task 0.0 in stage 1.0 (TID 1)
26/09/21 21:16:43 INFO Executor: Running task 1.0 in stage 1.0 (TID 2)
26/09/21 21:16:43 INFO Executor: Running task 2.0 in stage 1.0 (TID 3)
26/09/21 21:16:43 INFO Executor: Running task 3.0 in stage 1.0 (TID 4)
26/09/21 21:16:43 INFO Executor: Running task 4.0 in stage 1.0 (TID 5)
26/09/21 21:16:43 INFO Executor: Running task 5.0 in stage 1.0 (TID 6)
26/09/21 21:16:43 INFO Executor: Running task 6.0 in stage 1.0 (TID 7)
26/09/21 21:16:43 INFO Executor: Running task 7.0 in stage 1.0 (TID 8)
26/09/21 21:16:43 INFO CodeGenerator: Code generated in 36.292509 ms
26/09/21 21:16:43 INFO FileOutputCommitter: File Output Committer Algorithm version is 1
26/09/21 21:16:43 INFO FileOutputCommitter: FileOutputCommitter skip cleanup _temporary folders under output directory:false, ignore cleanup failures: false
26/09/21 21:16:43 INFO FileOutputCommitter: File Output Committer Algorithm version is 1
26/09/21 21:16:43 INFO FileOutputCommitter: FileOutputCommitter skip cleanup _temporary folders under output directory:false, ignore cleanup failures: false
26/09/21 21:16:43 INFO SQLHadoopMapReduceCommitProtocol: Using user defined output committer class org.apache.parquet.hadoop.ParquetOutputCommitter
26/09/21 21:16:43 INFO FileOutputCommitter: File Output Committer Algorithm version is 1
26/09/21 21:16:43 INFO FileOutputCommitter: FileOutputCommitter skip cleanup _temporary folders under output directory:false, ignore cleanup failures: false
26/09/21 21:16:43 INFO SQLHadoopMapReduceCommitProtocol: Using user defined output committer class org.apache.parquet.hadoop.ParquetOutputCommitter
26/09/21 21:16:43 INFO FileOutputCommitter: File Output Committer Algorithm version is 1
26/09/21 21:16:43 INFO FileOutputCommitter: File Output Committer Algorithm version is 1
26/09/21 21:16:43 INFO FileOutputCommitter: FileOutputCommitter skip cleanup _temporary folders under output directory:false, ignore cleanup failures: false
26/09/21 21:16:43 INFO FileOutputCommitter: FileOutputCommitter skip cleanup _temporary folders under output directory:false, ignore cleanup failures: false
26/09/21 21:16:43 INFO SQLHadoopMapReduceCommitProtocol: Using output committer class org.apache.parquet.hadoop.ParquetOutputCommitter
26/09/21 21:16:43 INFO SQLHadoopMapReduceCommitProtocol: Using output committer class org.apache.parquet.hadoop.ParquetOutputCommitter
26/09/21 21:16:43 INFO SQLHadoopMapReduceCommitProtocol: Using user defined output committer class org.apache.parquet.hadoop.ParquetOutputCommitter
26/09/21 21:16:43 INFO FileOutputCommitter: File Output Committer Algorithm version is 1
26/09/21 21:16:43 INFO FileOutputCommitter: FileOutputCommitter skip cleanup _temporary folders under output directory:false, ignore cleanup failures: false
26/09/21 21:16:43 INFO SQLHadoopMapReduceCommitProtocol: Using output committer class org.apache.parquet.hadoop.ParquetOutputCommitter
26/09/21 21:16:43 INFO FileScanRDD: Reading File path: file:///opt/airflow/data/lake/raw/events/2019-Oct/event_date=2019-10-02/part-00001-e6dbecb7-a75e-4a1e-be16-8089c329fa2c.c000.snappy.parquet, range: 18174324-24232432, partition values: [empty row]
26/09/21 21:16:43 INFO FileScanRDD: Reading File path: file:///opt/airflow/data/lake/raw/events/2019-Oct/event_date=2019-10-02/part-00002-e6dbecb7-a75e-4a1e-be16-8089c329fa2c.c000.snappy.parquet, range: 0-6058108, partition values: [empty row]
26/09/21 21:16:43 INFO FileOutputCommitter: File Output Committer Algorithm version is 1
26/09/21 21:16:43 INFO FileOutputCommitter: FileOutputCommitter skip cleanup _temporary folders under output directory:false, ignore cleanup failures: false
26/09/21 21:16:43 INFO SQLHadoopMapReduceCommitProtocol: Using user defined output committer class org.apache.parquet.hadoop.ParquetOutputCommitter
26/09/21 21:16:43 INFO FileOutputCommitter: File Output Committer Algorithm version is 1
26/09/21 21:16:43 INFO FileOutputCommitter: FileOutputCommitter skip cleanup _temporary folders under output directory:false, ignore cleanup failures: false
26/09/21 21:16:43 INFO SQLHadoopMapReduceCommitProtocol: Using output committer class org.apache.parquet.hadoop.ParquetOutputCommitter
26/09/21 21:16:43 INFO FileScanRDD: Reading File path: file:///opt/airflow/data/lake/raw/events/2019-Oct/event_date=2019-10-02/part-00001-e6dbecb7-a75e-4a1e-be16-8089c329fa2c.c000.snappy.parquet, range: 12116216-18174324, partition values: [empty row]
26/09/21 21:16:43 INFO FileOutputCommitter: File Output Committer Algorithm version is 1
26/09/21 21:16:43 INFO FileOutputCommitter: FileOutputCommitter skip cleanup _temporary folders under output directory:false, ignore cleanup failures: false
26/09/21 21:16:43 INFO SQLHadoopMapReduceCommitProtocol: Using user defined output committer class org.apache.parquet.hadoop.ParquetOutputCommitter
26/09/21 21:16:43 INFO FileOutputCommitter: File Output Committer Algorithm version is 1
26/09/21 21:16:43 INFO FileOutputCommitter: FileOutputCommitter skip cleanup _temporary folders under output directory:false, ignore cleanup failures: false
26/09/21 21:16:43 INFO SQLHadoopMapReduceCommitProtocol: Using output committer class org.apache.parquet.hadoop.ParquetOutputCommitter
26/09/21 21:16:43 INFO FileScanRDD: Reading File path: file:///opt/airflow/data/lake/raw/events/2019-Oct/event_date=2019-10-02/part-00001-e6dbecb7-a75e-4a1e-be16-8089c329fa2c.c000.snappy.parquet, range: 6058108-12116216, partition values: [empty row]
26/09/21 21:16:43 INFO FileScanRDD: Reading File path: file:///opt/airflow/data/lake/raw/events/2019-Oct/event_date=2019-10-02/part-00001-e6dbecb7-a75e-4a1e-be16-8089c329fa2c.c000.snappy.parquet, range: 24232432-26808416, partition values: [empty row]
26/09/21 21:16:43 INFO FileOutputCommitter: File Output Committer Algorithm version is 1
26/09/21 21:16:43 INFO FileOutputCommitter: FileOutputCommitter skip cleanup _temporary folders under output directory:false, ignore cleanup failures: false
26/09/21 21:16:43 INFO SQLHadoopMapReduceCommitProtocol: Using user defined output committer class org.apache.parquet.hadoop.ParquetOutputCommitter
26/09/21 21:16:43 INFO FileOutputCommitter: File Output Committer Algorithm version is 1
26/09/21 21:16:43 INFO FileOutputCommitter: FileOutputCommitter skip cleanup _temporary folders under output directory:false, ignore cleanup failures: false
26/09/21 21:16:43 INFO FileOutputCommitter: File Output Committer Algorithm version is 1
26/09/21 21:16:43 INFO FileOutputCommitter: FileOutputCommitter skip cleanup _temporary folders under output directory:false, ignore cleanup failures: false
26/09/21 21:16:43 INFO SQLHadoopMapReduceCommitProtocol: Using user defined output committer class org.apache.parquet.hadoop.ParquetOutputCommitter
26/09/21 21:16:43 INFO FileOutputCommitter: File Output Committer Algorithm version is 1
26/09/21 21:16:43 INFO FileOutputCommitter: FileOutputCommitter skip cleanup _temporary folders under output directory:false, ignore cleanup failures: false
26/09/21 21:16:43 INFO SQLHadoopMapReduceCommitProtocol: Using output committer class org.apache.parquet.hadoop.ParquetOutputCommitter
26/09/21 21:16:43 INFO FileScanRDD: Reading File path: file:///opt/airflow/data/lake/raw/events/2019-Oct/event_date=2019-10-02/part-00002-e6dbecb7-a75e-4a1e-be16-8089c329fa2c.c000.snappy.parquet, range: 12116216-13267847, partition values: [empty row]
26/09/21 21:16:43 INFO FileOutputCommitter: File Output Committer Algorithm version is 1
26/09/21 21:16:43 INFO FileOutputCommitter: FileOutputCommitter skip cleanup _temporary folders under output directory:false, ignore cleanup failures: false
26/09/21 21:16:43 INFO SQLHadoopMapReduceCommitProtocol: Using user defined output committer class org.apache.parquet.hadoop.ParquetOutputCommitter
26/09/21 21:16:43 INFO FileOutputCommitter: File Output Committer Algorithm version is 1
26/09/21 21:16:43 INFO FileOutputCommitter: FileOutputCommitter skip cleanup _temporary folders under output directory:false, ignore cleanup failures: false
26/09/21 21:16:43 INFO SQLHadoopMapReduceCommitProtocol: Using output committer class org.apache.parquet.hadoop.ParquetOutputCommitter
26/09/21 21:16:43 INFO SQLHadoopMapReduceCommitProtocol: Using output committer class org.apache.parquet.hadoop.ParquetOutputCommitter
26/09/21 21:16:43 INFO FileScanRDD: Reading File path: file:///opt/airflow/data/lake/raw/events/2019-Oct/event_date=2019-10-02/part-00002-e6dbecb7-a75e-4a1e-be16-8089c329fa2c.c000.snappy.parquet, range: 6058108-12116216, partition values: [empty row]
26/09/21 21:16:43 INFO CodecConfig: Compression: SNAPPY
26/09/21 21:16:43 INFO CodecConfig: Compression: SNAPPY
26/09/21 21:16:43 INFO ParquetOutputFormat: ParquetRecordWriter [block size: 134217728b, row group padding size: 8388608b, validating: false]
26/09/21 21:16:43 INFO ParquetWriteSupport: Initialized Parquet WriteSupport with Catalyst schema:
{
  "type" : "struct",
  "fields" : [ {
    "name" : "event_time",
    "type" : "string",
    "nullable" : true,
    "metadata" : { }
  }, {
    "name" : "event_type",
    "type" : "string",
    "nullable" : true,
    "metadata" : { }
  }, {
    "name" : "product_id",
    "type" : "string",
    "nullable" : true,
    "metadata" : { }
  }, {
    "name" : "category_id",
    "type" : "string",
    "nullable" : true,
    "metadata" : { }
  }, {
    "name" : "category_code",
    "type" : "string",
    "nullable" : true,
    "metadata" : { }
  }, {
    "name" : "brand",
    "type" : "string",
    "nullable" : true,
    "metadata" : { }
  }, {
    "name" : "price",
    "type" : "string",
    "nullable" : true,
    "metadata" : { }
  }, {
    "name" : "user_id",
    "type" : "string",
    "nullable" : true,
    "metadata" : { }
  }, {
    "name" : "user_session",
    "type" : "string",
    "nullable" : true,
    "metadata" : { }
  } ]
}
and corresponding Parquet message type:
message spark_schema {
  optional binary event_time (STRING);
  optional binary event_type (STRING);
  optional binary product_id (STRING);
  optional binary category_id (STRING);
  optional binary category_code (STRING);
  optional binary brand (STRING);
  optional binary price (STRING);
  optional binary user_id (STRING);
  optional binary user_session (STRING);
}

       
26/09/21 21:16:43 INFO SparkHadoopMapRedUtil: No need to commit output of task because needsTaskCommit=false: attempt_202609212116435721280546135218343_0001_m_000001_2
26/09/21 21:16:43 INFO SparkHadoopMapRedUtil: No need to commit output of task because needsTaskCommit=false: attempt_202609212116435721280546135218343_0001_m_000004_5
26/09/21 21:16:43 INFO SparkHadoopMapRedUtil: No need to commit output of task because needsTaskCommit=false: attempt_202609212116435721280546135218343_0001_m_000006_7
26/09/21 21:16:43 INFO SparkHadoopMapRedUtil: No need to commit output of task because needsTaskCommit=false: attempt_202609212116435721280546135218343_0001_m_000003_4
26/09/21 21:16:43 INFO SparkHadoopMapRedUtil: No need to commit output of task because needsTaskCommit=false: attempt_202609212116435721280546135218343_0001_m_000007_8
26/09/21 21:16:43 INFO Executor: Finished task 6.0 in stage 1.0 (TID 7). 2748 bytes result sent to driver
26/09/21 21:16:43 INFO Executor: Finished task 7.0 in stage 1.0 (TID 8). 2748 bytes result sent to driver
26/09/21 21:16:43 INFO Executor: Finished task 4.0 in stage 1.0 (TID 5). 2748 bytes result sent to driver
26/09/21 21:16:43 INFO Executor: Finished task 1.0 in stage 1.0 (TID 2). 2748 bytes result sent to driver
26/09/21 21:16:43 INFO Executor: Finished task 3.0 in stage 1.0 (TID 4). 2748 bytes result sent to driver
26/09/21 21:16:43 INFO CodecPool: Got brand-new decompressor [.snappy]
26/09/21 21:16:43 INFO TaskSetManager: Finished task 4.0 in stage 1.0 (TID 5) in 238 ms on e6c3ac7e1715 (executor driver) (1/8)
26/09/21 21:16:43 INFO TaskSetManager: Finished task 7.0 in stage 1.0 (TID 8) in 237 ms on e6c3ac7e1715 (executor driver) (2/8)
26/09/21 21:16:43 INFO TaskSetManager: Finished task 6.0 in stage 1.0 (TID 7) in 238 ms on e6c3ac7e1715 (executor driver) (3/8)
26/09/21 21:16:43 INFO TaskSetManager: Finished task 1.0 in stage 1.0 (TID 2) in 243 ms on e6c3ac7e1715 (executor driver) (4/8)
26/09/21 21:16:43 INFO TaskSetManager: Finished task 3.0 in stage 1.0 (TID 4) in 242 ms on e6c3ac7e1715 (executor driver) (5/8)
26/09/21 21:16:43 INFO CodecPool: Got brand-new decompressor [.snappy]
26/09/21 21:16:43 INFO CodecPool: Got brand-new compressor [.snappy]
26/09/21 21:16:43 INFO FileScanRDD: Reading File path: file:///opt/airflow/data/lake/raw/events/2019-Oct/event_date=2019-10-02/part-00001-e6dbecb7-a75e-4a1e-be16-8089c329fa2c.c000.snappy.parquet, range: 0-6058108, partition values: [empty row]
26/09/21 21:16:43 INFO CodecConfig: Compression: SNAPPY
26/09/21 21:16:43 INFO CodecConfig: Compression: SNAPPY
26/09/21 21:16:43 INFO CodecConfig: Compression: SNAPPY
26/09/21 21:16:43 INFO CodecConfig: Compression: SNAPPY
26/09/21 21:16:43 INFO ParquetOutputFormat: ParquetRecordWriter [block size: 134217728b, row group padding size: 8388608b, validating: false]
26/09/21 21:16:43 INFO ParquetOutputFormat: ParquetRecordWriter [block size: 134217728b, row group padding size: 8388608b, validating: false]
26/09/21 21:16:43 INFO ParquetWriteSupport: Initialized Parquet WriteSupport with Catalyst schema:
{
  "type" : "struct",
  "fields" : [ {
    "name" : "event_time",
    "type" : "string",
    "nullable" : true,
    "metadata" : { }
  }, {
    "name" : "event_type",
    "type" : "string",
    "nullable" : true,
    "metadata" : { }
  }, {
    "name" : "product_id",
    "type" : "string",
    "nullable" : true,
    "metadata" : { }
  }, {
    "name" : "category_id",
    "type" : "string",
    "nullable" : true,
    "metadata" : { }
  }, {
    "name" : "category_code",
    "type" : "string",
    "nullable" : true,
    "metadata" : { }
  }, {
    "name" : "brand",
    "type" : "string",
    "nullable" : true,
    "metadata" : { }
  }, {
    "name" : "price",
    "type" : "string",
    "nullable" : true,
    "metadata" : { }
  }, {
    "name" : "user_id",
    "type" : "string",
    "nullable" : true,
    "metadata" : { }
  }, {
    "name" : "user_session",
    "type" : "string",
    "nullable" : true,
    "metadata" : { }
  } ]
}
and corresponding Parquet message type:
message spark_schema {
  optional binary event_time (STRING);
  optional binary event_type (STRING);
  optional binary product_id (STRING);
  optional binary category_id (STRING);
  optional binary category_code (STRING);
  optional binary brand (STRING);
  optional binary price (STRING);
  optional binary user_id (STRING);
  optional binary user_session (STRING);
}

       
26/09/21 21:16:43 INFO ParquetWriteSupport: Initialized Parquet WriteSupport with Catalyst schema:
{
  "type" : "struct",
  "fields" : [ {
    "name" : "event_time",
    "type" : "string",
    "nullable" : true,
    "metadata" : { }
  }, {
    "name" : "event_type",
    "type" : "string",
    "nullable" : true,
    "metadata" : { }
  }, {
    "name" : "product_id",
    "type" : "string",
    "nullable" : true,
    "metadata" : { }
  }, {
    "name" : "category_id",
    "type" : "string",
    "nullable" : true,
    "metadata" : { }
  }, {
    "name" : "category_code",
    "type" : "string",
    "nullable" : true,
    "metadata" : { }
  }, {
    "name" : "brand",
    "type" : "string",
    "nullable" : true,
    "metadata" : { }
  }, {
    "name" : "price",
    "type" : "string",
    "nullable" : true,
    "metadata" : { }
  }, {
    "name" : "user_id",
    "type" : "string",
    "nullable" : true,
    "metadata" : { }
  }, {
    "name" : "user_session",
    "type" : "string",
    "nullable" : true,
    "metadata" : { }
  } ]
}
and corresponding Parquet message type:
message spark_schema {
  optional binary event_time (STRING);
  optional binary event_type (STRING);
  optional binary product_id (STRING);
  optional binary category_id (STRING);
  optional binary category_code (STRING);
  optional binary brand (STRING);
  optional binary price (STRING);
  optional binary user_id (STRING);
  optional binary user_session (STRING);
}

       
26/09/21 21:16:43 INFO FileOutputCommitter: Saved output of task 'attempt_202609212116435721280546135218343_0001_m_000000_1' to file:/opt/airflow/data/lake/rejected/events/2019-10-02/_temporary/0/task_202609212116435721280546135218343_0001_m_000000
26/09/21 21:16:43 INFO SparkHadoopMapRedUtil: attempt_202609212116435721280546135218343_0001_m_000000_1: Committed. Elapsed time: 0 ms.
26/09/21 21:16:43 INFO Executor: Finished task 0.0 in stage 1.0 (TID 1). 2748 bytes result sent to driver
26/09/21 21:16:43 INFO TaskSetManager: Finished task 0.0 in stage 1.0 (TID 1) in 391 ms on e6c3ac7e1715 (executor driver) (6/8)
26/09/21 21:16:43 INFO CodecPool: Got brand-new compressor [.snappy]
26/09/21 21:16:44 INFO FileOutputCommitter: Saved output of task 'attempt_202609212116435721280546135218343_0001_m_000005_6' to file:/opt/airflow/data/lake/rejected/events/2019-10-02/_temporary/0/task_202609212116435721280546135218343_0001_m_000005
26/09/21 21:16:44 INFO SparkHadoopMapRedUtil: attempt_202609212116435721280546135218343_0001_m_000005_6: Committed. Elapsed time: 0 ms.
26/09/21 21:16:44 INFO Executor: Finished task 5.0 in stage 1.0 (TID 6). 2834 bytes result sent to driver
26/09/21 21:16:44 INFO TaskSetManager: Finished task 5.0 in stage 1.0 (TID 6) in 781 ms on e6c3ac7e1715 (executor driver) (7/8)
26/09/21 21:16:44 INFO FileOutputCommitter: Saved output of task 'attempt_202609212116435721280546135218343_0001_m_000002_3' to file:/opt/airflow/data/lake/rejected/events/2019-10-02/_temporary/0/task_202609212116435721280546135218343_0001_m_000002
26/09/21 21:16:44 INFO SparkHadoopMapRedUtil: attempt_202609212116435721280546135218343_0001_m_000002_3: Committed. Elapsed time: 0 ms.
26/09/21 21:16:44 INFO Executor: Finished task 2.0 in stage 1.0 (TID 3). 2834 bytes result sent to driver
26/09/21 21:16:44 INFO TaskSetManager: Finished task 2.0 in stage 1.0 (TID 3) in 856 ms on e6c3ac7e1715 (executor driver) (8/8)
26/09/21 21:16:44 INFO TaskSchedulerImpl: Removed TaskSet 1.0, whose tasks have all completed, from pool 
26/09/21 21:16:44 INFO DAGScheduler: ResultStage 1 (parquet at NativeMethodAccessorImpl.java:0) finished in 0.896 s
26/09/21 21:16:44 INFO DAGScheduler: Job 1 is finished. Cancelling potential speculative or zombie tasks for this job
26/09/21 21:16:44 INFO TaskSchedulerImpl: Killing all running tasks in stage 1: Stage finished
26/09/21 21:16:44 INFO DAGScheduler: Job 1 finished: parquet at NativeMethodAccessorImpl.java:0, took 0.900620 s
26/09/21 21:16:44 INFO FileFormatWriter: Start to commit write Job 6c212c36-f694-4beb-aff4-2950b3ac47f2.
26/09/21 21:16:44 INFO FileFormatWriter: Write Job 6c212c36-f694-4beb-aff4-2950b3ac47f2 committed. Elapsed time: 10 ms.
26/09/21 21:16:44 INFO FileFormatWriter: Finished processing stats for write job 6c212c36-f694-4beb-aff4-2950b3ac47f2.
26/09/21 21:16:44 INFO SparkContext: Invoking stop() from shutdown hook
26/09/21 21:16:44 INFO SparkContext: SparkContext is stopping with exitCode 0.
26/09/21 21:16:44 INFO SparkUI: Stopped Spark web UI at http://e6c3ac7e1715:4040
26/09/21 21:16:44 INFO MapOutputTrackerMasterEndpoint: MapOutputTrackerMasterEndpoint stopped!
26/09/21 21:16:44 INFO MemoryStore: MemoryStore cleared
26/09/21 21:16:44 INFO BlockManager: BlockManager stopped
26/09/21 21:16:44 INFO BlockManagerMaster: BlockManagerMaster stopped
26/09/21 21:16:44 INFO OutputCommitCoordinator$OutputCommitCoordinatorEndpoint: OutputCommitCoordinator stopped!
26/09/21 21:16:44 INFO SparkContext: Successfully stopped SparkContext
26/09/21 21:16:44 INFO ShutdownHookManager: Shutdown hook called
26/09/21 21:16:44 INFO ShutdownHookManager: Deleting directory /tmp/spark-786fce79-3afd-48d1-860d-fc0a79aea9b4
26/09/21 21:16:44 INFO ShutdownHookManager: Deleting directory /tmp/spark-786fce79-3afd-48d1-860d-fc0a79aea9b4/pyspark-2e9a66e9-23b5-4809-bf17-99817f6bb365
26/09/21 21:16:44 INFO ShutdownHookManager: Deleting directory /tmp/spark-d0008c97-d356-463d-80e7-a4b8ee794abd

[2026-09-21T21:16:44.510+0000] {taskinstance.py:441} INFO - ::group::Post task execution logs
[2026-09-21T21:16:44.510+0000] {taskinstance.py:2905} ERROR - Task failed with exception
Traceback (most recent call last):
  File "/home/airflow/.local/lib/python3.11/site-packages/airflow/models/taskinstance.py", line 465, in _execute_task
    result = _execute_callable(context=context, **execute_callable_kwargs)
             ^^^^^^^^^^^^^^^^^^^^^^^^^^^^^^^^^^^^^^^^^^^^^^^^^^^^^^^^^^^^^
  File "/home/airflow/.local/lib/python3.11/site-packages/airflow/models/taskinstance.py", line 432, in _execute_callable
    return execute_callable(context=context, **execute_callable_kwargs)
           ^^^^^^^^^^^^^^^^^^^^^^^^^^^^^^^^^^^^^^^^^^^^^^^^^^^^^^^^^^^^
  File "/home/airflow/.local/lib/python3.11/site-packages/airflow/models/baseoperator.py", line 401, in wrapper
    return func(self, *args, **kwargs)
           ^^^^^^^^^^^^^^^^^^^^^^^^^^^
  File "/home/airflow/.local/lib/python3.11/site-packages/airflow/decorators/base.py", line 265, in execute
    return_value = super().execute(context)
                   ^^^^^^^^^^^^^^^^^^^^^^^^
  File "/home/airflow/.local/lib/python3.11/site-packages/airflow/models/baseoperator.py", line 401, in wrapper
    return func(self, *args, **kwargs)
           ^^^^^^^^^^^^^^^^^^^^^^^^^^^
  File "/home/airflow/.local/lib/python3.11/site-packages/airflow/operators/python.py", line 235, in execute
    return_value = self.execute_callable()
                   ^^^^^^^^^^^^^^^^^^^^^^^
  File "/home/airflow/.local/lib/python3.11/site-packages/airflow/operators/python.py", line 252, in execute_callable
    return self.python_callable(*self.op_args, **self.op_kwargs)
           ^^^^^^^^^^^^^^^^^^^^^^^^^^^^^^^^^^^^^^^^^^^^^^^^^^^^^
  File "/opt/airflow/dags/etl.py", line 70, in extract
    raise e
  File "/opt/airflow/dags/etl.py", line 59, in extract
    script_run = subprocess.run([
                 ^^^^^^^^^^^^^^^^
  File "/usr/local/lib/python3.11/subprocess.py", line 571, in run
    raise CalledProcessError(retcode, process.args,
subprocess.CalledProcessError: Command '['spark-submit', '--packages', 'org.postgresql:postgresql:42.6.0', '/opt/airflow/dags/daily_etl.py', '2019-10-02']' returned non-zero exit status 1.
[2026-09-21T21:16:44.513+0000] {taskinstance.py:1206} INFO - Marking task as UP_FOR_RETRY. dag_id=ecommerce_data, task_id=extract, run_id=scheduled__2019-10-02T00:00:00+00:00, execution_date=20191002T000000, start_date=20260921T211638, end_date=20260921T211644
[2026-09-21T21:16:44.518+0000] {standard_task_runner.py:110} ERROR - Failed to execute job 70 for task extract (Command '['spark-submit', '--packages', 'org.postgresql:postgresql:42.6.0', '/opt/airflow/dags/daily_etl.py', '2019-10-02']' returned non-zero exit status 1.; 6302)
[2026-09-21T21:16:44.524+0000] {local_task_job_runner.py:240} INFO - Task exited with return code 1
[2026-09-21T21:16:44.529+0000] {taskinstance.py:3503} INFO - 0 downstream tasks scheduled from follow-on schedule check
[2026-09-21T21:16:44.529+0000] {local_task_job_runner.py:222} INFO - ::endgroup::
[2026-09-21T22:21:17.823+0000] {local_task_job_runner.py:120} INFO - ::group::Pre task execution logs
[2026-09-21T22:21:17.842+0000] {taskinstance.py:2076} INFO - Dependencies all met for dep_context=non-requeueable deps ti=<TaskInstance: ecommerce_data.extract scheduled__2019-10-02T00:00:00+00:00 [queued]>
[2026-09-21T22:21:17.846+0000] {taskinstance.py:2076} INFO - Dependencies all met for dep_context=requeueable deps ti=<TaskInstance: ecommerce_data.extract scheduled__2019-10-02T00:00:00+00:00 [queued]>
[2026-09-21T22:21:17.846+0000] {taskinstance.py:2306} INFO - Starting attempt 1 of 4
[2026-09-21T22:21:17.855+0000] {taskinstance.py:2330} INFO - Executing <Task(_PythonDecoratedOperator): extract> on 2019-10-02 00:00:00+00:00
[2026-09-21T22:21:17.860+0000] {standard_task_runner.py:63} INFO - Started process 24000 to run task
[2026-09-21T22:21:17.862+0000] {standard_task_runner.py:90} INFO - Running: ['airflow', 'tasks', 'run', 'ecommerce_data', 'extract', 'scheduled__2019-10-02T00:00:00+00:00', '--job-id', '220', '--raw', '--subdir', 'DAGS_FOLDER/etl.py', '--cfg-path', '/tmp/tmpw83ka9yq']
[2026-09-21T22:21:17.863+0000] {standard_task_runner.py:91} INFO - Job 220: Subtask extract
[2026-09-21T22:21:17.895+0000] {task_command.py:426} INFO - Running <TaskInstance: ecommerce_data.extract scheduled__2019-10-02T00:00:00+00:00 [running]> on host e6c3ac7e1715
[2026-09-21T22:21:17.947+0000] {taskinstance.py:2648} INFO - Exporting env vars: AIRFLOW_CTX_DAG_OWNER='airflow' AIRFLOW_CTX_DAG_ID='ecommerce_data' AIRFLOW_CTX_TASK_ID='extract' AIRFLOW_CTX_EXECUTION_DATE='2019-10-02T00:00:00+00:00' AIRFLOW_CTX_TRY_NUMBER='1' AIRFLOW_CTX_DAG_RUN_ID='scheduled__2019-10-02T00:00:00+00:00'
[2026-09-21T22:21:17.947+0000] {taskinstance.py:430} INFO - ::endgroup::
[2026-09-21T22:21:17.951+0000] {base.py:84} INFO - Using connection ID 'postgres_conn_id' for task execution.
[2026-09-21T22:21:24.972+0000] {taskinstance.py:441} INFO - ::group::Post task execution logs
[2026-09-21T22:21:24.973+0000] {taskinstance.py:2905} ERROR - Task failed with exception
Traceback (most recent call last):
  File "/home/airflow/.local/lib/python3.11/site-packages/airflow/models/taskinstance.py", line 465, in _execute_task
    result = _execute_callable(context=context, **execute_callable_kwargs)
             ^^^^^^^^^^^^^^^^^^^^^^^^^^^^^^^^^^^^^^^^^^^^^^^^^^^^^^^^^^^^^
  File "/home/airflow/.local/lib/python3.11/site-packages/airflow/models/taskinstance.py", line 432, in _execute_callable
    return execute_callable(context=context, **execute_callable_kwargs)
           ^^^^^^^^^^^^^^^^^^^^^^^^^^^^^^^^^^^^^^^^^^^^^^^^^^^^^^^^^^^^
  File "/home/airflow/.local/lib/python3.11/site-packages/airflow/models/baseoperator.py", line 401, in wrapper
    return func(self, *args, **kwargs)
           ^^^^^^^^^^^^^^^^^^^^^^^^^^^
  File "/home/airflow/.local/lib/python3.11/site-packages/airflow/decorators/base.py", line 265, in execute
    return_value = super().execute(context)
                   ^^^^^^^^^^^^^^^^^^^^^^^^
  File "/home/airflow/.local/lib/python3.11/site-packages/airflow/models/baseoperator.py", line 401, in wrapper
    return func(self, *args, **kwargs)
           ^^^^^^^^^^^^^^^^^^^^^^^^^^^
  File "/home/airflow/.local/lib/python3.11/site-packages/airflow/operators/python.py", line 235, in execute
    return_value = self.execute_callable()
                   ^^^^^^^^^^^^^^^^^^^^^^^
  File "/home/airflow/.local/lib/python3.11/site-packages/airflow/operators/python.py", line 252, in execute_callable
    return self.python_callable(*self.op_args, **self.op_kwargs)
           ^^^^^^^^^^^^^^^^^^^^^^^^^^^^^^^^^^^^^^^^^^^^^^^^^^^^^
  File "/opt/airflow/dags/etl.py", line 58, in extract
    script_run = subprocess.run([
                 ^^^^^^^^^^^^^^^^
  File "/usr/local/lib/python3.11/subprocess.py", line 571, in run
    raise CalledProcessError(retcode, process.args,
subprocess.CalledProcessError: Command '['spark-submit', '--packages', 'org.postgresql:postgresql:42.6.0', '/opt/airflow/dags/daily_etl.py', '2019-10-02']' returned non-zero exit status 1.
[2026-09-21T22:21:24.982+0000] {taskinstance.py:1206} INFO - Marking task as UP_FOR_RETRY. dag_id=ecommerce_data, task_id=extract, run_id=scheduled__2019-10-02T00:00:00+00:00, execution_date=20191002T000000, start_date=20260921T222117, end_date=20260921T222124
[2026-09-21T22:21:24.991+0000] {standard_task_runner.py:110} ERROR - Failed to execute job 220 for task extract (Command '['spark-submit', '--packages', 'org.postgresql:postgresql:42.6.0', '/opt/airflow/dags/daily_etl.py', '2019-10-02']' returned non-zero exit status 1.; 24000)
[2026-09-21T22:21:25.008+0000] {local_task_job_runner.py:240} INFO - Task exited with return code 1
[2026-09-21T22:21:25.023+0000] {taskinstance.py:3503} INFO - 0 downstream tasks scheduled from follow-on schedule check
[2026-09-21T22:21:25.024+0000] {local_task_job_runner.py:222} INFO - ::endgroup::
[2026-09-22T17:02:03.135+0000] {local_task_job_runner.py:120} INFO - ::group::Pre task execution logs
[2026-09-22T17:02:03.155+0000] {taskinstance.py:2076} INFO - Dependencies all met for dep_context=non-requeueable deps ti=<TaskInstance: ecommerce_data.extract scheduled__2019-10-02T00:00:00+00:00 [queued]>
[2026-09-22T17:02:03.160+0000] {taskinstance.py:2076} INFO - Dependencies all met for dep_context=requeueable deps ti=<TaskInstance: ecommerce_data.extract scheduled__2019-10-02T00:00:00+00:00 [queued]>
[2026-09-22T17:02:03.160+0000] {taskinstance.py:2306} INFO - Starting attempt 1 of 4
[2026-09-22T17:02:03.170+0000] {taskinstance.py:2330} INFO - Executing <Task(_PythonDecoratedOperator): extract> on 2019-10-02 00:00:00+00:00
[2026-09-22T17:02:03.175+0000] {standard_task_runner.py:63} INFO - Started process 130 to run task
[2026-09-22T17:02:03.178+0000] {standard_task_runner.py:90} INFO - Running: ['airflow', 'tasks', 'run', 'ecommerce_data', 'extract', 'scheduled__2019-10-02T00:00:00+00:00', '--job-id', '7', '--raw', '--subdir', 'DAGS_FOLDER/etl.py', '--cfg-path', '/tmp/tmpklciftla']
[2026-09-22T17:02:03.179+0000] {standard_task_runner.py:91} INFO - Job 7: Subtask extract
[2026-09-22T17:02:03.213+0000] {task_command.py:426} INFO - Running <TaskInstance: ecommerce_data.extract scheduled__2019-10-02T00:00:00+00:00 [running]> on host 398971961f28
[2026-09-22T17:02:03.263+0000] {taskinstance.py:2648} INFO - Exporting env vars: AIRFLOW_CTX_DAG_OWNER='airflow' AIRFLOW_CTX_DAG_ID='ecommerce_data' AIRFLOW_CTX_TASK_ID='extract' AIRFLOW_CTX_EXECUTION_DATE='2019-10-02T00:00:00+00:00' AIRFLOW_CTX_TRY_NUMBER='1' AIRFLOW_CTX_DAG_RUN_ID='scheduled__2019-10-02T00:00:00+00:00'
[2026-09-22T17:02:03.263+0000] {taskinstance.py:430} INFO - ::endgroup::
[2026-09-22T17:02:03.267+0000] {base.py:84} INFO - Using connection ID 'postgres_conn_id' for task execution.
[2026-09-22T17:02:13.555+0000] {taskinstance.py:441} INFO - ::group::Post task execution logs
[2026-09-22T17:02:13.555+0000] {taskinstance.py:2905} ERROR - Task failed with exception
Traceback (most recent call last):
  File "/home/airflow/.local/lib/python3.11/site-packages/airflow/models/taskinstance.py", line 465, in _execute_task
    result = _execute_callable(context=context, **execute_callable_kwargs)
             ^^^^^^^^^^^^^^^^^^^^^^^^^^^^^^^^^^^^^^^^^^^^^^^^^^^^^^^^^^^^^
  File "/home/airflow/.local/lib/python3.11/site-packages/airflow/models/taskinstance.py", line 432, in _execute_callable
    return execute_callable(context=context, **execute_callable_kwargs)
           ^^^^^^^^^^^^^^^^^^^^^^^^^^^^^^^^^^^^^^^^^^^^^^^^^^^^^^^^^^^^
  File "/home/airflow/.local/lib/python3.11/site-packages/airflow/models/baseoperator.py", line 401, in wrapper
    return func(self, *args, **kwargs)
           ^^^^^^^^^^^^^^^^^^^^^^^^^^^
  File "/home/airflow/.local/lib/python3.11/site-packages/airflow/decorators/base.py", line 265, in execute
    return_value = super().execute(context)
                   ^^^^^^^^^^^^^^^^^^^^^^^^
  File "/home/airflow/.local/lib/python3.11/site-packages/airflow/models/baseoperator.py", line 401, in wrapper
    return func(self, *args, **kwargs)
           ^^^^^^^^^^^^^^^^^^^^^^^^^^^
  File "/home/airflow/.local/lib/python3.11/site-packages/airflow/operators/python.py", line 235, in execute
    return_value = self.execute_callable()
                   ^^^^^^^^^^^^^^^^^^^^^^^
  File "/home/airflow/.local/lib/python3.11/site-packages/airflow/operators/python.py", line 252, in execute_callable
    return self.python_callable(*self.op_args, **self.op_kwargs)
           ^^^^^^^^^^^^^^^^^^^^^^^^^^^^^^^^^^^^^^^^^^^^^^^^^^^^^
  File "/opt/airflow/dags/etl.py", line 58, in extract
    script_run = subprocess.run([
                 ^^^^^^^^^^^^^^^^
  File "/usr/local/lib/python3.11/subprocess.py", line 571, in run
    raise CalledProcessError(retcode, process.args,
subprocess.CalledProcessError: Command '['spark-submit', '--packages', 'org.postgresql:postgresql:42.6.0', '/opt/airflow/dags/daily_etl.py', '2019-10-02']' returned non-zero exit status 1.
[2026-09-22T17:02:13.562+0000] {taskinstance.py:1206} INFO - Marking task as UP_FOR_RETRY. dag_id=ecommerce_data, task_id=extract, run_id=scheduled__2019-10-02T00:00:00+00:00, execution_date=20191002T000000, start_date=20260922T170203, end_date=20260922T170213
[2026-09-22T17:02:13.572+0000] {standard_task_runner.py:110} ERROR - Failed to execute job 7 for task extract (Command '['spark-submit', '--packages', 'org.postgresql:postgresql:42.6.0', '/opt/airflow/dags/daily_etl.py', '2019-10-02']' returned non-zero exit status 1.; 130)
[2026-09-22T17:02:13.589+0000] {local_task_job_runner.py:240} INFO - Task exited with return code 1
[2026-09-22T17:02:13.603+0000] {taskinstance.py:3503} INFO - 0 downstream tasks scheduled from follow-on schedule check
[2026-09-22T17:02:13.604+0000] {local_task_job_runner.py:222} INFO - ::endgroup::
[2026-09-22T17:29:55.037+0000] {local_task_job_runner.py:120} INFO - ::group::Pre task execution logs
[2026-09-22T17:29:55.056+0000] {taskinstance.py:2076} INFO - Dependencies all met for dep_context=non-requeueable deps ti=<TaskInstance: ecommerce_data.extract scheduled__2019-10-02T00:00:00+00:00 [queued]>
[2026-09-22T17:29:55.061+0000] {taskinstance.py:2076} INFO - Dependencies all met for dep_context=requeueable deps ti=<TaskInstance: ecommerce_data.extract scheduled__2019-10-02T00:00:00+00:00 [queued]>
[2026-09-22T17:29:55.061+0000] {taskinstance.py:2306} INFO - Starting attempt 1 of 4
[2026-09-22T17:29:55.069+0000] {taskinstance.py:2330} INFO - Executing <Task(_PythonDecoratedOperator): extract> on 2019-10-02 00:00:00+00:00
[2026-09-22T17:29:55.075+0000] {standard_task_runner.py:63} INFO - Started process 2183 to run task
[2026-09-22T17:29:55.077+0000] {standard_task_runner.py:90} INFO - Running: ['airflow', 'tasks', 'run', 'ecommerce_data', 'extract', 'scheduled__2019-10-02T00:00:00+00:00', '--job-id', '21', '--raw', '--subdir', 'DAGS_FOLDER/etl.py', '--cfg-path', '/tmp/tmph57y97wu']
[2026-09-22T17:29:55.078+0000] {standard_task_runner.py:91} INFO - Job 21: Subtask extract
[2026-09-22T17:29:55.112+0000] {task_command.py:426} INFO - Running <TaskInstance: ecommerce_data.extract scheduled__2019-10-02T00:00:00+00:00 [running]> on host 398971961f28
[2026-09-22T17:29:55.164+0000] {taskinstance.py:2648} INFO - Exporting env vars: AIRFLOW_CTX_DAG_OWNER='airflow' AIRFLOW_CTX_DAG_ID='ecommerce_data' AIRFLOW_CTX_TASK_ID='extract' AIRFLOW_CTX_EXECUTION_DATE='2019-10-02T00:00:00+00:00' AIRFLOW_CTX_TRY_NUMBER='1' AIRFLOW_CTX_DAG_RUN_ID='scheduled__2019-10-02T00:00:00+00:00'
[2026-09-22T17:29:55.165+0000] {taskinstance.py:430} INFO - ::endgroup::
[2026-09-22T17:29:55.168+0000] {base.py:84} INFO - Using connection ID 'postgres_conn_id' for task execution.
[2026-09-22T17:30:04.564+0000] {etl.py:66} ERROR - === STDOUT ===
:: loading settings :: url = jar:file:/home/airflow/.local/lib/python3.11/site-packages/pyspark/jars/ivy-2.5.1.jar!/org/apache/ivy/core/settings/ivysettings.xml
Traceback (most recent call last):
  File "/opt/airflow/dags/daily_etl.py", line 69, in <module>
    .save()
     ^^^^^^
  File "/home/airflow/.local/lib/python3.11/site-packages/pyspark/python/lib/pyspark.zip/pyspark/sql/readwriter.py", line 1461, in save
  File "/home/airflow/.local/lib/python3.11/site-packages/pyspark/python/lib/py4j-0.10.9.7-src.zip/py4j/java_gateway.py", line 1322, in __call__
  File "/home/airflow/.local/lib/python3.11/site-packages/pyspark/python/lib/pyspark.zip/pyspark/errors/exceptions/captured.py", line 185, in deco
pyspark.errors.exceptions.captured.AnalysisException: Column total_views not found in schema Some(StructType(StructField(user_id,StringType,true),StructField(total_events,LongType,false),StructField(total_spent,DoubleType,true),StructField(country,StringType,true),StructField(event_date,DateType,true))).

[2026-09-22T17:30:04.564+0000] {etl.py:67} ERROR - === STDERR ===
/home/airflow/.local/lib/python3.11/site-packages/pyspark/bin/load-spark-env.sh: line 68: ps: command not found
Ivy Default Cache set to: /home/airflow/.ivy2/cache
The jars for the packages stored in: /home/airflow/.ivy2/jars
org.postgresql#postgresql added as a dependency
:: resolving dependencies :: org.apache.spark#spark-submit-parent-2b18b06a-f14f-49eb-9edd-d3efd9ad1b56;1.0
	confs: [default]
	found org.postgresql#postgresql;42.6.0 in central
	found org.checkerframework#checker-qual;3.31.0 in central
:: resolution report :: resolve 137ms :: artifacts dl 5ms
	:: modules in use:
	org.checkerframework#checker-qual;3.31.0 from central in [default]
	org.postgresql#postgresql;42.6.0 from central in [default]
	---------------------------------------------------------------------
	|                  |            modules            ||   artifacts   |
	|       conf       | number| search|dwnlded|evicted|| number|dwnlded|
	---------------------------------------------------------------------
	|      default     |   2   |   0   |   0   |   0   ||   2   |   0   |
	---------------------------------------------------------------------
:: retrieving :: org.apache.spark#spark-submit-parent-2b18b06a-f14f-49eb-9edd-d3efd9ad1b56
	confs: [default]
	0 artifacts copied, 2 already retrieved (0kB/4ms)
26/09/22 17:29:56 WARN NativeCodeLoader: Unable to load native-hadoop library for your platform... using builtin-java classes where applicable
26/09/22 17:29:58 INFO SparkContext: Running Spark version 3.5.1
26/09/22 17:29:58 INFO SparkContext: OS info Linux, 7.0.0-31-generic, amd64
26/09/22 17:29:58 INFO SparkContext: Java version 17.0.20.1
26/09/22 17:29:58 INFO ResourceUtils: ==============================================================
26/09/22 17:29:58 INFO ResourceUtils: No custom resources configured for spark.driver.
26/09/22 17:29:58 INFO ResourceUtils: ==============================================================
26/09/22 17:29:58 INFO SparkContext: Submitted application: Daily_ecommerce
26/09/22 17:29:58 INFO ResourceProfile: Default ResourceProfile created, executor resources: Map(cores -> name: cores, amount: 1, script: , vendor: , memory -> name: memory, amount: 1024, script: , vendor: , offHeap -> name: offHeap, amount: 0, script: , vendor: ), task resources: Map(cpus -> name: cpus, amount: 1.0)
26/09/22 17:29:58 INFO ResourceProfile: Limiting resource is cpu
26/09/22 17:29:58 INFO ResourceProfileManager: Added ResourceProfile id: 0
26/09/22 17:29:58 INFO SecurityManager: Changing view acls to: airflow
26/09/22 17:29:58 INFO SecurityManager: Changing modify acls to: airflow
26/09/22 17:29:58 INFO SecurityManager: Changing view acls groups to: 
26/09/22 17:29:58 INFO SecurityManager: Changing modify acls groups to: 
26/09/22 17:29:58 INFO SecurityManager: SecurityManager: authentication disabled; ui acls disabled; users with view permissions: airflow; groups with view permissions: EMPTY; users with modify permissions: airflow; groups with modify permissions: EMPTY
26/09/22 17:29:58 INFO Utils: Successfully started service 'sparkDriver' on port 40717.
26/09/22 17:29:58 INFO SparkEnv: Registering MapOutputTracker
26/09/22 17:29:58 INFO SparkEnv: Registering BlockManagerMaster
26/09/22 17:29:58 INFO BlockManagerMasterEndpoint: Using org.apache.spark.storage.DefaultTopologyMapper for getting topology information
26/09/22 17:29:58 INFO BlockManagerMasterEndpoint: BlockManagerMasterEndpoint up
26/09/22 17:29:58 INFO SparkEnv: Registering BlockManagerMasterHeartbeat
26/09/22 17:29:58 INFO DiskBlockManager: Created local directory at /tmp/blockmgr-93fdecc9-2f27-4845-8f85-b27b42d9e5cc
26/09/22 17:29:58 INFO MemoryStore: MemoryStore started with capacity 434.4 MiB
26/09/22 17:29:58 INFO SparkEnv: Registering OutputCommitCoordinator
26/09/22 17:29:58 INFO JettyUtils: Start Jetty 0.0.0.0:4040 for SparkUI
26/09/22 17:29:58 INFO Utils: Successfully started service 'SparkUI' on port 4040.
26/09/22 17:29:58 INFO SparkContext: Added JAR file:///home/airflow/.ivy2/jars/org.postgresql_postgresql-42.6.0.jar at spark://398971961f28:40717/jars/org.postgresql_postgresql-42.6.0.jar with timestamp 1790098198048
26/09/22 17:29:58 INFO SparkContext: Added JAR file:///home/airflow/.ivy2/jars/org.checkerframework_checker-qual-3.31.0.jar at spark://398971961f28:40717/jars/org.checkerframework_checker-qual-3.31.0.jar with timestamp 1790098198048
26/09/22 17:29:58 INFO SparkContext: Added file file:///home/airflow/.ivy2/jars/org.postgresql_postgresql-42.6.0.jar at file:///home/airflow/.ivy2/jars/org.postgresql_postgresql-42.6.0.jar with timestamp 1790098198048
26/09/22 17:29:58 INFO Utils: Copying /home/airflow/.ivy2/jars/org.postgresql_postgresql-42.6.0.jar to /tmp/spark-fd54624b-efeb-45c7-a55e-86feabbe0ab0/userFiles-dafdf736-4d41-463b-a767-56a4647280d5/org.postgresql_postgresql-42.6.0.jar
26/09/22 17:29:58 INFO SparkContext: Added file file:///home/airflow/.ivy2/jars/org.checkerframework_checker-qual-3.31.0.jar at file:///home/airflow/.ivy2/jars/org.checkerframework_checker-qual-3.31.0.jar with timestamp 1790098198048
26/09/22 17:29:58 INFO Utils: Copying /home/airflow/.ivy2/jars/org.checkerframework_checker-qual-3.31.0.jar to /tmp/spark-fd54624b-efeb-45c7-a55e-86feabbe0ab0/userFiles-dafdf736-4d41-463b-a767-56a4647280d5/org.checkerframework_checker-qual-3.31.0.jar
26/09/22 17:29:58 INFO Executor: Starting executor ID driver on host 398971961f28
26/09/22 17:29:58 INFO Executor: OS info Linux, 7.0.0-31-generic, amd64
26/09/22 17:29:58 INFO Executor: Java version 17.0.20.1
26/09/22 17:29:58 INFO Executor: Starting executor with user classpath (userClassPathFirst = false): ''
26/09/22 17:29:58 INFO Executor: Created or updated repl class loader org.apache.spark.util.MutableURLClassLoader@68aee242 for default.
26/09/22 17:29:58 INFO Executor: Fetching file:///home/airflow/.ivy2/jars/org.checkerframework_checker-qual-3.31.0.jar with timestamp 1790098198048
26/09/22 17:29:58 INFO Utils: /home/airflow/.ivy2/jars/org.checkerframework_checker-qual-3.31.0.jar has been previously copied to /tmp/spark-fd54624b-efeb-45c7-a55e-86feabbe0ab0/userFiles-dafdf736-4d41-463b-a767-56a4647280d5/org.checkerframework_checker-qual-3.31.0.jar
26/09/22 17:29:58 INFO Executor: Fetching file:///home/airflow/.ivy2/jars/org.postgresql_postgresql-42.6.0.jar with timestamp 1790098198048
26/09/22 17:29:58 INFO Utils: /home/airflow/.ivy2/jars/org.postgresql_postgresql-42.6.0.jar has been previously copied to /tmp/spark-fd54624b-efeb-45c7-a55e-86feabbe0ab0/userFiles-dafdf736-4d41-463b-a767-56a4647280d5/org.postgresql_postgresql-42.6.0.jar
26/09/22 17:29:58 INFO Executor: Fetching spark://398971961f28:40717/jars/org.postgresql_postgresql-42.6.0.jar with timestamp 1790098198048
26/09/22 17:29:58 INFO TransportClientFactory: Successfully created connection to 398971961f28/172.21.0.3:40717 after 28 ms (0 ms spent in bootstraps)
26/09/22 17:29:58 INFO Utils: Fetching spark://398971961f28:40717/jars/org.postgresql_postgresql-42.6.0.jar to /tmp/spark-fd54624b-efeb-45c7-a55e-86feabbe0ab0/userFiles-dafdf736-4d41-463b-a767-56a4647280d5/fetchFileTemp8450894437026444526.tmp
26/09/22 17:29:58 INFO Utils: /tmp/spark-fd54624b-efeb-45c7-a55e-86feabbe0ab0/userFiles-dafdf736-4d41-463b-a767-56a4647280d5/fetchFileTemp8450894437026444526.tmp has been previously copied to /tmp/spark-fd54624b-efeb-45c7-a55e-86feabbe0ab0/userFiles-dafdf736-4d41-463b-a767-56a4647280d5/org.postgresql_postgresql-42.6.0.jar
26/09/22 17:29:58 INFO Executor: Adding file:/tmp/spark-fd54624b-efeb-45c7-a55e-86feabbe0ab0/userFiles-dafdf736-4d41-463b-a767-56a4647280d5/org.postgresql_postgresql-42.6.0.jar to class loader default
26/09/22 17:29:58 INFO Executor: Fetching spark://398971961f28:40717/jars/org.checkerframework_checker-qual-3.31.0.jar with timestamp 1790098198048
26/09/22 17:29:58 INFO Utils: Fetching spark://398971961f28:40717/jars/org.checkerframework_checker-qual-3.31.0.jar to /tmp/spark-fd54624b-efeb-45c7-a55e-86feabbe0ab0/userFiles-dafdf736-4d41-463b-a767-56a4647280d5/fetchFileTemp6703131996128969407.tmp
26/09/22 17:29:58 INFO Utils: /tmp/spark-fd54624b-efeb-45c7-a55e-86feabbe0ab0/userFiles-dafdf736-4d41-463b-a767-56a4647280d5/fetchFileTemp6703131996128969407.tmp has been previously copied to /tmp/spark-fd54624b-efeb-45c7-a55e-86feabbe0ab0/userFiles-dafdf736-4d41-463b-a767-56a4647280d5/org.checkerframework_checker-qual-3.31.0.jar
26/09/22 17:29:58 INFO Executor: Adding file:/tmp/spark-fd54624b-efeb-45c7-a55e-86feabbe0ab0/userFiles-dafdf736-4d41-463b-a767-56a4647280d5/org.checkerframework_checker-qual-3.31.0.jar to class loader default
26/09/22 17:29:58 INFO Utils: Successfully started service 'org.apache.spark.network.netty.NettyBlockTransferService' on port 44531.
26/09/22 17:29:58 INFO NettyBlockTransferService: Server created on 398971961f28:44531
26/09/22 17:29:58 INFO BlockManager: Using org.apache.spark.storage.RandomBlockReplicationPolicy for block replication policy
26/09/22 17:29:58 INFO BlockManagerMaster: Registering BlockManager BlockManagerId(driver, 398971961f28, 44531, None)
26/09/22 17:29:58 INFO BlockManagerMasterEndpoint: Registering block manager 398971961f28:44531 with 434.4 MiB RAM, BlockManagerId(driver, 398971961f28, 44531, None)
26/09/22 17:29:58 INFO BlockManagerMaster: Registered BlockManager BlockManagerId(driver, 398971961f28, 44531, None)
26/09/22 17:29:58 INFO BlockManager: Initialized BlockManager: BlockManagerId(driver, 398971961f28, 44531, None)
26/09/22 17:29:59 INFO SharedState: Setting hive.metastore.warehouse.dir ('null') to the value of spark.sql.warehouse.dir.
26/09/22 17:29:59 INFO SharedState: Warehouse path is 'file:/opt/airflow/spark-warehouse'.
26/09/22 17:30:00 INFO InMemoryFileIndex: It took 32 ms to list leaf files for 1 paths.
26/09/22 17:30:00 INFO SparkContext: Starting job: parquet at NativeMethodAccessorImpl.java:0
26/09/22 17:30:00 INFO DAGScheduler: Got job 0 (parquet at NativeMethodAccessorImpl.java:0) with 1 output partitions
26/09/22 17:30:00 INFO DAGScheduler: Final stage: ResultStage 0 (parquet at NativeMethodAccessorImpl.java:0)
26/09/22 17:30:00 INFO DAGScheduler: Parents of final stage: List()
26/09/22 17:30:00 INFO DAGScheduler: Missing parents: List()
26/09/22 17:30:00 INFO DAGScheduler: Submitting ResultStage 0 (MapPartitionsRDD[1] at parquet at NativeMethodAccessorImpl.java:0), which has no missing parents
26/09/22 17:30:00 INFO MemoryStore: Block broadcast_0 stored as values in memory (estimated size 104.5 KiB, free 434.3 MiB)
26/09/22 17:30:00 INFO MemoryStore: Block broadcast_0_piece0 stored as bytes in memory (estimated size 37.6 KiB, free 434.3 MiB)
26/09/22 17:30:00 INFO BlockManagerInfo: Added broadcast_0_piece0 in memory on 398971961f28:44531 (size: 37.6 KiB, free: 434.4 MiB)
26/09/22 17:30:00 INFO SparkContext: Created broadcast 0 from broadcast at DAGScheduler.scala:1585
26/09/22 17:30:00 INFO DAGScheduler: Submitting 1 missing tasks from ResultStage 0 (MapPartitionsRDD[1] at parquet at NativeMethodAccessorImpl.java:0) (first 15 tasks are for partitions Vector(0))
26/09/22 17:30:00 INFO TaskSchedulerImpl: Adding task set 0.0 with 1 tasks resource profile 0
26/09/22 17:30:00 INFO TaskSetManager: Starting task 0.0 in stage 0.0 (TID 0) (398971961f28, executor driver, partition 0, PROCESS_LOCAL, 8303 bytes) 
26/09/22 17:30:00 INFO Executor: Running task 0.0 in stage 0.0 (TID 0)
26/09/22 17:30:00 INFO Executor: Finished task 0.0 in stage 0.0 (TID 0). 2034 bytes result sent to driver
26/09/22 17:30:00 INFO TaskSetManager: Finished task 0.0 in stage 0.0 (TID 0) in 328 ms on 398971961f28 (executor driver) (1/1)
26/09/22 17:30:00 INFO TaskSchedulerImpl: Removed TaskSet 0.0, whose tasks have all completed, from pool 
26/09/22 17:30:00 INFO DAGScheduler: ResultStage 0 (parquet at NativeMethodAccessorImpl.java:0) finished in 0.463 s
26/09/22 17:30:00 INFO DAGScheduler: Job 0 is finished. Cancelling potential speculative or zombie tasks for this job
26/09/22 17:30:00 INFO TaskSchedulerImpl: Killing all running tasks in stage 0: Stage finished
26/09/22 17:30:00 INFO DAGScheduler: Job 0 finished: parquet at NativeMethodAccessorImpl.java:0, took 0.500764 s
26/09/22 17:30:01 INFO BlockManagerInfo: Removed broadcast_0_piece0 on 398971961f28:44531 in memory (size: 37.6 KiB, free: 434.4 MiB)
26/09/22 17:30:02 INFO FileSourceStrategy: Pushed Filters: 
26/09/22 17:30:02 INFO FileSourceStrategy: Post-Scan Filters: (((isnull(user_id#7) OR (cast(price#6 as float) <= 0.0)) OR isnull(event_type#1)) OR (event_type#1 = ))
26/09/22 17:30:02 INFO ParquetUtils: Using default output committer for Parquet: org.apache.parquet.hadoop.ParquetOutputCommitter
26/09/22 17:30:02 INFO FileOutputCommitter: File Output Committer Algorithm version is 1
26/09/22 17:30:02 INFO FileOutputCommitter: FileOutputCommitter skip cleanup _temporary folders under output directory:false, ignore cleanup failures: false
26/09/22 17:30:02 INFO SQLHadoopMapReduceCommitProtocol: Using user defined output committer class org.apache.parquet.hadoop.ParquetOutputCommitter
26/09/22 17:30:02 INFO FileOutputCommitter: File Output Committer Algorithm version is 1
26/09/22 17:30:02 INFO FileOutputCommitter: FileOutputCommitter skip cleanup _temporary folders under output directory:false, ignore cleanup failures: false
26/09/22 17:30:02 INFO SQLHadoopMapReduceCommitProtocol: Using output committer class org.apache.parquet.hadoop.ParquetOutputCommitter
26/09/22 17:30:02 INFO CodeGenerator: Code generated in 208.67018 ms
26/09/22 17:30:02 INFO MemoryStore: Block broadcast_1 stored as values in memory (estimated size 203.8 KiB, free 434.2 MiB)
26/09/22 17:30:02 INFO MemoryStore: Block broadcast_1_piece0 stored as bytes in memory (estimated size 35.7 KiB, free 434.2 MiB)
26/09/22 17:30:02 INFO BlockManagerInfo: Added broadcast_1_piece0 in memory on 398971961f28:44531 (size: 35.7 KiB, free: 434.4 MiB)
26/09/22 17:30:02 INFO SparkContext: Created broadcast 1 from parquet at NativeMethodAccessorImpl.java:0
26/09/22 17:30:02 INFO FileSourceScanExec: Planning scan with bin packing, max size: 6058108 bytes, open cost is considered as scanning 4194304 bytes.
26/09/22 17:30:02 INFO SparkContext: Starting job: parquet at NativeMethodAccessorImpl.java:0
26/09/22 17:30:02 INFO DAGScheduler: Got job 1 (parquet at NativeMethodAccessorImpl.java:0) with 8 output partitions
26/09/22 17:30:02 INFO DAGScheduler: Final stage: ResultStage 1 (parquet at NativeMethodAccessorImpl.java:0)
26/09/22 17:30:02 INFO DAGScheduler: Parents of final stage: List()
26/09/22 17:30:02 INFO DAGScheduler: Missing parents: List()
26/09/22 17:30:02 INFO DAGScheduler: Submitting ResultStage 1 (MapPartitionsRDD[5] at parquet at NativeMethodAccessorImpl.java:0), which has no missing parents
26/09/22 17:30:02 INFO MemoryStore: Block broadcast_2 stored as values in memory (estimated size 225.4 KiB, free 433.9 MiB)
26/09/22 17:30:02 INFO MemoryStore: Block broadcast_2_piece0 stored as bytes in memory (estimated size 79.4 KiB, free 433.9 MiB)
26/09/22 17:30:02 INFO BlockManagerInfo: Added broadcast_2_piece0 in memory on 398971961f28:44531 (size: 79.4 KiB, free: 434.3 MiB)
26/09/22 17:30:02 INFO SparkContext: Created broadcast 2 from broadcast at DAGScheduler.scala:1585
26/09/22 17:30:02 INFO DAGScheduler: Submitting 8 missing tasks from ResultStage 1 (MapPartitionsRDD[5] at parquet at NativeMethodAccessorImpl.java:0) (first 15 tasks are for partitions Vector(0, 1, 2, 3, 4, 5, 6, 7))
26/09/22 17:30:02 INFO TaskSchedulerImpl: Adding task set 1.0 with 8 tasks resource profile 0
26/09/22 17:30:02 INFO TaskSetManager: Starting task 0.0 in stage 1.0 (TID 1) (398971961f28, executor driver, partition 0, PROCESS_LOCAL, 8810 bytes) 
26/09/22 17:30:02 INFO TaskSetManager: Starting task 1.0 in stage 1.0 (TID 2) (398971961f28, executor driver, partition 1, PROCESS_LOCAL, 8810 bytes) 
26/09/22 17:30:02 INFO TaskSetManager: Starting task 2.0 in stage 1.0 (TID 3) (398971961f28, executor driver, partition 2, PROCESS_LOCAL, 8810 bytes) 
26/09/22 17:30:02 INFO TaskSetManager: Starting task 3.0 in stage 1.0 (TID 4) (398971961f28, executor driver, partition 3, PROCESS_LOCAL, 8810 bytes) 
26/09/22 17:30:02 INFO TaskSetManager: Starting task 4.0 in stage 1.0 (TID 5) (398971961f28, executor driver, partition 4, PROCESS_LOCAL, 8810 bytes) 
26/09/22 17:30:02 INFO TaskSetManager: Starting task 5.0 in stage 1.0 (TID 6) (398971961f28, executor driver, partition 5, PROCESS_LOCAL, 8810 bytes) 
26/09/22 17:30:02 INFO TaskSetManager: Starting task 6.0 in stage 1.0 (TID 7) (398971961f28, executor driver, partition 6, PROCESS_LOCAL, 8810 bytes) 
26/09/22 17:30:02 INFO TaskSetManager: Starting task 7.0 in stage 1.0 (TID 8) (398971961f28, executor driver, partition 7, PROCESS_LOCAL, 8810 bytes) 
26/09/22 17:30:02 INFO Executor: Running task 0.0 in stage 1.0 (TID 1)
26/09/22 17:30:02 INFO Executor: Running task 1.0 in stage 1.0 (TID 2)
26/09/22 17:30:02 INFO Executor: Running task 3.0 in stage 1.0 (TID 4)
26/09/22 17:30:02 INFO Executor: Running task 5.0 in stage 1.0 (TID 6)
26/09/22 17:30:02 INFO Executor: Running task 7.0 in stage 1.0 (TID 8)
26/09/22 17:30:02 INFO Executor: Running task 2.0 in stage 1.0 (TID 3)
26/09/22 17:30:02 INFO Executor: Running task 6.0 in stage 1.0 (TID 7)
26/09/22 17:30:02 INFO Executor: Running task 4.0 in stage 1.0 (TID 5)
26/09/22 17:30:02 INFO CodeGenerator: Code generated in 79.334237 ms
26/09/22 17:30:02 INFO FileOutputCommitter: File Output Committer Algorithm version is 1
26/09/22 17:30:02 INFO FileOutputCommitter: File Output Committer Algorithm version is 1
26/09/22 17:30:02 INFO FileOutputCommitter: FileOutputCommitter skip cleanup _temporary folders under output directory:false, ignore cleanup failures: false
26/09/22 17:30:02 INFO FileOutputCommitter: FileOutputCommitter skip cleanup _temporary folders under output directory:false, ignore cleanup failures: false
26/09/22 17:30:02 INFO FileOutputCommitter: File Output Committer Algorithm version is 1
26/09/22 17:30:02 INFO FileOutputCommitter: FileOutputCommitter skip cleanup _temporary folders under output directory:false, ignore cleanup failures: false
26/09/22 17:30:02 INFO SQLHadoopMapReduceCommitProtocol: Using user defined output committer class org.apache.parquet.hadoop.ParquetOutputCommitter
26/09/22 17:30:02 INFO SQLHadoopMapReduceCommitProtocol: Using user defined output committer class org.apache.parquet.hadoop.ParquetOutputCommitter
26/09/22 17:30:02 INFO FileOutputCommitter: File Output Committer Algorithm version is 1
26/09/22 17:30:02 INFO FileOutputCommitter: File Output Committer Algorithm version is 1
26/09/22 17:30:02 INFO FileOutputCommitter: File Output Committer Algorithm version is 1
26/09/22 17:30:02 INFO FileOutputCommitter: FileOutputCommitter skip cleanup _temporary folders under output directory:false, ignore cleanup failures: false
26/09/22 17:30:02 INFO FileOutputCommitter: FileOutputCommitter skip cleanup _temporary folders under output directory:false, ignore cleanup failures: false
26/09/22 17:30:02 INFO FileOutputCommitter: FileOutputCommitter skip cleanup _temporary folders under output directory:false, ignore cleanup failures: false
26/09/22 17:30:02 INFO FileOutputCommitter: File Output Committer Algorithm version is 1
26/09/22 17:30:02 INFO FileOutputCommitter: FileOutputCommitter skip cleanup _temporary folders under output directory:false, ignore cleanup failures: false
26/09/22 17:30:03 INFO SQLHadoopMapReduceCommitProtocol: Using user defined output committer class org.apache.parquet.hadoop.ParquetOutputCommitter
26/09/22 17:30:03 INFO SQLHadoopMapReduceCommitProtocol: Using output committer class org.apache.parquet.hadoop.ParquetOutputCommitter
26/09/22 17:30:03 INFO FileOutputCommitter: File Output Committer Algorithm version is 1
26/09/22 17:30:03 INFO SQLHadoopMapReduceCommitProtocol: Using output committer class org.apache.parquet.hadoop.ParquetOutputCommitter
26/09/22 17:30:03 INFO FileOutputCommitter: FileOutputCommitter skip cleanup _temporary folders under output directory:false, ignore cleanup failures: false
26/09/22 17:30:03 INFO SQLHadoopMapReduceCommitProtocol: Using user defined output committer class org.apache.parquet.hadoop.ParquetOutputCommitter
26/09/22 17:30:03 INFO FileOutputCommitter: File Output Committer Algorithm version is 1
26/09/22 17:30:03 INFO FileOutputCommitter: FileOutputCommitter skip cleanup _temporary folders under output directory:false, ignore cleanup failures: false
26/09/22 17:30:03 INFO SQLHadoopMapReduceCommitProtocol: Using output committer class org.apache.parquet.hadoop.ParquetOutputCommitter
26/09/22 17:30:03 INFO SQLHadoopMapReduceCommitProtocol: Using output committer class org.apache.parquet.hadoop.ParquetOutputCommitter
26/09/22 17:30:03 INFO SQLHadoopMapReduceCommitProtocol: Using user defined output committer class org.apache.parquet.hadoop.ParquetOutputCommitter
26/09/22 17:30:03 INFO FileOutputCommitter: File Output Committer Algorithm version is 1
26/09/22 17:30:03 INFO FileOutputCommitter: FileOutputCommitter skip cleanup _temporary folders under output directory:false, ignore cleanup failures: false
26/09/22 17:30:03 INFO FileScanRDD: Reading File path: file:///opt/airflow/data/lake/raw/events/2019-Oct/event_date=2019-10-02/part-00002-e6dbecb7-a75e-4a1e-be16-8089c329fa2c.c000.snappy.parquet, range: 0-6058108, partition values: [empty row]
26/09/22 17:30:03 INFO SQLHadoopMapReduceCommitProtocol: Using output committer class org.apache.parquet.hadoop.ParquetOutputCommitter
26/09/22 17:30:03 INFO FileScanRDD: Reading File path: file:///opt/airflow/data/lake/raw/events/2019-Oct/event_date=2019-10-02/part-00002-e6dbecb7-a75e-4a1e-be16-8089c329fa2c.c000.snappy.parquet, range: 12116216-13267847, partition values: [empty row]
26/09/22 17:30:03 INFO FileOutputCommitter: File Output Committer Algorithm version is 1
26/09/22 17:30:03 INFO FileOutputCommitter: FileOutputCommitter skip cleanup _temporary folders under output directory:false, ignore cleanup failures: false
26/09/22 17:30:03 INFO CodecConfig: Compression: SNAPPY
26/09/22 17:30:03 INFO SQLHadoopMapReduceCommitProtocol: Using user defined output committer class org.apache.parquet.hadoop.ParquetOutputCommitter
26/09/22 17:30:03 INFO FileOutputCommitter: File Output Committer Algorithm version is 1
26/09/22 17:30:03 INFO FileOutputCommitter: File Output Committer Algorithm version is 1
26/09/22 17:30:03 INFO FileOutputCommitter: FileOutputCommitter skip cleanup _temporary folders under output directory:false, ignore cleanup failures: false
26/09/22 17:30:03 INFO FileOutputCommitter: FileOutputCommitter skip cleanup _temporary folders under output directory:false, ignore cleanup failures: false
26/09/22 17:30:03 INFO FileScanRDD: Reading File path: file:///opt/airflow/data/lake/raw/events/2019-Oct/event_date=2019-10-02/part-00001-e6dbecb7-a75e-4a1e-be16-8089c329fa2c.c000.snappy.parquet, range: 6058108-12116216, partition values: [empty row]
26/09/22 17:30:03 INFO SQLHadoopMapReduceCommitProtocol: Using output committer class org.apache.parquet.hadoop.ParquetOutputCommitter
26/09/22 17:30:03 INFO SQLHadoopMapReduceCommitProtocol: Using user defined output committer class org.apache.parquet.hadoop.ParquetOutputCommitter
26/09/22 17:30:03 INFO FileOutputCommitter: File Output Committer Algorithm version is 1
26/09/22 17:30:03 INFO FileOutputCommitter: FileOutputCommitter skip cleanup _temporary folders under output directory:false, ignore cleanup failures: false
26/09/22 17:30:03 INFO SQLHadoopMapReduceCommitProtocol: Using output committer class org.apache.parquet.hadoop.ParquetOutputCommitter
26/09/22 17:30:03 INFO FileScanRDD: Reading File path: file:///opt/airflow/data/lake/raw/events/2019-Oct/event_date=2019-10-02/part-00001-e6dbecb7-a75e-4a1e-be16-8089c329fa2c.c000.snappy.parquet, range: 12116216-18174324, partition values: [empty row]
26/09/22 17:30:03 INFO FileScanRDD: Reading File path: file:///opt/airflow/data/lake/raw/events/2019-Oct/event_date=2019-10-02/part-00001-e6dbecb7-a75e-4a1e-be16-8089c329fa2c.c000.snappy.parquet, range: 24232432-26808416, partition values: [empty row]
26/09/22 17:30:03 INFO CodecConfig: Compression: SNAPPY
26/09/22 17:30:03 INFO FileScanRDD: Reading File path: file:///opt/airflow/data/lake/raw/events/2019-Oct/event_date=2019-10-02/part-00002-e6dbecb7-a75e-4a1e-be16-8089c329fa2c.c000.snappy.parquet, range: 6058108-12116216, partition values: [empty row]
26/09/22 17:30:03 INFO FileOutputCommitter: File Output Committer Algorithm version is 1
26/09/22 17:30:03 INFO FileOutputCommitter: FileOutputCommitter skip cleanup _temporary folders under output directory:false, ignore cleanup failures: false
26/09/22 17:30:03 INFO SQLHadoopMapReduceCommitProtocol: Using user defined output committer class org.apache.parquet.hadoop.ParquetOutputCommitter
26/09/22 17:30:03 INFO FileOutputCommitter: File Output Committer Algorithm version is 1
26/09/22 17:30:03 INFO FileOutputCommitter: FileOutputCommitter skip cleanup _temporary folders under output directory:false, ignore cleanup failures: false
26/09/22 17:30:03 INFO SQLHadoopMapReduceCommitProtocol: Using output committer class org.apache.parquet.hadoop.ParquetOutputCommitter
26/09/22 17:30:03 INFO FileScanRDD: Reading File path: file:///opt/airflow/data/lake/raw/events/2019-Oct/event_date=2019-10-02/part-00001-e6dbecb7-a75e-4a1e-be16-8089c329fa2c.c000.snappy.parquet, range: 18174324-24232432, partition values: [empty row]
26/09/22 17:30:03 INFO ParquetOutputFormat: ParquetRecordWriter [block size: 134217728b, row group padding size: 8388608b, validating: false]
26/09/22 17:30:03 INFO ParquetWriteSupport: Initialized Parquet WriteSupport with Catalyst schema:
{
  "type" : "struct",
  "fields" : [ {
    "name" : "event_time",
    "type" : "string",
    "nullable" : true,
    "metadata" : { }
  }, {
    "name" : "event_type",
    "type" : "string",
    "nullable" : true,
    "metadata" : { }
  }, {
    "name" : "product_id",
    "type" : "string",
    "nullable" : true,
    "metadata" : { }
  }, {
    "name" : "category_id",
    "type" : "string",
    "nullable" : true,
    "metadata" : { }
  }, {
    "name" : "category_code",
    "type" : "string",
    "nullable" : true,
    "metadata" : { }
  }, {
    "name" : "brand",
    "type" : "string",
    "nullable" : true,
    "metadata" : { }
  }, {
    "name" : "price",
    "type" : "string",
    "nullable" : true,
    "metadata" : { }
  }, {
    "name" : "user_id",
    "type" : "string",
    "nullable" : true,
    "metadata" : { }
  }, {
    "name" : "user_session",
    "type" : "string",
    "nullable" : true,
    "metadata" : { }
  } ]
}
and corresponding Parquet message type:
message spark_schema {
  optional binary event_time (STRING);
  optional binary event_type (STRING);
  optional binary product_id (STRING);
  optional binary category_id (STRING);
  optional binary category_code (STRING);
  optional binary brand (STRING);
  optional binary price (STRING);
  optional binary user_id (STRING);
  optional binary user_session (STRING);
}

       
26/09/22 17:30:03 INFO CodecPool: Got brand-new compressor [.snappy]
26/09/22 17:30:03 INFO SparkHadoopMapRedUtil: No need to commit output of task because needsTaskCommit=false: attempt_202609221730022507729802115492959_0001_m_000001_2
26/09/22 17:30:03 INFO SparkHadoopMapRedUtil: No need to commit output of task because needsTaskCommit=false: attempt_202609221730022507729802115492959_0001_m_000003_4
26/09/22 17:30:03 INFO SparkHadoopMapRedUtil: No need to commit output of task because needsTaskCommit=false: attempt_202609221730022507729802115492959_0001_m_000006_7
26/09/22 17:30:03 INFO SparkHadoopMapRedUtil: No need to commit output of task because needsTaskCommit=false: attempt_202609221730022507729802115492959_0001_m_000007_8
26/09/22 17:30:03 INFO SparkHadoopMapRedUtil: No need to commit output of task because needsTaskCommit=false: attempt_202609221730022507729802115492959_0001_m_000004_5
26/09/22 17:30:03 INFO Executor: Finished task 7.0 in stage 1.0 (TID 8). 2748 bytes result sent to driver
26/09/22 17:30:03 INFO Executor: Finished task 1.0 in stage 1.0 (TID 2). 2748 bytes result sent to driver
26/09/22 17:30:03 INFO Executor: Finished task 3.0 in stage 1.0 (TID 4). 2748 bytes result sent to driver
26/09/22 17:30:03 INFO Executor: Finished task 4.0 in stage 1.0 (TID 5). 2748 bytes result sent to driver
26/09/22 17:30:03 INFO Executor: Finished task 6.0 in stage 1.0 (TID 7). 2748 bytes result sent to driver
26/09/22 17:30:03 INFO TaskSetManager: Finished task 1.0 in stage 1.0 (TID 2) in 469 ms on 398971961f28 (executor driver) (1/8)
26/09/22 17:30:03 INFO TaskSetManager: Finished task 7.0 in stage 1.0 (TID 8) in 465 ms on 398971961f28 (executor driver) (2/8)
26/09/22 17:30:03 INFO TaskSetManager: Finished task 4.0 in stage 1.0 (TID 5) in 471 ms on 398971961f28 (executor driver) (3/8)
26/09/22 17:30:03 INFO TaskSetManager: Finished task 3.0 in stage 1.0 (TID 4) in 473 ms on 398971961f28 (executor driver) (4/8)
26/09/22 17:30:03 INFO TaskSetManager: Finished task 6.0 in stage 1.0 (TID 7) in 472 ms on 398971961f28 (executor driver) (5/8)
26/09/22 17:30:03 INFO CodecPool: Got brand-new decompressor [.snappy]
26/09/22 17:30:03 INFO CodecPool: Got brand-new decompressor [.snappy]
26/09/22 17:30:03 INFO CodecConfig: Compression: SNAPPY
26/09/22 17:30:03 INFO FileScanRDD: Reading File path: file:///opt/airflow/data/lake/raw/events/2019-Oct/event_date=2019-10-02/part-00001-e6dbecb7-a75e-4a1e-be16-8089c329fa2c.c000.snappy.parquet, range: 0-6058108, partition values: [empty row]
26/09/22 17:30:03 INFO CodecConfig: Compression: SNAPPY
26/09/22 17:30:03 INFO ParquetOutputFormat: ParquetRecordWriter [block size: 134217728b, row group padding size: 8388608b, validating: false]
26/09/22 17:30:03 INFO ParquetWriteSupport: Initialized Parquet WriteSupport with Catalyst schema:
{
  "type" : "struct",
  "fields" : [ {
    "name" : "event_time",
    "type" : "string",
    "nullable" : true,
    "metadata" : { }
  }, {
    "name" : "event_type",
    "type" : "string",
    "nullable" : true,
    "metadata" : { }
  }, {
    "name" : "product_id",
    "type" : "string",
    "nullable" : true,
    "metadata" : { }
  }, {
    "name" : "category_id",
    "type" : "string",
    "nullable" : true,
    "metadata" : { }
  }, {
    "name" : "category_code",
    "type" : "string",
    "nullable" : true,
    "metadata" : { }
  }, {
    "name" : "brand",
    "type" : "string",
    "nullable" : true,
    "metadata" : { }
  }, {
    "name" : "price",
    "type" : "string",
    "nullable" : true,
    "metadata" : { }
  }, {
    "name" : "user_id",
    "type" : "string",
    "nullable" : true,
    "metadata" : { }
  }, {
    "name" : "user_session",
    "type" : "string",
    "nullable" : true,
    "metadata" : { }
  } ]
}
and corresponding Parquet message type:
message spark_schema {
  optional binary event_time (STRING);
  optional binary event_type (STRING);
  optional binary product_id (STRING);
  optional binary category_id (STRING);
  optional binary category_code (STRING);
  optional binary brand (STRING);
  optional binary price (STRING);
  optional binary user_id (STRING);
  optional binary user_session (STRING);
}

       
26/09/22 17:30:03 INFO CodecConfig: Compression: SNAPPY
26/09/22 17:30:03 INFO CodecConfig: Compression: SNAPPY
26/09/22 17:30:03 INFO ParquetOutputFormat: ParquetRecordWriter [block size: 134217728b, row group padding size: 8388608b, validating: false]
26/09/22 17:30:03 INFO ParquetWriteSupport: Initialized Parquet WriteSupport with Catalyst schema:
{
  "type" : "struct",
  "fields" : [ {
    "name" : "event_time",
    "type" : "string",
    "nullable" : true,
    "metadata" : { }
  }, {
    "name" : "event_type",
    "type" : "string",
    "nullable" : true,
    "metadata" : { }
  }, {
    "name" : "product_id",
    "type" : "string",
    "nullable" : true,
    "metadata" : { }
  }, {
    "name" : "category_id",
    "type" : "string",
    "nullable" : true,
    "metadata" : { }
  }, {
    "name" : "category_code",
    "type" : "string",
    "nullable" : true,
    "metadata" : { }
  }, {
    "name" : "brand",
    "type" : "string",
    "nullable" : true,
    "metadata" : { }
  }, {
    "name" : "price",
    "type" : "string",
    "nullable" : true,
    "metadata" : { }
  }, {
    "name" : "user_id",
    "type" : "string",
    "nullable" : true,
    "metadata" : { }
  }, {
    "name" : "user_session",
    "type" : "string",
    "nullable" : true,
    "metadata" : { }
  } ]
}
and corresponding Parquet message type:
message spark_schema {
  optional binary event_time (STRING);
  optional binary event_type (STRING);
  optional binary product_id (STRING);
  optional binary category_id (STRING);
  optional binary category_code (STRING);
  optional binary brand (STRING);
  optional binary price (STRING);
  optional binary user_id (STRING);
  optional binary user_session (STRING);
}

       
26/09/22 17:30:03 INFO FileOutputCommitter: Saved output of task 'attempt_202609221730022507729802115492959_0001_m_000000_1' to file:/opt/airflow/data/lake/rejected/events/2019-10-02/_temporary/0/task_202609221730022507729802115492959_0001_m_000000
26/09/22 17:30:03 INFO SparkHadoopMapRedUtil: attempt_202609221730022507729802115492959_0001_m_000000_1: Committed. Elapsed time: 2 ms.
26/09/22 17:30:03 INFO Executor: Finished task 0.0 in stage 1.0 (TID 1). 2748 bytes result sent to driver
26/09/22 17:30:03 INFO TaskSetManager: Finished task 0.0 in stage 1.0 (TID 1) in 712 ms on 398971961f28 (executor driver) (6/8)
26/09/22 17:30:03 INFO CodecPool: Got brand-new compressor [.snappy]
26/09/22 17:30:03 INFO FileOutputCommitter: Saved output of task 'attempt_202609221730022507729802115492959_0001_m_000005_6' to file:/opt/airflow/data/lake/rejected/events/2019-10-02/_temporary/0/task_202609221730022507729802115492959_0001_m_000005
26/09/22 17:30:03 INFO SparkHadoopMapRedUtil: attempt_202609221730022507729802115492959_0001_m_000005_6: Committed. Elapsed time: 0 ms.
26/09/22 17:30:03 INFO Executor: Finished task 5.0 in stage 1.0 (TID 6). 2834 bytes result sent to driver
26/09/22 17:30:03 INFO TaskSetManager: Finished task 5.0 in stage 1.0 (TID 6) in 1228 ms on 398971961f28 (executor driver) (7/8)
26/09/22 17:30:04 INFO FileOutputCommitter: Saved output of task 'attempt_202609221730022507729802115492959_0001_m_000002_3' to file:/opt/airflow/data/lake/rejected/events/2019-10-02/_temporary/0/task_202609221730022507729802115492959_0001_m_000002
26/09/22 17:30:04 INFO SparkHadoopMapRedUtil: attempt_202609221730022507729802115492959_0001_m_000002_3: Committed. Elapsed time: 0 ms.
26/09/22 17:30:04 INFO Executor: Finished task 2.0 in stage 1.0 (TID 3). 2834 bytes result sent to driver
26/09/22 17:30:04 INFO TaskSetManager: Finished task 2.0 in stage 1.0 (TID 3) in 1398 ms on 398971961f28 (executor driver) (8/8)
26/09/22 17:30:04 INFO TaskSchedulerImpl: Removed TaskSet 1.0, whose tasks have all completed, from pool 
26/09/22 17:30:04 INFO DAGScheduler: ResultStage 1 (parquet at NativeMethodAccessorImpl.java:0) finished in 1.486 s
26/09/22 17:30:04 INFO DAGScheduler: Job 1 is finished. Cancelling potential speculative or zombie tasks for this job
26/09/22 17:30:04 INFO TaskSchedulerImpl: Killing all running tasks in stage 1: Stage finished
26/09/22 17:30:04 INFO DAGScheduler: Job 1 finished: parquet at NativeMethodAccessorImpl.java:0, took 1.497852 s
26/09/22 17:30:04 INFO FileFormatWriter: Start to commit write Job 6856d059-2f50-4c90-a6fe-7f39e19d4a67.
26/09/22 17:30:04 INFO FileFormatWriter: Write Job 6856d059-2f50-4c90-a6fe-7f39e19d4a67 committed. Elapsed time: 14 ms.
26/09/22 17:30:04 INFO FileFormatWriter: Finished processing stats for write job 6856d059-2f50-4c90-a6fe-7f39e19d4a67.
26/09/22 17:30:04 INFO SparkContext: Invoking stop() from shutdown hook
26/09/22 17:30:04 INFO SparkContext: SparkContext is stopping with exitCode 0.
26/09/22 17:30:04 INFO SparkUI: Stopped Spark web UI at http://398971961f28:4040
26/09/22 17:30:04 INFO MapOutputTrackerMasterEndpoint: MapOutputTrackerMasterEndpoint stopped!
26/09/22 17:30:04 INFO MemoryStore: MemoryStore cleared
26/09/22 17:30:04 INFO BlockManager: BlockManager stopped
26/09/22 17:30:04 INFO BlockManagerMaster: BlockManagerMaster stopped
26/09/22 17:30:04 INFO OutputCommitCoordinator$OutputCommitCoordinatorEndpoint: OutputCommitCoordinator stopped!
26/09/22 17:30:04 INFO SparkContext: Successfully stopped SparkContext
26/09/22 17:30:04 INFO ShutdownHookManager: Shutdown hook called
26/09/22 17:30:04 INFO ShutdownHookManager: Deleting directory /tmp/spark-fd54624b-efeb-45c7-a55e-86feabbe0ab0
26/09/22 17:30:04 INFO ShutdownHookManager: Deleting directory /tmp/spark-4f142d8b-c5d2-4c19-a0f3-7ae039ca7d5e
26/09/22 17:30:04 INFO ShutdownHookManager: Deleting directory /tmp/spark-fd54624b-efeb-45c7-a55e-86feabbe0ab0/pyspark-1dfa4808-79cb-49c0-b22b-69d24e934386

[2026-09-22T17:30:04.565+0000] {taskinstance.py:441} INFO - ::group::Post task execution logs
[2026-09-22T17:30:04.565+0000] {taskinstance.py:2905} ERROR - Task failed with exception
Traceback (most recent call last):
  File "/home/airflow/.local/lib/python3.11/site-packages/airflow/models/taskinstance.py", line 465, in _execute_task
    result = _execute_callable(context=context, **execute_callable_kwargs)
             ^^^^^^^^^^^^^^^^^^^^^^^^^^^^^^^^^^^^^^^^^^^^^^^^^^^^^^^^^^^^^
  File "/home/airflow/.local/lib/python3.11/site-packages/airflow/models/taskinstance.py", line 432, in _execute_callable
    return execute_callable(context=context, **execute_callable_kwargs)
           ^^^^^^^^^^^^^^^^^^^^^^^^^^^^^^^^^^^^^^^^^^^^^^^^^^^^^^^^^^^^
  File "/home/airflow/.local/lib/python3.11/site-packages/airflow/models/baseoperator.py", line 401, in wrapper
    return func(self, *args, **kwargs)
           ^^^^^^^^^^^^^^^^^^^^^^^^^^^
  File "/home/airflow/.local/lib/python3.11/site-packages/airflow/decorators/base.py", line 265, in execute
    return_value = super().execute(context)
                   ^^^^^^^^^^^^^^^^^^^^^^^^
  File "/home/airflow/.local/lib/python3.11/site-packages/airflow/models/baseoperator.py", line 401, in wrapper
    return func(self, *args, **kwargs)
           ^^^^^^^^^^^^^^^^^^^^^^^^^^^
  File "/home/airflow/.local/lib/python3.11/site-packages/airflow/operators/python.py", line 235, in execute
    return_value = self.execute_callable()
                   ^^^^^^^^^^^^^^^^^^^^^^^
  File "/home/airflow/.local/lib/python3.11/site-packages/airflow/operators/python.py", line 252, in execute_callable
    return self.python_callable(*self.op_args, **self.op_kwargs)
           ^^^^^^^^^^^^^^^^^^^^^^^^^^^^^^^^^^^^^^^^^^^^^^^^^^^^^
  File "/opt/airflow/dags/etl.py", line 68, in extract
    raise e
  File "/opt/airflow/dags/etl.py", line 59, in extract
    script_run = subprocess.run([
                 ^^^^^^^^^^^^^^^^
  File "/usr/local/lib/python3.11/subprocess.py", line 571, in run
    raise CalledProcessError(retcode, process.args,
subprocess.CalledProcessError: Command '['spark-submit', '--packages', 'org.postgresql:postgresql:42.6.0', '/opt/airflow/dags/daily_etl.py', '2019-10-02']' returned non-zero exit status 1.
[2026-09-22T17:30:04.571+0000] {taskinstance.py:1206} INFO - Marking task as UP_FOR_RETRY. dag_id=ecommerce_data, task_id=extract, run_id=scheduled__2019-10-02T00:00:00+00:00, execution_date=20191002T000000, start_date=20260922T172955, end_date=20260922T173004
[2026-09-22T17:30:04.580+0000] {standard_task_runner.py:110} ERROR - Failed to execute job 21 for task extract (Command '['spark-submit', '--packages', 'org.postgresql:postgresql:42.6.0', '/opt/airflow/dags/daily_etl.py', '2019-10-02']' returned non-zero exit status 1.; 2183)
[2026-09-22T17:30:04.629+0000] {local_task_job_runner.py:240} INFO - Task exited with return code 1
[2026-09-22T17:30:04.643+0000] {taskinstance.py:3503} INFO - 0 downstream tasks scheduled from follow-on schedule check
[2026-09-22T17:30:04.643+0000] {local_task_job_runner.py:222} INFO - ::endgroup::
[2026-09-22T17:36:57.165+0000] {local_task_job_runner.py:120} INFO - ::group::Pre task execution logs
[2026-09-22T17:36:57.183+0000] {taskinstance.py:2076} INFO - Dependencies all met for dep_context=non-requeueable deps ti=<TaskInstance: ecommerce_data.extract scheduled__2019-10-02T00:00:00+00:00 [queued]>
[2026-09-22T17:36:57.188+0000] {taskinstance.py:2076} INFO - Dependencies all met for dep_context=requeueable deps ti=<TaskInstance: ecommerce_data.extract scheduled__2019-10-02T00:00:00+00:00 [queued]>
[2026-09-22T17:36:57.189+0000] {taskinstance.py:2306} INFO - Starting attempt 1 of 4
[2026-09-22T17:36:57.197+0000] {taskinstance.py:2330} INFO - Executing <Task(_PythonDecoratedOperator): extract> on 2019-10-02 00:00:00+00:00
[2026-09-22T17:36:57.202+0000] {standard_task_runner.py:63} INFO - Started process 3462 to run task
[2026-09-22T17:36:57.204+0000] {standard_task_runner.py:90} INFO - Running: ['airflow', 'tasks', 'run', 'ecommerce_data', 'extract', 'scheduled__2019-10-02T00:00:00+00:00', '--job-id', '32', '--raw', '--subdir', 'DAGS_FOLDER/etl.py', '--cfg-path', '/tmp/tmpy9yvgg6t']
[2026-09-22T17:36:57.206+0000] {standard_task_runner.py:91} INFO - Job 32: Subtask extract
[2026-09-22T17:36:57.239+0000] {task_command.py:426} INFO - Running <TaskInstance: ecommerce_data.extract scheduled__2019-10-02T00:00:00+00:00 [running]> on host 398971961f28
[2026-09-22T17:36:57.287+0000] {taskinstance.py:2648} INFO - Exporting env vars: AIRFLOW_CTX_DAG_OWNER='airflow' AIRFLOW_CTX_DAG_ID='ecommerce_data' AIRFLOW_CTX_TASK_ID='extract' AIRFLOW_CTX_EXECUTION_DATE='2019-10-02T00:00:00+00:00' AIRFLOW_CTX_TRY_NUMBER='1' AIRFLOW_CTX_DAG_RUN_ID='scheduled__2019-10-02T00:00:00+00:00'
[2026-09-22T17:36:57.288+0000] {taskinstance.py:430} INFO - ::endgroup::
[2026-09-22T17:36:57.291+0000] {base.py:84} INFO - Using connection ID 'postgres_conn_id' for task execution.
[2026-09-22T17:37:13.487+0000] {etl.py:64} INFO - :: loading settings :: url = jar:file:/home/airflow/.local/lib/python3.11/site-packages/pyspark/jars/ivy-2.5.1.jar!/org/apache/ivy/core/settings/ivysettings.xml

[2026-09-22T17:37:13.488+0000] {python.py:237} INFO - Done. Returned value was: None
[2026-09-22T17:37:13.488+0000] {taskinstance.py:441} INFO - ::group::Post task execution logs
[2026-09-22T17:37:13.492+0000] {taskinstance.py:1206} INFO - Marking task as SUCCESS. dag_id=ecommerce_data, task_id=extract, run_id=scheduled__2019-10-02T00:00:00+00:00, execution_date=20191002T000000, start_date=20260922T173657, end_date=20260922T173713
[2026-09-22T17:37:13.529+0000] {local_task_job_runner.py:240} INFO - Task exited with return code 0
[2026-09-22T17:37:13.544+0000] {taskinstance.py:3503} INFO - 0 downstream tasks scheduled from follow-on schedule check
[2026-09-22T17:37:13.544+0000] {local_task_job_runner.py:222} INFO - ::endgroup::
[2026-09-22T17:42:09.872+0000] {local_task_job_runner.py:120} INFO - ::group::Pre task execution logs
[2026-09-22T17:42:09.891+0000] {taskinstance.py:2076} INFO - Dependencies all met for dep_context=non-requeueable deps ti=<TaskInstance: ecommerce_data.extract scheduled__2019-10-02T00:00:00+00:00 [queued]>
[2026-09-22T17:42:09.895+0000] {taskinstance.py:2076} INFO - Dependencies all met for dep_context=requeueable deps ti=<TaskInstance: ecommerce_data.extract scheduled__2019-10-02T00:00:00+00:00 [queued]>
[2026-09-22T17:42:09.895+0000] {taskinstance.py:2306} INFO - Starting attempt 1 of 4
[2026-09-22T17:42:09.904+0000] {taskinstance.py:2330} INFO - Executing <Task(_PythonDecoratedOperator): extract> on 2019-10-02 00:00:00+00:00
[2026-09-22T17:42:09.910+0000] {standard_task_runner.py:63} INFO - Started process 6707 to run task
[2026-09-22T17:42:09.912+0000] {standard_task_runner.py:90} INFO - Running: ['airflow', 'tasks', 'run', 'ecommerce_data', 'extract', 'scheduled__2019-10-02T00:00:00+00:00', '--job-id', '62', '--raw', '--subdir', 'DAGS_FOLDER/etl.py', '--cfg-path', '/tmp/tmp3mq8tqwu']
[2026-09-22T17:42:09.913+0000] {standard_task_runner.py:91} INFO - Job 62: Subtask extract
[2026-09-22T17:42:09.947+0000] {task_command.py:426} INFO - Running <TaskInstance: ecommerce_data.extract scheduled__2019-10-02T00:00:00+00:00 [running]> on host 398971961f28
[2026-09-22T17:42:09.998+0000] {taskinstance.py:2648} INFO - Exporting env vars: AIRFLOW_CTX_DAG_OWNER='airflow' AIRFLOW_CTX_DAG_ID='ecommerce_data' AIRFLOW_CTX_TASK_ID='extract' AIRFLOW_CTX_EXECUTION_DATE='2019-10-02T00:00:00+00:00' AIRFLOW_CTX_TRY_NUMBER='1' AIRFLOW_CTX_DAG_RUN_ID='scheduled__2019-10-02T00:00:00+00:00'
[2026-09-22T17:42:09.998+0000] {taskinstance.py:430} INFO - ::endgroup::
[2026-09-22T17:42:10.002+0000] {base.py:84} INFO - Using connection ID 'postgres_conn_id' for task execution.
[2026-09-22T17:42:19.239+0000] {etl.py:77} ERROR - === STDOUT ===
:: loading settings :: url = jar:file:/home/airflow/.local/lib/python3.11/site-packages/pyspark/jars/ivy-2.5.1.jar!/org/apache/ivy/core/settings/ivysettings.xml
Traceback (most recent call last):
  File "/opt/airflow/dags/daily_etl.py", line 69, in <module>
    .save()
     ^^^^^^
  File "/home/airflow/.local/lib/python3.11/site-packages/pyspark/python/lib/pyspark.zip/pyspark/sql/readwriter.py", line 1461, in save
  File "/home/airflow/.local/lib/python3.11/site-packages/pyspark/python/lib/py4j-0.10.9.7-src.zip/py4j/java_gateway.py", line 1322, in __call__
  File "/home/airflow/.local/lib/python3.11/site-packages/pyspark/python/lib/pyspark.zip/pyspark/errors/exceptions/captured.py", line 185, in deco
pyspark.errors.exceptions.captured.AnalysisException: Column total_views not found in schema Some(StructType(StructField(user_id,StringType,true),StructField(total_events,LongType,false),StructField(total_spent,DoubleType,true),StructField(country,StringType,true),StructField(event_date,DateType,true))).

[2026-09-22T17:42:19.240+0000] {etl.py:78} ERROR - === STDERR ===
/home/airflow/.local/lib/python3.11/site-packages/pyspark/bin/load-spark-env.sh: line 68: ps: command not found
Ivy Default Cache set to: /home/airflow/.ivy2/cache
The jars for the packages stored in: /home/airflow/.ivy2/jars
org.postgresql#postgresql added as a dependency
:: resolving dependencies :: org.apache.spark#spark-submit-parent-20a54f45-e4a7-4946-9af6-d22ca7a430f1;1.0
	confs: [default]
	found org.postgresql#postgresql;42.6.0 in central
	found org.checkerframework#checker-qual;3.31.0 in central
:: resolution report :: resolve 116ms :: artifacts dl 5ms
	:: modules in use:
	org.checkerframework#checker-qual;3.31.0 from central in [default]
	org.postgresql#postgresql;42.6.0 from central in [default]
	---------------------------------------------------------------------
	|                  |            modules            ||   artifacts   |
	|       conf       | number| search|dwnlded|evicted|| number|dwnlded|
	---------------------------------------------------------------------
	|      default     |   2   |   0   |   0   |   0   ||   2   |   0   |
	---------------------------------------------------------------------
:: retrieving :: org.apache.spark#spark-submit-parent-20a54f45-e4a7-4946-9af6-d22ca7a430f1
	confs: [default]
	0 artifacts copied, 2 already retrieved (0kB/5ms)
26/09/22 17:42:11 WARN NativeCodeLoader: Unable to load native-hadoop library for your platform... using builtin-java classes where applicable
26/09/22 17:42:12 INFO SparkContext: Running Spark version 3.5.1
26/09/22 17:42:12 INFO SparkContext: OS info Linux, 7.0.0-31-generic, amd64
26/09/22 17:42:12 INFO SparkContext: Java version 17.0.20.1
26/09/22 17:42:12 INFO ResourceUtils: ==============================================================
26/09/22 17:42:12 INFO ResourceUtils: No custom resources configured for spark.driver.
26/09/22 17:42:12 INFO ResourceUtils: ==============================================================
26/09/22 17:42:12 INFO SparkContext: Submitted application: Daily_ecommerce
26/09/22 17:42:12 INFO ResourceProfile: Default ResourceProfile created, executor resources: Map(cores -> name: cores, amount: 1, script: , vendor: , memory -> name: memory, amount: 1024, script: , vendor: , offHeap -> name: offHeap, amount: 0, script: , vendor: ), task resources: Map(cpus -> name: cpus, amount: 1.0)
26/09/22 17:42:12 INFO ResourceProfile: Limiting resource is cpu
26/09/22 17:42:12 INFO ResourceProfileManager: Added ResourceProfile id: 0
26/09/22 17:42:12 INFO SecurityManager: Changing view acls to: airflow
26/09/22 17:42:12 INFO SecurityManager: Changing modify acls to: airflow
26/09/22 17:42:12 INFO SecurityManager: Changing view acls groups to: 
26/09/22 17:42:12 INFO SecurityManager: Changing modify acls groups to: 
26/09/22 17:42:12 INFO SecurityManager: SecurityManager: authentication disabled; ui acls disabled; users with view permissions: airflow; groups with view permissions: EMPTY; users with modify permissions: airflow; groups with modify permissions: EMPTY
26/09/22 17:42:13 INFO Utils: Successfully started service 'sparkDriver' on port 33915.
26/09/22 17:42:13 INFO SparkEnv: Registering MapOutputTracker
26/09/22 17:42:13 INFO SparkEnv: Registering BlockManagerMaster
26/09/22 17:42:13 INFO BlockManagerMasterEndpoint: Using org.apache.spark.storage.DefaultTopologyMapper for getting topology information
26/09/22 17:42:13 INFO BlockManagerMasterEndpoint: BlockManagerMasterEndpoint up
26/09/22 17:42:13 INFO SparkEnv: Registering BlockManagerMasterHeartbeat
26/09/22 17:42:13 INFO DiskBlockManager: Created local directory at /tmp/blockmgr-051b571e-2f53-4c1c-adfe-f0e683da5e03
26/09/22 17:42:13 INFO MemoryStore: MemoryStore started with capacity 434.4 MiB
26/09/22 17:42:13 INFO SparkEnv: Registering OutputCommitCoordinator
26/09/22 17:42:13 INFO JettyUtils: Start Jetty 0.0.0.0:4040 for SparkUI
26/09/22 17:42:13 INFO Utils: Successfully started service 'SparkUI' on port 4040.
26/09/22 17:42:13 INFO SparkContext: Added JAR file:///home/airflow/.ivy2/jars/org.postgresql_postgresql-42.6.0.jar at spark://398971961f28:33915/jars/org.postgresql_postgresql-42.6.0.jar with timestamp 1790098932770
26/09/22 17:42:13 INFO SparkContext: Added JAR file:///home/airflow/.ivy2/jars/org.checkerframework_checker-qual-3.31.0.jar at spark://398971961f28:33915/jars/org.checkerframework_checker-qual-3.31.0.jar with timestamp 1790098932770
26/09/22 17:42:13 INFO SparkContext: Added file file:///home/airflow/.ivy2/jars/org.postgresql_postgresql-42.6.0.jar at file:///home/airflow/.ivy2/jars/org.postgresql_postgresql-42.6.0.jar with timestamp 1790098932770
26/09/22 17:42:13 INFO Utils: Copying /home/airflow/.ivy2/jars/org.postgresql_postgresql-42.6.0.jar to /tmp/spark-7133e92a-5acd-4f9e-b139-ec0c8eddfbd2/userFiles-aae4b756-7192-4a1f-81d4-6e0e1901ea77/org.postgresql_postgresql-42.6.0.jar
26/09/22 17:42:13 INFO SparkContext: Added file file:///home/airflow/.ivy2/jars/org.checkerframework_checker-qual-3.31.0.jar at file:///home/airflow/.ivy2/jars/org.checkerframework_checker-qual-3.31.0.jar with timestamp 1790098932770
26/09/22 17:42:13 INFO Utils: Copying /home/airflow/.ivy2/jars/org.checkerframework_checker-qual-3.31.0.jar to /tmp/spark-7133e92a-5acd-4f9e-b139-ec0c8eddfbd2/userFiles-aae4b756-7192-4a1f-81d4-6e0e1901ea77/org.checkerframework_checker-qual-3.31.0.jar
26/09/22 17:42:13 INFO Executor: Starting executor ID driver on host 398971961f28
26/09/22 17:42:13 INFO Executor: OS info Linux, 7.0.0-31-generic, amd64
26/09/22 17:42:13 INFO Executor: Java version 17.0.20.1
26/09/22 17:42:13 INFO Executor: Starting executor with user classpath (userClassPathFirst = false): ''
26/09/22 17:42:13 INFO Executor: Created or updated repl class loader org.apache.spark.util.MutableURLClassLoader@70b8e4c5 for default.
26/09/22 17:42:13 INFO Executor: Fetching file:///home/airflow/.ivy2/jars/org.checkerframework_checker-qual-3.31.0.jar with timestamp 1790098932770
26/09/22 17:42:13 INFO Utils: /home/airflow/.ivy2/jars/org.checkerframework_checker-qual-3.31.0.jar has been previously copied to /tmp/spark-7133e92a-5acd-4f9e-b139-ec0c8eddfbd2/userFiles-aae4b756-7192-4a1f-81d4-6e0e1901ea77/org.checkerframework_checker-qual-3.31.0.jar
26/09/22 17:42:13 INFO Executor: Fetching file:///home/airflow/.ivy2/jars/org.postgresql_postgresql-42.6.0.jar with timestamp 1790098932770
26/09/22 17:42:13 INFO Utils: /home/airflow/.ivy2/jars/org.postgresql_postgresql-42.6.0.jar has been previously copied to /tmp/spark-7133e92a-5acd-4f9e-b139-ec0c8eddfbd2/userFiles-aae4b756-7192-4a1f-81d4-6e0e1901ea77/org.postgresql_postgresql-42.6.0.jar
26/09/22 17:42:13 INFO Executor: Fetching spark://398971961f28:33915/jars/org.postgresql_postgresql-42.6.0.jar with timestamp 1790098932770
26/09/22 17:42:13 INFO TransportClientFactory: Successfully created connection to 398971961f28/172.21.0.3:33915 after 25 ms (0 ms spent in bootstraps)
26/09/22 17:42:13 INFO Utils: Fetching spark://398971961f28:33915/jars/org.postgresql_postgresql-42.6.0.jar to /tmp/spark-7133e92a-5acd-4f9e-b139-ec0c8eddfbd2/userFiles-aae4b756-7192-4a1f-81d4-6e0e1901ea77/fetchFileTemp4178354458201572105.tmp
26/09/22 17:42:13 INFO Utils: /tmp/spark-7133e92a-5acd-4f9e-b139-ec0c8eddfbd2/userFiles-aae4b756-7192-4a1f-81d4-6e0e1901ea77/fetchFileTemp4178354458201572105.tmp has been previously copied to /tmp/spark-7133e92a-5acd-4f9e-b139-ec0c8eddfbd2/userFiles-aae4b756-7192-4a1f-81d4-6e0e1901ea77/org.postgresql_postgresql-42.6.0.jar
26/09/22 17:42:13 INFO Executor: Adding file:/tmp/spark-7133e92a-5acd-4f9e-b139-ec0c8eddfbd2/userFiles-aae4b756-7192-4a1f-81d4-6e0e1901ea77/org.postgresql_postgresql-42.6.0.jar to class loader default
26/09/22 17:42:13 INFO Executor: Fetching spark://398971961f28:33915/jars/org.checkerframework_checker-qual-3.31.0.jar with timestamp 1790098932770
26/09/22 17:42:13 INFO Utils: Fetching spark://398971961f28:33915/jars/org.checkerframework_checker-qual-3.31.0.jar to /tmp/spark-7133e92a-5acd-4f9e-b139-ec0c8eddfbd2/userFiles-aae4b756-7192-4a1f-81d4-6e0e1901ea77/fetchFileTemp18253691560673411888.tmp
26/09/22 17:42:13 INFO Utils: /tmp/spark-7133e92a-5acd-4f9e-b139-ec0c8eddfbd2/userFiles-aae4b756-7192-4a1f-81d4-6e0e1901ea77/fetchFileTemp18253691560673411888.tmp has been previously copied to /tmp/spark-7133e92a-5acd-4f9e-b139-ec0c8eddfbd2/userFiles-aae4b756-7192-4a1f-81d4-6e0e1901ea77/org.checkerframework_checker-qual-3.31.0.jar
26/09/22 17:42:13 INFO Executor: Adding file:/tmp/spark-7133e92a-5acd-4f9e-b139-ec0c8eddfbd2/userFiles-aae4b756-7192-4a1f-81d4-6e0e1901ea77/org.checkerframework_checker-qual-3.31.0.jar to class loader default
26/09/22 17:42:13 INFO Utils: Successfully started service 'org.apache.spark.network.netty.NettyBlockTransferService' on port 42481.
26/09/22 17:42:13 INFO NettyBlockTransferService: Server created on 398971961f28:42481
26/09/22 17:42:13 INFO BlockManager: Using org.apache.spark.storage.RandomBlockReplicationPolicy for block replication policy
26/09/22 17:42:13 INFO BlockManagerMaster: Registering BlockManager BlockManagerId(driver, 398971961f28, 42481, None)
26/09/22 17:42:13 INFO BlockManagerMasterEndpoint: Registering block manager 398971961f28:42481 with 434.4 MiB RAM, BlockManagerId(driver, 398971961f28, 42481, None)
26/09/22 17:42:13 INFO BlockManagerMaster: Registered BlockManager BlockManagerId(driver, 398971961f28, 42481, None)
26/09/22 17:42:13 INFO BlockManager: Initialized BlockManager: BlockManagerId(driver, 398971961f28, 42481, None)
26/09/22 17:42:13 INFO SharedState: Setting hive.metastore.warehouse.dir ('null') to the value of spark.sql.warehouse.dir.
26/09/22 17:42:13 INFO SharedState: Warehouse path is 'file:/opt/airflow/spark-warehouse'.
26/09/22 17:42:14 INFO InMemoryFileIndex: It took 30 ms to list leaf files for 1 paths.
26/09/22 17:42:15 INFO SparkContext: Starting job: parquet at NativeMethodAccessorImpl.java:0
26/09/22 17:42:15 INFO DAGScheduler: Got job 0 (parquet at NativeMethodAccessorImpl.java:0) with 1 output partitions
26/09/22 17:42:15 INFO DAGScheduler: Final stage: ResultStage 0 (parquet at NativeMethodAccessorImpl.java:0)
26/09/22 17:42:15 INFO DAGScheduler: Parents of final stage: List()
26/09/22 17:42:15 INFO DAGScheduler: Missing parents: List()
26/09/22 17:42:15 INFO DAGScheduler: Submitting ResultStage 0 (MapPartitionsRDD[1] at parquet at NativeMethodAccessorImpl.java:0), which has no missing parents
26/09/22 17:42:15 INFO MemoryStore: Block broadcast_0 stored as values in memory (estimated size 104.5 KiB, free 434.3 MiB)
26/09/22 17:42:15 INFO MemoryStore: Block broadcast_0_piece0 stored as bytes in memory (estimated size 37.6 KiB, free 434.3 MiB)
26/09/22 17:42:15 INFO BlockManagerInfo: Added broadcast_0_piece0 in memory on 398971961f28:42481 (size: 37.6 KiB, free: 434.4 MiB)
26/09/22 17:42:15 INFO SparkContext: Created broadcast 0 from broadcast at DAGScheduler.scala:1585
26/09/22 17:42:15 INFO DAGScheduler: Submitting 1 missing tasks from ResultStage 0 (MapPartitionsRDD[1] at parquet at NativeMethodAccessorImpl.java:0) (first 15 tasks are for partitions Vector(0))
26/09/22 17:42:15 INFO TaskSchedulerImpl: Adding task set 0.0 with 1 tasks resource profile 0
26/09/22 17:42:15 INFO TaskSetManager: Starting task 0.0 in stage 0.0 (TID 0) (398971961f28, executor driver, partition 0, PROCESS_LOCAL, 8303 bytes) 
26/09/22 17:42:15 INFO Executor: Running task 0.0 in stage 0.0 (TID 0)
26/09/22 17:42:15 INFO Executor: Finished task 0.0 in stage 0.0 (TID 0). 2034 bytes result sent to driver
26/09/22 17:42:15 INFO TaskSetManager: Finished task 0.0 in stage 0.0 (TID 0) in 330 ms on 398971961f28 (executor driver) (1/1)
26/09/22 17:42:15 INFO TaskSchedulerImpl: Removed TaskSet 0.0, whose tasks have all completed, from pool 
26/09/22 17:42:15 INFO DAGScheduler: ResultStage 0 (parquet at NativeMethodAccessorImpl.java:0) finished in 0.471 s
26/09/22 17:42:15 INFO DAGScheduler: Job 0 is finished. Cancelling potential speculative or zombie tasks for this job
26/09/22 17:42:15 INFO TaskSchedulerImpl: Killing all running tasks in stage 0: Stage finished
26/09/22 17:42:15 INFO DAGScheduler: Job 0 finished: parquet at NativeMethodAccessorImpl.java:0, took 0.513859 s
26/09/22 17:42:15 INFO BlockManagerInfo: Removed broadcast_0_piece0 on 398971961f28:42481 in memory (size: 37.6 KiB, free: 434.4 MiB)
26/09/22 17:42:16 INFO FileSourceStrategy: Pushed Filters: 
26/09/22 17:42:16 INFO FileSourceStrategy: Post-Scan Filters: (((isnull(user_id#7) OR (cast(price#6 as float) <= 0.0)) OR isnull(event_type#1)) OR (event_type#1 = ))
26/09/22 17:42:16 INFO ParquetUtils: Using default output committer for Parquet: org.apache.parquet.hadoop.ParquetOutputCommitter
26/09/22 17:42:16 INFO FileOutputCommitter: File Output Committer Algorithm version is 1
26/09/22 17:42:16 INFO FileOutputCommitter: FileOutputCommitter skip cleanup _temporary folders under output directory:false, ignore cleanup failures: false
26/09/22 17:42:16 INFO SQLHadoopMapReduceCommitProtocol: Using user defined output committer class org.apache.parquet.hadoop.ParquetOutputCommitter
26/09/22 17:42:16 INFO FileOutputCommitter: File Output Committer Algorithm version is 1
26/09/22 17:42:16 INFO FileOutputCommitter: FileOutputCommitter skip cleanup _temporary folders under output directory:false, ignore cleanup failures: false
26/09/22 17:42:16 INFO SQLHadoopMapReduceCommitProtocol: Using output committer class org.apache.parquet.hadoop.ParquetOutputCommitter
26/09/22 17:42:17 INFO CodeGenerator: Code generated in 179.295258 ms
26/09/22 17:42:17 INFO MemoryStore: Block broadcast_1 stored as values in memory (estimated size 203.8 KiB, free 434.2 MiB)
26/09/22 17:42:17 INFO MemoryStore: Block broadcast_1_piece0 stored as bytes in memory (estimated size 35.7 KiB, free 434.2 MiB)
26/09/22 17:42:17 INFO BlockManagerInfo: Added broadcast_1_piece0 in memory on 398971961f28:42481 (size: 35.7 KiB, free: 434.4 MiB)
26/09/22 17:42:17 INFO SparkContext: Created broadcast 1 from parquet at NativeMethodAccessorImpl.java:0
26/09/22 17:42:17 INFO FileSourceScanExec: Planning scan with bin packing, max size: 6058108 bytes, open cost is considered as scanning 4194304 bytes.
26/09/22 17:42:17 INFO SparkContext: Starting job: parquet at NativeMethodAccessorImpl.java:0
26/09/22 17:42:17 INFO DAGScheduler: Got job 1 (parquet at NativeMethodAccessorImpl.java:0) with 8 output partitions
26/09/22 17:42:17 INFO DAGScheduler: Final stage: ResultStage 1 (parquet at NativeMethodAccessorImpl.java:0)
26/09/22 17:42:17 INFO DAGScheduler: Parents of final stage: List()
26/09/22 17:42:17 INFO DAGScheduler: Missing parents: List()
26/09/22 17:42:17 INFO DAGScheduler: Submitting ResultStage 1 (MapPartitionsRDD[5] at parquet at NativeMethodAccessorImpl.java:0), which has no missing parents
26/09/22 17:42:17 INFO MemoryStore: Block broadcast_2 stored as values in memory (estimated size 225.4 KiB, free 433.9 MiB)
26/09/22 17:42:17 INFO MemoryStore: Block broadcast_2_piece0 stored as bytes in memory (estimated size 79.4 KiB, free 433.9 MiB)
26/09/22 17:42:17 INFO BlockManagerInfo: Added broadcast_2_piece0 in memory on 398971961f28:42481 (size: 79.4 KiB, free: 434.3 MiB)
26/09/22 17:42:17 INFO SparkContext: Created broadcast 2 from broadcast at DAGScheduler.scala:1585
26/09/22 17:42:17 INFO DAGScheduler: Submitting 8 missing tasks from ResultStage 1 (MapPartitionsRDD[5] at parquet at NativeMethodAccessorImpl.java:0) (first 15 tasks are for partitions Vector(0, 1, 2, 3, 4, 5, 6, 7))
26/09/22 17:42:17 INFO TaskSchedulerImpl: Adding task set 1.0 with 8 tasks resource profile 0
26/09/22 17:42:17 INFO TaskSetManager: Starting task 0.0 in stage 1.0 (TID 1) (398971961f28, executor driver, partition 0, PROCESS_LOCAL, 8810 bytes) 
26/09/22 17:42:17 INFO TaskSetManager: Starting task 1.0 in stage 1.0 (TID 2) (398971961f28, executor driver, partition 1, PROCESS_LOCAL, 8810 bytes) 
26/09/22 17:42:17 INFO TaskSetManager: Starting task 2.0 in stage 1.0 (TID 3) (398971961f28, executor driver, partition 2, PROCESS_LOCAL, 8810 bytes) 
26/09/22 17:42:17 INFO TaskSetManager: Starting task 3.0 in stage 1.0 (TID 4) (398971961f28, executor driver, partition 3, PROCESS_LOCAL, 8810 bytes) 
26/09/22 17:42:17 INFO TaskSetManager: Starting task 4.0 in stage 1.0 (TID 5) (398971961f28, executor driver, partition 4, PROCESS_LOCAL, 8810 bytes) 
26/09/22 17:42:17 INFO TaskSetManager: Starting task 5.0 in stage 1.0 (TID 6) (398971961f28, executor driver, partition 5, PROCESS_LOCAL, 8810 bytes) 
26/09/22 17:42:17 INFO TaskSetManager: Starting task 6.0 in stage 1.0 (TID 7) (398971961f28, executor driver, partition 6, PROCESS_LOCAL, 8810 bytes) 
26/09/22 17:42:17 INFO TaskSetManager: Starting task 7.0 in stage 1.0 (TID 8) (398971961f28, executor driver, partition 7, PROCESS_LOCAL, 8810 bytes) 
26/09/22 17:42:17 INFO Executor: Running task 0.0 in stage 1.0 (TID 1)
26/09/22 17:42:17 INFO Executor: Running task 1.0 in stage 1.0 (TID 2)
26/09/22 17:42:17 INFO Executor: Running task 2.0 in stage 1.0 (TID 3)
26/09/22 17:42:17 INFO Executor: Running task 3.0 in stage 1.0 (TID 4)
26/09/22 17:42:17 INFO Executor: Running task 4.0 in stage 1.0 (TID 5)
26/09/22 17:42:17 INFO Executor: Running task 6.0 in stage 1.0 (TID 7)
26/09/22 17:42:17 INFO Executor: Running task 5.0 in stage 1.0 (TID 6)
26/09/22 17:42:17 INFO Executor: Running task 7.0 in stage 1.0 (TID 8)
26/09/22 17:42:17 INFO CodeGenerator: Code generated in 37.512077 ms
26/09/22 17:42:17 INFO FileOutputCommitter: File Output Committer Algorithm version is 1
26/09/22 17:42:17 INFO FileOutputCommitter: FileOutputCommitter skip cleanup _temporary folders under output directory:false, ignore cleanup failures: false
26/09/22 17:42:17 INFO FileOutputCommitter: File Output Committer Algorithm version is 1
26/09/22 17:42:17 INFO FileOutputCommitter: FileOutputCommitter skip cleanup _temporary folders under output directory:false, ignore cleanup failures: false
26/09/22 17:42:17 INFO FileOutputCommitter: File Output Committer Algorithm version is 1
26/09/22 17:42:17 INFO FileOutputCommitter: FileOutputCommitter skip cleanup _temporary folders under output directory:false, ignore cleanup failures: false
26/09/22 17:42:17 INFO FileOutputCommitter: File Output Committer Algorithm version is 1
26/09/22 17:42:17 INFO FileOutputCommitter: FileOutputCommitter skip cleanup _temporary folders under output directory:false, ignore cleanup failures: false
26/09/22 17:42:17 INFO SQLHadoopMapReduceCommitProtocol: Using user defined output committer class org.apache.parquet.hadoop.ParquetOutputCommitter
26/09/22 17:42:17 INFO SQLHadoopMapReduceCommitProtocol: Using user defined output committer class org.apache.parquet.hadoop.ParquetOutputCommitter
26/09/22 17:42:17 INFO SQLHadoopMapReduceCommitProtocol: Using user defined output committer class org.apache.parquet.hadoop.ParquetOutputCommitter
26/09/22 17:42:17 INFO FileOutputCommitter: File Output Committer Algorithm version is 1
26/09/22 17:42:17 INFO FileOutputCommitter: FileOutputCommitter skip cleanup _temporary folders under output directory:false, ignore cleanup failures: false
26/09/22 17:42:17 INFO FileOutputCommitter: File Output Committer Algorithm version is 1
26/09/22 17:42:17 INFO FileOutputCommitter: FileOutputCommitter skip cleanup _temporary folders under output directory:false, ignore cleanup failures: false
26/09/22 17:42:17 INFO FileOutputCommitter: File Output Committer Algorithm version is 1
26/09/22 17:42:17 INFO SQLHadoopMapReduceCommitProtocol: Using user defined output committer class org.apache.parquet.hadoop.ParquetOutputCommitter
26/09/22 17:42:17 INFO FileOutputCommitter: FileOutputCommitter skip cleanup _temporary folders under output directory:false, ignore cleanup failures: false
26/09/22 17:42:17 INFO FileOutputCommitter: File Output Committer Algorithm version is 1
26/09/22 17:42:17 INFO SQLHadoopMapReduceCommitProtocol: Using output committer class org.apache.parquet.hadoop.ParquetOutputCommitter
26/09/22 17:42:17 INFO FileOutputCommitter: File Output Committer Algorithm version is 1
26/09/22 17:42:17 INFO FileOutputCommitter: FileOutputCommitter skip cleanup _temporary folders under output directory:false, ignore cleanup failures: false
26/09/22 17:42:17 INFO FileOutputCommitter: FileOutputCommitter skip cleanup _temporary folders under output directory:false, ignore cleanup failures: false
26/09/22 17:42:17 INFO SQLHadoopMapReduceCommitProtocol: Using user defined output committer class org.apache.parquet.hadoop.ParquetOutputCommitter
26/09/22 17:42:17 INFO FileOutputCommitter: File Output Committer Algorithm version is 1
26/09/22 17:42:17 INFO FileOutputCommitter: FileOutputCommitter skip cleanup _temporary folders under output directory:false, ignore cleanup failures: false
26/09/22 17:42:17 INFO FileOutputCommitter: File Output Committer Algorithm version is 1
26/09/22 17:42:17 INFO SQLHadoopMapReduceCommitProtocol: Using output committer class org.apache.parquet.hadoop.ParquetOutputCommitter
26/09/22 17:42:17 INFO SQLHadoopMapReduceCommitProtocol: Using user defined output committer class org.apache.parquet.hadoop.ParquetOutputCommitter
26/09/22 17:42:17 INFO FileOutputCommitter: File Output Committer Algorithm version is 1
26/09/22 17:42:17 INFO FileOutputCommitter: FileOutputCommitter skip cleanup _temporary folders under output directory:false, ignore cleanup failures: false
26/09/22 17:42:17 INFO FileScanRDD: Reading File path: file:///opt/airflow/data/lake/raw/events/2019-Oct/event_date=2019-10-02/part-00001-e6dbecb7-a75e-4a1e-be16-8089c329fa2c.c000.snappy.parquet, range: 18174324-24232432, partition values: [empty row]
26/09/22 17:42:17 INFO SQLHadoopMapReduceCommitProtocol: Using output committer class org.apache.parquet.hadoop.ParquetOutputCommitter
26/09/22 17:42:17 INFO FileOutputCommitter: FileOutputCommitter skip cleanup _temporary folders under output directory:false, ignore cleanup failures: false
26/09/22 17:42:17 INFO FileOutputCommitter: File Output Committer Algorithm version is 1
26/09/22 17:42:17 INFO SQLHadoopMapReduceCommitProtocol: Using output committer class org.apache.parquet.hadoop.ParquetOutputCommitter
26/09/22 17:42:17 INFO FileOutputCommitter: File Output Committer Algorithm version is 1
26/09/22 17:42:17 INFO FileOutputCommitter: FileOutputCommitter skip cleanup _temporary folders under output directory:false, ignore cleanup failures: false
26/09/22 17:42:17 INFO FileScanRDD: Reading File path: file:///opt/airflow/data/lake/raw/events/2019-Oct/event_date=2019-10-02/part-00002-e6dbecb7-a75e-4a1e-be16-8089c329fa2c.c000.snappy.parquet, range: 6058108-12116216, partition values: [empty row]
26/09/22 17:42:17 INFO SQLHadoopMapReduceCommitProtocol: Using output committer class org.apache.parquet.hadoop.ParquetOutputCommitter
26/09/22 17:42:17 INFO FileScanRDD: Reading File path: file:///opt/airflow/data/lake/raw/events/2019-Oct/event_date=2019-10-02/part-00001-e6dbecb7-a75e-4a1e-be16-8089c329fa2c.c000.snappy.parquet, range: 12116216-18174324, partition values: [empty row]
26/09/22 17:42:17 INFO FileOutputCommitter: FileOutputCommitter skip cleanup _temporary folders under output directory:false, ignore cleanup failures: false
26/09/22 17:42:17 INFO SQLHadoopMapReduceCommitProtocol: Using user defined output committer class org.apache.parquet.hadoop.ParquetOutputCommitter
26/09/22 17:42:17 INFO FileScanRDD: Reading File path: file:///opt/airflow/data/lake/raw/events/2019-Oct/event_date=2019-10-02/part-00001-e6dbecb7-a75e-4a1e-be16-8089c329fa2c.c000.snappy.parquet, range: 6058108-12116216, partition values: [empty row]
26/09/22 17:42:17 INFO FileOutputCommitter: File Output Committer Algorithm version is 1
26/09/22 17:42:17 INFO FileOutputCommitter: FileOutputCommitter skip cleanup _temporary folders under output directory:false, ignore cleanup failures: false
26/09/22 17:42:17 INFO SQLHadoopMapReduceCommitProtocol: Using user defined output committer class org.apache.parquet.hadoop.ParquetOutputCommitter
26/09/22 17:42:17 INFO FileOutputCommitter: File Output Committer Algorithm version is 1
26/09/22 17:42:17 INFO FileOutputCommitter: FileOutputCommitter skip cleanup _temporary folders under output directory:false, ignore cleanup failures: false
26/09/22 17:42:17 INFO SQLHadoopMapReduceCommitProtocol: Using output committer class org.apache.parquet.hadoop.ParquetOutputCommitter
26/09/22 17:42:17 INFO FileScanRDD: Reading File path: file:///opt/airflow/data/lake/raw/events/2019-Oct/event_date=2019-10-02/part-00002-e6dbecb7-a75e-4a1e-be16-8089c329fa2c.c000.snappy.parquet, range: 0-6058108, partition values: [empty row]
26/09/22 17:42:17 INFO SQLHadoopMapReduceCommitProtocol: Using output committer class org.apache.parquet.hadoop.ParquetOutputCommitter
26/09/22 17:42:17 INFO SQLHadoopMapReduceCommitProtocol: Using output committer class org.apache.parquet.hadoop.ParquetOutputCommitter
26/09/22 17:42:17 INFO FileScanRDD: Reading File path: file:///opt/airflow/data/lake/raw/events/2019-Oct/event_date=2019-10-02/part-00001-e6dbecb7-a75e-4a1e-be16-8089c329fa2c.c000.snappy.parquet, range: 24232432-26808416, partition values: [empty row]
26/09/22 17:42:17 INFO FileScanRDD: Reading File path: file:///opt/airflow/data/lake/raw/events/2019-Oct/event_date=2019-10-02/part-00002-e6dbecb7-a75e-4a1e-be16-8089c329fa2c.c000.snappy.parquet, range: 12116216-13267847, partition values: [empty row]
26/09/22 17:42:17 INFO CodecConfig: Compression: SNAPPY
26/09/22 17:42:17 INFO CodecConfig: Compression: SNAPPY
26/09/22 17:42:17 INFO ParquetOutputFormat: ParquetRecordWriter [block size: 134217728b, row group padding size: 8388608b, validating: false]
26/09/22 17:42:17 INFO ParquetWriteSupport: Initialized Parquet WriteSupport with Catalyst schema:
{
  "type" : "struct",
  "fields" : [ {
    "name" : "event_time",
    "type" : "string",
    "nullable" : true,
    "metadata" : { }
  }, {
    "name" : "event_type",
    "type" : "string",
    "nullable" : true,
    "metadata" : { }
  }, {
    "name" : "product_id",
    "type" : "string",
    "nullable" : true,
    "metadata" : { }
  }, {
    "name" : "category_id",
    "type" : "string",
    "nullable" : true,
    "metadata" : { }
  }, {
    "name" : "category_code",
    "type" : "string",
    "nullable" : true,
    "metadata" : { }
  }, {
    "name" : "brand",
    "type" : "string",
    "nullable" : true,
    "metadata" : { }
  }, {
    "name" : "price",
    "type" : "string",
    "nullable" : true,
    "metadata" : { }
  }, {
    "name" : "user_id",
    "type" : "string",
    "nullable" : true,
    "metadata" : { }
  }, {
    "name" : "user_session",
    "type" : "string",
    "nullable" : true,
    "metadata" : { }
  } ]
}
and corresponding Parquet message type:
message spark_schema {
  optional binary event_time (STRING);
  optional binary event_type (STRING);
  optional binary product_id (STRING);
  optional binary category_id (STRING);
  optional binary category_code (STRING);
  optional binary brand (STRING);
  optional binary price (STRING);
  optional binary user_id (STRING);
  optional binary user_session (STRING);
}

       
26/09/22 17:42:17 INFO CodecPool: Got brand-new compressor [.snappy]
26/09/22 17:42:17 INFO SparkHadoopMapRedUtil: No need to commit output of task because needsTaskCommit=false: attempt_202609221742176824448298904043468_0001_m_000007_8
26/09/22 17:42:17 INFO SparkHadoopMapRedUtil: No need to commit output of task because needsTaskCommit=false: attempt_202609221742176824448298904043468_0001_m_000004_5
26/09/22 17:42:17 INFO SparkHadoopMapRedUtil: No need to commit output of task because needsTaskCommit=false: attempt_202609221742176824448298904043468_0001_m_000003_4
26/09/22 17:42:17 INFO SparkHadoopMapRedUtil: No need to commit output of task because needsTaskCommit=false: attempt_202609221742176824448298904043468_0001_m_000006_7
26/09/22 17:42:17 INFO SparkHadoopMapRedUtil: No need to commit output of task because needsTaskCommit=false: attempt_202609221742176824448298904043468_0001_m_000001_2
26/09/22 17:42:17 INFO Executor: Finished task 3.0 in stage 1.0 (TID 4). 2748 bytes result sent to driver
26/09/22 17:42:17 INFO Executor: Finished task 7.0 in stage 1.0 (TID 8). 2748 bytes result sent to driver
26/09/22 17:42:17 INFO Executor: Finished task 4.0 in stage 1.0 (TID 5). 2748 bytes result sent to driver
26/09/22 17:42:17 INFO CodecPool: Got brand-new decompressor [.snappy]
26/09/22 17:42:17 INFO TaskSetManager: Finished task 3.0 in stage 1.0 (TID 4) in 321 ms on 398971961f28 (executor driver) (1/8)
26/09/22 17:42:17 INFO CodecPool: Got brand-new decompressor [.snappy]
26/09/22 17:42:17 INFO Executor: Finished task 6.0 in stage 1.0 (TID 7). 2748 bytes result sent to driver
26/09/22 17:42:17 INFO TaskSetManager: Finished task 4.0 in stage 1.0 (TID 5) in 331 ms on 398971961f28 (executor driver) (2/8)
26/09/22 17:42:17 INFO TaskSetManager: Finished task 6.0 in stage 1.0 (TID 7) in 332 ms on 398971961f28 (executor driver) (3/8)
26/09/22 17:42:17 INFO TaskSetManager: Finished task 7.0 in stage 1.0 (TID 8) in 385 ms on 398971961f28 (executor driver) (4/8)
26/09/22 17:42:17 INFO Executor: Finished task 1.0 in stage 1.0 (TID 2). 2748 bytes result sent to driver
26/09/22 17:42:17 INFO TaskSetManager: Finished task 1.0 in stage 1.0 (TID 2) in 395 ms on 398971961f28 (executor driver) (5/8)
26/09/22 17:42:17 INFO FileScanRDD: Reading File path: file:///opt/airflow/data/lake/raw/events/2019-Oct/event_date=2019-10-02/part-00001-e6dbecb7-a75e-4a1e-be16-8089c329fa2c.c000.snappy.parquet, range: 0-6058108, partition values: [empty row]
26/09/22 17:42:17 INFO CodecConfig: Compression: SNAPPY
26/09/22 17:42:17 INFO CodecConfig: Compression: SNAPPY
26/09/22 17:42:17 INFO ParquetOutputFormat: ParquetRecordWriter [block size: 134217728b, row group padding size: 8388608b, validating: false]
26/09/22 17:42:17 INFO CodecConfig: Compression: SNAPPY
26/09/22 17:42:17 INFO CodecConfig: Compression: SNAPPY
26/09/22 17:42:17 INFO ParquetWriteSupport: Initialized Parquet WriteSupport with Catalyst schema:
{
  "type" : "struct",
  "fields" : [ {
    "name" : "event_time",
    "type" : "string",
    "nullable" : true,
    "metadata" : { }
  }, {
    "name" : "event_type",
    "type" : "string",
    "nullable" : true,
    "metadata" : { }
  }, {
    "name" : "product_id",
    "type" : "string",
    "nullable" : true,
    "metadata" : { }
  }, {
    "name" : "category_id",
    "type" : "string",
    "nullable" : true,
    "metadata" : { }
  }, {
    "name" : "category_code",
    "type" : "string",
    "nullable" : true,
    "metadata" : { }
  }, {
    "name" : "brand",
    "type" : "string",
    "nullable" : true,
    "metadata" : { }
  }, {
    "name" : "price",
    "type" : "string",
    "nullable" : true,
    "metadata" : { }
  }, {
    "name" : "user_id",
    "type" : "string",
    "nullable" : true,
    "metadata" : { }
  }, {
    "name" : "user_session",
    "type" : "string",
    "nullable" : true,
    "metadata" : { }
  } ]
}
and corresponding Parquet message type:
message spark_schema {
  optional binary event_time (STRING);
  optional binary event_type (STRING);
  optional binary product_id (STRING);
  optional binary category_id (STRING);
  optional binary category_code (STRING);
  optional binary brand (STRING);
  optional binary price (STRING);
  optional binary user_id (STRING);
  optional binary user_session (STRING);
}

       
26/09/22 17:42:17 INFO ParquetOutputFormat: ParquetRecordWriter [block size: 134217728b, row group padding size: 8388608b, validating: false]
26/09/22 17:42:17 INFO ParquetWriteSupport: Initialized Parquet WriteSupport with Catalyst schema:
{
  "type" : "struct",
  "fields" : [ {
    "name" : "event_time",
    "type" : "string",
    "nullable" : true,
    "metadata" : { }
  }, {
    "name" : "event_type",
    "type" : "string",
    "nullable" : true,
    "metadata" : { }
  }, {
    "name" : "product_id",
    "type" : "string",
    "nullable" : true,
    "metadata" : { }
  }, {
    "name" : "category_id",
    "type" : "string",
    "nullable" : true,
    "metadata" : { }
  }, {
    "name" : "category_code",
    "type" : "string",
    "nullable" : true,
    "metadata" : { }
  }, {
    "name" : "brand",
    "type" : "string",
    "nullable" : true,
    "metadata" : { }
  }, {
    "name" : "price",
    "type" : "string",
    "nullable" : true,
    "metadata" : { }
  }, {
    "name" : "user_id",
    "type" : "string",
    "nullable" : true,
    "metadata" : { }
  }, {
    "name" : "user_session",
    "type" : "string",
    "nullable" : true,
    "metadata" : { }
  } ]
}
and corresponding Parquet message type:
message spark_schema {
  optional binary event_time (STRING);
  optional binary event_type (STRING);
  optional binary product_id (STRING);
  optional binary category_id (STRING);
  optional binary category_code (STRING);
  optional binary brand (STRING);
  optional binary price (STRING);
  optional binary user_id (STRING);
  optional binary user_session (STRING);
}

       
26/09/22 17:42:17 INFO FileOutputCommitter: Saved output of task 'attempt_202609221742176824448298904043468_0001_m_000000_1' to file:/opt/airflow/data/lake/rejected/events/2019-10-02/_temporary/0/task_202609221742176824448298904043468_0001_m_000000
26/09/22 17:42:17 INFO SparkHadoopMapRedUtil: attempt_202609221742176824448298904043468_0001_m_000000_1: Committed. Elapsed time: 1 ms.
26/09/22 17:42:17 INFO Executor: Finished task 0.0 in stage 1.0 (TID 1). 2791 bytes result sent to driver
26/09/22 17:42:17 INFO TaskSetManager: Finished task 0.0 in stage 1.0 (TID 1) in 593 ms on 398971961f28 (executor driver) (6/8)
26/09/22 17:42:17 INFO CodecPool: Got brand-new compressor [.snappy]
26/09/22 17:42:18 INFO FileOutputCommitter: Saved output of task 'attempt_202609221742176824448298904043468_0001_m_000005_6' to file:/opt/airflow/data/lake/rejected/events/2019-10-02/_temporary/0/task_202609221742176824448298904043468_0001_m_000005
26/09/22 17:42:18 INFO SparkHadoopMapRedUtil: attempt_202609221742176824448298904043468_0001_m_000005_6: Committed. Elapsed time: 0 ms.
26/09/22 17:42:18 INFO Executor: Finished task 5.0 in stage 1.0 (TID 6). 2834 bytes result sent to driver
26/09/22 17:42:18 INFO TaskSetManager: Finished task 5.0 in stage 1.0 (TID 6) in 1186 ms on 398971961f28 (executor driver) (7/8)
26/09/22 17:42:18 INFO FileOutputCommitter: Saved output of task 'attempt_202609221742176824448298904043468_0001_m_000002_3' to file:/opt/airflow/data/lake/rejected/events/2019-10-02/_temporary/0/task_202609221742176824448298904043468_0001_m_000002
26/09/22 17:42:18 INFO SparkHadoopMapRedUtil: attempt_202609221742176824448298904043468_0001_m_000002_3: Committed. Elapsed time: 1 ms.
26/09/22 17:42:18 INFO Executor: Finished task 2.0 in stage 1.0 (TID 3). 2834 bytes result sent to driver
26/09/22 17:42:18 INFO TaskSetManager: Finished task 2.0 in stage 1.0 (TID 3) in 1303 ms on 398971961f28 (executor driver) (8/8)
26/09/22 17:42:18 INFO TaskSchedulerImpl: Removed TaskSet 1.0, whose tasks have all completed, from pool 
26/09/22 17:42:18 INFO DAGScheduler: ResultStage 1 (parquet at NativeMethodAccessorImpl.java:0) finished in 1.400 s
26/09/22 17:42:18 INFO DAGScheduler: Job 1 is finished. Cancelling potential speculative or zombie tasks for this job
26/09/22 17:42:18 INFO TaskSchedulerImpl: Killing all running tasks in stage 1: Stage finished
26/09/22 17:42:18 INFO DAGScheduler: Job 1 finished: parquet at NativeMethodAccessorImpl.java:0, took 1.409228 s
26/09/22 17:42:18 INFO FileFormatWriter: Start to commit write Job a5f7c4e5-0df2-4783-a4e2-46a2f28f09ae.
26/09/22 17:42:18 INFO FileFormatWriter: Write Job a5f7c4e5-0df2-4783-a4e2-46a2f28f09ae committed. Elapsed time: 16 ms.
26/09/22 17:42:18 INFO FileFormatWriter: Finished processing stats for write job a5f7c4e5-0df2-4783-a4e2-46a2f28f09ae.
26/09/22 17:42:19 INFO SparkContext: Invoking stop() from shutdown hook
26/09/22 17:42:19 INFO SparkContext: SparkContext is stopping with exitCode 0.
26/09/22 17:42:19 INFO SparkUI: Stopped Spark web UI at http://398971961f28:4040
26/09/22 17:42:19 INFO MapOutputTrackerMasterEndpoint: MapOutputTrackerMasterEndpoint stopped!
26/09/22 17:42:19 INFO MemoryStore: MemoryStore cleared
26/09/22 17:42:19 INFO BlockManager: BlockManager stopped
26/09/22 17:42:19 INFO BlockManagerMaster: BlockManagerMaster stopped
26/09/22 17:42:19 INFO OutputCommitCoordinator$OutputCommitCoordinatorEndpoint: OutputCommitCoordinator stopped!
26/09/22 17:42:19 INFO SparkContext: Successfully stopped SparkContext
26/09/22 17:42:19 INFO ShutdownHookManager: Shutdown hook called
26/09/22 17:42:19 INFO ShutdownHookManager: Deleting directory /tmp/spark-7133e92a-5acd-4f9e-b139-ec0c8eddfbd2
26/09/22 17:42:19 INFO ShutdownHookManager: Deleting directory /tmp/spark-7133e92a-5acd-4f9e-b139-ec0c8eddfbd2/pyspark-eaa34d74-4252-42c8-b023-491dbaf357c6
26/09/22 17:42:19 INFO ShutdownHookManager: Deleting directory /tmp/spark-1cf1b861-8bb3-4b41-9dad-15f530a87828

[2026-09-22T17:42:19.240+0000] {taskinstance.py:441} INFO - ::group::Post task execution logs
[2026-09-22T17:42:19.240+0000] {taskinstance.py:2905} ERROR - Task failed with exception
Traceback (most recent call last):
  File "/home/airflow/.local/lib/python3.11/site-packages/airflow/models/taskinstance.py", line 465, in _execute_task
    result = _execute_callable(context=context, **execute_callable_kwargs)
             ^^^^^^^^^^^^^^^^^^^^^^^^^^^^^^^^^^^^^^^^^^^^^^^^^^^^^^^^^^^^^
  File "/home/airflow/.local/lib/python3.11/site-packages/airflow/models/taskinstance.py", line 432, in _execute_callable
    return execute_callable(context=context, **execute_callable_kwargs)
           ^^^^^^^^^^^^^^^^^^^^^^^^^^^^^^^^^^^^^^^^^^^^^^^^^^^^^^^^^^^^
  File "/home/airflow/.local/lib/python3.11/site-packages/airflow/models/baseoperator.py", line 401, in wrapper
    return func(self, *args, **kwargs)
           ^^^^^^^^^^^^^^^^^^^^^^^^^^^
  File "/home/airflow/.local/lib/python3.11/site-packages/airflow/decorators/base.py", line 265, in execute
    return_value = super().execute(context)
                   ^^^^^^^^^^^^^^^^^^^^^^^^
  File "/home/airflow/.local/lib/python3.11/site-packages/airflow/models/baseoperator.py", line 401, in wrapper
    return func(self, *args, **kwargs)
           ^^^^^^^^^^^^^^^^^^^^^^^^^^^
  File "/home/airflow/.local/lib/python3.11/site-packages/airflow/operators/python.py", line 235, in execute
    return_value = self.execute_callable()
                   ^^^^^^^^^^^^^^^^^^^^^^^
  File "/home/airflow/.local/lib/python3.11/site-packages/airflow/operators/python.py", line 252, in execute_callable
    return self.python_callable(*self.op_args, **self.op_kwargs)
           ^^^^^^^^^^^^^^^^^^^^^^^^^^^^^^^^^^^^^^^^^^^^^^^^^^^^^
  File "/opt/airflow/dags/etl.py", line 79, in extract
    raise e
  File "/opt/airflow/dags/etl.py", line 70, in extract
    script_run = subprocess.run([
                 ^^^^^^^^^^^^^^^^
  File "/usr/local/lib/python3.11/subprocess.py", line 571, in run
    raise CalledProcessError(retcode, process.args,
subprocess.CalledProcessError: Command '['spark-submit', '--packages', 'org.postgresql:postgresql:42.6.0', '/opt/airflow/dags/daily_etl.py', '2019-10-02']' returned non-zero exit status 1.
[2026-09-22T17:42:19.246+0000] {taskinstance.py:1206} INFO - Marking task as UP_FOR_RETRY. dag_id=ecommerce_data, task_id=extract, run_id=scheduled__2019-10-02T00:00:00+00:00, execution_date=20191002T000000, start_date=20260922T174209, end_date=20260922T174219
[2026-09-22T17:42:19.254+0000] {standard_task_runner.py:110} ERROR - Failed to execute job 62 for task extract (Command '['spark-submit', '--packages', 'org.postgresql:postgresql:42.6.0', '/opt/airflow/dags/daily_etl.py', '2019-10-02']' returned non-zero exit status 1.; 6707)
[2026-09-22T17:42:19.268+0000] {local_task_job_runner.py:240} INFO - Task exited with return code 1
[2026-09-22T17:42:19.283+0000] {taskinstance.py:3503} INFO - 0 downstream tasks scheduled from follow-on schedule check
[2026-09-22T17:42:19.283+0000] {local_task_job_runner.py:222} INFO - ::endgroup::
[2026-09-22T17:47:12.546+0000] {local_task_job_runner.py:120} INFO - ::group::Pre task execution logs
[2026-09-22T17:47:12.564+0000] {taskinstance.py:2076} INFO - Dependencies all met for dep_context=non-requeueable deps ti=<TaskInstance: ecommerce_data.extract scheduled__2019-10-02T00:00:00+00:00 [queued]>
[2026-09-22T17:47:12.569+0000] {taskinstance.py:2076} INFO - Dependencies all met for dep_context=requeueable deps ti=<TaskInstance: ecommerce_data.extract scheduled__2019-10-02T00:00:00+00:00 [queued]>
[2026-09-22T17:47:12.570+0000] {taskinstance.py:2306} INFO - Starting attempt 1 of 4
[2026-09-22T17:47:12.579+0000] {taskinstance.py:2330} INFO - Executing <Task(_PythonDecoratedOperator): extract> on 2019-10-02 00:00:00+00:00
[2026-09-22T17:47:12.585+0000] {standard_task_runner.py:63} INFO - Started process 7296 to run task
[2026-09-22T17:47:12.588+0000] {standard_task_runner.py:90} INFO - Running: ['airflow', 'tasks', 'run', 'ecommerce_data', 'extract', 'scheduled__2019-10-02T00:00:00+00:00', '--job-id', '70', '--raw', '--subdir', 'DAGS_FOLDER/etl.py', '--cfg-path', '/tmp/tmpajosff7g']
[2026-09-22T17:47:12.589+0000] {standard_task_runner.py:91} INFO - Job 70: Subtask extract
[2026-09-22T17:47:12.612+0000] {task_command.py:426} INFO - Running <TaskInstance: ecommerce_data.extract scheduled__2019-10-02T00:00:00+00:00 [running]> on host 398971961f28
[2026-09-22T17:47:12.657+0000] {taskinstance.py:2648} INFO - Exporting env vars: AIRFLOW_CTX_DAG_OWNER='airflow' AIRFLOW_CTX_DAG_ID='ecommerce_data' AIRFLOW_CTX_TASK_ID='extract' AIRFLOW_CTX_EXECUTION_DATE='2019-10-02T00:00:00+00:00' AIRFLOW_CTX_TRY_NUMBER='1' AIRFLOW_CTX_DAG_RUN_ID='scheduled__2019-10-02T00:00:00+00:00'
[2026-09-22T17:47:12.658+0000] {taskinstance.py:430} INFO - ::endgroup::
[2026-09-22T17:47:12.662+0000] {base.py:84} INFO - Using connection ID 'postgres_conn_id' for task execution.
[2026-09-22T17:47:29.143+0000] {etl.py:75} INFO - :: loading settings :: url = jar:file:/home/airflow/.local/lib/python3.11/site-packages/pyspark/jars/ivy-2.5.1.jar!/org/apache/ivy/core/settings/ivysettings.xml

[2026-09-22T17:47:29.143+0000] {python.py:237} INFO - Done. Returned value was: None
[2026-09-22T17:47:29.144+0000] {taskinstance.py:441} INFO - ::group::Post task execution logs
[2026-09-22T17:47:29.149+0000] {taskinstance.py:1206} INFO - Marking task as SUCCESS. dag_id=ecommerce_data, task_id=extract, run_id=scheduled__2019-10-02T00:00:00+00:00, execution_date=20191002T000000, start_date=20260922T174712, end_date=20260922T174729
[2026-09-22T17:47:29.193+0000] {local_task_job_runner.py:240} INFO - Task exited with return code 0
[2026-09-22T17:47:29.207+0000] {taskinstance.py:3503} INFO - 0 downstream tasks scheduled from follow-on schedule check
[2026-09-22T17:47:29.208+0000] {local_task_job_runner.py:222} INFO - ::endgroup::
[2026-09-22T22:21:55.767+0000] {local_task_job_runner.py:120} INFO - ::group::Pre task execution logs
[2026-09-22T22:21:55.792+0000] {taskinstance.py:2076} INFO - Dependencies all met for dep_context=non-requeueable deps ti=<TaskInstance: ecommerce_data.extract scheduled__2019-10-02T00:00:00+00:00 [queued]>
[2026-09-22T22:21:55.802+0000] {taskinstance.py:2076} INFO - Dependencies all met for dep_context=requeueable deps ti=<TaskInstance: ecommerce_data.extract scheduled__2019-10-02T00:00:00+00:00 [queued]>
[2026-09-22T22:21:55.802+0000] {taskinstance.py:2306} INFO - Starting attempt 1 of 4
[2026-09-22T22:21:55.815+0000] {taskinstance.py:2330} INFO - Executing <Task(_PythonDecoratedOperator): extract> on 2019-10-02 00:00:00+00:00
[2026-09-22T22:21:55.822+0000] {standard_task_runner.py:63} INFO - Started process 9947 to run task
[2026-09-22T22:21:55.824+0000] {standard_task_runner.py:90} INFO - Running: ['airflow', 'tasks', 'run', 'ecommerce_data', 'extract', 'scheduled__2019-10-02T00:00:00+00:00', '--job-id', '100', '--raw', '--subdir', 'DAGS_FOLDER/etl.py', '--cfg-path', '/tmp/tmpeau656us']
[2026-09-22T22:21:55.826+0000] {standard_task_runner.py:91} INFO - Job 100: Subtask extract
[2026-09-22T22:21:55.866+0000] {task_command.py:426} INFO - Running <TaskInstance: ecommerce_data.extract scheduled__2019-10-02T00:00:00+00:00 [running]> on host 398971961f28
[2026-09-22T22:21:55.912+0000] {taskinstance.py:2648} INFO - Exporting env vars: AIRFLOW_CTX_DAG_OWNER='airflow' AIRFLOW_CTX_DAG_ID='ecommerce_data' AIRFLOW_CTX_TASK_ID='extract' AIRFLOW_CTX_EXECUTION_DATE='2019-10-02T00:00:00+00:00' AIRFLOW_CTX_TRY_NUMBER='1' AIRFLOW_CTX_DAG_RUN_ID='scheduled__2019-10-02T00:00:00+00:00'
[2026-09-22T22:21:55.912+0000] {taskinstance.py:430} INFO - ::endgroup::
[2026-09-22T22:21:55.916+0000] {base.py:84} INFO - Using connection ID 'postgres_conn_id' for task execution.
[2026-09-22T22:22:12.585+0000] {etl.py:75} INFO - :: loading settings :: url = jar:file:/home/airflow/.local/lib/python3.11/site-packages/pyspark/jars/ivy-2.5.1.jar!/org/apache/ivy/core/settings/ivysettings.xml

[2026-09-22T22:22:12.585+0000] {python.py:237} INFO - Done. Returned value was: None
[2026-09-22T22:22:12.586+0000] {taskinstance.py:441} INFO - ::group::Post task execution logs
[2026-09-22T22:22:12.589+0000] {taskinstance.py:1206} INFO - Marking task as SUCCESS. dag_id=ecommerce_data, task_id=extract, run_id=scheduled__2019-10-02T00:00:00+00:00, execution_date=20191002T000000, start_date=20260922T222155, end_date=20260922T222212
[2026-09-22T22:22:12.607+0000] {local_task_job_runner.py:240} INFO - Task exited with return code 0
[2026-09-22T22:22:12.620+0000] {taskinstance.py:3503} INFO - 0 downstream tasks scheduled from follow-on schedule check
[2026-09-22T22:22:12.621+0000] {local_task_job_runner.py:222} INFO - ::endgroup::
