[2026-09-20T16:12:31.507+0000] {processor.py:161} INFO - Started process (PID=51) to work on /opt/airflow/dags/etl.py
[2026-09-20T16:12:31.508+0000] {processor.py:830} INFO - Processing file /opt/airflow/dags/etl.py for tasks to queue
[2026-09-20T16:12:31.509+0000] {logging_mixin.py:188} INFO - [2026-09-20T16:12:31.509+0000] {dagbag.py:545} INFO - Filling up the DagBag from /opt/airflow/dags/etl.py
[2026-09-20T16:12:31.521+0000] {processor.py:840} INFO - DAG(s) 'ecommerce_data' retrieved from /opt/airflow/dags/etl.py
[2026-09-20T16:12:31.617+0000] {logging_mixin.py:188} INFO - [2026-09-20T16:12:31.617+0000] {override.py:1829} INFO - Created Permission View: can read on DAG:ecommerce_data
[2026-09-20T16:12:31.624+0000] {logging_mixin.py:188} INFO - [2026-09-20T16:12:31.624+0000] {override.py:1829} INFO - Created Permission View: can edit on DAG:ecommerce_data
[2026-09-20T16:12:31.629+0000] {logging_mixin.py:188} INFO - [2026-09-20T16:12:31.629+0000] {override.py:1829} INFO - Created Permission View: can delete on DAG:ecommerce_data
[2026-09-20T16:12:31.630+0000] {logging_mixin.py:188} INFO - [2026-09-20T16:12:31.630+0000] {dag.py:3096} INFO - Sync 1 DAGs
[2026-09-20T16:12:31.638+0000] {logging_mixin.py:188} INFO - [2026-09-20T16:12:31.637+0000] {dag.py:3118} INFO - Creating ORM DAG for ecommerce_data
[2026-09-20T16:12:31.645+0000] {logging_mixin.py:188} INFO - [2026-09-20T16:12:31.644+0000] {dag.py:3954} INFO - Setting next_dagrun for ecommerce_data to 2019-10-01 00:00:00+00:00, run_after=2019-10-02 00:00:00+00:00
[2026-09-20T16:12:31.658+0000] {processor.py:183} INFO - Processing /opt/airflow/dags/etl.py took 0.155 seconds
[2026-09-20T16:13:02.748+0000] {processor.py:161} INFO - Started process (PID=71) to work on /opt/airflow/dags/etl.py
[2026-09-20T16:13:02.749+0000] {processor.py:830} INFO - Processing file /opt/airflow/dags/etl.py for tasks to queue
[2026-09-20T16:13:02.752+0000] {logging_mixin.py:188} INFO - [2026-09-20T16:13:02.751+0000] {dagbag.py:545} INFO - Filling up the DagBag from /opt/airflow/dags/etl.py
[2026-09-20T16:13:02.768+0000] {processor.py:840} INFO - DAG(s) 'ecommerce_data' retrieved from /opt/airflow/dags/etl.py
[2026-09-20T16:13:02.803+0000] {logging_mixin.py:188} INFO - [2026-09-20T16:13:02.802+0000] {dag.py:3096} INFO - Sync 1 DAGs
[2026-09-20T16:13:02.818+0000] {logging_mixin.py:188} INFO - [2026-09-20T16:13:02.818+0000] {dag.py:3954} INFO - Setting next_dagrun for ecommerce_data to 2019-10-01 00:00:00+00:00, run_after=2019-10-02 00:00:00+00:00
[2026-09-20T16:13:02.834+0000] {processor.py:183} INFO - Processing /opt/airflow/dags/etl.py took 0.095 seconds
[2026-09-20T16:13:33.044+0000] {processor.py:161} INFO - Started process (PID=72) to work on /opt/airflow/dags/etl.py
[2026-09-20T16:13:33.047+0000] {processor.py:830} INFO - Processing file /opt/airflow/dags/etl.py for tasks to queue
[2026-09-20T16:13:33.049+0000] {logging_mixin.py:188} INFO - [2026-09-20T16:13:33.049+0000] {dagbag.py:545} INFO - Filling up the DagBag from /opt/airflow/dags/etl.py
[2026-09-20T16:13:33.068+0000] {processor.py:840} INFO - DAG(s) 'ecommerce_data' retrieved from /opt/airflow/dags/etl.py
[2026-09-20T16:13:33.090+0000] {logging_mixin.py:188} INFO - [2026-09-20T16:13:33.090+0000] {dag.py:3096} INFO - Sync 1 DAGs
[2026-09-20T16:13:33.104+0000] {logging_mixin.py:188} INFO - [2026-09-20T16:13:33.104+0000] {dag.py:3954} INFO - Setting next_dagrun for ecommerce_data to 2019-10-01 00:00:00+00:00, run_after=2019-10-02 00:00:00+00:00
[2026-09-20T16:13:33.121+0000] {processor.py:183} INFO - Processing /opt/airflow/dags/etl.py took 0.085 seconds
[2026-09-20T16:14:03.360+0000] {processor.py:161} INFO - Started process (PID=73) to work on /opt/airflow/dags/etl.py
[2026-09-20T16:14:03.361+0000] {processor.py:830} INFO - Processing file /opt/airflow/dags/etl.py for tasks to queue
[2026-09-20T16:14:03.363+0000] {logging_mixin.py:188} INFO - [2026-09-20T16:14:03.363+0000] {dagbag.py:545} INFO - Filling up the DagBag from /opt/airflow/dags/etl.py
[2026-09-20T16:14:03.380+0000] {processor.py:840} INFO - DAG(s) 'ecommerce_data' retrieved from /opt/airflow/dags/etl.py
[2026-09-20T16:14:03.413+0000] {logging_mixin.py:188} INFO - [2026-09-20T16:14:03.413+0000] {dag.py:3096} INFO - Sync 1 DAGs
[2026-09-20T16:14:03.430+0000] {logging_mixin.py:188} INFO - [2026-09-20T16:14:03.430+0000] {dag.py:3954} INFO - Setting next_dagrun for ecommerce_data to 2019-10-01 00:00:00+00:00, run_after=2019-10-02 00:00:00+00:00
[2026-09-20T16:14:03.445+0000] {processor.py:183} INFO - Processing /opt/airflow/dags/etl.py took 0.095 seconds
[2026-09-20T16:14:33.667+0000] {processor.py:161} INFO - Started process (PID=74) to work on /opt/airflow/dags/etl.py
[2026-09-20T16:14:33.668+0000] {processor.py:830} INFO - Processing file /opt/airflow/dags/etl.py for tasks to queue
[2026-09-20T16:14:33.669+0000] {logging_mixin.py:188} INFO - [2026-09-20T16:14:33.669+0000] {dagbag.py:545} INFO - Filling up the DagBag from /opt/airflow/dags/etl.py
[2026-09-20T16:14:33.678+0000] {processor.py:840} INFO - DAG(s) 'ecommerce_data' retrieved from /opt/airflow/dags/etl.py
[2026-09-20T16:14:33.697+0000] {logging_mixin.py:188} INFO - [2026-09-20T16:14:33.697+0000] {dag.py:3096} INFO - Sync 1 DAGs
[2026-09-20T16:14:33.713+0000] {logging_mixin.py:188} INFO - [2026-09-20T16:14:33.713+0000] {dag.py:3954} INFO - Setting next_dagrun for ecommerce_data to 2019-10-01 00:00:00+00:00, run_after=2019-10-02 00:00:00+00:00
[2026-09-20T16:14:33.730+0000] {processor.py:183} INFO - Processing /opt/airflow/dags/etl.py took 0.068 seconds
[2026-09-20T16:15:04.005+0000] {processor.py:161} INFO - Started process (PID=75) to work on /opt/airflow/dags/etl.py
[2026-09-20T16:15:04.007+0000] {processor.py:830} INFO - Processing file /opt/airflow/dags/etl.py for tasks to queue
[2026-09-20T16:15:04.010+0000] {logging_mixin.py:188} INFO - [2026-09-20T16:15:04.009+0000] {dagbag.py:545} INFO - Filling up the DagBag from /opt/airflow/dags/etl.py
[2026-09-20T16:15:04.027+0000] {processor.py:840} INFO - DAG(s) 'ecommerce_data' retrieved from /opt/airflow/dags/etl.py
[2026-09-20T16:15:04.061+0000] {logging_mixin.py:188} INFO - [2026-09-20T16:15:04.061+0000] {dag.py:3096} INFO - Sync 1 DAGs
[2026-09-20T16:15:04.076+0000] {logging_mixin.py:188} INFO - [2026-09-20T16:15:04.076+0000] {dag.py:3954} INFO - Setting next_dagrun for ecommerce_data to 2019-10-01 00:00:00+00:00, run_after=2019-10-02 00:00:00+00:00
[2026-09-20T16:15:04.091+0000] {processor.py:183} INFO - Processing /opt/airflow/dags/etl.py took 0.095 seconds
[2026-09-20T16:15:34.323+0000] {processor.py:161} INFO - Started process (PID=76) to work on /opt/airflow/dags/etl.py
[2026-09-20T16:15:34.326+0000] {processor.py:830} INFO - Processing file /opt/airflow/dags/etl.py for tasks to queue
[2026-09-20T16:15:34.328+0000] {logging_mixin.py:188} INFO - [2026-09-20T16:15:34.328+0000] {dagbag.py:545} INFO - Filling up the DagBag from /opt/airflow/dags/etl.py
[2026-09-20T16:15:34.346+0000] {processor.py:840} INFO - DAG(s) 'ecommerce_data' retrieved from /opt/airflow/dags/etl.py
[2026-09-20T16:15:34.379+0000] {logging_mixin.py:188} INFO - [2026-09-20T16:15:34.379+0000] {dag.py:3096} INFO - Sync 1 DAGs
[2026-09-20T16:15:34.395+0000] {logging_mixin.py:188} INFO - [2026-09-20T16:15:34.394+0000] {dag.py:3954} INFO - Setting next_dagrun for ecommerce_data to 2019-10-01 00:00:00+00:00, run_after=2019-10-02 00:00:00+00:00
[2026-09-20T16:15:34.410+0000] {processor.py:183} INFO - Processing /opt/airflow/dags/etl.py took 0.095 seconds
[2026-09-20T16:16:04.659+0000] {processor.py:161} INFO - Started process (PID=77) to work on /opt/airflow/dags/etl.py
[2026-09-20T16:16:04.659+0000] {processor.py:830} INFO - Processing file /opt/airflow/dags/etl.py for tasks to queue
[2026-09-20T16:16:04.661+0000] {logging_mixin.py:188} INFO - [2026-09-20T16:16:04.661+0000] {dagbag.py:545} INFO - Filling up the DagBag from /opt/airflow/dags/etl.py
[2026-09-20T16:16:04.673+0000] {processor.py:840} INFO - DAG(s) 'ecommerce_data' retrieved from /opt/airflow/dags/etl.py
[2026-09-20T16:16:04.694+0000] {logging_mixin.py:188} INFO - [2026-09-20T16:16:04.694+0000] {dag.py:3096} INFO - Sync 1 DAGs
[2026-09-20T16:16:04.710+0000] {logging_mixin.py:188} INFO - [2026-09-20T16:16:04.710+0000] {dag.py:3954} INFO - Setting next_dagrun for ecommerce_data to 2019-10-01 00:00:00+00:00, run_after=2019-10-02 00:00:00+00:00
[2026-09-20T16:16:04.728+0000] {processor.py:183} INFO - Processing /opt/airflow/dags/etl.py took 0.075 seconds
[2026-09-20T16:16:34.997+0000] {processor.py:161} INFO - Started process (PID=78) to work on /opt/airflow/dags/etl.py
[2026-09-20T16:16:35.000+0000] {processor.py:830} INFO - Processing file /opt/airflow/dags/etl.py for tasks to queue
[2026-09-20T16:16:35.002+0000] {logging_mixin.py:188} INFO - [2026-09-20T16:16:35.002+0000] {dagbag.py:545} INFO - Filling up the DagBag from /opt/airflow/dags/etl.py
[2026-09-20T16:16:35.014+0000] {processor.py:840} INFO - DAG(s) 'ecommerce_data' retrieved from /opt/airflow/dags/etl.py
[2026-09-20T16:16:35.033+0000] {logging_mixin.py:188} INFO - [2026-09-20T16:16:35.033+0000] {dag.py:3096} INFO - Sync 1 DAGs
[2026-09-20T16:16:35.047+0000] {logging_mixin.py:188} INFO - [2026-09-20T16:16:35.047+0000] {dag.py:3954} INFO - Setting next_dagrun for ecommerce_data to 2019-10-01 00:00:00+00:00, run_after=2019-10-02 00:00:00+00:00
[2026-09-20T16:16:35.063+0000] {processor.py:183} INFO - Processing /opt/airflow/dags/etl.py took 0.076 seconds
[2026-09-20T16:17:05.310+0000] {processor.py:161} INFO - Started process (PID=79) to work on /opt/airflow/dags/etl.py
[2026-09-20T16:17:05.312+0000] {processor.py:830} INFO - Processing file /opt/airflow/dags/etl.py for tasks to queue
[2026-09-20T16:17:05.314+0000] {logging_mixin.py:188} INFO - [2026-09-20T16:17:05.314+0000] {dagbag.py:545} INFO - Filling up the DagBag from /opt/airflow/dags/etl.py
[2026-09-20T16:17:05.332+0000] {processor.py:840} INFO - DAG(s) 'ecommerce_data' retrieved from /opt/airflow/dags/etl.py
[2026-09-20T16:17:05.365+0000] {logging_mixin.py:188} INFO - [2026-09-20T16:17:05.365+0000] {dag.py:3096} INFO - Sync 1 DAGs
[2026-09-20T16:17:05.380+0000] {logging_mixin.py:188} INFO - [2026-09-20T16:17:05.380+0000] {dag.py:3954} INFO - Setting next_dagrun for ecommerce_data to 2019-10-01 00:00:00+00:00, run_after=2019-10-02 00:00:00+00:00
[2026-09-20T16:17:05.397+0000] {processor.py:183} INFO - Processing /opt/airflow/dags/etl.py took 0.096 seconds
[2026-09-20T16:17:35.616+0000] {processor.py:161} INFO - Started process (PID=80) to work on /opt/airflow/dags/etl.py
[2026-09-20T16:17:35.620+0000] {processor.py:830} INFO - Processing file /opt/airflow/dags/etl.py for tasks to queue
[2026-09-20T16:17:35.622+0000] {logging_mixin.py:188} INFO - [2026-09-20T16:17:35.622+0000] {dagbag.py:545} INFO - Filling up the DagBag from /opt/airflow/dags/etl.py
[2026-09-20T16:17:35.643+0000] {processor.py:840} INFO - DAG(s) 'ecommerce_data' retrieved from /opt/airflow/dags/etl.py
[2026-09-20T16:17:35.679+0000] {logging_mixin.py:188} INFO - [2026-09-20T16:17:35.678+0000] {dag.py:3096} INFO - Sync 1 DAGs
[2026-09-20T16:17:35.710+0000] {logging_mixin.py:188} INFO - [2026-09-20T16:17:35.710+0000] {dag.py:3954} INFO - Setting next_dagrun for ecommerce_data to 2019-10-01 00:00:00+00:00, run_after=2019-10-02 00:00:00+00:00
[2026-09-20T16:17:35.732+0000] {processor.py:183} INFO - Processing /opt/airflow/dags/etl.py took 0.125 seconds
[2026-09-20T16:18:05.945+0000] {processor.py:161} INFO - Started process (PID=81) to work on /opt/airflow/dags/etl.py
[2026-09-20T16:18:05.947+0000] {processor.py:830} INFO - Processing file /opt/airflow/dags/etl.py for tasks to queue
[2026-09-20T16:18:05.949+0000] {logging_mixin.py:188} INFO - [2026-09-20T16:18:05.949+0000] {dagbag.py:545} INFO - Filling up the DagBag from /opt/airflow/dags/etl.py
[2026-09-20T16:18:05.965+0000] {processor.py:840} INFO - DAG(s) 'ecommerce_data' retrieved from /opt/airflow/dags/etl.py
[2026-09-20T16:18:06.000+0000] {logging_mixin.py:188} INFO - [2026-09-20T16:18:06.000+0000] {dag.py:3096} INFO - Sync 1 DAGs
[2026-09-20T16:18:06.015+0000] {logging_mixin.py:188} INFO - [2026-09-20T16:18:06.015+0000] {dag.py:3954} INFO - Setting next_dagrun for ecommerce_data to 2019-10-01 00:00:00+00:00, run_after=2019-10-02 00:00:00+00:00
[2026-09-20T16:18:06.136+0000] {processor.py:183} INFO - Processing /opt/airflow/dags/etl.py took 0.200 seconds
[2026-09-20T16:18:36.320+0000] {processor.py:161} INFO - Started process (PID=82) to work on /opt/airflow/dags/etl.py
[2026-09-20T16:18:36.323+0000] {processor.py:830} INFO - Processing file /opt/airflow/dags/etl.py for tasks to queue
[2026-09-20T16:18:36.326+0000] {logging_mixin.py:188} INFO - [2026-09-20T16:18:36.325+0000] {dagbag.py:545} INFO - Filling up the DagBag from /opt/airflow/dags/etl.py
[2026-09-20T16:18:36.341+0000] {processor.py:840} INFO - DAG(s) 'ecommerce_data' retrieved from /opt/airflow/dags/etl.py
[2026-09-20T16:18:36.376+0000] {logging_mixin.py:188} INFO - [2026-09-20T16:18:36.376+0000] {dag.py:3096} INFO - Sync 1 DAGs
[2026-09-20T16:18:36.507+0000] {logging_mixin.py:188} INFO - [2026-09-20T16:18:36.506+0000] {dag.py:3954} INFO - Setting next_dagrun for ecommerce_data to 2019-10-01 00:00:00+00:00, run_after=2019-10-02 00:00:00+00:00
[2026-09-20T16:18:36.522+0000] {processor.py:183} INFO - Processing /opt/airflow/dags/etl.py took 0.211 seconds
[2026-09-20T16:19:06.663+0000] {processor.py:161} INFO - Started process (PID=83) to work on /opt/airflow/dags/etl.py
[2026-09-20T16:19:06.664+0000] {processor.py:830} INFO - Processing file /opt/airflow/dags/etl.py for tasks to queue
[2026-09-20T16:19:06.667+0000] {logging_mixin.py:188} INFO - [2026-09-20T16:19:06.666+0000] {dagbag.py:545} INFO - Filling up the DagBag from /opt/airflow/dags/etl.py
[2026-09-20T16:19:06.683+0000] {processor.py:840} INFO - DAG(s) 'ecommerce_data' retrieved from /opt/airflow/dags/etl.py
[2026-09-20T16:19:06.717+0000] {logging_mixin.py:188} INFO - [2026-09-20T16:19:06.717+0000] {dag.py:3096} INFO - Sync 1 DAGs
[2026-09-20T16:19:06.841+0000] {logging_mixin.py:188} INFO - [2026-09-20T16:19:06.841+0000] {dag.py:3954} INFO - Setting next_dagrun for ecommerce_data to 2019-10-01 00:00:00+00:00, run_after=2019-10-02 00:00:00+00:00
[2026-09-20T16:19:06.855+0000] {processor.py:183} INFO - Processing /opt/airflow/dags/etl.py took 0.201 seconds
[2026-09-20T16:19:36.977+0000] {processor.py:161} INFO - Started process (PID=84) to work on /opt/airflow/dags/etl.py
[2026-09-20T16:19:36.980+0000] {processor.py:830} INFO - Processing file /opt/airflow/dags/etl.py for tasks to queue
[2026-09-20T16:19:36.984+0000] {logging_mixin.py:188} INFO - [2026-09-20T16:19:36.983+0000] {dagbag.py:545} INFO - Filling up the DagBag from /opt/airflow/dags/etl.py
[2026-09-20T16:19:37.002+0000] {processor.py:840} INFO - DAG(s) 'ecommerce_data' retrieved from /opt/airflow/dags/etl.py
[2026-09-20T16:19:37.037+0000] {logging_mixin.py:188} INFO - [2026-09-20T16:19:37.036+0000] {dag.py:3096} INFO - Sync 1 DAGs
[2026-09-20T16:19:37.163+0000] {logging_mixin.py:188} INFO - [2026-09-20T16:19:37.163+0000] {dag.py:3954} INFO - Setting next_dagrun for ecommerce_data to 2019-10-01 00:00:00+00:00, run_after=2019-10-02 00:00:00+00:00
[2026-09-20T16:19:37.177+0000] {processor.py:183} INFO - Processing /opt/airflow/dags/etl.py took 0.209 seconds
[2026-09-20T16:20:07.300+0000] {processor.py:161} INFO - Started process (PID=85) to work on /opt/airflow/dags/etl.py
[2026-09-20T16:20:07.302+0000] {processor.py:830} INFO - Processing file /opt/airflow/dags/etl.py for tasks to queue
[2026-09-20T16:20:07.304+0000] {logging_mixin.py:188} INFO - [2026-09-20T16:20:07.303+0000] {dagbag.py:545} INFO - Filling up the DagBag from /opt/airflow/dags/etl.py
[2026-09-20T16:20:07.321+0000] {processor.py:840} INFO - DAG(s) 'ecommerce_data' retrieved from /opt/airflow/dags/etl.py
[2026-09-20T16:20:07.466+0000] {logging_mixin.py:188} INFO - [2026-09-20T16:20:07.466+0000] {dag.py:3096} INFO - Sync 1 DAGs
[2026-09-20T16:20:07.478+0000] {logging_mixin.py:188} INFO - [2026-09-20T16:20:07.478+0000] {dag.py:3954} INFO - Setting next_dagrun for ecommerce_data to 2019-10-01 00:00:00+00:00, run_after=2019-10-02 00:00:00+00:00
[2026-09-20T16:20:07.493+0000] {processor.py:183} INFO - Processing /opt/airflow/dags/etl.py took 0.202 seconds
[2026-09-20T16:20:37.628+0000] {processor.py:161} INFO - Started process (PID=86) to work on /opt/airflow/dags/etl.py
[2026-09-20T16:20:37.631+0000] {processor.py:830} INFO - Processing file /opt/airflow/dags/etl.py for tasks to queue
[2026-09-20T16:20:37.634+0000] {logging_mixin.py:188} INFO - [2026-09-20T16:20:37.633+0000] {dagbag.py:545} INFO - Filling up the DagBag from /opt/airflow/dags/etl.py
[2026-09-20T16:20:37.652+0000] {processor.py:840} INFO - DAG(s) 'ecommerce_data' retrieved from /opt/airflow/dags/etl.py
[2026-09-20T16:20:37.798+0000] {logging_mixin.py:188} INFO - [2026-09-20T16:20:37.798+0000] {dag.py:3096} INFO - Sync 1 DAGs
[2026-09-20T16:20:37.810+0000] {logging_mixin.py:188} INFO - [2026-09-20T16:20:37.810+0000] {dag.py:3954} INFO - Setting next_dagrun for ecommerce_data to 2019-10-01 00:00:00+00:00, run_after=2019-10-02 00:00:00+00:00
[2026-09-20T16:20:37.825+0000] {processor.py:183} INFO - Processing /opt/airflow/dags/etl.py took 0.206 seconds
[2026-09-20T16:21:08.073+0000] {processor.py:161} INFO - Started process (PID=87) to work on /opt/airflow/dags/etl.py
[2026-09-20T16:21:08.074+0000] {processor.py:830} INFO - Processing file /opt/airflow/dags/etl.py for tasks to queue
[2026-09-20T16:21:08.075+0000] {logging_mixin.py:188} INFO - [2026-09-20T16:21:08.075+0000] {dagbag.py:545} INFO - Filling up the DagBag from /opt/airflow/dags/etl.py
[2026-09-20T16:21:08.085+0000] {processor.py:840} INFO - DAG(s) 'ecommerce_data' retrieved from /opt/airflow/dags/etl.py
[2026-09-20T16:21:08.120+0000] {logging_mixin.py:188} INFO - [2026-09-20T16:21:08.120+0000] {dag.py:3096} INFO - Sync 1 DAGs
[2026-09-20T16:21:08.140+0000] {logging_mixin.py:188} INFO - [2026-09-20T16:21:08.140+0000] {dag.py:3954} INFO - Setting next_dagrun for ecommerce_data to 2019-10-01 00:00:00+00:00, run_after=2019-10-02 00:00:00+00:00
[2026-09-20T16:21:08.156+0000] {processor.py:183} INFO - Processing /opt/airflow/dags/etl.py took 0.087 seconds
[2026-09-20T16:21:38.269+0000] {processor.py:161} INFO - Started process (PID=88) to work on /opt/airflow/dags/etl.py
[2026-09-20T16:21:38.272+0000] {processor.py:830} INFO - Processing file /opt/airflow/dags/etl.py for tasks to queue
[2026-09-20T16:21:38.275+0000] {logging_mixin.py:188} INFO - [2026-09-20T16:21:38.274+0000] {dagbag.py:545} INFO - Filling up the DagBag from /opt/airflow/dags/etl.py
[2026-09-20T16:21:38.292+0000] {processor.py:840} INFO - DAG(s) 'ecommerce_data' retrieved from /opt/airflow/dags/etl.py
[2026-09-20T16:21:38.325+0000] {logging_mixin.py:188} INFO - [2026-09-20T16:21:38.325+0000] {dag.py:3096} INFO - Sync 1 DAGs
[2026-09-20T16:21:38.341+0000] {logging_mixin.py:188} INFO - [2026-09-20T16:21:38.341+0000] {dag.py:3954} INFO - Setting next_dagrun for ecommerce_data to 2019-10-01 00:00:00+00:00, run_after=2019-10-02 00:00:00+00:00
[2026-09-20T16:21:38.358+0000] {processor.py:183} INFO - Processing /opt/airflow/dags/etl.py took 0.098 seconds
[2026-09-20T16:22:08.553+0000] {processor.py:161} INFO - Started process (PID=89) to work on /opt/airflow/dags/etl.py
[2026-09-20T16:22:08.554+0000] {processor.py:830} INFO - Processing file /opt/airflow/dags/etl.py for tasks to queue
[2026-09-20T16:22:08.557+0000] {logging_mixin.py:188} INFO - [2026-09-20T16:22:08.556+0000] {dagbag.py:545} INFO - Filling up the DagBag from /opt/airflow/dags/etl.py
[2026-09-20T16:22:08.573+0000] {processor.py:840} INFO - DAG(s) 'ecommerce_data' retrieved from /opt/airflow/dags/etl.py
[2026-09-20T16:22:08.608+0000] {logging_mixin.py:188} INFO - [2026-09-20T16:22:08.607+0000] {dag.py:3096} INFO - Sync 1 DAGs
[2026-09-20T16:22:08.624+0000] {logging_mixin.py:188} INFO - [2026-09-20T16:22:08.624+0000] {dag.py:3954} INFO - Setting next_dagrun for ecommerce_data to 2019-10-01 00:00:00+00:00, run_after=2019-10-02 00:00:00+00:00
[2026-09-20T16:22:08.640+0000] {processor.py:183} INFO - Processing /opt/airflow/dags/etl.py took 0.097 seconds
[2026-09-20T16:22:38.843+0000] {processor.py:161} INFO - Started process (PID=90) to work on /opt/airflow/dags/etl.py
[2026-09-20T16:22:38.846+0000] {processor.py:830} INFO - Processing file /opt/airflow/dags/etl.py for tasks to queue
[2026-09-20T16:22:38.848+0000] {logging_mixin.py:188} INFO - [2026-09-20T16:22:38.847+0000] {dagbag.py:545} INFO - Filling up the DagBag from /opt/airflow/dags/etl.py
[2026-09-20T16:22:38.857+0000] {processor.py:840} INFO - DAG(s) 'ecommerce_data' retrieved from /opt/airflow/dags/etl.py
[2026-09-20T16:22:38.886+0000] {logging_mixin.py:188} INFO - [2026-09-20T16:22:38.885+0000] {dag.py:3096} INFO - Sync 1 DAGs
[2026-09-20T16:22:38.904+0000] {logging_mixin.py:188} INFO - [2026-09-20T16:22:38.903+0000] {dag.py:3954} INFO - Setting next_dagrun for ecommerce_data to 2019-10-01 00:00:00+00:00, run_after=2019-10-02 00:00:00+00:00
[2026-09-20T16:22:38.919+0000] {processor.py:183} INFO - Processing /opt/airflow/dags/etl.py took 0.082 seconds
[2026-09-20T16:23:09.228+0000] {processor.py:161} INFO - Started process (PID=91) to work on /opt/airflow/dags/etl.py
[2026-09-20T16:23:09.232+0000] {processor.py:830} INFO - Processing file /opt/airflow/dags/etl.py for tasks to queue
[2026-09-20T16:23:09.234+0000] {logging_mixin.py:188} INFO - [2026-09-20T16:23:09.234+0000] {dagbag.py:545} INFO - Filling up the DagBag from /opt/airflow/dags/etl.py
[2026-09-20T16:23:09.251+0000] {processor.py:840} INFO - DAG(s) 'ecommerce_data' retrieved from /opt/airflow/dags/etl.py
[2026-09-20T16:23:09.283+0000] {logging_mixin.py:188} INFO - [2026-09-20T16:23:09.282+0000] {dag.py:3096} INFO - Sync 1 DAGs
[2026-09-20T16:23:09.298+0000] {logging_mixin.py:188} INFO - [2026-09-20T16:23:09.298+0000] {dag.py:3954} INFO - Setting next_dagrun for ecommerce_data to 2019-10-01 00:00:00+00:00, run_after=2019-10-02 00:00:00+00:00
[2026-09-20T16:23:09.315+0000] {processor.py:183} INFO - Processing /opt/airflow/dags/etl.py took 0.096 seconds
[2026-09-20T16:23:39.567+0000] {processor.py:161} INFO - Started process (PID=92) to work on /opt/airflow/dags/etl.py
[2026-09-20T16:23:39.568+0000] {processor.py:830} INFO - Processing file /opt/airflow/dags/etl.py for tasks to queue
[2026-09-20T16:23:39.571+0000] {logging_mixin.py:188} INFO - [2026-09-20T16:23:39.570+0000] {dagbag.py:545} INFO - Filling up the DagBag from /opt/airflow/dags/etl.py
[2026-09-20T16:23:39.588+0000] {processor.py:840} INFO - DAG(s) 'ecommerce_data' retrieved from /opt/airflow/dags/etl.py
[2026-09-20T16:23:39.622+0000] {logging_mixin.py:188} INFO - [2026-09-20T16:23:39.622+0000] {dag.py:3096} INFO - Sync 1 DAGs
[2026-09-20T16:23:39.639+0000] {logging_mixin.py:188} INFO - [2026-09-20T16:23:39.639+0000] {dag.py:3954} INFO - Setting next_dagrun for ecommerce_data to 2019-10-01 00:00:00+00:00, run_after=2019-10-02 00:00:00+00:00
[2026-09-20T16:23:39.654+0000] {processor.py:183} INFO - Processing /opt/airflow/dags/etl.py took 0.097 seconds
[2026-09-20T16:24:09.922+0000] {processor.py:161} INFO - Started process (PID=93) to work on /opt/airflow/dags/etl.py
[2026-09-20T16:24:09.925+0000] {processor.py:830} INFO - Processing file /opt/airflow/dags/etl.py for tasks to queue
[2026-09-20T16:24:09.928+0000] {logging_mixin.py:188} INFO - [2026-09-20T16:24:09.927+0000] {dagbag.py:545} INFO - Filling up the DagBag from /opt/airflow/dags/etl.py
[2026-09-20T16:24:09.946+0000] {processor.py:840} INFO - DAG(s) 'ecommerce_data' retrieved from /opt/airflow/dags/etl.py
[2026-09-20T16:24:09.978+0000] {logging_mixin.py:188} INFO - [2026-09-20T16:24:09.977+0000] {dag.py:3096} INFO - Sync 1 DAGs
[2026-09-20T16:24:09.992+0000] {logging_mixin.py:188} INFO - [2026-09-20T16:24:09.992+0000] {dag.py:3954} INFO - Setting next_dagrun for ecommerce_data to 2019-10-01 00:00:00+00:00, run_after=2019-10-02 00:00:00+00:00
[2026-09-20T16:24:10.008+0000] {processor.py:183} INFO - Processing /opt/airflow/dags/etl.py took 0.096 seconds
[2026-09-20T16:24:40.281+0000] {processor.py:161} INFO - Started process (PID=94) to work on /opt/airflow/dags/etl.py
[2026-09-20T16:24:40.283+0000] {processor.py:830} INFO - Processing file /opt/airflow/dags/etl.py for tasks to queue
[2026-09-20T16:24:40.286+0000] {logging_mixin.py:188} INFO - [2026-09-20T16:24:40.285+0000] {dagbag.py:545} INFO - Filling up the DagBag from /opt/airflow/dags/etl.py
[2026-09-20T16:24:40.307+0000] {processor.py:840} INFO - DAG(s) 'ecommerce_data' retrieved from /opt/airflow/dags/etl.py
[2026-09-20T16:24:40.339+0000] {logging_mixin.py:188} INFO - [2026-09-20T16:24:40.339+0000] {dag.py:3096} INFO - Sync 1 DAGs
[2026-09-20T16:24:40.356+0000] {logging_mixin.py:188} INFO - [2026-09-20T16:24:40.356+0000] {dag.py:3954} INFO - Setting next_dagrun for ecommerce_data to 2019-10-01 00:00:00+00:00, run_after=2019-10-02 00:00:00+00:00
[2026-09-20T16:24:40.371+0000] {processor.py:183} INFO - Processing /opt/airflow/dags/etl.py took 0.100 seconds
[2026-09-20T16:25:10.623+0000] {processor.py:161} INFO - Started process (PID=95) to work on /opt/airflow/dags/etl.py
[2026-09-20T16:25:10.625+0000] {processor.py:830} INFO - Processing file /opt/airflow/dags/etl.py for tasks to queue
[2026-09-20T16:25:10.629+0000] {logging_mixin.py:188} INFO - [2026-09-20T16:25:10.629+0000] {dagbag.py:545} INFO - Filling up the DagBag from /opt/airflow/dags/etl.py
[2026-09-20T16:25:10.646+0000] {processor.py:840} INFO - DAG(s) 'ecommerce_data' retrieved from /opt/airflow/dags/etl.py
[2026-09-20T16:25:10.675+0000] {logging_mixin.py:188} INFO - [2026-09-20T16:25:10.675+0000] {dag.py:3096} INFO - Sync 1 DAGs
[2026-09-20T16:25:10.690+0000] {logging_mixin.py:188} INFO - [2026-09-20T16:25:10.690+0000] {dag.py:3954} INFO - Setting next_dagrun for ecommerce_data to 2019-10-01 00:00:00+00:00, run_after=2019-10-02 00:00:00+00:00
[2026-09-20T16:25:10.706+0000] {processor.py:183} INFO - Processing /opt/airflow/dags/etl.py took 0.092 seconds
[2026-09-20T16:25:40.971+0000] {processor.py:161} INFO - Started process (PID=96) to work on /opt/airflow/dags/etl.py
[2026-09-20T16:25:40.972+0000] {processor.py:830} INFO - Processing file /opt/airflow/dags/etl.py for tasks to queue
[2026-09-20T16:25:40.975+0000] {logging_mixin.py:188} INFO - [2026-09-20T16:25:40.974+0000] {dagbag.py:545} INFO - Filling up the DagBag from /opt/airflow/dags/etl.py
[2026-09-20T16:25:40.993+0000] {processor.py:840} INFO - DAG(s) 'ecommerce_data' retrieved from /opt/airflow/dags/etl.py
[2026-09-20T16:25:41.027+0000] {logging_mixin.py:188} INFO - [2026-09-20T16:25:41.027+0000] {dag.py:3096} INFO - Sync 1 DAGs
[2026-09-20T16:25:41.042+0000] {logging_mixin.py:188} INFO - [2026-09-20T16:25:41.042+0000] {dag.py:3954} INFO - Setting next_dagrun for ecommerce_data to 2019-10-01 00:00:00+00:00, run_after=2019-10-02 00:00:00+00:00
[2026-09-20T16:25:41.058+0000] {processor.py:183} INFO - Processing /opt/airflow/dags/etl.py took 0.096 seconds
[2026-09-20T16:26:11.291+0000] {processor.py:161} INFO - Started process (PID=97) to work on /opt/airflow/dags/etl.py
[2026-09-20T16:26:11.294+0000] {processor.py:830} INFO - Processing file /opt/airflow/dags/etl.py for tasks to queue
[2026-09-20T16:26:11.297+0000] {logging_mixin.py:188} INFO - [2026-09-20T16:26:11.296+0000] {dagbag.py:545} INFO - Filling up the DagBag from /opt/airflow/dags/etl.py
[2026-09-20T16:26:11.314+0000] {processor.py:840} INFO - DAG(s) 'ecommerce_data' retrieved from /opt/airflow/dags/etl.py
[2026-09-20T16:26:11.352+0000] {logging_mixin.py:188} INFO - [2026-09-20T16:26:11.351+0000] {dag.py:3096} INFO - Sync 1 DAGs
[2026-09-20T16:26:11.366+0000] {logging_mixin.py:188} INFO - [2026-09-20T16:26:11.366+0000] {dag.py:3954} INFO - Setting next_dagrun for ecommerce_data to 2019-10-01 00:00:00+00:00, run_after=2019-10-02 00:00:00+00:00
[2026-09-20T16:26:11.382+0000] {processor.py:183} INFO - Processing /opt/airflow/dags/etl.py took 0.101 seconds
[2026-09-20T16:26:41.647+0000] {processor.py:161} INFO - Started process (PID=98) to work on /opt/airflow/dags/etl.py
[2026-09-20T16:26:41.648+0000] {processor.py:830} INFO - Processing file /opt/airflow/dags/etl.py for tasks to queue
[2026-09-20T16:26:41.651+0000] {logging_mixin.py:188} INFO - [2026-09-20T16:26:41.650+0000] {dagbag.py:545} INFO - Filling up the DagBag from /opt/airflow/dags/etl.py
[2026-09-20T16:26:41.669+0000] {processor.py:840} INFO - DAG(s) 'ecommerce_data' retrieved from /opt/airflow/dags/etl.py
[2026-09-20T16:26:41.704+0000] {logging_mixin.py:188} INFO - [2026-09-20T16:26:41.704+0000] {dag.py:3096} INFO - Sync 1 DAGs
[2026-09-20T16:26:41.720+0000] {logging_mixin.py:188} INFO - [2026-09-20T16:26:41.720+0000] {dag.py:3954} INFO - Setting next_dagrun for ecommerce_data to 2019-10-01 00:00:00+00:00, run_after=2019-10-02 00:00:00+00:00
[2026-09-20T16:26:41.735+0000] {processor.py:183} INFO - Processing /opt/airflow/dags/etl.py took 0.098 seconds
[2026-09-20T16:27:11.998+0000] {processor.py:161} INFO - Started process (PID=99) to work on /opt/airflow/dags/etl.py
[2026-09-20T16:27:12.001+0000] {processor.py:830} INFO - Processing file /opt/airflow/dags/etl.py for tasks to queue
[2026-09-20T16:27:12.004+0000] {logging_mixin.py:188} INFO - [2026-09-20T16:27:12.003+0000] {dagbag.py:545} INFO - Filling up the DagBag from /opt/airflow/dags/etl.py
[2026-09-20T16:27:12.021+0000] {processor.py:840} INFO - DAG(s) 'ecommerce_data' retrieved from /opt/airflow/dags/etl.py
[2026-09-20T16:27:12.054+0000] {logging_mixin.py:188} INFO - [2026-09-20T16:27:12.053+0000] {dag.py:3096} INFO - Sync 1 DAGs
[2026-09-20T16:27:12.070+0000] {logging_mixin.py:188} INFO - [2026-09-20T16:27:12.070+0000] {dag.py:3954} INFO - Setting next_dagrun for ecommerce_data to 2019-10-01 00:00:00+00:00, run_after=2019-10-02 00:00:00+00:00
[2026-09-20T16:27:12.085+0000] {processor.py:183} INFO - Processing /opt/airflow/dags/etl.py took 0.096 seconds
[2026-09-20T16:27:42.341+0000] {processor.py:161} INFO - Started process (PID=100) to work on /opt/airflow/dags/etl.py
[2026-09-20T16:27:42.342+0000] {processor.py:830} INFO - Processing file /opt/airflow/dags/etl.py for tasks to queue
[2026-09-20T16:27:42.345+0000] {logging_mixin.py:188} INFO - [2026-09-20T16:27:42.344+0000] {dagbag.py:545} INFO - Filling up the DagBag from /opt/airflow/dags/etl.py
[2026-09-20T16:27:42.363+0000] {processor.py:840} INFO - DAG(s) 'ecommerce_data' retrieved from /opt/airflow/dags/etl.py
[2026-09-20T16:27:42.398+0000] {logging_mixin.py:188} INFO - [2026-09-20T16:27:42.398+0000] {dag.py:3096} INFO - Sync 1 DAGs
[2026-09-20T16:27:42.413+0000] {logging_mixin.py:188} INFO - [2026-09-20T16:27:42.413+0000] {dag.py:3954} INFO - Setting next_dagrun for ecommerce_data to 2019-10-01 00:00:00+00:00, run_after=2019-10-02 00:00:00+00:00
[2026-09-20T16:27:42.427+0000] {processor.py:183} INFO - Processing /opt/airflow/dags/etl.py took 0.096 seconds
[2026-09-20T16:28:12.638+0000] {processor.py:161} INFO - Started process (PID=101) to work on /opt/airflow/dags/etl.py
[2026-09-20T16:28:12.641+0000] {processor.py:830} INFO - Processing file /opt/airflow/dags/etl.py for tasks to queue
[2026-09-20T16:28:12.644+0000] {logging_mixin.py:188} INFO - [2026-09-20T16:28:12.643+0000] {dagbag.py:545} INFO - Filling up the DagBag from /opt/airflow/dags/etl.py
[2026-09-20T16:28:12.661+0000] {processor.py:840} INFO - DAG(s) 'ecommerce_data' retrieved from /opt/airflow/dags/etl.py
[2026-09-20T16:28:12.697+0000] {logging_mixin.py:188} INFO - [2026-09-20T16:28:12.697+0000] {dag.py:3096} INFO - Sync 1 DAGs
[2026-09-20T16:28:12.712+0000] {logging_mixin.py:188} INFO - [2026-09-20T16:28:12.712+0000] {dag.py:3954} INFO - Setting next_dagrun for ecommerce_data to 2019-10-01 00:00:00+00:00, run_after=2019-10-02 00:00:00+00:00
[2026-09-20T16:28:12.727+0000] {processor.py:183} INFO - Processing /opt/airflow/dags/etl.py took 0.099 seconds
[2026-09-20T16:28:42.958+0000] {processor.py:161} INFO - Started process (PID=102) to work on /opt/airflow/dags/etl.py
[2026-09-20T16:28:42.959+0000] {processor.py:830} INFO - Processing file /opt/airflow/dags/etl.py for tasks to queue
[2026-09-20T16:28:42.962+0000] {logging_mixin.py:188} INFO - [2026-09-20T16:28:42.961+0000] {dagbag.py:545} INFO - Filling up the DagBag from /opt/airflow/dags/etl.py
[2026-09-20T16:28:42.981+0000] {processor.py:840} INFO - DAG(s) 'ecommerce_data' retrieved from /opt/airflow/dags/etl.py
[2026-09-20T16:28:43.014+0000] {logging_mixin.py:188} INFO - [2026-09-20T16:28:43.014+0000] {dag.py:3096} INFO - Sync 1 DAGs
[2026-09-20T16:28:43.029+0000] {logging_mixin.py:188} INFO - [2026-09-20T16:28:43.029+0000] {dag.py:3954} INFO - Setting next_dagrun for ecommerce_data to 2019-10-01 00:00:00+00:00, run_after=2019-10-02 00:00:00+00:00
[2026-09-20T16:28:43.044+0000] {processor.py:183} INFO - Processing /opt/airflow/dags/etl.py took 0.097 seconds
[2026-09-20T16:29:13.304+0000] {processor.py:161} INFO - Started process (PID=103) to work on /opt/airflow/dags/etl.py
[2026-09-20T16:29:13.307+0000] {processor.py:830} INFO - Processing file /opt/airflow/dags/etl.py for tasks to queue
[2026-09-20T16:29:13.310+0000] {logging_mixin.py:188} INFO - [2026-09-20T16:29:13.309+0000] {dagbag.py:545} INFO - Filling up the DagBag from /opt/airflow/dags/etl.py
[2026-09-20T16:29:13.327+0000] {processor.py:840} INFO - DAG(s) 'ecommerce_data' retrieved from /opt/airflow/dags/etl.py
[2026-09-20T16:29:13.361+0000] {logging_mixin.py:188} INFO - [2026-09-20T16:29:13.360+0000] {dag.py:3096} INFO - Sync 1 DAGs
[2026-09-20T16:29:13.377+0000] {logging_mixin.py:188} INFO - [2026-09-20T16:29:13.376+0000] {dag.py:3954} INFO - Setting next_dagrun for ecommerce_data to 2019-10-01 00:00:00+00:00, run_after=2019-10-02 00:00:00+00:00
[2026-09-20T16:29:13.393+0000] {processor.py:183} INFO - Processing /opt/airflow/dags/etl.py took 0.098 seconds
[2026-09-20T16:29:43.617+0000] {processor.py:161} INFO - Started process (PID=104) to work on /opt/airflow/dags/etl.py
[2026-09-20T16:29:43.619+0000] {processor.py:830} INFO - Processing file /opt/airflow/dags/etl.py for tasks to queue
[2026-09-20T16:29:43.623+0000] {logging_mixin.py:188} INFO - [2026-09-20T16:29:43.622+0000] {dagbag.py:545} INFO - Filling up the DagBag from /opt/airflow/dags/etl.py
[2026-09-20T16:29:43.639+0000] {processor.py:840} INFO - DAG(s) 'ecommerce_data' retrieved from /opt/airflow/dags/etl.py
[2026-09-20T16:29:43.671+0000] {logging_mixin.py:188} INFO - [2026-09-20T16:29:43.671+0000] {dag.py:3096} INFO - Sync 1 DAGs
[2026-09-20T16:29:43.686+0000] {logging_mixin.py:188} INFO - [2026-09-20T16:29:43.686+0000] {dag.py:3954} INFO - Setting next_dagrun for ecommerce_data to 2019-10-01 00:00:00+00:00, run_after=2019-10-02 00:00:00+00:00
[2026-09-20T16:29:43.701+0000] {processor.py:183} INFO - Processing /opt/airflow/dags/etl.py took 0.092 seconds
[2026-09-20T16:30:13.918+0000] {processor.py:161} INFO - Started process (PID=105) to work on /opt/airflow/dags/etl.py
[2026-09-20T16:30:13.921+0000] {processor.py:830} INFO - Processing file /opt/airflow/dags/etl.py for tasks to queue
[2026-09-20T16:30:13.924+0000] {logging_mixin.py:188} INFO - [2026-09-20T16:30:13.923+0000] {dagbag.py:545} INFO - Filling up the DagBag from /opt/airflow/dags/etl.py
[2026-09-20T16:30:13.941+0000] {processor.py:840} INFO - DAG(s) 'ecommerce_data' retrieved from /opt/airflow/dags/etl.py
[2026-09-20T16:30:13.974+0000] {logging_mixin.py:188} INFO - [2026-09-20T16:30:13.974+0000] {dag.py:3096} INFO - Sync 1 DAGs
[2026-09-20T16:30:13.990+0000] {logging_mixin.py:188} INFO - [2026-09-20T16:30:13.990+0000] {dag.py:3954} INFO - Setting next_dagrun for ecommerce_data to 2019-10-01 00:00:00+00:00, run_after=2019-10-02 00:00:00+00:00
[2026-09-20T16:30:14.007+0000] {processor.py:183} INFO - Processing /opt/airflow/dags/etl.py took 0.099 seconds
[2026-09-20T16:30:44.230+0000] {processor.py:161} INFO - Started process (PID=106) to work on /opt/airflow/dags/etl.py
[2026-09-20T16:30:44.231+0000] {processor.py:830} INFO - Processing file /opt/airflow/dags/etl.py for tasks to queue
[2026-09-20T16:30:44.232+0000] {logging_mixin.py:188} INFO - [2026-09-20T16:30:44.232+0000] {dagbag.py:545} INFO - Filling up the DagBag from /opt/airflow/dags/etl.py
[2026-09-20T16:30:44.243+0000] {processor.py:840} INFO - DAG(s) 'ecommerce_data' retrieved from /opt/airflow/dags/etl.py
[2026-09-20T16:30:44.269+0000] {logging_mixin.py:188} INFO - [2026-09-20T16:30:44.268+0000] {dag.py:3096} INFO - Sync 1 DAGs
[2026-09-20T16:30:44.285+0000] {logging_mixin.py:188} INFO - [2026-09-20T16:30:44.285+0000] {dag.py:3954} INFO - Setting next_dagrun for ecommerce_data to 2019-10-01 00:00:00+00:00, run_after=2019-10-02 00:00:00+00:00
[2026-09-20T16:30:44.301+0000] {processor.py:183} INFO - Processing /opt/airflow/dags/etl.py took 0.076 seconds
[2026-09-20T16:31:14.551+0000] {processor.py:161} INFO - Started process (PID=107) to work on /opt/airflow/dags/etl.py
[2026-09-20T16:31:14.554+0000] {processor.py:830} INFO - Processing file /opt/airflow/dags/etl.py for tasks to queue
[2026-09-20T16:31:14.557+0000] {logging_mixin.py:188} INFO - [2026-09-20T16:31:14.556+0000] {dagbag.py:545} INFO - Filling up the DagBag from /opt/airflow/dags/etl.py
[2026-09-20T16:31:14.574+0000] {processor.py:840} INFO - DAG(s) 'ecommerce_data' retrieved from /opt/airflow/dags/etl.py
[2026-09-20T16:31:14.607+0000] {logging_mixin.py:188} INFO - [2026-09-20T16:31:14.606+0000] {dag.py:3096} INFO - Sync 1 DAGs
[2026-09-20T16:31:14.624+0000] {logging_mixin.py:188} INFO - [2026-09-20T16:31:14.624+0000] {dag.py:3954} INFO - Setting next_dagrun for ecommerce_data to 2019-10-01 00:00:00+00:00, run_after=2019-10-02 00:00:00+00:00
[2026-09-20T16:31:14.639+0000] {processor.py:183} INFO - Processing /opt/airflow/dags/etl.py took 0.099 seconds
[2026-09-20T16:31:44.823+0000] {processor.py:161} INFO - Started process (PID=108) to work on /opt/airflow/dags/etl.py
[2026-09-20T16:31:44.826+0000] {processor.py:830} INFO - Processing file /opt/airflow/dags/etl.py for tasks to queue
[2026-09-20T16:31:44.829+0000] {logging_mixin.py:188} INFO - [2026-09-20T16:31:44.828+0000] {dagbag.py:545} INFO - Filling up the DagBag from /opt/airflow/dags/etl.py
[2026-09-20T16:31:44.846+0000] {processor.py:840} INFO - DAG(s) 'ecommerce_data' retrieved from /opt/airflow/dags/etl.py
[2026-09-20T16:31:44.876+0000] {logging_mixin.py:188} INFO - [2026-09-20T16:31:44.876+0000] {dag.py:3096} INFO - Sync 1 DAGs
[2026-09-20T16:31:44.891+0000] {logging_mixin.py:188} INFO - [2026-09-20T16:31:44.891+0000] {dag.py:3954} INFO - Setting next_dagrun for ecommerce_data to 2019-10-01 00:00:00+00:00, run_after=2019-10-02 00:00:00+00:00
[2026-09-20T16:31:44.908+0000] {processor.py:183} INFO - Processing /opt/airflow/dags/etl.py took 0.094 seconds
[2026-09-20T16:32:15.146+0000] {processor.py:161} INFO - Started process (PID=109) to work on /opt/airflow/dags/etl.py
[2026-09-20T16:32:15.146+0000] {processor.py:830} INFO - Processing file /opt/airflow/dags/etl.py for tasks to queue
[2026-09-20T16:32:15.148+0000] {logging_mixin.py:188} INFO - [2026-09-20T16:32:15.148+0000] {dagbag.py:545} INFO - Filling up the DagBag from /opt/airflow/dags/etl.py
[2026-09-20T16:32:15.157+0000] {processor.py:840} INFO - DAG(s) 'ecommerce_data' retrieved from /opt/airflow/dags/etl.py
[2026-09-20T16:32:15.179+0000] {logging_mixin.py:188} INFO - [2026-09-20T16:32:15.178+0000] {dag.py:3096} INFO - Sync 1 DAGs
[2026-09-20T16:32:15.194+0000] {logging_mixin.py:188} INFO - [2026-09-20T16:32:15.194+0000] {dag.py:3954} INFO - Setting next_dagrun for ecommerce_data to 2019-10-01 00:00:00+00:00, run_after=2019-10-02 00:00:00+00:00
[2026-09-20T16:32:15.210+0000] {processor.py:183} INFO - Processing /opt/airflow/dags/etl.py took 0.069 seconds
[2026-09-20T16:32:45.468+0000] {processor.py:161} INFO - Started process (PID=110) to work on /opt/airflow/dags/etl.py
[2026-09-20T16:32:45.470+0000] {processor.py:830} INFO - Processing file /opt/airflow/dags/etl.py for tasks to queue
[2026-09-20T16:32:45.473+0000] {logging_mixin.py:188} INFO - [2026-09-20T16:32:45.472+0000] {dagbag.py:545} INFO - Filling up the DagBag from /opt/airflow/dags/etl.py
[2026-09-20T16:32:45.491+0000] {processor.py:840} INFO - DAG(s) 'ecommerce_data' retrieved from /opt/airflow/dags/etl.py
[2026-09-20T16:32:45.525+0000] {logging_mixin.py:188} INFO - [2026-09-20T16:32:45.524+0000] {dag.py:3096} INFO - Sync 1 DAGs
[2026-09-20T16:32:45.540+0000] {logging_mixin.py:188} INFO - [2026-09-20T16:32:45.540+0000] {dag.py:3954} INFO - Setting next_dagrun for ecommerce_data to 2019-10-01 00:00:00+00:00, run_after=2019-10-02 00:00:00+00:00
[2026-09-20T16:32:45.555+0000] {processor.py:183} INFO - Processing /opt/airflow/dags/etl.py took 0.097 seconds
[2026-09-20T16:33:15.800+0000] {processor.py:161} INFO - Started process (PID=111) to work on /opt/airflow/dags/etl.py
[2026-09-20T16:33:15.801+0000] {processor.py:830} INFO - Processing file /opt/airflow/dags/etl.py for tasks to queue
[2026-09-20T16:33:15.804+0000] {logging_mixin.py:188} INFO - [2026-09-20T16:33:15.804+0000] {dagbag.py:545} INFO - Filling up the DagBag from /opt/airflow/dags/etl.py
[2026-09-20T16:33:15.827+0000] {processor.py:840} INFO - DAG(s) 'ecommerce_data' retrieved from /opt/airflow/dags/etl.py
[2026-09-20T16:33:15.858+0000] {logging_mixin.py:188} INFO - [2026-09-20T16:33:15.858+0000] {dag.py:3096} INFO - Sync 1 DAGs
[2026-09-20T16:33:15.874+0000] {logging_mixin.py:188} INFO - [2026-09-20T16:33:15.874+0000] {dag.py:3954} INFO - Setting next_dagrun for ecommerce_data to 2019-10-01 00:00:00+00:00, run_after=2019-10-02 00:00:00+00:00
[2026-09-20T16:33:15.889+0000] {processor.py:183} INFO - Processing /opt/airflow/dags/etl.py took 0.101 seconds
[2026-09-20T16:33:46.128+0000] {processor.py:161} INFO - Started process (PID=112) to work on /opt/airflow/dags/etl.py
[2026-09-20T16:33:46.131+0000] {processor.py:830} INFO - Processing file /opt/airflow/dags/etl.py for tasks to queue
[2026-09-20T16:33:46.134+0000] {logging_mixin.py:188} INFO - [2026-09-20T16:33:46.133+0000] {dagbag.py:545} INFO - Filling up the DagBag from /opt/airflow/dags/etl.py
[2026-09-20T16:33:46.152+0000] {processor.py:840} INFO - DAG(s) 'ecommerce_data' retrieved from /opt/airflow/dags/etl.py
[2026-09-20T16:33:46.187+0000] {logging_mixin.py:188} INFO - [2026-09-20T16:33:46.187+0000] {dag.py:3096} INFO - Sync 1 DAGs
[2026-09-20T16:33:46.203+0000] {logging_mixin.py:188} INFO - [2026-09-20T16:33:46.202+0000] {dag.py:3954} INFO - Setting next_dagrun for ecommerce_data to 2019-10-01 00:00:00+00:00, run_after=2019-10-02 00:00:00+00:00
[2026-09-20T16:33:46.217+0000] {processor.py:183} INFO - Processing /opt/airflow/dags/etl.py took 0.099 seconds
[2026-09-20T16:34:16.439+0000] {processor.py:161} INFO - Started process (PID=113) to work on /opt/airflow/dags/etl.py
[2026-09-20T16:34:16.440+0000] {processor.py:830} INFO - Processing file /opt/airflow/dags/etl.py for tasks to queue
[2026-09-20T16:34:16.443+0000] {logging_mixin.py:188} INFO - [2026-09-20T16:34:16.443+0000] {dagbag.py:545} INFO - Filling up the DagBag from /opt/airflow/dags/etl.py
[2026-09-20T16:34:16.461+0000] {processor.py:840} INFO - DAG(s) 'ecommerce_data' retrieved from /opt/airflow/dags/etl.py
[2026-09-20T16:34:16.494+0000] {logging_mixin.py:188} INFO - [2026-09-20T16:34:16.494+0000] {dag.py:3096} INFO - Sync 1 DAGs
[2026-09-20T16:34:16.509+0000] {logging_mixin.py:188} INFO - [2026-09-20T16:34:16.509+0000] {dag.py:3954} INFO - Setting next_dagrun for ecommerce_data to 2019-10-01 00:00:00+00:00, run_after=2019-10-02 00:00:00+00:00
[2026-09-20T16:34:16.524+0000] {processor.py:183} INFO - Processing /opt/airflow/dags/etl.py took 0.094 seconds
[2026-09-20T16:34:46.748+0000] {processor.py:161} INFO - Started process (PID=114) to work on /opt/airflow/dags/etl.py
[2026-09-20T16:34:46.751+0000] {processor.py:830} INFO - Processing file /opt/airflow/dags/etl.py for tasks to queue
[2026-09-20T16:34:46.754+0000] {logging_mixin.py:188} INFO - [2026-09-20T16:34:46.753+0000] {dagbag.py:545} INFO - Filling up the DagBag from /opt/airflow/dags/etl.py
[2026-09-20T16:34:46.771+0000] {processor.py:840} INFO - DAG(s) 'ecommerce_data' retrieved from /opt/airflow/dags/etl.py
[2026-09-20T16:34:46.805+0000] {logging_mixin.py:188} INFO - [2026-09-20T16:34:46.805+0000] {dag.py:3096} INFO - Sync 1 DAGs
[2026-09-20T16:34:46.821+0000] {logging_mixin.py:188} INFO - [2026-09-20T16:34:46.820+0000] {dag.py:3954} INFO - Setting next_dagrun for ecommerce_data to 2019-10-01 00:00:00+00:00, run_after=2019-10-02 00:00:00+00:00
[2026-09-20T16:34:46.837+0000] {processor.py:183} INFO - Processing /opt/airflow/dags/etl.py took 0.100 seconds
[2026-09-20T16:35:17.081+0000] {processor.py:161} INFO - Started process (PID=115) to work on /opt/airflow/dags/etl.py
[2026-09-20T16:35:17.083+0000] {processor.py:830} INFO - Processing file /opt/airflow/dags/etl.py for tasks to queue
[2026-09-20T16:35:17.085+0000] {logging_mixin.py:188} INFO - [2026-09-20T16:35:17.084+0000] {dagbag.py:545} INFO - Filling up the DagBag from /opt/airflow/dags/etl.py
[2026-09-20T16:35:17.102+0000] {processor.py:840} INFO - DAG(s) 'ecommerce_data' retrieved from /opt/airflow/dags/etl.py
[2026-09-20T16:35:17.138+0000] {logging_mixin.py:188} INFO - [2026-09-20T16:35:17.137+0000] {dag.py:3096} INFO - Sync 1 DAGs
[2026-09-20T16:35:17.154+0000] {logging_mixin.py:188} INFO - [2026-09-20T16:35:17.154+0000] {dag.py:3954} INFO - Setting next_dagrun for ecommerce_data to 2019-10-01 00:00:00+00:00, run_after=2019-10-02 00:00:00+00:00
[2026-09-20T16:35:17.170+0000] {processor.py:183} INFO - Processing /opt/airflow/dags/etl.py took 0.098 seconds
[2026-09-20T16:35:47.437+0000] {processor.py:161} INFO - Started process (PID=116) to work on /opt/airflow/dags/etl.py
[2026-09-20T16:35:47.440+0000] {processor.py:830} INFO - Processing file /opt/airflow/dags/etl.py for tasks to queue
[2026-09-20T16:35:47.444+0000] {logging_mixin.py:188} INFO - [2026-09-20T16:35:47.443+0000] {dagbag.py:545} INFO - Filling up the DagBag from /opt/airflow/dags/etl.py
[2026-09-20T16:35:47.464+0000] {processor.py:840} INFO - DAG(s) 'ecommerce_data' retrieved from /opt/airflow/dags/etl.py
[2026-09-20T16:35:47.496+0000] {logging_mixin.py:188} INFO - [2026-09-20T16:35:47.496+0000] {dag.py:3096} INFO - Sync 1 DAGs
[2026-09-20T16:35:47.512+0000] {logging_mixin.py:188} INFO - [2026-09-20T16:35:47.511+0000] {dag.py:3954} INFO - Setting next_dagrun for ecommerce_data to 2019-10-01 00:00:00+00:00, run_after=2019-10-02 00:00:00+00:00
[2026-09-20T16:35:47.527+0000] {processor.py:183} INFO - Processing /opt/airflow/dags/etl.py took 0.099 seconds
[2026-09-20T16:36:17.770+0000] {processor.py:161} INFO - Started process (PID=117) to work on /opt/airflow/dags/etl.py
[2026-09-20T16:36:17.771+0000] {processor.py:830} INFO - Processing file /opt/airflow/dags/etl.py for tasks to queue
[2026-09-20T16:36:17.774+0000] {logging_mixin.py:188} INFO - [2026-09-20T16:36:17.774+0000] {dagbag.py:545} INFO - Filling up the DagBag from /opt/airflow/dags/etl.py
[2026-09-20T16:36:17.792+0000] {processor.py:840} INFO - DAG(s) 'ecommerce_data' retrieved from /opt/airflow/dags/etl.py
[2026-09-20T16:36:17.825+0000] {logging_mixin.py:188} INFO - [2026-09-20T16:36:17.824+0000] {dag.py:3096} INFO - Sync 1 DAGs
[2026-09-20T16:36:17.840+0000] {logging_mixin.py:188} INFO - [2026-09-20T16:36:17.840+0000] {dag.py:3954} INFO - Setting next_dagrun for ecommerce_data to 2019-10-01 00:00:00+00:00, run_after=2019-10-02 00:00:00+00:00
[2026-09-20T16:36:17.855+0000] {processor.py:183} INFO - Processing /opt/airflow/dags/etl.py took 0.096 seconds
[2026-09-20T16:36:48.073+0000] {processor.py:161} INFO - Started process (PID=118) to work on /opt/airflow/dags/etl.py
[2026-09-20T16:36:48.076+0000] {processor.py:830} INFO - Processing file /opt/airflow/dags/etl.py for tasks to queue
[2026-09-20T16:36:48.079+0000] {logging_mixin.py:188} INFO - [2026-09-20T16:36:48.078+0000] {dagbag.py:545} INFO - Filling up the DagBag from /opt/airflow/dags/etl.py
[2026-09-20T16:36:48.096+0000] {processor.py:840} INFO - DAG(s) 'ecommerce_data' retrieved from /opt/airflow/dags/etl.py
[2026-09-20T16:36:48.133+0000] {logging_mixin.py:188} INFO - [2026-09-20T16:36:48.132+0000] {dag.py:3096} INFO - Sync 1 DAGs
[2026-09-20T16:36:48.149+0000] {logging_mixin.py:188} INFO - [2026-09-20T16:36:48.148+0000] {dag.py:3954} INFO - Setting next_dagrun for ecommerce_data to 2019-10-01 00:00:00+00:00, run_after=2019-10-02 00:00:00+00:00
[2026-09-20T16:36:48.164+0000] {processor.py:183} INFO - Processing /opt/airflow/dags/etl.py took 0.101 seconds
[2026-09-20T16:37:18.426+0000] {processor.py:161} INFO - Started process (PID=119) to work on /opt/airflow/dags/etl.py
[2026-09-20T16:37:18.428+0000] {processor.py:830} INFO - Processing file /opt/airflow/dags/etl.py for tasks to queue
[2026-09-20T16:37:18.430+0000] {logging_mixin.py:188} INFO - [2026-09-20T16:37:18.430+0000] {dagbag.py:545} INFO - Filling up the DagBag from /opt/airflow/dags/etl.py
[2026-09-20T16:37:18.448+0000] {processor.py:840} INFO - DAG(s) 'ecommerce_data' retrieved from /opt/airflow/dags/etl.py
[2026-09-20T16:37:18.483+0000] {logging_mixin.py:188} INFO - [2026-09-20T16:37:18.483+0000] {dag.py:3096} INFO - Sync 1 DAGs
[2026-09-20T16:37:18.498+0000] {logging_mixin.py:188} INFO - [2026-09-20T16:37:18.498+0000] {dag.py:3954} INFO - Setting next_dagrun for ecommerce_data to 2019-10-01 00:00:00+00:00, run_after=2019-10-02 00:00:00+00:00
[2026-09-20T16:37:18.513+0000] {processor.py:183} INFO - Processing /opt/airflow/dags/etl.py took 0.098 seconds
[2026-09-20T16:37:48.772+0000] {processor.py:161} INFO - Started process (PID=120) to work on /opt/airflow/dags/etl.py
[2026-09-20T16:37:48.775+0000] {processor.py:830} INFO - Processing file /opt/airflow/dags/etl.py for tasks to queue
[2026-09-20T16:37:48.778+0000] {logging_mixin.py:188} INFO - [2026-09-20T16:37:48.777+0000] {dagbag.py:545} INFO - Filling up the DagBag from /opt/airflow/dags/etl.py
[2026-09-20T16:37:48.796+0000] {processor.py:840} INFO - DAG(s) 'ecommerce_data' retrieved from /opt/airflow/dags/etl.py
[2026-09-20T16:37:48.831+0000] {logging_mixin.py:188} INFO - [2026-09-20T16:37:48.831+0000] {dag.py:3096} INFO - Sync 1 DAGs
[2026-09-20T16:37:48.847+0000] {logging_mixin.py:188} INFO - [2026-09-20T16:37:48.847+0000] {dag.py:3954} INFO - Setting next_dagrun for ecommerce_data to 2019-10-01 00:00:00+00:00, run_after=2019-10-02 00:00:00+00:00
[2026-09-20T16:37:48.863+0000] {processor.py:183} INFO - Processing /opt/airflow/dags/etl.py took 0.101 seconds
[2026-09-20T16:38:19.120+0000] {processor.py:161} INFO - Started process (PID=121) to work on /opt/airflow/dags/etl.py
[2026-09-20T16:38:19.124+0000] {processor.py:830} INFO - Processing file /opt/airflow/dags/etl.py for tasks to queue
[2026-09-20T16:38:19.127+0000] {logging_mixin.py:188} INFO - [2026-09-20T16:38:19.126+0000] {dagbag.py:545} INFO - Filling up the DagBag from /opt/airflow/dags/etl.py
[2026-09-20T16:38:19.143+0000] {processor.py:840} INFO - DAG(s) 'ecommerce_data' retrieved from /opt/airflow/dags/etl.py
[2026-09-20T16:38:19.176+0000] {logging_mixin.py:188} INFO - [2026-09-20T16:38:19.176+0000] {dag.py:3096} INFO - Sync 1 DAGs
[2026-09-20T16:38:19.191+0000] {logging_mixin.py:188} INFO - [2026-09-20T16:38:19.191+0000] {dag.py:3954} INFO - Setting next_dagrun for ecommerce_data to 2019-10-01 00:00:00+00:00, run_after=2019-10-02 00:00:00+00:00
[2026-09-20T16:38:19.207+0000] {processor.py:183} INFO - Processing /opt/airflow/dags/etl.py took 0.098 seconds
[2026-09-20T16:38:49.468+0000] {processor.py:161} INFO - Started process (PID=122) to work on /opt/airflow/dags/etl.py
[2026-09-20T16:38:49.469+0000] {processor.py:830} INFO - Processing file /opt/airflow/dags/etl.py for tasks to queue
[2026-09-20T16:38:49.472+0000] {logging_mixin.py:188} INFO - [2026-09-20T16:38:49.471+0000] {dagbag.py:545} INFO - Filling up the DagBag from /opt/airflow/dags/etl.py
[2026-09-20T16:38:49.490+0000] {processor.py:840} INFO - DAG(s) 'ecommerce_data' retrieved from /opt/airflow/dags/etl.py
[2026-09-20T16:38:49.525+0000] {logging_mixin.py:188} INFO - [2026-09-20T16:38:49.524+0000] {dag.py:3096} INFO - Sync 1 DAGs
[2026-09-20T16:38:49.541+0000] {logging_mixin.py:188} INFO - [2026-09-20T16:38:49.541+0000] {dag.py:3954} INFO - Setting next_dagrun for ecommerce_data to 2019-10-01 00:00:00+00:00, run_after=2019-10-02 00:00:00+00:00
[2026-09-20T16:38:49.557+0000] {processor.py:183} INFO - Processing /opt/airflow/dags/etl.py took 0.100 seconds
[2026-09-20T16:39:19.800+0000] {processor.py:161} INFO - Started process (PID=123) to work on /opt/airflow/dags/etl.py
[2026-09-20T16:39:19.802+0000] {processor.py:830} INFO - Processing file /opt/airflow/dags/etl.py for tasks to queue
[2026-09-20T16:39:19.805+0000] {logging_mixin.py:188} INFO - [2026-09-20T16:39:19.804+0000] {dagbag.py:545} INFO - Filling up the DagBag from /opt/airflow/dags/etl.py
[2026-09-20T16:39:19.823+0000] {processor.py:840} INFO - DAG(s) 'ecommerce_data' retrieved from /opt/airflow/dags/etl.py
[2026-09-20T16:39:19.857+0000] {logging_mixin.py:188} INFO - [2026-09-20T16:39:19.857+0000] {dag.py:3096} INFO - Sync 1 DAGs
[2026-09-20T16:39:19.874+0000] {logging_mixin.py:188} INFO - [2026-09-20T16:39:19.874+0000] {dag.py:3954} INFO - Setting next_dagrun for ecommerce_data to 2019-10-01 00:00:00+00:00, run_after=2019-10-02 00:00:00+00:00
[2026-09-20T16:39:19.889+0000] {processor.py:183} INFO - Processing /opt/airflow/dags/etl.py took 0.098 seconds
[2026-09-20T16:39:50.150+0000] {processor.py:161} INFO - Started process (PID=124) to work on /opt/airflow/dags/etl.py
[2026-09-20T16:39:50.153+0000] {processor.py:830} INFO - Processing file /opt/airflow/dags/etl.py for tasks to queue
[2026-09-20T16:39:50.156+0000] {logging_mixin.py:188} INFO - [2026-09-20T16:39:50.155+0000] {dagbag.py:545} INFO - Filling up the DagBag from /opt/airflow/dags/etl.py
[2026-09-20T16:39:50.174+0000] {processor.py:840} INFO - DAG(s) 'ecommerce_data' retrieved from /opt/airflow/dags/etl.py
[2026-09-20T16:39:50.207+0000] {logging_mixin.py:188} INFO - [2026-09-20T16:39:50.207+0000] {dag.py:3096} INFO - Sync 1 DAGs
[2026-09-20T16:39:50.224+0000] {logging_mixin.py:188} INFO - [2026-09-20T16:39:50.223+0000] {dag.py:3954} INFO - Setting next_dagrun for ecommerce_data to 2019-10-01 00:00:00+00:00, run_after=2019-10-02 00:00:00+00:00
[2026-09-20T16:39:50.242+0000] {processor.py:183} INFO - Processing /opt/airflow/dags/etl.py took 0.102 seconds
[2026-09-20T16:40:20.489+0000] {processor.py:161} INFO - Started process (PID=125) to work on /opt/airflow/dags/etl.py
[2026-09-20T16:40:20.491+0000] {processor.py:830} INFO - Processing file /opt/airflow/dags/etl.py for tasks to queue
[2026-09-20T16:40:20.493+0000] {logging_mixin.py:188} INFO - [2026-09-20T16:40:20.493+0000] {dagbag.py:545} INFO - Filling up the DagBag from /opt/airflow/dags/etl.py
[2026-09-20T16:40:20.510+0000] {processor.py:840} INFO - DAG(s) 'ecommerce_data' retrieved from /opt/airflow/dags/etl.py
[2026-09-20T16:40:20.544+0000] {logging_mixin.py:188} INFO - [2026-09-20T16:40:20.544+0000] {dag.py:3096} INFO - Sync 1 DAGs
[2026-09-20T16:40:20.561+0000] {logging_mixin.py:188} INFO - [2026-09-20T16:40:20.561+0000] {dag.py:3954} INFO - Setting next_dagrun for ecommerce_data to 2019-10-01 00:00:00+00:00, run_after=2019-10-02 00:00:00+00:00
[2026-09-20T16:40:20.576+0000] {processor.py:183} INFO - Processing /opt/airflow/dags/etl.py took 0.096 seconds
[2026-09-20T16:40:50.813+0000] {processor.py:161} INFO - Started process (PID=126) to work on /opt/airflow/dags/etl.py
[2026-09-20T16:40:50.816+0000] {processor.py:830} INFO - Processing file /opt/airflow/dags/etl.py for tasks to queue
[2026-09-20T16:40:50.820+0000] {logging_mixin.py:188} INFO - [2026-09-20T16:40:50.819+0000] {dagbag.py:545} INFO - Filling up the DagBag from /opt/airflow/dags/etl.py
[2026-09-20T16:40:50.838+0000] {processor.py:840} INFO - DAG(s) 'ecommerce_data' retrieved from /opt/airflow/dags/etl.py
[2026-09-20T16:40:50.873+0000] {logging_mixin.py:188} INFO - [2026-09-20T16:40:50.873+0000] {dag.py:3096} INFO - Sync 1 DAGs
[2026-09-20T16:40:50.889+0000] {logging_mixin.py:188} INFO - [2026-09-20T16:40:50.889+0000] {dag.py:3954} INFO - Setting next_dagrun for ecommerce_data to 2019-10-01 00:00:00+00:00, run_after=2019-10-02 00:00:00+00:00
[2026-09-20T16:40:50.904+0000] {processor.py:183} INFO - Processing /opt/airflow/dags/etl.py took 0.100 seconds
[2026-09-20T16:41:21.142+0000] {processor.py:161} INFO - Started process (PID=127) to work on /opt/airflow/dags/etl.py
[2026-09-20T16:41:21.143+0000] {processor.py:830} INFO - Processing file /opt/airflow/dags/etl.py for tasks to queue
[2026-09-20T16:41:21.146+0000] {logging_mixin.py:188} INFO - [2026-09-20T16:41:21.145+0000] {dagbag.py:545} INFO - Filling up the DagBag from /opt/airflow/dags/etl.py
[2026-09-20T16:41:21.163+0000] {processor.py:840} INFO - DAG(s) 'ecommerce_data' retrieved from /opt/airflow/dags/etl.py
[2026-09-20T16:41:21.197+0000] {logging_mixin.py:188} INFO - [2026-09-20T16:41:21.197+0000] {dag.py:3096} INFO - Sync 1 DAGs
[2026-09-20T16:41:21.212+0000] {logging_mixin.py:188} INFO - [2026-09-20T16:41:21.211+0000] {dag.py:3954} INFO - Setting next_dagrun for ecommerce_data to 2019-10-01 00:00:00+00:00, run_after=2019-10-02 00:00:00+00:00
[2026-09-20T16:41:21.226+0000] {processor.py:183} INFO - Processing /opt/airflow/dags/etl.py took 0.095 seconds
[2026-09-20T16:41:51.382+0000] {processor.py:161} INFO - Started process (PID=128) to work on /opt/airflow/dags/etl.py
[2026-09-20T16:41:51.385+0000] {processor.py:830} INFO - Processing file /opt/airflow/dags/etl.py for tasks to queue
[2026-09-20T16:41:51.388+0000] {logging_mixin.py:188} INFO - [2026-09-20T16:41:51.387+0000] {dagbag.py:545} INFO - Filling up the DagBag from /opt/airflow/dags/etl.py
[2026-09-20T16:41:51.405+0000] {processor.py:840} INFO - DAG(s) 'ecommerce_data' retrieved from /opt/airflow/dags/etl.py
[2026-09-20T16:41:51.439+0000] {logging_mixin.py:188} INFO - [2026-09-20T16:41:51.439+0000] {dag.py:3096} INFO - Sync 1 DAGs
[2026-09-20T16:41:51.455+0000] {logging_mixin.py:188} INFO - [2026-09-20T16:41:51.455+0000] {dag.py:3954} INFO - Setting next_dagrun for ecommerce_data to 2019-10-01 00:00:00+00:00, run_after=2019-10-02 00:00:00+00:00
[2026-09-20T16:41:51.471+0000] {processor.py:183} INFO - Processing /opt/airflow/dags/etl.py took 0.099 seconds
[2026-09-20T16:42:21.724+0000] {processor.py:161} INFO - Started process (PID=129) to work on /opt/airflow/dags/etl.py
[2026-09-20T16:42:21.725+0000] {processor.py:830} INFO - Processing file /opt/airflow/dags/etl.py for tasks to queue
[2026-09-20T16:42:21.729+0000] {logging_mixin.py:188} INFO - [2026-09-20T16:42:21.728+0000] {dagbag.py:545} INFO - Filling up the DagBag from /opt/airflow/dags/etl.py
[2026-09-20T16:42:21.745+0000] {processor.py:840} INFO - DAG(s) 'ecommerce_data' retrieved from /opt/airflow/dags/etl.py
[2026-09-20T16:42:21.780+0000] {logging_mixin.py:188} INFO - [2026-09-20T16:42:21.780+0000] {dag.py:3096} INFO - Sync 1 DAGs
[2026-09-20T16:42:21.796+0000] {logging_mixin.py:188} INFO - [2026-09-20T16:42:21.795+0000] {dag.py:3954} INFO - Setting next_dagrun for ecommerce_data to 2019-10-01 00:00:00+00:00, run_after=2019-10-02 00:00:00+00:00
[2026-09-20T16:42:21.811+0000] {processor.py:183} INFO - Processing /opt/airflow/dags/etl.py took 0.096 seconds
[2026-09-20T16:42:52.020+0000] {processor.py:161} INFO - Started process (PID=130) to work on /opt/airflow/dags/etl.py
[2026-09-20T16:42:52.022+0000] {processor.py:830} INFO - Processing file /opt/airflow/dags/etl.py for tasks to queue
[2026-09-20T16:42:52.025+0000] {logging_mixin.py:188} INFO - [2026-09-20T16:42:52.024+0000] {dagbag.py:545} INFO - Filling up the DagBag from /opt/airflow/dags/etl.py
[2026-09-20T16:42:52.039+0000] {processor.py:840} INFO - DAG(s) 'ecommerce_data' retrieved from /opt/airflow/dags/etl.py
[2026-09-20T16:42:52.060+0000] {logging_mixin.py:188} INFO - [2026-09-20T16:42:52.060+0000] {dag.py:3096} INFO - Sync 1 DAGs
[2026-09-20T16:42:52.075+0000] {logging_mixin.py:188} INFO - [2026-09-20T16:42:52.075+0000] {dag.py:3954} INFO - Setting next_dagrun for ecommerce_data to 2019-10-01 00:00:00+00:00, run_after=2019-10-02 00:00:00+00:00
[2026-09-20T16:42:52.091+0000] {processor.py:183} INFO - Processing /opt/airflow/dags/etl.py took 0.081 seconds
[2026-09-20T16:43:22.209+0000] {processor.py:161} INFO - Started process (PID=131) to work on /opt/airflow/dags/etl.py
[2026-09-20T16:43:22.210+0000] {processor.py:830} INFO - Processing file /opt/airflow/dags/etl.py for tasks to queue
[2026-09-20T16:43:22.213+0000] {logging_mixin.py:188} INFO - [2026-09-20T16:43:22.212+0000] {dagbag.py:545} INFO - Filling up the DagBag from /opt/airflow/dags/etl.py
[2026-09-20T16:43:22.229+0000] {processor.py:840} INFO - DAG(s) 'ecommerce_data' retrieved from /opt/airflow/dags/etl.py
[2026-09-20T16:43:22.263+0000] {logging_mixin.py:188} INFO - [2026-09-20T16:43:22.262+0000] {dag.py:3096} INFO - Sync 1 DAGs
[2026-09-20T16:43:22.279+0000] {logging_mixin.py:188} INFO - [2026-09-20T16:43:22.279+0000] {dag.py:3954} INFO - Setting next_dagrun for ecommerce_data to 2019-10-01 00:00:00+00:00, run_after=2019-10-02 00:00:00+00:00
[2026-09-20T16:43:22.296+0000] {processor.py:183} INFO - Processing /opt/airflow/dags/etl.py took 0.096 seconds
[2026-09-20T16:43:52.517+0000] {processor.py:161} INFO - Started process (PID=132) to work on /opt/airflow/dags/etl.py
[2026-09-20T16:43:52.520+0000] {processor.py:830} INFO - Processing file /opt/airflow/dags/etl.py for tasks to queue
[2026-09-20T16:43:52.524+0000] {logging_mixin.py:188} INFO - [2026-09-20T16:43:52.523+0000] {dagbag.py:545} INFO - Filling up the DagBag from /opt/airflow/dags/etl.py
[2026-09-20T16:43:52.541+0000] {processor.py:840} INFO - DAG(s) 'ecommerce_data' retrieved from /opt/airflow/dags/etl.py
[2026-09-20T16:43:52.575+0000] {logging_mixin.py:188} INFO - [2026-09-20T16:43:52.574+0000] {dag.py:3096} INFO - Sync 1 DAGs
[2026-09-20T16:43:52.592+0000] {logging_mixin.py:188} INFO - [2026-09-20T16:43:52.591+0000] {dag.py:3954} INFO - Setting next_dagrun for ecommerce_data to 2019-10-01 00:00:00+00:00, run_after=2019-10-02 00:00:00+00:00
[2026-09-20T16:43:52.608+0000] {processor.py:183} INFO - Processing /opt/airflow/dags/etl.py took 0.100 seconds
[2026-09-20T16:44:22.820+0000] {processor.py:161} INFO - Started process (PID=133) to work on /opt/airflow/dags/etl.py
[2026-09-20T16:44:22.821+0000] {processor.py:830} INFO - Processing file /opt/airflow/dags/etl.py for tasks to queue
[2026-09-20T16:44:22.823+0000] {logging_mixin.py:188} INFO - [2026-09-20T16:44:22.823+0000] {dagbag.py:545} INFO - Filling up the DagBag from /opt/airflow/dags/etl.py
[2026-09-20T16:44:22.841+0000] {processor.py:840} INFO - DAG(s) 'ecommerce_data' retrieved from /opt/airflow/dags/etl.py
[2026-09-20T16:44:22.868+0000] {logging_mixin.py:188} INFO - [2026-09-20T16:44:22.868+0000] {dag.py:3096} INFO - Sync 1 DAGs
[2026-09-20T16:44:22.884+0000] {logging_mixin.py:188} INFO - [2026-09-20T16:44:22.884+0000] {dag.py:3954} INFO - Setting next_dagrun for ecommerce_data to 2019-10-01 00:00:00+00:00, run_after=2019-10-02 00:00:00+00:00
[2026-09-20T16:44:22.901+0000] {processor.py:183} INFO - Processing /opt/airflow/dags/etl.py took 0.091 seconds
[2026-09-20T16:44:53.012+0000] {processor.py:161} INFO - Started process (PID=134) to work on /opt/airflow/dags/etl.py
[2026-09-20T16:44:53.015+0000] {processor.py:830} INFO - Processing file /opt/airflow/dags/etl.py for tasks to queue
[2026-09-20T16:44:53.019+0000] {logging_mixin.py:188} INFO - [2026-09-20T16:44:53.018+0000] {dagbag.py:545} INFO - Filling up the DagBag from /opt/airflow/dags/etl.py
[2026-09-20T16:44:53.035+0000] {processor.py:840} INFO - DAG(s) 'ecommerce_data' retrieved from /opt/airflow/dags/etl.py
[2026-09-20T16:44:53.070+0000] {logging_mixin.py:188} INFO - [2026-09-20T16:44:53.070+0000] {dag.py:3096} INFO - Sync 1 DAGs
[2026-09-20T16:44:53.087+0000] {logging_mixin.py:188} INFO - [2026-09-20T16:44:53.087+0000] {dag.py:3954} INFO - Setting next_dagrun for ecommerce_data to 2019-10-01 00:00:00+00:00, run_after=2019-10-02 00:00:00+00:00
[2026-09-20T16:44:53.103+0000] {processor.py:183} INFO - Processing /opt/airflow/dags/etl.py took 0.100 seconds
[2026-09-20T16:45:23.319+0000] {processor.py:161} INFO - Started process (PID=135) to work on /opt/airflow/dags/etl.py
[2026-09-20T16:45:23.321+0000] {processor.py:830} INFO - Processing file /opt/airflow/dags/etl.py for tasks to queue
[2026-09-20T16:45:23.323+0000] {logging_mixin.py:188} INFO - [2026-09-20T16:45:23.323+0000] {dagbag.py:545} INFO - Filling up the DagBag from /opt/airflow/dags/etl.py
[2026-09-20T16:45:23.340+0000] {processor.py:840} INFO - DAG(s) 'ecommerce_data' retrieved from /opt/airflow/dags/etl.py
[2026-09-20T16:45:23.374+0000] {logging_mixin.py:188} INFO - [2026-09-20T16:45:23.374+0000] {dag.py:3096} INFO - Sync 1 DAGs
[2026-09-20T16:45:23.390+0000] {logging_mixin.py:188} INFO - [2026-09-20T16:45:23.390+0000] {dag.py:3954} INFO - Setting next_dagrun for ecommerce_data to 2019-10-01 00:00:00+00:00, run_after=2019-10-02 00:00:00+00:00
[2026-09-20T16:45:23.405+0000] {processor.py:183} INFO - Processing /opt/airflow/dags/etl.py took 0.098 seconds
[2026-09-20T16:45:53.626+0000] {processor.py:161} INFO - Started process (PID=136) to work on /opt/airflow/dags/etl.py
[2026-09-20T16:45:53.630+0000] {processor.py:830} INFO - Processing file /opt/airflow/dags/etl.py for tasks to queue
[2026-09-20T16:45:53.632+0000] {logging_mixin.py:188} INFO - [2026-09-20T16:45:53.632+0000] {dagbag.py:545} INFO - Filling up the DagBag from /opt/airflow/dags/etl.py
[2026-09-20T16:45:53.650+0000] {processor.py:840} INFO - DAG(s) 'ecommerce_data' retrieved from /opt/airflow/dags/etl.py
[2026-09-20T16:45:53.685+0000] {logging_mixin.py:188} INFO - [2026-09-20T16:45:53.685+0000] {dag.py:3096} INFO - Sync 1 DAGs
[2026-09-20T16:45:53.700+0000] {logging_mixin.py:188} INFO - [2026-09-20T16:45:53.700+0000] {dag.py:3954} INFO - Setting next_dagrun for ecommerce_data to 2019-10-01 00:00:00+00:00, run_after=2019-10-02 00:00:00+00:00
[2026-09-20T16:45:53.716+0000] {processor.py:183} INFO - Processing /opt/airflow/dags/etl.py took 0.100 seconds
[2026-09-20T16:46:23.932+0000] {processor.py:161} INFO - Started process (PID=137) to work on /opt/airflow/dags/etl.py
[2026-09-20T16:46:23.933+0000] {processor.py:830} INFO - Processing file /opt/airflow/dags/etl.py for tasks to queue
[2026-09-20T16:46:23.936+0000] {logging_mixin.py:188} INFO - [2026-09-20T16:46:23.936+0000] {dagbag.py:545} INFO - Filling up the DagBag from /opt/airflow/dags/etl.py
[2026-09-20T16:46:23.953+0000] {processor.py:840} INFO - DAG(s) 'ecommerce_data' retrieved from /opt/airflow/dags/etl.py
[2026-09-20T16:46:23.987+0000] {logging_mixin.py:188} INFO - [2026-09-20T16:46:23.986+0000] {dag.py:3096} INFO - Sync 1 DAGs
[2026-09-20T16:46:24.002+0000] {logging_mixin.py:188} INFO - [2026-09-20T16:46:24.002+0000] {dag.py:3954} INFO - Setting next_dagrun for ecommerce_data to 2019-10-01 00:00:00+00:00, run_after=2019-10-02 00:00:00+00:00
[2026-09-20T16:46:24.017+0000] {processor.py:183} INFO - Processing /opt/airflow/dags/etl.py took 0.097 seconds
[2026-09-20T16:46:54.238+0000] {processor.py:161} INFO - Started process (PID=138) to work on /opt/airflow/dags/etl.py
[2026-09-20T16:46:54.241+0000] {processor.py:830} INFO - Processing file /opt/airflow/dags/etl.py for tasks to queue
[2026-09-20T16:46:54.244+0000] {logging_mixin.py:188} INFO - [2026-09-20T16:46:54.244+0000] {dagbag.py:545} INFO - Filling up the DagBag from /opt/airflow/dags/etl.py
[2026-09-20T16:46:54.262+0000] {processor.py:840} INFO - DAG(s) 'ecommerce_data' retrieved from /opt/airflow/dags/etl.py
[2026-09-20T16:46:54.296+0000] {logging_mixin.py:188} INFO - [2026-09-20T16:46:54.296+0000] {dag.py:3096} INFO - Sync 1 DAGs
[2026-09-20T16:46:54.311+0000] {logging_mixin.py:188} INFO - [2026-09-20T16:46:54.311+0000] {dag.py:3954} INFO - Setting next_dagrun for ecommerce_data to 2019-10-01 00:00:00+00:00, run_after=2019-10-02 00:00:00+00:00
[2026-09-20T16:46:54.326+0000] {processor.py:183} INFO - Processing /opt/airflow/dags/etl.py took 0.099 seconds
[2026-09-20T16:47:24.539+0000] {processor.py:161} INFO - Started process (PID=139) to work on /opt/airflow/dags/etl.py
[2026-09-20T16:47:24.540+0000] {processor.py:830} INFO - Processing file /opt/airflow/dags/etl.py for tasks to queue
[2026-09-20T16:47:24.544+0000] {logging_mixin.py:188} INFO - [2026-09-20T16:47:24.543+0000] {dagbag.py:545} INFO - Filling up the DagBag from /opt/airflow/dags/etl.py
[2026-09-20T16:47:24.561+0000] {processor.py:840} INFO - DAG(s) 'ecommerce_data' retrieved from /opt/airflow/dags/etl.py
[2026-09-20T16:47:24.596+0000] {logging_mixin.py:188} INFO - [2026-09-20T16:47:24.596+0000] {dag.py:3096} INFO - Sync 1 DAGs
[2026-09-20T16:47:24.611+0000] {logging_mixin.py:188} INFO - [2026-09-20T16:47:24.611+0000] {dag.py:3954} INFO - Setting next_dagrun for ecommerce_data to 2019-10-01 00:00:00+00:00, run_after=2019-10-02 00:00:00+00:00
[2026-09-20T16:47:24.627+0000] {processor.py:183} INFO - Processing /opt/airflow/dags/etl.py took 0.098 seconds
[2026-09-20T16:47:54.838+0000] {processor.py:161} INFO - Started process (PID=140) to work on /opt/airflow/dags/etl.py
[2026-09-20T16:47:54.841+0000] {processor.py:830} INFO - Processing file /opt/airflow/dags/etl.py for tasks to queue
[2026-09-20T16:47:54.844+0000] {logging_mixin.py:188} INFO - [2026-09-20T16:47:54.843+0000] {dagbag.py:545} INFO - Filling up the DagBag from /opt/airflow/dags/etl.py
[2026-09-20T16:47:54.862+0000] {processor.py:840} INFO - DAG(s) 'ecommerce_data' retrieved from /opt/airflow/dags/etl.py
[2026-09-20T16:47:54.897+0000] {logging_mixin.py:188} INFO - [2026-09-20T16:47:54.896+0000] {dag.py:3096} INFO - Sync 1 DAGs
[2026-09-20T16:47:54.912+0000] {logging_mixin.py:188} INFO - [2026-09-20T16:47:54.912+0000] {dag.py:3954} INFO - Setting next_dagrun for ecommerce_data to 2019-10-01 00:00:00+00:00, run_after=2019-10-02 00:00:00+00:00
[2026-09-20T16:47:54.928+0000] {processor.py:183} INFO - Processing /opt/airflow/dags/etl.py took 0.099 seconds
[2026-09-20T16:48:25.138+0000] {processor.py:161} INFO - Started process (PID=141) to work on /opt/airflow/dags/etl.py
[2026-09-20T16:48:25.139+0000] {processor.py:830} INFO - Processing file /opt/airflow/dags/etl.py for tasks to queue
[2026-09-20T16:48:25.143+0000] {logging_mixin.py:188} INFO - [2026-09-20T16:48:25.142+0000] {dagbag.py:545} INFO - Filling up the DagBag from /opt/airflow/dags/etl.py
[2026-09-20T16:48:25.160+0000] {processor.py:840} INFO - DAG(s) 'ecommerce_data' retrieved from /opt/airflow/dags/etl.py
[2026-09-20T16:48:25.194+0000] {logging_mixin.py:188} INFO - [2026-09-20T16:48:25.194+0000] {dag.py:3096} INFO - Sync 1 DAGs
[2026-09-20T16:48:25.212+0000] {logging_mixin.py:188} INFO - [2026-09-20T16:48:25.212+0000] {dag.py:3954} INFO - Setting next_dagrun for ecommerce_data to 2019-10-01 00:00:00+00:00, run_after=2019-10-02 00:00:00+00:00
[2026-09-20T16:48:25.228+0000] {processor.py:183} INFO - Processing /opt/airflow/dags/etl.py took 0.099 seconds
[2026-09-20T16:48:55.399+0000] {processor.py:161} INFO - Started process (PID=142) to work on /opt/airflow/dags/etl.py
[2026-09-20T16:48:55.408+0000] {processor.py:830} INFO - Processing file /opt/airflow/dags/etl.py for tasks to queue
[2026-09-20T16:48:55.411+0000] {logging_mixin.py:188} INFO - [2026-09-20T16:48:55.410+0000] {dagbag.py:545} INFO - Filling up the DagBag from /opt/airflow/dags/etl.py
[2026-09-20T16:48:55.429+0000] {processor.py:840} INFO - DAG(s) 'ecommerce_data' retrieved from /opt/airflow/dags/etl.py
[2026-09-20T16:48:55.465+0000] {logging_mixin.py:188} INFO - [2026-09-20T16:48:55.465+0000] {dag.py:3096} INFO - Sync 1 DAGs
[2026-09-20T16:48:55.482+0000] {logging_mixin.py:188} INFO - [2026-09-20T16:48:55.482+0000] {dag.py:3954} INFO - Setting next_dagrun for ecommerce_data to 2019-10-01 00:00:00+00:00, run_after=2019-10-02 00:00:00+00:00
[2026-09-20T16:48:55.497+0000] {processor.py:183} INFO - Processing /opt/airflow/dags/etl.py took 0.108 seconds
[2026-09-20T16:49:25.715+0000] {processor.py:161} INFO - Started process (PID=143) to work on /opt/airflow/dags/etl.py
[2026-09-20T16:49:25.716+0000] {processor.py:830} INFO - Processing file /opt/airflow/dags/etl.py for tasks to queue
[2026-09-20T16:49:25.719+0000] {logging_mixin.py:188} INFO - [2026-09-20T16:49:25.718+0000] {dagbag.py:545} INFO - Filling up the DagBag from /opt/airflow/dags/etl.py
[2026-09-20T16:49:25.737+0000] {processor.py:840} INFO - DAG(s) 'ecommerce_data' retrieved from /opt/airflow/dags/etl.py
[2026-09-20T16:49:25.772+0000] {logging_mixin.py:188} INFO - [2026-09-20T16:49:25.772+0000] {dag.py:3096} INFO - Sync 1 DAGs
[2026-09-20T16:49:25.788+0000] {logging_mixin.py:188} INFO - [2026-09-20T16:49:25.788+0000] {dag.py:3954} INFO - Setting next_dagrun for ecommerce_data to 2019-10-01 00:00:00+00:00, run_after=2019-10-02 00:00:00+00:00
[2026-09-20T16:49:25.803+0000] {processor.py:183} INFO - Processing /opt/airflow/dags/etl.py took 0.097 seconds
[2026-09-20T16:49:56.025+0000] {processor.py:161} INFO - Started process (PID=144) to work on /opt/airflow/dags/etl.py
[2026-09-20T16:49:56.028+0000] {processor.py:830} INFO - Processing file /opt/airflow/dags/etl.py for tasks to queue
[2026-09-20T16:49:56.031+0000] {logging_mixin.py:188} INFO - [2026-09-20T16:49:56.031+0000] {dagbag.py:545} INFO - Filling up the DagBag from /opt/airflow/dags/etl.py
[2026-09-20T16:49:56.048+0000] {processor.py:840} INFO - DAG(s) 'ecommerce_data' retrieved from /opt/airflow/dags/etl.py
[2026-09-20T16:49:56.084+0000] {logging_mixin.py:188} INFO - [2026-09-20T16:49:56.084+0000] {dag.py:3096} INFO - Sync 1 DAGs
[2026-09-20T16:49:56.100+0000] {logging_mixin.py:188} INFO - [2026-09-20T16:49:56.100+0000] {dag.py:3954} INFO - Setting next_dagrun for ecommerce_data to 2019-10-01 00:00:00+00:00, run_after=2019-10-02 00:00:00+00:00
[2026-09-20T16:49:56.115+0000] {processor.py:183} INFO - Processing /opt/airflow/dags/etl.py took 0.100 seconds
[2026-09-20T16:50:26.336+0000] {processor.py:161} INFO - Started process (PID=145) to work on /opt/airflow/dags/etl.py
[2026-09-20T16:50:26.338+0000] {processor.py:830} INFO - Processing file /opt/airflow/dags/etl.py for tasks to queue
[2026-09-20T16:50:26.341+0000] {logging_mixin.py:188} INFO - [2026-09-20T16:50:26.340+0000] {dagbag.py:545} INFO - Filling up the DagBag from /opt/airflow/dags/etl.py
[2026-09-20T16:50:26.359+0000] {processor.py:840} INFO - DAG(s) 'ecommerce_data' retrieved from /opt/airflow/dags/etl.py
[2026-09-20T16:50:26.391+0000] {logging_mixin.py:188} INFO - [2026-09-20T16:50:26.391+0000] {dag.py:3096} INFO - Sync 1 DAGs
[2026-09-20T16:50:26.408+0000] {logging_mixin.py:188} INFO - [2026-09-20T16:50:26.408+0000] {dag.py:3954} INFO - Setting next_dagrun for ecommerce_data to 2019-10-01 00:00:00+00:00, run_after=2019-10-02 00:00:00+00:00
[2026-09-20T16:50:26.424+0000] {processor.py:183} INFO - Processing /opt/airflow/dags/etl.py took 0.099 seconds
[2026-09-20T16:50:56.649+0000] {processor.py:161} INFO - Started process (PID=146) to work on /opt/airflow/dags/etl.py
[2026-09-20T16:50:56.652+0000] {processor.py:830} INFO - Processing file /opt/airflow/dags/etl.py for tasks to queue
[2026-09-20T16:50:56.655+0000] {logging_mixin.py:188} INFO - [2026-09-20T16:50:56.655+0000] {dagbag.py:545} INFO - Filling up the DagBag from /opt/airflow/dags/etl.py
[2026-09-20T16:50:56.673+0000] {processor.py:840} INFO - DAG(s) 'ecommerce_data' retrieved from /opt/airflow/dags/etl.py
[2026-09-20T16:50:56.707+0000] {logging_mixin.py:188} INFO - [2026-09-20T16:50:56.707+0000] {dag.py:3096} INFO - Sync 1 DAGs
[2026-09-20T16:50:56.723+0000] {logging_mixin.py:188} INFO - [2026-09-20T16:50:56.723+0000] {dag.py:3954} INFO - Setting next_dagrun for ecommerce_data to 2019-10-01 00:00:00+00:00, run_after=2019-10-02 00:00:00+00:00
[2026-09-20T16:50:56.738+0000] {processor.py:183} INFO - Processing /opt/airflow/dags/etl.py took 0.100 seconds
[2026-09-20T16:51:26.959+0000] {processor.py:161} INFO - Started process (PID=147) to work on /opt/airflow/dags/etl.py
[2026-09-20T16:51:26.961+0000] {processor.py:830} INFO - Processing file /opt/airflow/dags/etl.py for tasks to queue
[2026-09-20T16:51:26.964+0000] {logging_mixin.py:188} INFO - [2026-09-20T16:51:26.963+0000] {dagbag.py:545} INFO - Filling up the DagBag from /opt/airflow/dags/etl.py
[2026-09-20T16:51:26.981+0000] {processor.py:840} INFO - DAG(s) 'ecommerce_data' retrieved from /opt/airflow/dags/etl.py
[2026-09-20T16:51:27.015+0000] {logging_mixin.py:188} INFO - [2026-09-20T16:51:27.015+0000] {dag.py:3096} INFO - Sync 1 DAGs
[2026-09-20T16:51:27.030+0000] {logging_mixin.py:188} INFO - [2026-09-20T16:51:27.030+0000] {dag.py:3954} INFO - Setting next_dagrun for ecommerce_data to 2019-10-01 00:00:00+00:00, run_after=2019-10-02 00:00:00+00:00
[2026-09-20T16:51:27.047+0000] {processor.py:183} INFO - Processing /opt/airflow/dags/etl.py took 0.099 seconds
[2026-09-20T16:51:57.271+0000] {processor.py:161} INFO - Started process (PID=148) to work on /opt/airflow/dags/etl.py
[2026-09-20T16:51:57.274+0000] {processor.py:830} INFO - Processing file /opt/airflow/dags/etl.py for tasks to queue
[2026-09-20T16:51:57.277+0000] {logging_mixin.py:188} INFO - [2026-09-20T16:51:57.276+0000] {dagbag.py:545} INFO - Filling up the DagBag from /opt/airflow/dags/etl.py
[2026-09-20T16:51:57.294+0000] {processor.py:840} INFO - DAG(s) 'ecommerce_data' retrieved from /opt/airflow/dags/etl.py
[2026-09-20T16:51:57.328+0000] {logging_mixin.py:188} INFO - [2026-09-20T16:51:57.328+0000] {dag.py:3096} INFO - Sync 1 DAGs
[2026-09-20T16:51:57.344+0000] {logging_mixin.py:188} INFO - [2026-09-20T16:51:57.344+0000] {dag.py:3954} INFO - Setting next_dagrun for ecommerce_data to 2019-10-01 00:00:00+00:00, run_after=2019-10-02 00:00:00+00:00
[2026-09-20T16:51:57.363+0000] {processor.py:183} INFO - Processing /opt/airflow/dags/etl.py took 0.102 seconds
[2026-09-20T16:52:27.582+0000] {processor.py:161} INFO - Started process (PID=149) to work on /opt/airflow/dags/etl.py
[2026-09-20T16:52:27.583+0000] {processor.py:830} INFO - Processing file /opt/airflow/dags/etl.py for tasks to queue
[2026-09-20T16:52:27.586+0000] {logging_mixin.py:188} INFO - [2026-09-20T16:52:27.586+0000] {dagbag.py:545} INFO - Filling up the DagBag from /opt/airflow/dags/etl.py
[2026-09-20T16:52:27.602+0000] {processor.py:840} INFO - DAG(s) 'ecommerce_data' retrieved from /opt/airflow/dags/etl.py
[2026-09-20T16:52:27.634+0000] {logging_mixin.py:188} INFO - [2026-09-20T16:52:27.633+0000] {dag.py:3096} INFO - Sync 1 DAGs
[2026-09-20T16:52:27.650+0000] {logging_mixin.py:188} INFO - [2026-09-20T16:52:27.650+0000] {dag.py:3954} INFO - Setting next_dagrun for ecommerce_data to 2019-10-01 00:00:00+00:00, run_after=2019-10-02 00:00:00+00:00
[2026-09-20T16:52:27.665+0000] {processor.py:183} INFO - Processing /opt/airflow/dags/etl.py took 0.093 seconds
[2026-09-20T16:52:57.774+0000] {processor.py:161} INFO - Started process (PID=150) to work on /opt/airflow/dags/etl.py
[2026-09-20T16:52:57.777+0000] {processor.py:830} INFO - Processing file /opt/airflow/dags/etl.py for tasks to queue
[2026-09-20T16:52:57.780+0000] {logging_mixin.py:188} INFO - [2026-09-20T16:52:57.779+0000] {dagbag.py:545} INFO - Filling up the DagBag from /opt/airflow/dags/etl.py
[2026-09-20T16:52:57.797+0000] {processor.py:840} INFO - DAG(s) 'ecommerce_data' retrieved from /opt/airflow/dags/etl.py
[2026-09-20T16:52:57.832+0000] {logging_mixin.py:188} INFO - [2026-09-20T16:52:57.832+0000] {dag.py:3096} INFO - Sync 1 DAGs
[2026-09-20T16:52:57.850+0000] {logging_mixin.py:188} INFO - [2026-09-20T16:52:57.850+0000] {dag.py:3954} INFO - Setting next_dagrun for ecommerce_data to 2019-10-01 00:00:00+00:00, run_after=2019-10-02 00:00:00+00:00
[2026-09-20T16:52:57.866+0000] {processor.py:183} INFO - Processing /opt/airflow/dags/etl.py took 0.102 seconds
[2026-09-20T16:53:28.081+0000] {processor.py:161} INFO - Started process (PID=151) to work on /opt/airflow/dags/etl.py
[2026-09-20T16:53:28.083+0000] {processor.py:830} INFO - Processing file /opt/airflow/dags/etl.py for tasks to queue
[2026-09-20T16:53:28.087+0000] {logging_mixin.py:188} INFO - [2026-09-20T16:53:28.086+0000] {dagbag.py:545} INFO - Filling up the DagBag from /opt/airflow/dags/etl.py
[2026-09-20T16:53:28.105+0000] {processor.py:840} INFO - DAG(s) 'ecommerce_data' retrieved from /opt/airflow/dags/etl.py
[2026-09-20T16:53:28.139+0000] {logging_mixin.py:188} INFO - [2026-09-20T16:53:28.138+0000] {dag.py:3096} INFO - Sync 1 DAGs
[2026-09-20T16:53:28.154+0000] {logging_mixin.py:188} INFO - [2026-09-20T16:53:28.154+0000] {dag.py:3954} INFO - Setting next_dagrun for ecommerce_data to 2019-10-01 00:00:00+00:00, run_after=2019-10-02 00:00:00+00:00
[2026-09-20T16:53:28.170+0000] {processor.py:183} INFO - Processing /opt/airflow/dags/etl.py took 0.098 seconds
[2026-09-20T16:53:58.382+0000] {processor.py:161} INFO - Started process (PID=152) to work on /opt/airflow/dags/etl.py
[2026-09-20T16:53:58.385+0000] {processor.py:830} INFO - Processing file /opt/airflow/dags/etl.py for tasks to queue
[2026-09-20T16:53:58.388+0000] {logging_mixin.py:188} INFO - [2026-09-20T16:53:58.388+0000] {dagbag.py:545} INFO - Filling up the DagBag from /opt/airflow/dags/etl.py
[2026-09-20T16:53:58.405+0000] {processor.py:840} INFO - DAG(s) 'ecommerce_data' retrieved from /opt/airflow/dags/etl.py
[2026-09-20T16:53:58.441+0000] {logging_mixin.py:188} INFO - [2026-09-20T16:53:58.441+0000] {dag.py:3096} INFO - Sync 1 DAGs
[2026-09-20T16:53:58.456+0000] {logging_mixin.py:188} INFO - [2026-09-20T16:53:58.456+0000] {dag.py:3954} INFO - Setting next_dagrun for ecommerce_data to 2019-10-01 00:00:00+00:00, run_after=2019-10-02 00:00:00+00:00
[2026-09-20T16:53:58.471+0000] {processor.py:183} INFO - Processing /opt/airflow/dags/etl.py took 0.099 seconds
[2026-09-20T16:54:28.682+0000] {processor.py:161} INFO - Started process (PID=153) to work on /opt/airflow/dags/etl.py
[2026-09-20T16:54:28.684+0000] {processor.py:830} INFO - Processing file /opt/airflow/dags/etl.py for tasks to queue
[2026-09-20T16:54:28.687+0000] {logging_mixin.py:188} INFO - [2026-09-20T16:54:28.687+0000] {dagbag.py:545} INFO - Filling up the DagBag from /opt/airflow/dags/etl.py
[2026-09-20T16:54:28.705+0000] {processor.py:840} INFO - DAG(s) 'ecommerce_data' retrieved from /opt/airflow/dags/etl.py
[2026-09-20T16:54:28.738+0000] {logging_mixin.py:188} INFO - [2026-09-20T16:54:28.738+0000] {dag.py:3096} INFO - Sync 1 DAGs
[2026-09-20T16:54:28.753+0000] {logging_mixin.py:188} INFO - [2026-09-20T16:54:28.753+0000] {dag.py:3954} INFO - Setting next_dagrun for ecommerce_data to 2019-10-01 00:00:00+00:00, run_after=2019-10-02 00:00:00+00:00
[2026-09-20T16:54:28.769+0000] {processor.py:183} INFO - Processing /opt/airflow/dags/etl.py took 0.096 seconds
[2026-09-20T16:54:58.983+0000] {processor.py:161} INFO - Started process (PID=154) to work on /opt/airflow/dags/etl.py
[2026-09-20T16:54:58.984+0000] {processor.py:830} INFO - Processing file /opt/airflow/dags/etl.py for tasks to queue
[2026-09-20T16:54:58.987+0000] {logging_mixin.py:188} INFO - [2026-09-20T16:54:58.986+0000] {dagbag.py:545} INFO - Filling up the DagBag from /opt/airflow/dags/etl.py
[2026-09-20T16:54:59.003+0000] {processor.py:840} INFO - DAG(s) 'ecommerce_data' retrieved from /opt/airflow/dags/etl.py
[2026-09-20T16:54:59.037+0000] {logging_mixin.py:188} INFO - [2026-09-20T16:54:59.037+0000] {dag.py:3096} INFO - Sync 1 DAGs
[2026-09-20T16:54:59.052+0000] {logging_mixin.py:188} INFO - [2026-09-20T16:54:59.052+0000] {dag.py:3954} INFO - Setting next_dagrun for ecommerce_data to 2019-10-01 00:00:00+00:00, run_after=2019-10-02 00:00:00+00:00
[2026-09-20T16:54:59.068+0000] {processor.py:183} INFO - Processing /opt/airflow/dags/etl.py took 0.094 seconds
[2026-09-20T16:55:29.173+0000] {processor.py:161} INFO - Started process (PID=155) to work on /opt/airflow/dags/etl.py
[2026-09-20T16:55:29.175+0000] {processor.py:830} INFO - Processing file /opt/airflow/dags/etl.py for tasks to queue
[2026-09-20T16:55:29.177+0000] {logging_mixin.py:188} INFO - [2026-09-20T16:55:29.177+0000] {dagbag.py:545} INFO - Filling up the DagBag from /opt/airflow/dags/etl.py
[2026-09-20T16:55:29.194+0000] {processor.py:840} INFO - DAG(s) 'ecommerce_data' retrieved from /opt/airflow/dags/etl.py
[2026-09-20T16:55:29.226+0000] {logging_mixin.py:188} INFO - [2026-09-20T16:55:29.226+0000] {dag.py:3096} INFO - Sync 1 DAGs
[2026-09-20T16:55:29.242+0000] {logging_mixin.py:188} INFO - [2026-09-20T16:55:29.242+0000] {dag.py:3954} INFO - Setting next_dagrun for ecommerce_data to 2019-10-01 00:00:00+00:00, run_after=2019-10-02 00:00:00+00:00
[2026-09-20T16:55:29.258+0000] {processor.py:183} INFO - Processing /opt/airflow/dags/etl.py took 0.095 seconds
[2026-09-20T16:55:59.368+0000] {processor.py:161} INFO - Started process (PID=156) to work on /opt/airflow/dags/etl.py
[2026-09-20T16:55:59.376+0000] {processor.py:830} INFO - Processing file /opt/airflow/dags/etl.py for tasks to queue
[2026-09-20T16:55:59.379+0000] {logging_mixin.py:188} INFO - [2026-09-20T16:55:59.378+0000] {dagbag.py:545} INFO - Filling up the DagBag from /opt/airflow/dags/etl.py
[2026-09-20T16:55:59.396+0000] {processor.py:840} INFO - DAG(s) 'ecommerce_data' retrieved from /opt/airflow/dags/etl.py
[2026-09-20T16:55:59.428+0000] {logging_mixin.py:188} INFO - [2026-09-20T16:55:59.428+0000] {dag.py:3096} INFO - Sync 1 DAGs
[2026-09-20T16:55:59.444+0000] {logging_mixin.py:188} INFO - [2026-09-20T16:55:59.444+0000] {dag.py:3954} INFO - Setting next_dagrun for ecommerce_data to 2019-10-01 00:00:00+00:00, run_after=2019-10-02 00:00:00+00:00
[2026-09-20T16:55:59.461+0000] {processor.py:183} INFO - Processing /opt/airflow/dags/etl.py took 0.103 seconds
[2026-09-20T16:56:29.667+0000] {processor.py:161} INFO - Started process (PID=157) to work on /opt/airflow/dags/etl.py
[2026-09-20T16:56:29.668+0000] {processor.py:830} INFO - Processing file /opt/airflow/dags/etl.py for tasks to queue
[2026-09-20T16:56:29.671+0000] {logging_mixin.py:188} INFO - [2026-09-20T16:56:29.670+0000] {dagbag.py:545} INFO - Filling up the DagBag from /opt/airflow/dags/etl.py
[2026-09-20T16:56:29.689+0000] {processor.py:840} INFO - DAG(s) 'ecommerce_data' retrieved from /opt/airflow/dags/etl.py
[2026-09-20T16:56:29.722+0000] {logging_mixin.py:188} INFO - [2026-09-20T16:56:29.722+0000] {dag.py:3096} INFO - Sync 1 DAGs
[2026-09-20T16:56:29.738+0000] {logging_mixin.py:188} INFO - [2026-09-20T16:56:29.738+0000] {dag.py:3954} INFO - Setting next_dagrun for ecommerce_data to 2019-10-01 00:00:00+00:00, run_after=2019-10-02 00:00:00+00:00
[2026-09-20T16:56:29.754+0000] {processor.py:183} INFO - Processing /opt/airflow/dags/etl.py took 0.096 seconds
[2026-09-20T16:56:59.957+0000] {processor.py:161} INFO - Started process (PID=158) to work on /opt/airflow/dags/etl.py
[2026-09-20T16:56:59.966+0000] {processor.py:830} INFO - Processing file /opt/airflow/dags/etl.py for tasks to queue
[2026-09-20T16:56:59.968+0000] {logging_mixin.py:188} INFO - [2026-09-20T16:56:59.968+0000] {dagbag.py:545} INFO - Filling up the DagBag from /opt/airflow/dags/etl.py
[2026-09-20T16:56:59.986+0000] {processor.py:840} INFO - DAG(s) 'ecommerce_data' retrieved from /opt/airflow/dags/etl.py
[2026-09-20T16:57:00.019+0000] {logging_mixin.py:188} INFO - [2026-09-20T16:57:00.019+0000] {dag.py:3096} INFO - Sync 1 DAGs
[2026-09-20T16:57:00.036+0000] {logging_mixin.py:188} INFO - [2026-09-20T16:57:00.036+0000] {dag.py:3954} INFO - Setting next_dagrun for ecommerce_data to 2019-10-01 00:00:00+00:00, run_after=2019-10-02 00:00:00+00:00
[2026-09-20T16:57:00.051+0000] {processor.py:183} INFO - Processing /opt/airflow/dags/etl.py took 0.106 seconds
[2026-09-20T16:57:30.259+0000] {processor.py:161} INFO - Started process (PID=159) to work on /opt/airflow/dags/etl.py
[2026-09-20T16:57:30.260+0000] {processor.py:830} INFO - Processing file /opt/airflow/dags/etl.py for tasks to queue
[2026-09-20T16:57:30.263+0000] {logging_mixin.py:188} INFO - [2026-09-20T16:57:30.262+0000] {dagbag.py:545} INFO - Filling up the DagBag from /opt/airflow/dags/etl.py
[2026-09-20T16:57:30.279+0000] {processor.py:840} INFO - DAG(s) 'ecommerce_data' retrieved from /opt/airflow/dags/etl.py
[2026-09-20T16:57:30.314+0000] {logging_mixin.py:188} INFO - [2026-09-20T16:57:30.314+0000] {dag.py:3096} INFO - Sync 1 DAGs
[2026-09-20T16:57:30.331+0000] {logging_mixin.py:188} INFO - [2026-09-20T16:57:30.331+0000] {dag.py:3954} INFO - Setting next_dagrun for ecommerce_data to 2019-10-01 00:00:00+00:00, run_after=2019-10-02 00:00:00+00:00
[2026-09-20T16:57:30.347+0000] {processor.py:183} INFO - Processing /opt/airflow/dags/etl.py took 0.098 seconds
[2026-09-20T16:58:00.551+0000] {processor.py:161} INFO - Started process (PID=160) to work on /opt/airflow/dags/etl.py
[2026-09-20T16:58:00.554+0000] {processor.py:830} INFO - Processing file /opt/airflow/dags/etl.py for tasks to queue
[2026-09-20T16:58:00.557+0000] {logging_mixin.py:188} INFO - [2026-09-20T16:58:00.556+0000] {dagbag.py:545} INFO - Filling up the DagBag from /opt/airflow/dags/etl.py
[2026-09-20T16:58:00.576+0000] {processor.py:840} INFO - DAG(s) 'ecommerce_data' retrieved from /opt/airflow/dags/etl.py
[2026-09-20T16:58:00.611+0000] {logging_mixin.py:188} INFO - [2026-09-20T16:58:00.610+0000] {dag.py:3096} INFO - Sync 1 DAGs
[2026-09-20T16:58:00.626+0000] {logging_mixin.py:188} INFO - [2026-09-20T16:58:00.626+0000] {dag.py:3954} INFO - Setting next_dagrun for ecommerce_data to 2019-10-01 00:00:00+00:00, run_after=2019-10-02 00:00:00+00:00
[2026-09-20T16:58:00.641+0000] {processor.py:183} INFO - Processing /opt/airflow/dags/etl.py took 0.100 seconds
[2026-09-20T16:58:30.852+0000] {processor.py:161} INFO - Started process (PID=161) to work on /opt/airflow/dags/etl.py
[2026-09-20T16:58:30.853+0000] {processor.py:830} INFO - Processing file /opt/airflow/dags/etl.py for tasks to queue
[2026-09-20T16:58:30.857+0000] {logging_mixin.py:188} INFO - [2026-09-20T16:58:30.856+0000] {dagbag.py:545} INFO - Filling up the DagBag from /opt/airflow/dags/etl.py
[2026-09-20T16:58:30.875+0000] {processor.py:840} INFO - DAG(s) 'ecommerce_data' retrieved from /opt/airflow/dags/etl.py
[2026-09-20T16:58:30.910+0000] {logging_mixin.py:188} INFO - [2026-09-20T16:58:30.910+0000] {dag.py:3096} INFO - Sync 1 DAGs
[2026-09-20T16:58:30.926+0000] {logging_mixin.py:188} INFO - [2026-09-20T16:58:30.926+0000] {dag.py:3954} INFO - Setting next_dagrun for ecommerce_data to 2019-10-01 00:00:00+00:00, run_after=2019-10-02 00:00:00+00:00
[2026-09-20T16:58:30.942+0000] {processor.py:183} INFO - Processing /opt/airflow/dags/etl.py took 0.099 seconds
[2026-09-20T16:59:01.141+0000] {processor.py:161} INFO - Started process (PID=162) to work on /opt/airflow/dags/etl.py
[2026-09-20T16:59:01.144+0000] {processor.py:830} INFO - Processing file /opt/airflow/dags/etl.py for tasks to queue
[2026-09-20T16:59:01.146+0000] {logging_mixin.py:188} INFO - [2026-09-20T16:59:01.146+0000] {dagbag.py:545} INFO - Filling up the DagBag from /opt/airflow/dags/etl.py
[2026-09-20T16:59:01.163+0000] {processor.py:840} INFO - DAG(s) 'ecommerce_data' retrieved from /opt/airflow/dags/etl.py
[2026-09-20T16:59:01.189+0000] {logging_mixin.py:188} INFO - [2026-09-20T16:59:01.189+0000] {dag.py:3096} INFO - Sync 1 DAGs
[2026-09-20T16:59:01.204+0000] {logging_mixin.py:188} INFO - [2026-09-20T16:59:01.204+0000] {dag.py:3954} INFO - Setting next_dagrun for ecommerce_data to 2019-10-01 00:00:00+00:00, run_after=2019-10-02 00:00:00+00:00
[2026-09-20T16:59:01.220+0000] {processor.py:183} INFO - Processing /opt/airflow/dags/etl.py took 0.090 seconds
[2026-09-20T16:59:31.334+0000] {processor.py:161} INFO - Started process (PID=163) to work on /opt/airflow/dags/etl.py
[2026-09-20T16:59:31.335+0000] {processor.py:830} INFO - Processing file /opt/airflow/dags/etl.py for tasks to queue
[2026-09-20T16:59:31.338+0000] {logging_mixin.py:188} INFO - [2026-09-20T16:59:31.337+0000] {dagbag.py:545} INFO - Filling up the DagBag from /opt/airflow/dags/etl.py
[2026-09-20T16:59:31.355+0000] {processor.py:840} INFO - DAG(s) 'ecommerce_data' retrieved from /opt/airflow/dags/etl.py
[2026-09-20T16:59:31.390+0000] {logging_mixin.py:188} INFO - [2026-09-20T16:59:31.389+0000] {dag.py:3096} INFO - Sync 1 DAGs
[2026-09-20T16:59:31.406+0000] {logging_mixin.py:188} INFO - [2026-09-20T16:59:31.406+0000] {dag.py:3954} INFO - Setting next_dagrun for ecommerce_data to 2019-10-01 00:00:00+00:00, run_after=2019-10-02 00:00:00+00:00
[2026-09-20T16:59:31.422+0000] {processor.py:183} INFO - Processing /opt/airflow/dags/etl.py took 0.098 seconds
[2026-09-20T17:00:01.641+0000] {processor.py:161} INFO - Started process (PID=164) to work on /opt/airflow/dags/etl.py
[2026-09-20T17:00:01.644+0000] {processor.py:830} INFO - Processing file /opt/airflow/dags/etl.py for tasks to queue
[2026-09-20T17:00:01.647+0000] {logging_mixin.py:188} INFO - [2026-09-20T17:00:01.646+0000] {dagbag.py:545} INFO - Filling up the DagBag from /opt/airflow/dags/etl.py
[2026-09-20T17:00:01.664+0000] {processor.py:840} INFO - DAG(s) 'ecommerce_data' retrieved from /opt/airflow/dags/etl.py
[2026-09-20T17:00:01.698+0000] {logging_mixin.py:188} INFO - [2026-09-20T17:00:01.698+0000] {dag.py:3096} INFO - Sync 1 DAGs
[2026-09-20T17:00:01.713+0000] {logging_mixin.py:188} INFO - [2026-09-20T17:00:01.713+0000] {dag.py:3954} INFO - Setting next_dagrun for ecommerce_data to 2019-10-01 00:00:00+00:00, run_after=2019-10-02 00:00:00+00:00
[2026-09-20T17:00:01.729+0000] {processor.py:183} INFO - Processing /opt/airflow/dags/etl.py took 0.098 seconds
[2026-09-20T17:00:31.941+0000] {processor.py:161} INFO - Started process (PID=165) to work on /opt/airflow/dags/etl.py
[2026-09-20T17:00:31.943+0000] {processor.py:830} INFO - Processing file /opt/airflow/dags/etl.py for tasks to queue
[2026-09-20T17:00:31.945+0000] {logging_mixin.py:188} INFO - [2026-09-20T17:00:31.945+0000] {dagbag.py:545} INFO - Filling up the DagBag from /opt/airflow/dags/etl.py
[2026-09-20T17:00:31.963+0000] {processor.py:840} INFO - DAG(s) 'ecommerce_data' retrieved from /opt/airflow/dags/etl.py
[2026-09-20T17:00:31.997+0000] {logging_mixin.py:188} INFO - [2026-09-20T17:00:31.997+0000] {dag.py:3096} INFO - Sync 1 DAGs
[2026-09-20T17:00:32.014+0000] {logging_mixin.py:188} INFO - [2026-09-20T17:00:32.013+0000] {dag.py:3954} INFO - Setting next_dagrun for ecommerce_data to 2019-10-01 00:00:00+00:00, run_after=2019-10-02 00:00:00+00:00
[2026-09-20T17:00:32.029+0000] {processor.py:183} INFO - Processing /opt/airflow/dags/etl.py took 0.098 seconds
[2026-09-20T17:01:02.248+0000] {processor.py:161} INFO - Started process (PID=166) to work on /opt/airflow/dags/etl.py
[2026-09-20T17:01:02.253+0000] {processor.py:830} INFO - Processing file /opt/airflow/dags/etl.py for tasks to queue
[2026-09-20T17:01:02.256+0000] {logging_mixin.py:188} INFO - [2026-09-20T17:01:02.255+0000] {dagbag.py:545} INFO - Filling up the DagBag from /opt/airflow/dags/etl.py
[2026-09-20T17:01:02.274+0000] {processor.py:840} INFO - DAG(s) 'ecommerce_data' retrieved from /opt/airflow/dags/etl.py
[2026-09-20T17:01:02.309+0000] {logging_mixin.py:188} INFO - [2026-09-20T17:01:02.308+0000] {dag.py:3096} INFO - Sync 1 DAGs
[2026-09-20T17:01:02.324+0000] {logging_mixin.py:188} INFO - [2026-09-20T17:01:02.324+0000] {dag.py:3954} INFO - Setting next_dagrun for ecommerce_data to 2019-10-01 00:00:00+00:00, run_after=2019-10-02 00:00:00+00:00
[2026-09-20T17:01:02.340+0000] {processor.py:183} INFO - Processing /opt/airflow/dags/etl.py took 0.101 seconds
[2026-09-20T17:01:32.547+0000] {processor.py:161} INFO - Started process (PID=167) to work on /opt/airflow/dags/etl.py
[2026-09-20T17:01:32.548+0000] {processor.py:830} INFO - Processing file /opt/airflow/dags/etl.py for tasks to queue
[2026-09-20T17:01:32.551+0000] {logging_mixin.py:188} INFO - [2026-09-20T17:01:32.550+0000] {dagbag.py:545} INFO - Filling up the DagBag from /opt/airflow/dags/etl.py
[2026-09-20T17:01:32.568+0000] {processor.py:840} INFO - DAG(s) 'ecommerce_data' retrieved from /opt/airflow/dags/etl.py
[2026-09-20T17:01:32.603+0000] {logging_mixin.py:188} INFO - [2026-09-20T17:01:32.603+0000] {dag.py:3096} INFO - Sync 1 DAGs
[2026-09-20T17:01:32.618+0000] {logging_mixin.py:188} INFO - [2026-09-20T17:01:32.618+0000] {dag.py:3954} INFO - Setting next_dagrun for ecommerce_data to 2019-10-01 00:00:00+00:00, run_after=2019-10-02 00:00:00+00:00
[2026-09-20T17:01:32.634+0000] {processor.py:183} INFO - Processing /opt/airflow/dags/etl.py took 0.097 seconds
[2026-09-20T17:02:02.854+0000] {processor.py:161} INFO - Started process (PID=168) to work on /opt/airflow/dags/etl.py
[2026-09-20T17:02:02.857+0000] {processor.py:830} INFO - Processing file /opt/airflow/dags/etl.py for tasks to queue
[2026-09-20T17:02:02.860+0000] {logging_mixin.py:188} INFO - [2026-09-20T17:02:02.860+0000] {dagbag.py:545} INFO - Filling up the DagBag from /opt/airflow/dags/etl.py
[2026-09-20T17:02:02.878+0000] {processor.py:840} INFO - DAG(s) 'ecommerce_data' retrieved from /opt/airflow/dags/etl.py
[2026-09-20T17:02:02.907+0000] {logging_mixin.py:188} INFO - [2026-09-20T17:02:02.907+0000] {dag.py:3096} INFO - Sync 1 DAGs
[2026-09-20T17:02:02.923+0000] {logging_mixin.py:188} INFO - [2026-09-20T17:02:02.923+0000] {dag.py:3954} INFO - Setting next_dagrun for ecommerce_data to 2019-10-01 00:00:00+00:00, run_after=2019-10-02 00:00:00+00:00
[2026-09-20T17:02:02.938+0000] {processor.py:183} INFO - Processing /opt/airflow/dags/etl.py took 0.094 seconds
[2026-09-20T17:02:33.054+0000] {processor.py:161} INFO - Started process (PID=169) to work on /opt/airflow/dags/etl.py
[2026-09-20T17:02:33.056+0000] {processor.py:830} INFO - Processing file /opt/airflow/dags/etl.py for tasks to queue
[2026-09-20T17:02:33.058+0000] {logging_mixin.py:188} INFO - [2026-09-20T17:02:33.058+0000] {dagbag.py:545} INFO - Filling up the DagBag from /opt/airflow/dags/etl.py
[2026-09-20T17:02:33.076+0000] {processor.py:840} INFO - DAG(s) 'ecommerce_data' retrieved from /opt/airflow/dags/etl.py
[2026-09-20T17:02:33.110+0000] {logging_mixin.py:188} INFO - [2026-09-20T17:02:33.110+0000] {dag.py:3096} INFO - Sync 1 DAGs
[2026-09-20T17:02:33.125+0000] {logging_mixin.py:188} INFO - [2026-09-20T17:02:33.125+0000] {dag.py:3954} INFO - Setting next_dagrun for ecommerce_data to 2019-10-01 00:00:00+00:00, run_after=2019-10-02 00:00:00+00:00
[2026-09-20T17:02:33.142+0000] {processor.py:183} INFO - Processing /opt/airflow/dags/etl.py took 0.098 seconds
[2026-09-20T17:03:03.365+0000] {processor.py:161} INFO - Started process (PID=170) to work on /opt/airflow/dags/etl.py
[2026-09-20T17:03:03.368+0000] {processor.py:830} INFO - Processing file /opt/airflow/dags/etl.py for tasks to queue
[2026-09-20T17:03:03.371+0000] {logging_mixin.py:188} INFO - [2026-09-20T17:03:03.371+0000] {dagbag.py:545} INFO - Filling up the DagBag from /opt/airflow/dags/etl.py
[2026-09-20T17:03:03.390+0000] {processor.py:840} INFO - DAG(s) 'ecommerce_data' retrieved from /opt/airflow/dags/etl.py
[2026-09-20T17:03:03.425+0000] {logging_mixin.py:188} INFO - [2026-09-20T17:03:03.425+0000] {dag.py:3096} INFO - Sync 1 DAGs
[2026-09-20T17:03:03.441+0000] {logging_mixin.py:188} INFO - [2026-09-20T17:03:03.441+0000] {dag.py:3954} INFO - Setting next_dagrun for ecommerce_data to 2019-10-01 00:00:00+00:00, run_after=2019-10-02 00:00:00+00:00
[2026-09-20T17:03:03.456+0000] {processor.py:183} INFO - Processing /opt/airflow/dags/etl.py took 0.101 seconds
[2026-09-20T17:03:33.675+0000] {processor.py:161} INFO - Started process (PID=171) to work on /opt/airflow/dags/etl.py
[2026-09-20T17:03:33.677+0000] {processor.py:830} INFO - Processing file /opt/airflow/dags/etl.py for tasks to queue
[2026-09-20T17:03:33.679+0000] {logging_mixin.py:188} INFO - [2026-09-20T17:03:33.679+0000] {dagbag.py:545} INFO - Filling up the DagBag from /opt/airflow/dags/etl.py
[2026-09-20T17:03:33.696+0000] {processor.py:840} INFO - DAG(s) 'ecommerce_data' retrieved from /opt/airflow/dags/etl.py
[2026-09-20T17:03:33.729+0000] {logging_mixin.py:188} INFO - [2026-09-20T17:03:33.729+0000] {dag.py:3096} INFO - Sync 1 DAGs
[2026-09-20T17:03:33.745+0000] {logging_mixin.py:188} INFO - [2026-09-20T17:03:33.744+0000] {dag.py:3954} INFO - Setting next_dagrun for ecommerce_data to 2019-10-01 00:00:00+00:00, run_after=2019-10-02 00:00:00+00:00
[2026-09-20T17:03:33.762+0000] {processor.py:183} INFO - Processing /opt/airflow/dags/etl.py took 0.099 seconds
[2026-09-20T17:04:03.979+0000] {processor.py:161} INFO - Started process (PID=172) to work on /opt/airflow/dags/etl.py
[2026-09-20T17:04:03.988+0000] {processor.py:830} INFO - Processing file /opt/airflow/dags/etl.py for tasks to queue
[2026-09-20T17:04:03.992+0000] {logging_mixin.py:188} INFO - [2026-09-20T17:04:03.991+0000] {dagbag.py:545} INFO - Filling up the DagBag from /opt/airflow/dags/etl.py
[2026-09-20T17:04:04.010+0000] {processor.py:840} INFO - DAG(s) 'ecommerce_data' retrieved from /opt/airflow/dags/etl.py
[2026-09-20T17:04:04.045+0000] {logging_mixin.py:188} INFO - [2026-09-20T17:04:04.045+0000] {dag.py:3096} INFO - Sync 1 DAGs
[2026-09-20T17:04:04.061+0000] {logging_mixin.py:188} INFO - [2026-09-20T17:04:04.061+0000] {dag.py:3954} INFO - Setting next_dagrun for ecommerce_data to 2019-10-01 00:00:00+00:00, run_after=2019-10-02 00:00:00+00:00
[2026-09-20T17:04:04.076+0000] {processor.py:183} INFO - Processing /opt/airflow/dags/etl.py took 0.107 seconds
[2026-09-20T17:04:34.285+0000] {processor.py:161} INFO - Started process (PID=173) to work on /opt/airflow/dags/etl.py
[2026-09-20T17:04:34.286+0000] {processor.py:830} INFO - Processing file /opt/airflow/dags/etl.py for tasks to queue
[2026-09-20T17:04:34.289+0000] {logging_mixin.py:188} INFO - [2026-09-20T17:04:34.288+0000] {dagbag.py:545} INFO - Filling up the DagBag from /opt/airflow/dags/etl.py
[2026-09-20T17:04:34.307+0000] {processor.py:840} INFO - DAG(s) 'ecommerce_data' retrieved from /opt/airflow/dags/etl.py
[2026-09-20T17:04:34.341+0000] {logging_mixin.py:188} INFO - [2026-09-20T17:04:34.341+0000] {dag.py:3096} INFO - Sync 1 DAGs
[2026-09-20T17:04:34.357+0000] {logging_mixin.py:188} INFO - [2026-09-20T17:04:34.356+0000] {dag.py:3954} INFO - Setting next_dagrun for ecommerce_data to 2019-10-01 00:00:00+00:00, run_after=2019-10-02 00:00:00+00:00
[2026-09-20T17:04:34.371+0000] {processor.py:183} INFO - Processing /opt/airflow/dags/etl.py took 0.097 seconds
[2026-09-20T17:05:04.597+0000] {processor.py:161} INFO - Started process (PID=174) to work on /opt/airflow/dags/etl.py
[2026-09-20T17:05:04.605+0000] {processor.py:830} INFO - Processing file /opt/airflow/dags/etl.py for tasks to queue
[2026-09-20T17:05:04.608+0000] {logging_mixin.py:188} INFO - [2026-09-20T17:05:04.607+0000] {dagbag.py:545} INFO - Filling up the DagBag from /opt/airflow/dags/etl.py
[2026-09-20T17:05:04.626+0000] {processor.py:840} INFO - DAG(s) 'ecommerce_data' retrieved from /opt/airflow/dags/etl.py
[2026-09-20T17:05:04.662+0000] {logging_mixin.py:188} INFO - [2026-09-20T17:05:04.662+0000] {dag.py:3096} INFO - Sync 1 DAGs
[2026-09-20T17:05:04.678+0000] {logging_mixin.py:188} INFO - [2026-09-20T17:05:04.677+0000] {dag.py:3954} INFO - Setting next_dagrun for ecommerce_data to 2019-10-01 00:00:00+00:00, run_after=2019-10-02 00:00:00+00:00
[2026-09-20T17:05:04.694+0000] {processor.py:183} INFO - Processing /opt/airflow/dags/etl.py took 0.108 seconds
[2026-09-20T17:05:34.898+0000] {processor.py:161} INFO - Started process (PID=175) to work on /opt/airflow/dags/etl.py
[2026-09-20T17:05:34.899+0000] {processor.py:830} INFO - Processing file /opt/airflow/dags/etl.py for tasks to queue
[2026-09-20T17:05:34.902+0000] {logging_mixin.py:188} INFO - [2026-09-20T17:05:34.901+0000] {dagbag.py:545} INFO - Filling up the DagBag from /opt/airflow/dags/etl.py
[2026-09-20T17:05:34.919+0000] {processor.py:840} INFO - DAG(s) 'ecommerce_data' retrieved from /opt/airflow/dags/etl.py
[2026-09-20T17:05:34.955+0000] {logging_mixin.py:188} INFO - [2026-09-20T17:05:34.955+0000] {dag.py:3096} INFO - Sync 1 DAGs
[2026-09-20T17:05:34.971+0000] {logging_mixin.py:188} INFO - [2026-09-20T17:05:34.970+0000] {dag.py:3954} INFO - Setting next_dagrun for ecommerce_data to 2019-10-01 00:00:00+00:00, run_after=2019-10-02 00:00:00+00:00
[2026-09-20T17:05:34.987+0000] {processor.py:183} INFO - Processing /opt/airflow/dags/etl.py took 0.098 seconds
[2026-09-20T17:06:05.201+0000] {processor.py:161} INFO - Started process (PID=176) to work on /opt/airflow/dags/etl.py
[2026-09-20T17:06:05.204+0000] {processor.py:830} INFO - Processing file /opt/airflow/dags/etl.py for tasks to queue
[2026-09-20T17:06:05.207+0000] {logging_mixin.py:188} INFO - [2026-09-20T17:06:05.206+0000] {dagbag.py:545} INFO - Filling up the DagBag from /opt/airflow/dags/etl.py
[2026-09-20T17:06:05.224+0000] {processor.py:840} INFO - DAG(s) 'ecommerce_data' retrieved from /opt/airflow/dags/etl.py
[2026-09-20T17:06:05.256+0000] {logging_mixin.py:188} INFO - [2026-09-20T17:06:05.256+0000] {dag.py:3096} INFO - Sync 1 DAGs
[2026-09-20T17:06:05.274+0000] {logging_mixin.py:188} INFO - [2026-09-20T17:06:05.273+0000] {dag.py:3954} INFO - Setting next_dagrun for ecommerce_data to 2019-10-01 00:00:00+00:00, run_after=2019-10-02 00:00:00+00:00
[2026-09-20T17:06:05.290+0000] {processor.py:183} INFO - Processing /opt/airflow/dags/etl.py took 0.100 seconds
[2026-09-20T17:06:35.501+0000] {processor.py:161} INFO - Started process (PID=177) to work on /opt/airflow/dags/etl.py
[2026-09-20T17:06:35.502+0000] {processor.py:830} INFO - Processing file /opt/airflow/dags/etl.py for tasks to queue
[2026-09-20T17:06:35.505+0000] {logging_mixin.py:188} INFO - [2026-09-20T17:06:35.505+0000] {dagbag.py:545} INFO - Filling up the DagBag from /opt/airflow/dags/etl.py
[2026-09-20T17:06:35.522+0000] {processor.py:840} INFO - DAG(s) 'ecommerce_data' retrieved from /opt/airflow/dags/etl.py
[2026-09-20T17:06:35.558+0000] {logging_mixin.py:188} INFO - [2026-09-20T17:06:35.557+0000] {dag.py:3096} INFO - Sync 1 DAGs
[2026-09-20T17:06:35.574+0000] {logging_mixin.py:188} INFO - [2026-09-20T17:06:35.574+0000] {dag.py:3954} INFO - Setting next_dagrun for ecommerce_data to 2019-10-01 00:00:00+00:00, run_after=2019-10-02 00:00:00+00:00
[2026-09-20T17:06:35.589+0000] {processor.py:183} INFO - Processing /opt/airflow/dags/etl.py took 0.097 seconds
[2026-09-20T17:07:05.805+0000] {processor.py:161} INFO - Started process (PID=178) to work on /opt/airflow/dags/etl.py
[2026-09-20T17:07:05.808+0000] {processor.py:830} INFO - Processing file /opt/airflow/dags/etl.py for tasks to queue
[2026-09-20T17:07:05.812+0000] {logging_mixin.py:188} INFO - [2026-09-20T17:07:05.812+0000] {dagbag.py:545} INFO - Filling up the DagBag from /opt/airflow/dags/etl.py
[2026-09-20T17:07:05.830+0000] {processor.py:840} INFO - DAG(s) 'ecommerce_data' retrieved from /opt/airflow/dags/etl.py
[2026-09-20T17:07:05.864+0000] {logging_mixin.py:188} INFO - [2026-09-20T17:07:05.864+0000] {dag.py:3096} INFO - Sync 1 DAGs
[2026-09-20T17:07:05.880+0000] {logging_mixin.py:188} INFO - [2026-09-20T17:07:05.880+0000] {dag.py:3954} INFO - Setting next_dagrun for ecommerce_data to 2019-10-01 00:00:00+00:00, run_after=2019-10-02 00:00:00+00:00
[2026-09-20T17:07:05.895+0000] {processor.py:183} INFO - Processing /opt/airflow/dags/etl.py took 0.100 seconds
[2026-09-20T17:07:36.107+0000] {processor.py:161} INFO - Started process (PID=179) to work on /opt/airflow/dags/etl.py
[2026-09-20T17:07:36.108+0000] {processor.py:830} INFO - Processing file /opt/airflow/dags/etl.py for tasks to queue
[2026-09-20T17:07:36.111+0000] {logging_mixin.py:188} INFO - [2026-09-20T17:07:36.110+0000] {dagbag.py:545} INFO - Filling up the DagBag from /opt/airflow/dags/etl.py
[2026-09-20T17:07:36.128+0000] {processor.py:840} INFO - DAG(s) 'ecommerce_data' retrieved from /opt/airflow/dags/etl.py
[2026-09-20T17:07:36.163+0000] {logging_mixin.py:188} INFO - [2026-09-20T17:07:36.162+0000] {dag.py:3096} INFO - Sync 1 DAGs
[2026-09-20T17:07:36.178+0000] {logging_mixin.py:188} INFO - [2026-09-20T17:07:36.178+0000] {dag.py:3954} INFO - Setting next_dagrun for ecommerce_data to 2019-10-01 00:00:00+00:00, run_after=2019-10-02 00:00:00+00:00
[2026-09-20T17:07:36.193+0000] {processor.py:183} INFO - Processing /opt/airflow/dags/etl.py took 0.096 seconds
[2026-09-20T17:08:06.407+0000] {processor.py:161} INFO - Started process (PID=180) to work on /opt/airflow/dags/etl.py
[2026-09-20T17:08:06.410+0000] {processor.py:830} INFO - Processing file /opt/airflow/dags/etl.py for tasks to queue
[2026-09-20T17:08:06.414+0000] {logging_mixin.py:188} INFO - [2026-09-20T17:08:06.414+0000] {dagbag.py:545} INFO - Filling up the DagBag from /opt/airflow/dags/etl.py
[2026-09-20T17:08:06.431+0000] {processor.py:840} INFO - DAG(s) 'ecommerce_data' retrieved from /opt/airflow/dags/etl.py
[2026-09-20T17:08:06.467+0000] {logging_mixin.py:188} INFO - [2026-09-20T17:08:06.467+0000] {dag.py:3096} INFO - Sync 1 DAGs
[2026-09-20T17:08:06.482+0000] {logging_mixin.py:188} INFO - [2026-09-20T17:08:06.482+0000] {dag.py:3954} INFO - Setting next_dagrun for ecommerce_data to 2019-10-01 00:00:00+00:00, run_after=2019-10-02 00:00:00+00:00
[2026-09-20T17:08:06.497+0000] {processor.py:183} INFO - Processing /opt/airflow/dags/etl.py took 0.100 seconds
[2026-09-20T17:08:36.707+0000] {processor.py:161} INFO - Started process (PID=181) to work on /opt/airflow/dags/etl.py
[2026-09-20T17:08:36.708+0000] {processor.py:830} INFO - Processing file /opt/airflow/dags/etl.py for tasks to queue
[2026-09-20T17:08:36.711+0000] {logging_mixin.py:188} INFO - [2026-09-20T17:08:36.710+0000] {dagbag.py:545} INFO - Filling up the DagBag from /opt/airflow/dags/etl.py
[2026-09-20T17:08:36.728+0000] {processor.py:840} INFO - DAG(s) 'ecommerce_data' retrieved from /opt/airflow/dags/etl.py
[2026-09-20T17:08:36.764+0000] {logging_mixin.py:188} INFO - [2026-09-20T17:08:36.764+0000] {dag.py:3096} INFO - Sync 1 DAGs
[2026-09-20T17:08:36.780+0000] {logging_mixin.py:188} INFO - [2026-09-20T17:08:36.779+0000] {dag.py:3954} INFO - Setting next_dagrun for ecommerce_data to 2019-10-01 00:00:00+00:00, run_after=2019-10-02 00:00:00+00:00
[2026-09-20T17:08:36.795+0000] {processor.py:183} INFO - Processing /opt/airflow/dags/etl.py took 0.098 seconds
[2026-09-20T17:09:07.009+0000] {processor.py:161} INFO - Started process (PID=182) to work on /opt/airflow/dags/etl.py
[2026-09-20T17:09:07.012+0000] {processor.py:830} INFO - Processing file /opt/airflow/dags/etl.py for tasks to queue
[2026-09-20T17:09:07.015+0000] {logging_mixin.py:188} INFO - [2026-09-20T17:09:07.015+0000] {dagbag.py:545} INFO - Filling up the DagBag from /opt/airflow/dags/etl.py
[2026-09-20T17:09:07.032+0000] {processor.py:840} INFO - DAG(s) 'ecommerce_data' retrieved from /opt/airflow/dags/etl.py
[2026-09-20T17:09:07.067+0000] {logging_mixin.py:188} INFO - [2026-09-20T17:09:07.067+0000] {dag.py:3096} INFO - Sync 1 DAGs
[2026-09-20T17:09:07.084+0000] {logging_mixin.py:188} INFO - [2026-09-20T17:09:07.083+0000] {dag.py:3954} INFO - Setting next_dagrun for ecommerce_data to 2019-10-01 00:00:00+00:00, run_after=2019-10-02 00:00:00+00:00
[2026-09-20T17:09:07.098+0000] {processor.py:183} INFO - Processing /opt/airflow/dags/etl.py took 0.098 seconds
[2026-09-20T17:09:37.260+0000] {processor.py:161} INFO - Started process (PID=183) to work on /opt/airflow/dags/etl.py
[2026-09-20T17:09:37.261+0000] {processor.py:830} INFO - Processing file /opt/airflow/dags/etl.py for tasks to queue
[2026-09-20T17:09:37.262+0000] {logging_mixin.py:188} INFO - [2026-09-20T17:09:37.262+0000] {dagbag.py:545} INFO - Filling up the DagBag from /opt/airflow/dags/etl.py
[2026-09-20T17:09:37.270+0000] {processor.py:840} INFO - DAG(s) 'ecommerce_data' retrieved from /opt/airflow/dags/etl.py
[2026-09-20T17:09:37.293+0000] {logging_mixin.py:188} INFO - [2026-09-20T17:09:37.293+0000] {dag.py:3096} INFO - Sync 1 DAGs
[2026-09-20T17:09:37.308+0000] {logging_mixin.py:188} INFO - [2026-09-20T17:09:37.307+0000] {dag.py:3954} INFO - Setting next_dagrun for ecommerce_data to 2019-10-01 00:00:00+00:00, run_after=2019-10-02 00:00:00+00:00
[2026-09-20T17:09:37.325+0000] {processor.py:183} INFO - Processing /opt/airflow/dags/etl.py took 0.070 seconds
[2026-09-20T17:10:07.459+0000] {processor.py:161} INFO - Started process (PID=184) to work on /opt/airflow/dags/etl.py
[2026-09-20T17:10:07.462+0000] {processor.py:830} INFO - Processing file /opt/airflow/dags/etl.py for tasks to queue
[2026-09-20T17:10:07.465+0000] {logging_mixin.py:188} INFO - [2026-09-20T17:10:07.464+0000] {dagbag.py:545} INFO - Filling up the DagBag from /opt/airflow/dags/etl.py
[2026-09-20T17:10:07.483+0000] {processor.py:840} INFO - DAG(s) 'ecommerce_data' retrieved from /opt/airflow/dags/etl.py
[2026-09-20T17:10:07.516+0000] {logging_mixin.py:188} INFO - [2026-09-20T17:10:07.516+0000] {dag.py:3096} INFO - Sync 1 DAGs
[2026-09-20T17:10:07.533+0000] {logging_mixin.py:188} INFO - [2026-09-20T17:10:07.533+0000] {dag.py:3954} INFO - Setting next_dagrun for ecommerce_data to 2019-10-01 00:00:00+00:00, run_after=2019-10-02 00:00:00+00:00
[2026-09-20T17:10:07.549+0000] {processor.py:183} INFO - Processing /opt/airflow/dags/etl.py took 0.101 seconds
[2026-09-20T17:10:37.690+0000] {processor.py:161} INFO - Started process (PID=185) to work on /opt/airflow/dags/etl.py
[2026-09-20T17:10:37.691+0000] {processor.py:830} INFO - Processing file /opt/airflow/dags/etl.py for tasks to queue
[2026-09-20T17:10:37.694+0000] {logging_mixin.py:188} INFO - [2026-09-20T17:10:37.693+0000] {dagbag.py:545} INFO - Filling up the DagBag from /opt/airflow/dags/etl.py
[2026-09-20T17:10:37.705+0000] {processor.py:840} INFO - DAG(s) 'ecommerce_data' retrieved from /opt/airflow/dags/etl.py
[2026-09-20T17:10:37.745+0000] {logging_mixin.py:188} INFO - [2026-09-20T17:10:37.745+0000] {dag.py:3096} INFO - Sync 1 DAGs
[2026-09-20T17:10:37.764+0000] {logging_mixin.py:188} INFO - [2026-09-20T17:10:37.764+0000] {dag.py:3954} INFO - Setting next_dagrun for ecommerce_data to 2019-10-01 00:00:00+00:00, run_after=2019-10-02 00:00:00+00:00
[2026-09-20T17:10:37.787+0000] {processor.py:183} INFO - Processing /opt/airflow/dags/etl.py took 0.104 seconds
[2026-09-20T17:11:07.976+0000] {processor.py:161} INFO - Started process (PID=186) to work on /opt/airflow/dags/etl.py
[2026-09-20T17:11:07.979+0000] {processor.py:830} INFO - Processing file /opt/airflow/dags/etl.py for tasks to queue
[2026-09-20T17:11:07.982+0000] {logging_mixin.py:188} INFO - [2026-09-20T17:11:07.981+0000] {dagbag.py:545} INFO - Filling up the DagBag from /opt/airflow/dags/etl.py
[2026-09-20T17:11:08.002+0000] {processor.py:840} INFO - DAG(s) 'ecommerce_data' retrieved from /opt/airflow/dags/etl.py
[2026-09-20T17:11:08.035+0000] {logging_mixin.py:188} INFO - [2026-09-20T17:11:08.034+0000] {dag.py:3096} INFO - Sync 1 DAGs
[2026-09-20T17:11:08.051+0000] {logging_mixin.py:188} INFO - [2026-09-20T17:11:08.051+0000] {dag.py:3954} INFO - Setting next_dagrun for ecommerce_data to 2019-10-01 00:00:00+00:00, run_after=2019-10-02 00:00:00+00:00
[2026-09-20T17:11:08.068+0000] {processor.py:183} INFO - Processing /opt/airflow/dags/etl.py took 0.102 seconds
[2026-09-20T17:11:38.264+0000] {processor.py:161} INFO - Started process (PID=187) to work on /opt/airflow/dags/etl.py
[2026-09-20T17:11:38.265+0000] {processor.py:830} INFO - Processing file /opt/airflow/dags/etl.py for tasks to queue
[2026-09-20T17:11:38.267+0000] {logging_mixin.py:188} INFO - [2026-09-20T17:11:38.266+0000] {dagbag.py:545} INFO - Filling up the DagBag from /opt/airflow/dags/etl.py
[2026-09-20T17:11:38.276+0000] {processor.py:840} INFO - DAG(s) 'ecommerce_data' retrieved from /opt/airflow/dags/etl.py
[2026-09-20T17:11:38.295+0000] {logging_mixin.py:188} INFO - [2026-09-20T17:11:38.295+0000] {dag.py:3096} INFO - Sync 1 DAGs
[2026-09-20T17:11:38.310+0000] {logging_mixin.py:188} INFO - [2026-09-20T17:11:38.310+0000] {dag.py:3954} INFO - Setting next_dagrun for ecommerce_data to 2019-10-01 00:00:00+00:00, run_after=2019-10-02 00:00:00+00:00
[2026-09-20T17:11:38.325+0000] {processor.py:183} INFO - Processing /opt/airflow/dags/etl.py took 0.068 seconds
[2026-09-20T17:12:08.457+0000] {processor.py:161} INFO - Started process (PID=188) to work on /opt/airflow/dags/etl.py
[2026-09-20T17:12:08.461+0000] {processor.py:830} INFO - Processing file /opt/airflow/dags/etl.py for tasks to queue
[2026-09-20T17:12:08.463+0000] {logging_mixin.py:188} INFO - [2026-09-20T17:12:08.463+0000] {dagbag.py:545} INFO - Filling up the DagBag from /opt/airflow/dags/etl.py
[2026-09-20T17:12:08.480+0000] {processor.py:840} INFO - DAG(s) 'ecommerce_data' retrieved from /opt/airflow/dags/etl.py
[2026-09-20T17:12:08.516+0000] {logging_mixin.py:188} INFO - [2026-09-20T17:12:08.516+0000] {dag.py:3096} INFO - Sync 1 DAGs
[2026-09-20T17:12:08.540+0000] {logging_mixin.py:188} INFO - [2026-09-20T17:12:08.539+0000] {dag.py:3954} INFO - Setting next_dagrun for ecommerce_data to 2019-10-01 00:00:00+00:00, run_after=2019-10-02 00:00:00+00:00
[2026-09-20T17:12:08.558+0000] {processor.py:183} INFO - Processing /opt/airflow/dags/etl.py took 0.110 seconds
[2026-09-20T17:12:38.750+0000] {processor.py:161} INFO - Started process (PID=189) to work on /opt/airflow/dags/etl.py
[2026-09-20T17:12:38.751+0000] {processor.py:830} INFO - Processing file /opt/airflow/dags/etl.py for tasks to queue
[2026-09-20T17:12:38.754+0000] {logging_mixin.py:188} INFO - [2026-09-20T17:12:38.753+0000] {dagbag.py:545} INFO - Filling up the DagBag from /opt/airflow/dags/etl.py
[2026-09-20T17:12:38.772+0000] {processor.py:840} INFO - DAG(s) 'ecommerce_data' retrieved from /opt/airflow/dags/etl.py
[2026-09-20T17:12:38.804+0000] {logging_mixin.py:188} INFO - [2026-09-20T17:12:38.804+0000] {dag.py:3096} INFO - Sync 1 DAGs
[2026-09-20T17:12:38.819+0000] {logging_mixin.py:188} INFO - [2026-09-20T17:12:38.819+0000] {dag.py:3954} INFO - Setting next_dagrun for ecommerce_data to 2019-10-01 00:00:00+00:00, run_after=2019-10-02 00:00:00+00:00
[2026-09-20T17:12:38.834+0000] {processor.py:183} INFO - Processing /opt/airflow/dags/etl.py took 0.094 seconds
[2026-09-20T17:13:08.944+0000] {processor.py:161} INFO - Started process (PID=190) to work on /opt/airflow/dags/etl.py
[2026-09-20T17:13:08.947+0000] {processor.py:830} INFO - Processing file /opt/airflow/dags/etl.py for tasks to queue
[2026-09-20T17:13:08.950+0000] {logging_mixin.py:188} INFO - [2026-09-20T17:13:08.949+0000] {dagbag.py:545} INFO - Filling up the DagBag from /opt/airflow/dags/etl.py
[2026-09-20T17:13:08.968+0000] {processor.py:840} INFO - DAG(s) 'ecommerce_data' retrieved from /opt/airflow/dags/etl.py
[2026-09-20T17:13:09.002+0000] {logging_mixin.py:188} INFO - [2026-09-20T17:13:09.001+0000] {dag.py:3096} INFO - Sync 1 DAGs
[2026-09-20T17:13:09.018+0000] {logging_mixin.py:188} INFO - [2026-09-20T17:13:09.018+0000] {dag.py:3954} INFO - Setting next_dagrun for ecommerce_data to 2019-10-01 00:00:00+00:00, run_after=2019-10-02 00:00:00+00:00
[2026-09-20T17:13:09.033+0000] {processor.py:183} INFO - Processing /opt/airflow/dags/etl.py took 0.099 seconds
[2026-09-20T17:13:39.249+0000] {processor.py:161} INFO - Started process (PID=191) to work on /opt/airflow/dags/etl.py
[2026-09-20T17:13:39.250+0000] {processor.py:830} INFO - Processing file /opt/airflow/dags/etl.py for tasks to queue
[2026-09-20T17:13:39.254+0000] {logging_mixin.py:188} INFO - [2026-09-20T17:13:39.253+0000] {dagbag.py:545} INFO - Filling up the DagBag from /opt/airflow/dags/etl.py
[2026-09-20T17:13:39.270+0000] {processor.py:840} INFO - DAG(s) 'ecommerce_data' retrieved from /opt/airflow/dags/etl.py
[2026-09-20T17:13:39.305+0000] {logging_mixin.py:188} INFO - [2026-09-20T17:13:39.305+0000] {dag.py:3096} INFO - Sync 1 DAGs
[2026-09-20T17:13:39.321+0000] {logging_mixin.py:188} INFO - [2026-09-20T17:13:39.321+0000] {dag.py:3954} INFO - Setting next_dagrun for ecommerce_data to 2019-10-01 00:00:00+00:00, run_after=2019-10-02 00:00:00+00:00
[2026-09-20T17:13:39.338+0000] {processor.py:183} INFO - Processing /opt/airflow/dags/etl.py took 0.099 seconds
[2026-09-20T17:14:09.553+0000] {processor.py:161} INFO - Started process (PID=192) to work on /opt/airflow/dags/etl.py
[2026-09-20T17:14:09.562+0000] {processor.py:830} INFO - Processing file /opt/airflow/dags/etl.py for tasks to queue
[2026-09-20T17:14:09.565+0000] {logging_mixin.py:188} INFO - [2026-09-20T17:14:09.564+0000] {dagbag.py:545} INFO - Filling up the DagBag from /opt/airflow/dags/etl.py
[2026-09-20T17:14:09.582+0000] {processor.py:840} INFO - DAG(s) 'ecommerce_data' retrieved from /opt/airflow/dags/etl.py
[2026-09-20T17:14:09.617+0000] {logging_mixin.py:188} INFO - [2026-09-20T17:14:09.617+0000] {dag.py:3096} INFO - Sync 1 DAGs
[2026-09-20T17:14:09.634+0000] {logging_mixin.py:188} INFO - [2026-09-20T17:14:09.634+0000] {dag.py:3954} INFO - Setting next_dagrun for ecommerce_data to 2019-10-01 00:00:00+00:00, run_after=2019-10-02 00:00:00+00:00
[2026-09-20T17:14:09.651+0000] {processor.py:183} INFO - Processing /opt/airflow/dags/etl.py took 0.107 seconds
[2026-09-20T17:14:39.837+0000] {processor.py:161} INFO - Started process (PID=193) to work on /opt/airflow/dags/etl.py
[2026-09-20T17:14:39.838+0000] {processor.py:830} INFO - Processing file /opt/airflow/dags/etl.py for tasks to queue
[2026-09-20T17:14:39.841+0000] {logging_mixin.py:188} INFO - [2026-09-20T17:14:39.840+0000] {dagbag.py:545} INFO - Filling up the DagBag from /opt/airflow/dags/etl.py
[2026-09-20T17:14:39.859+0000] {processor.py:840} INFO - DAG(s) 'ecommerce_data' retrieved from /opt/airflow/dags/etl.py
[2026-09-20T17:14:39.892+0000] {logging_mixin.py:188} INFO - [2026-09-20T17:14:39.892+0000] {dag.py:3096} INFO - Sync 1 DAGs
[2026-09-20T17:14:39.907+0000] {logging_mixin.py:188} INFO - [2026-09-20T17:14:39.907+0000] {dag.py:3954} INFO - Setting next_dagrun for ecommerce_data to 2019-10-01 00:00:00+00:00, run_after=2019-10-02 00:00:00+00:00
[2026-09-20T17:14:39.923+0000] {processor.py:183} INFO - Processing /opt/airflow/dags/etl.py took 0.096 seconds
[2026-09-20T17:15:10.145+0000] {processor.py:161} INFO - Started process (PID=194) to work on /opt/airflow/dags/etl.py
[2026-09-20T17:15:10.148+0000] {processor.py:830} INFO - Processing file /opt/airflow/dags/etl.py for tasks to queue
[2026-09-20T17:15:10.151+0000] {logging_mixin.py:188} INFO - [2026-09-20T17:15:10.150+0000] {dagbag.py:545} INFO - Filling up the DagBag from /opt/airflow/dags/etl.py
[2026-09-20T17:15:10.169+0000] {processor.py:840} INFO - DAG(s) 'ecommerce_data' retrieved from /opt/airflow/dags/etl.py
[2026-09-20T17:15:10.205+0000] {logging_mixin.py:188} INFO - [2026-09-20T17:15:10.205+0000] {dag.py:3096} INFO - Sync 1 DAGs
[2026-09-20T17:15:10.222+0000] {logging_mixin.py:188} INFO - [2026-09-20T17:15:10.222+0000] {dag.py:3954} INFO - Setting next_dagrun for ecommerce_data to 2019-10-01 00:00:00+00:00, run_after=2019-10-02 00:00:00+00:00
[2026-09-20T17:15:10.239+0000] {processor.py:183} INFO - Processing /opt/airflow/dags/etl.py took 0.104 seconds
[2026-09-20T17:15:40.455+0000] {processor.py:161} INFO - Started process (PID=195) to work on /opt/airflow/dags/etl.py
[2026-09-20T17:15:40.458+0000] {processor.py:830} INFO - Processing file /opt/airflow/dags/etl.py for tasks to queue
[2026-09-20T17:15:40.461+0000] {logging_mixin.py:188} INFO - [2026-09-20T17:15:40.460+0000] {dagbag.py:545} INFO - Filling up the DagBag from /opt/airflow/dags/etl.py
[2026-09-20T17:15:40.478+0000] {processor.py:840} INFO - DAG(s) 'ecommerce_data' retrieved from /opt/airflow/dags/etl.py
[2026-09-20T17:15:40.512+0000] {logging_mixin.py:188} INFO - [2026-09-20T17:15:40.512+0000] {dag.py:3096} INFO - Sync 1 DAGs
[2026-09-20T17:15:40.528+0000] {logging_mixin.py:188} INFO - [2026-09-20T17:15:40.528+0000] {dag.py:3954} INFO - Setting next_dagrun for ecommerce_data to 2019-10-01 00:00:00+00:00, run_after=2019-10-02 00:00:00+00:00
[2026-09-20T17:15:40.543+0000] {processor.py:183} INFO - Processing /opt/airflow/dags/etl.py took 0.101 seconds
[2026-09-20T17:16:10.759+0000] {processor.py:161} INFO - Started process (PID=196) to work on /opt/airflow/dags/etl.py
[2026-09-20T17:16:10.761+0000] {processor.py:830} INFO - Processing file /opt/airflow/dags/etl.py for tasks to queue
[2026-09-20T17:16:10.763+0000] {logging_mixin.py:188} INFO - [2026-09-20T17:16:10.763+0000] {dagbag.py:545} INFO - Filling up the DagBag from /opt/airflow/dags/etl.py
[2026-09-20T17:16:10.780+0000] {processor.py:840} INFO - DAG(s) 'ecommerce_data' retrieved from /opt/airflow/dags/etl.py
[2026-09-20T17:16:10.816+0000] {logging_mixin.py:188} INFO - [2026-09-20T17:16:10.815+0000] {dag.py:3096} INFO - Sync 1 DAGs
[2026-09-20T17:16:10.831+0000] {logging_mixin.py:188} INFO - [2026-09-20T17:16:10.831+0000] {dag.py:3954} INFO - Setting next_dagrun for ecommerce_data to 2019-10-01 00:00:00+00:00, run_after=2019-10-02 00:00:00+00:00
[2026-09-20T17:16:10.848+0000] {processor.py:183} INFO - Processing /opt/airflow/dags/etl.py took 0.098 seconds
[2026-09-20T17:16:41.061+0000] {processor.py:161} INFO - Started process (PID=197) to work on /opt/airflow/dags/etl.py
[2026-09-20T17:16:41.069+0000] {processor.py:830} INFO - Processing file /opt/airflow/dags/etl.py for tasks to queue
[2026-09-20T17:16:41.072+0000] {logging_mixin.py:188} INFO - [2026-09-20T17:16:41.071+0000] {dagbag.py:545} INFO - Filling up the DagBag from /opt/airflow/dags/etl.py
[2026-09-20T17:16:41.089+0000] {processor.py:840} INFO - DAG(s) 'ecommerce_data' retrieved from /opt/airflow/dags/etl.py
[2026-09-20T17:16:41.125+0000] {logging_mixin.py:188} INFO - [2026-09-20T17:16:41.124+0000] {dag.py:3096} INFO - Sync 1 DAGs
[2026-09-20T17:16:41.140+0000] {logging_mixin.py:188} INFO - [2026-09-20T17:16:41.140+0000] {dag.py:3954} INFO - Setting next_dagrun for ecommerce_data to 2019-10-01 00:00:00+00:00, run_after=2019-10-02 00:00:00+00:00
[2026-09-20T17:16:41.156+0000] {processor.py:183} INFO - Processing /opt/airflow/dags/etl.py took 0.105 seconds
[2026-09-20T17:17:11.365+0000] {processor.py:161} INFO - Started process (PID=198) to work on /opt/airflow/dags/etl.py
[2026-09-20T17:17:11.367+0000] {processor.py:830} INFO - Processing file /opt/airflow/dags/etl.py for tasks to queue
[2026-09-20T17:17:11.371+0000] {logging_mixin.py:188} INFO - [2026-09-20T17:17:11.370+0000] {dagbag.py:545} INFO - Filling up the DagBag from /opt/airflow/dags/etl.py
[2026-09-20T17:17:11.393+0000] {processor.py:840} INFO - DAG(s) 'ecommerce_data' retrieved from /opt/airflow/dags/etl.py
[2026-09-20T17:17:11.427+0000] {logging_mixin.py:188} INFO - [2026-09-20T17:17:11.427+0000] {dag.py:3096} INFO - Sync 1 DAGs
[2026-09-20T17:17:11.441+0000] {logging_mixin.py:188} INFO - [2026-09-20T17:17:11.441+0000] {dag.py:3954} INFO - Setting next_dagrun for ecommerce_data to 2019-10-01 00:00:00+00:00, run_after=2019-10-02 00:00:00+00:00
[2026-09-20T17:17:11.456+0000] {processor.py:183} INFO - Processing /opt/airflow/dags/etl.py took 0.100 seconds
[2026-09-20T17:17:41.673+0000] {processor.py:161} INFO - Started process (PID=199) to work on /opt/airflow/dags/etl.py
[2026-09-20T17:17:41.676+0000] {processor.py:830} INFO - Processing file /opt/airflow/dags/etl.py for tasks to queue
[2026-09-20T17:17:41.679+0000] {logging_mixin.py:188} INFO - [2026-09-20T17:17:41.679+0000] {dagbag.py:545} INFO - Filling up the DagBag from /opt/airflow/dags/etl.py
[2026-09-20T17:17:41.697+0000] {processor.py:840} INFO - DAG(s) 'ecommerce_data' retrieved from /opt/airflow/dags/etl.py
[2026-09-20T17:17:41.732+0000] {logging_mixin.py:188} INFO - [2026-09-20T17:17:41.732+0000] {dag.py:3096} INFO - Sync 1 DAGs
[2026-09-20T17:17:41.747+0000] {logging_mixin.py:188} INFO - [2026-09-20T17:17:41.747+0000] {dag.py:3954} INFO - Setting next_dagrun for ecommerce_data to 2019-10-01 00:00:00+00:00, run_after=2019-10-02 00:00:00+00:00
[2026-09-20T17:17:41.763+0000] {processor.py:183} INFO - Processing /opt/airflow/dags/etl.py took 0.101 seconds
[2026-09-20T17:18:11.985+0000] {processor.py:161} INFO - Started process (PID=200) to work on /opt/airflow/dags/etl.py
[2026-09-20T17:18:11.986+0000] {processor.py:830} INFO - Processing file /opt/airflow/dags/etl.py for tasks to queue
[2026-09-20T17:18:11.989+0000] {logging_mixin.py:188} INFO - [2026-09-20T17:18:11.988+0000] {dagbag.py:545} INFO - Filling up the DagBag from /opt/airflow/dags/etl.py
[2026-09-20T17:18:12.007+0000] {processor.py:840} INFO - DAG(s) 'ecommerce_data' retrieved from /opt/airflow/dags/etl.py
[2026-09-20T17:18:12.039+0000] {logging_mixin.py:188} INFO - [2026-09-20T17:18:12.039+0000] {dag.py:3096} INFO - Sync 1 DAGs
[2026-09-20T17:18:12.055+0000] {logging_mixin.py:188} INFO - [2026-09-20T17:18:12.055+0000] {dag.py:3954} INFO - Setting next_dagrun for ecommerce_data to 2019-10-01 00:00:00+00:00, run_after=2019-10-02 00:00:00+00:00
[2026-09-20T17:18:12.071+0000] {processor.py:183} INFO - Processing /opt/airflow/dags/etl.py took 0.095 seconds
[2026-09-20T17:18:42.308+0000] {processor.py:161} INFO - Started process (PID=201) to work on /opt/airflow/dags/etl.py
[2026-09-20T17:18:42.311+0000] {processor.py:830} INFO - Processing file /opt/airflow/dags/etl.py for tasks to queue
[2026-09-20T17:18:42.315+0000] {logging_mixin.py:188} INFO - [2026-09-20T17:18:42.314+0000] {dagbag.py:545} INFO - Filling up the DagBag from /opt/airflow/dags/etl.py
[2026-09-20T17:18:42.330+0000] {processor.py:840} INFO - DAG(s) 'ecommerce_data' retrieved from /opt/airflow/dags/etl.py
[2026-09-20T17:18:42.355+0000] {logging_mixin.py:188} INFO - [2026-09-20T17:18:42.355+0000] {dag.py:3096} INFO - Sync 1 DAGs
[2026-09-20T17:18:42.370+0000] {logging_mixin.py:188} INFO - [2026-09-20T17:18:42.370+0000] {dag.py:3954} INFO - Setting next_dagrun for ecommerce_data to 2019-10-01 00:00:00+00:00, run_after=2019-10-02 00:00:00+00:00
[2026-09-20T17:18:42.387+0000] {processor.py:183} INFO - Processing /opt/airflow/dags/etl.py took 0.088 seconds
[2026-09-20T17:19:12.503+0000] {processor.py:161} INFO - Started process (PID=202) to work on /opt/airflow/dags/etl.py
[2026-09-20T17:19:12.504+0000] {processor.py:830} INFO - Processing file /opt/airflow/dags/etl.py for tasks to queue
[2026-09-20T17:19:12.507+0000] {logging_mixin.py:188} INFO - [2026-09-20T17:19:12.506+0000] {dagbag.py:545} INFO - Filling up the DagBag from /opt/airflow/dags/etl.py
[2026-09-20T17:19:12.526+0000] {processor.py:840} INFO - DAG(s) 'ecommerce_data' retrieved from /opt/airflow/dags/etl.py
[2026-09-20T17:19:12.553+0000] {logging_mixin.py:188} INFO - [2026-09-20T17:19:12.553+0000] {dag.py:3096} INFO - Sync 1 DAGs
[2026-09-20T17:19:12.569+0000] {logging_mixin.py:188} INFO - [2026-09-20T17:19:12.569+0000] {dag.py:3954} INFO - Setting next_dagrun for ecommerce_data to 2019-10-01 00:00:00+00:00, run_after=2019-10-02 00:00:00+00:00
[2026-09-20T17:19:12.585+0000] {processor.py:183} INFO - Processing /opt/airflow/dags/etl.py took 0.094 seconds
[2026-09-20T17:19:42.693+0000] {processor.py:161} INFO - Started process (PID=203) to work on /opt/airflow/dags/etl.py
[2026-09-20T17:19:42.696+0000] {processor.py:830} INFO - Processing file /opt/airflow/dags/etl.py for tasks to queue
[2026-09-20T17:19:42.699+0000] {logging_mixin.py:188} INFO - [2026-09-20T17:19:42.698+0000] {dagbag.py:545} INFO - Filling up the DagBag from /opt/airflow/dags/etl.py
[2026-09-20T17:19:42.717+0000] {processor.py:840} INFO - DAG(s) 'ecommerce_data' retrieved from /opt/airflow/dags/etl.py
[2026-09-20T17:19:42.749+0000] {logging_mixin.py:188} INFO - [2026-09-20T17:19:42.749+0000] {dag.py:3096} INFO - Sync 1 DAGs
[2026-09-20T17:19:42.765+0000] {logging_mixin.py:188} INFO - [2026-09-20T17:19:42.765+0000] {dag.py:3954} INFO - Setting next_dagrun for ecommerce_data to 2019-10-01 00:00:00+00:00, run_after=2019-10-02 00:00:00+00:00
[2026-09-20T17:19:42.780+0000] {processor.py:183} INFO - Processing /opt/airflow/dags/etl.py took 0.098 seconds
[2026-09-20T17:20:12.995+0000] {processor.py:161} INFO - Started process (PID=204) to work on /opt/airflow/dags/etl.py
[2026-09-20T17:20:12.996+0000] {processor.py:830} INFO - Processing file /opt/airflow/dags/etl.py for tasks to queue
[2026-09-20T17:20:12.999+0000] {logging_mixin.py:188} INFO - [2026-09-20T17:20:12.998+0000] {dagbag.py:545} INFO - Filling up the DagBag from /opt/airflow/dags/etl.py
[2026-09-20T17:20:13.014+0000] {processor.py:840} INFO - DAG(s) 'ecommerce_data' retrieved from /opt/airflow/dags/etl.py
[2026-09-20T17:20:13.048+0000] {logging_mixin.py:188} INFO - [2026-09-20T17:20:13.048+0000] {dag.py:3096} INFO - Sync 1 DAGs
[2026-09-20T17:20:13.064+0000] {logging_mixin.py:188} INFO - [2026-09-20T17:20:13.064+0000] {dag.py:3954} INFO - Setting next_dagrun for ecommerce_data to 2019-10-01 00:00:00+00:00, run_after=2019-10-02 00:00:00+00:00
[2026-09-20T17:20:13.079+0000] {processor.py:183} INFO - Processing /opt/airflow/dags/etl.py took 0.093 seconds
[2026-09-20T17:20:43.169+0000] {processor.py:161} INFO - Started process (PID=205) to work on /opt/airflow/dags/etl.py
[2026-09-20T17:20:43.179+0000] {processor.py:830} INFO - Processing file /opt/airflow/dags/etl.py for tasks to queue
[2026-09-20T17:20:43.181+0000] {logging_mixin.py:188} INFO - [2026-09-20T17:20:43.181+0000] {dagbag.py:545} INFO - Filling up the DagBag from /opt/airflow/dags/etl.py
[2026-09-20T17:20:43.200+0000] {processor.py:840} INFO - DAG(s) 'ecommerce_data' retrieved from /opt/airflow/dags/etl.py
[2026-09-20T17:20:43.234+0000] {logging_mixin.py:188} INFO - [2026-09-20T17:20:43.234+0000] {dag.py:3096} INFO - Sync 1 DAGs
[2026-09-20T17:20:43.250+0000] {logging_mixin.py:188} INFO - [2026-09-20T17:20:43.250+0000] {dag.py:3954} INFO - Setting next_dagrun for ecommerce_data to 2019-10-01 00:00:00+00:00, run_after=2019-10-02 00:00:00+00:00
[2026-09-20T17:20:43.266+0000] {processor.py:183} INFO - Processing /opt/airflow/dags/etl.py took 0.106 seconds
[2026-09-20T17:21:13.469+0000] {processor.py:161} INFO - Started process (PID=206) to work on /opt/airflow/dags/etl.py
[2026-09-20T17:21:13.470+0000] {processor.py:830} INFO - Processing file /opt/airflow/dags/etl.py for tasks to queue
[2026-09-20T17:21:13.473+0000] {logging_mixin.py:188} INFO - [2026-09-20T17:21:13.472+0000] {dagbag.py:545} INFO - Filling up the DagBag from /opt/airflow/dags/etl.py
[2026-09-20T17:21:13.490+0000] {processor.py:840} INFO - DAG(s) 'ecommerce_data' retrieved from /opt/airflow/dags/etl.py
[2026-09-20T17:21:13.525+0000] {logging_mixin.py:188} INFO - [2026-09-20T17:21:13.524+0000] {dag.py:3096} INFO - Sync 1 DAGs
[2026-09-20T17:21:13.540+0000] {logging_mixin.py:188} INFO - [2026-09-20T17:21:13.540+0000] {dag.py:3954} INFO - Setting next_dagrun for ecommerce_data to 2019-10-01 00:00:00+00:00, run_after=2019-10-02 00:00:00+00:00
[2026-09-20T17:21:13.556+0000] {processor.py:183} INFO - Processing /opt/airflow/dags/etl.py took 0.098 seconds
[2026-09-20T17:21:43.766+0000] {processor.py:161} INFO - Started process (PID=207) to work on /opt/airflow/dags/etl.py
[2026-09-20T17:21:43.774+0000] {processor.py:830} INFO - Processing file /opt/airflow/dags/etl.py for tasks to queue
[2026-09-20T17:21:43.777+0000] {logging_mixin.py:188} INFO - [2026-09-20T17:21:43.776+0000] {dagbag.py:545} INFO - Filling up the DagBag from /opt/airflow/dags/etl.py
[2026-09-20T17:21:43.795+0000] {processor.py:840} INFO - DAG(s) 'ecommerce_data' retrieved from /opt/airflow/dags/etl.py
[2026-09-20T17:21:43.834+0000] {logging_mixin.py:188} INFO - [2026-09-20T17:21:43.834+0000] {dag.py:3096} INFO - Sync 1 DAGs
[2026-09-20T17:21:43.851+0000] {logging_mixin.py:188} INFO - [2026-09-20T17:21:43.850+0000] {dag.py:3954} INFO - Setting next_dagrun for ecommerce_data to 2019-10-01 00:00:00+00:00, run_after=2019-10-02 00:00:00+00:00
[2026-09-20T17:21:43.865+0000] {processor.py:183} INFO - Processing /opt/airflow/dags/etl.py took 0.110 seconds
[2026-09-20T17:22:14.067+0000] {processor.py:161} INFO - Started process (PID=208) to work on /opt/airflow/dags/etl.py
[2026-09-20T17:22:14.068+0000] {processor.py:830} INFO - Processing file /opt/airflow/dags/etl.py for tasks to queue
[2026-09-20T17:22:14.072+0000] {logging_mixin.py:188} INFO - [2026-09-20T17:22:14.071+0000] {dagbag.py:545} INFO - Filling up the DagBag from /opt/airflow/dags/etl.py
[2026-09-20T17:22:14.089+0000] {processor.py:840} INFO - DAG(s) 'ecommerce_data' retrieved from /opt/airflow/dags/etl.py
[2026-09-20T17:22:14.123+0000] {logging_mixin.py:188} INFO - [2026-09-20T17:22:14.122+0000] {dag.py:3096} INFO - Sync 1 DAGs
[2026-09-20T17:22:14.138+0000] {logging_mixin.py:188} INFO - [2026-09-20T17:22:14.138+0000] {dag.py:3954} INFO - Setting next_dagrun for ecommerce_data to 2019-10-01 00:00:00+00:00, run_after=2019-10-02 00:00:00+00:00
[2026-09-20T17:22:14.155+0000] {processor.py:183} INFO - Processing /opt/airflow/dags/etl.py took 0.097 seconds
[2026-09-20T17:22:44.376+0000] {processor.py:161} INFO - Started process (PID=209) to work on /opt/airflow/dags/etl.py
[2026-09-20T17:22:44.380+0000] {processor.py:830} INFO - Processing file /opt/airflow/dags/etl.py for tasks to queue
[2026-09-20T17:22:44.383+0000] {logging_mixin.py:188} INFO - [2026-09-20T17:22:44.382+0000] {dagbag.py:545} INFO - Filling up the DagBag from /opt/airflow/dags/etl.py
[2026-09-20T17:22:44.401+0000] {processor.py:840} INFO - DAG(s) 'ecommerce_data' retrieved from /opt/airflow/dags/etl.py
[2026-09-20T17:22:44.436+0000] {logging_mixin.py:188} INFO - [2026-09-20T17:22:44.435+0000] {dag.py:3096} INFO - Sync 1 DAGs
[2026-09-20T17:22:44.452+0000] {logging_mixin.py:188} INFO - [2026-09-20T17:22:44.452+0000] {dag.py:3954} INFO - Setting next_dagrun for ecommerce_data to 2019-10-01 00:00:00+00:00, run_after=2019-10-02 00:00:00+00:00
[2026-09-20T17:22:44.467+0000] {processor.py:183} INFO - Processing /opt/airflow/dags/etl.py took 0.101 seconds
[2026-09-20T17:23:14.677+0000] {processor.py:161} INFO - Started process (PID=210) to work on /opt/airflow/dags/etl.py
[2026-09-20T17:23:14.678+0000] {processor.py:830} INFO - Processing file /opt/airflow/dags/etl.py for tasks to queue
[2026-09-20T17:23:14.680+0000] {logging_mixin.py:188} INFO - [2026-09-20T17:23:14.680+0000] {dagbag.py:545} INFO - Filling up the DagBag from /opt/airflow/dags/etl.py
[2026-09-20T17:23:14.697+0000] {processor.py:840} INFO - DAG(s) 'ecommerce_data' retrieved from /opt/airflow/dags/etl.py
[2026-09-20T17:23:14.738+0000] {logging_mixin.py:188} INFO - [2026-09-20T17:23:14.737+0000] {dag.py:3096} INFO - Sync 1 DAGs
[2026-09-20T17:23:14.773+0000] {logging_mixin.py:188} INFO - [2026-09-20T17:23:14.772+0000] {dag.py:3954} INFO - Setting next_dagrun for ecommerce_data to 2019-10-01 00:00:00+00:00, run_after=2019-10-02 00:00:00+00:00
[2026-09-20T17:23:14.794+0000] {processor.py:183} INFO - Processing /opt/airflow/dags/etl.py took 0.128 seconds
[2026-09-20T17:23:44.966+0000] {processor.py:161} INFO - Started process (PID=211) to work on /opt/airflow/dags/etl.py
[2026-09-20T17:23:44.969+0000] {processor.py:830} INFO - Processing file /opt/airflow/dags/etl.py for tasks to queue
[2026-09-20T17:23:44.972+0000] {logging_mixin.py:188} INFO - [2026-09-20T17:23:44.971+0000] {dagbag.py:545} INFO - Filling up the DagBag from /opt/airflow/dags/etl.py
[2026-09-20T17:23:44.990+0000] {processor.py:840} INFO - DAG(s) 'ecommerce_data' retrieved from /opt/airflow/dags/etl.py
[2026-09-20T17:23:45.025+0000] {logging_mixin.py:188} INFO - [2026-09-20T17:23:45.025+0000] {dag.py:3096} INFO - Sync 1 DAGs
[2026-09-20T17:23:45.042+0000] {logging_mixin.py:188} INFO - [2026-09-20T17:23:45.041+0000] {dag.py:3954} INFO - Setting next_dagrun for ecommerce_data to 2019-10-01 00:00:00+00:00, run_after=2019-10-02 00:00:00+00:00
[2026-09-20T17:23:45.058+0000] {processor.py:183} INFO - Processing /opt/airflow/dags/etl.py took 0.102 seconds
[2026-09-20T17:24:15.268+0000] {processor.py:161} INFO - Started process (PID=212) to work on /opt/airflow/dags/etl.py
[2026-09-20T17:24:15.269+0000] {processor.py:830} INFO - Processing file /opt/airflow/dags/etl.py for tasks to queue
[2026-09-20T17:24:15.273+0000] {logging_mixin.py:188} INFO - [2026-09-20T17:24:15.272+0000] {dagbag.py:545} INFO - Filling up the DagBag from /opt/airflow/dags/etl.py
[2026-09-20T17:24:15.290+0000] {processor.py:840} INFO - DAG(s) 'ecommerce_data' retrieved from /opt/airflow/dags/etl.py
[2026-09-20T17:24:15.323+0000] {logging_mixin.py:188} INFO - [2026-09-20T17:24:15.322+0000] {dag.py:3096} INFO - Sync 1 DAGs
[2026-09-20T17:24:15.339+0000] {logging_mixin.py:188} INFO - [2026-09-20T17:24:15.339+0000] {dag.py:3954} INFO - Setting next_dagrun for ecommerce_data to 2019-10-01 00:00:00+00:00, run_after=2019-10-02 00:00:00+00:00
[2026-09-20T17:24:15.355+0000] {processor.py:183} INFO - Processing /opt/airflow/dags/etl.py took 0.098 seconds
[2026-09-20T17:24:45.569+0000] {processor.py:161} INFO - Started process (PID=213) to work on /opt/airflow/dags/etl.py
[2026-09-20T17:24:45.572+0000] {processor.py:830} INFO - Processing file /opt/airflow/dags/etl.py for tasks to queue
[2026-09-20T17:24:45.575+0000] {logging_mixin.py:188} INFO - [2026-09-20T17:24:45.574+0000] {dagbag.py:545} INFO - Filling up the DagBag from /opt/airflow/dags/etl.py
[2026-09-20T17:24:45.594+0000] {processor.py:840} INFO - DAG(s) 'ecommerce_data' retrieved from /opt/airflow/dags/etl.py
[2026-09-20T17:24:45.629+0000] {logging_mixin.py:188} INFO - [2026-09-20T17:24:45.628+0000] {dag.py:3096} INFO - Sync 1 DAGs
[2026-09-20T17:24:45.644+0000] {logging_mixin.py:188} INFO - [2026-09-20T17:24:45.644+0000] {dag.py:3954} INFO - Setting next_dagrun for ecommerce_data to 2019-10-01 00:00:00+00:00, run_after=2019-10-02 00:00:00+00:00
[2026-09-20T17:24:45.659+0000] {processor.py:183} INFO - Processing /opt/airflow/dags/etl.py took 0.099 seconds
[2026-09-20T17:25:15.871+0000] {processor.py:161} INFO - Started process (PID=214) to work on /opt/airflow/dags/etl.py
[2026-09-20T17:25:15.872+0000] {processor.py:830} INFO - Processing file /opt/airflow/dags/etl.py for tasks to queue
[2026-09-20T17:25:15.875+0000] {logging_mixin.py:188} INFO - [2026-09-20T17:25:15.874+0000] {dagbag.py:545} INFO - Filling up the DagBag from /opt/airflow/dags/etl.py
[2026-09-20T17:25:15.892+0000] {processor.py:840} INFO - DAG(s) 'ecommerce_data' retrieved from /opt/airflow/dags/etl.py
[2026-09-20T17:25:15.928+0000] {logging_mixin.py:188} INFO - [2026-09-20T17:25:15.928+0000] {dag.py:3096} INFO - Sync 1 DAGs
[2026-09-20T17:25:15.944+0000] {logging_mixin.py:188} INFO - [2026-09-20T17:25:15.944+0000] {dag.py:3954} INFO - Setting next_dagrun for ecommerce_data to 2019-10-01 00:00:00+00:00, run_after=2019-10-02 00:00:00+00:00
[2026-09-20T17:25:15.959+0000] {processor.py:183} INFO - Processing /opt/airflow/dags/etl.py took 0.099 seconds
[2026-09-20T17:25:46.169+0000] {processor.py:161} INFO - Started process (PID=215) to work on /opt/airflow/dags/etl.py
[2026-09-20T17:25:46.172+0000] {processor.py:830} INFO - Processing file /opt/airflow/dags/etl.py for tasks to queue
[2026-09-20T17:25:46.174+0000] {logging_mixin.py:188} INFO - [2026-09-20T17:25:46.174+0000] {dagbag.py:545} INFO - Filling up the DagBag from /opt/airflow/dags/etl.py
[2026-09-20T17:25:46.191+0000] {processor.py:840} INFO - DAG(s) 'ecommerce_data' retrieved from /opt/airflow/dags/etl.py
[2026-09-20T17:25:46.225+0000] {logging_mixin.py:188} INFO - [2026-09-20T17:25:46.225+0000] {dag.py:3096} INFO - Sync 1 DAGs
[2026-09-20T17:25:46.240+0000] {logging_mixin.py:188} INFO - [2026-09-20T17:25:46.240+0000] {dag.py:3954} INFO - Setting next_dagrun for ecommerce_data to 2019-10-01 00:00:00+00:00, run_after=2019-10-02 00:00:00+00:00
[2026-09-20T17:25:46.256+0000] {processor.py:183} INFO - Processing /opt/airflow/dags/etl.py took 0.095 seconds
[2026-09-20T17:26:16.361+0000] {processor.py:161} INFO - Started process (PID=216) to work on /opt/airflow/dags/etl.py
[2026-09-20T17:26:16.362+0000] {processor.py:830} INFO - Processing file /opt/airflow/dags/etl.py for tasks to queue
[2026-09-20T17:26:16.365+0000] {logging_mixin.py:188} INFO - [2026-09-20T17:26:16.365+0000] {dagbag.py:545} INFO - Filling up the DagBag from /opt/airflow/dags/etl.py
[2026-09-20T17:26:16.383+0000] {processor.py:840} INFO - DAG(s) 'ecommerce_data' retrieved from /opt/airflow/dags/etl.py
[2026-09-20T17:26:16.419+0000] {logging_mixin.py:188} INFO - [2026-09-20T17:26:16.418+0000] {dag.py:3096} INFO - Sync 1 DAGs
[2026-09-20T17:26:16.434+0000] {logging_mixin.py:188} INFO - [2026-09-20T17:26:16.434+0000] {dag.py:3954} INFO - Setting next_dagrun for ecommerce_data to 2019-10-01 00:00:00+00:00, run_after=2019-10-02 00:00:00+00:00
[2026-09-20T17:26:16.451+0000] {processor.py:183} INFO - Processing /opt/airflow/dags/etl.py took 0.099 seconds
[2026-09-20T17:26:46.662+0000] {processor.py:161} INFO - Started process (PID=217) to work on /opt/airflow/dags/etl.py
[2026-09-20T17:26:46.665+0000] {processor.py:830} INFO - Processing file /opt/airflow/dags/etl.py for tasks to queue
[2026-09-20T17:26:46.669+0000] {logging_mixin.py:188} INFO - [2026-09-20T17:26:46.668+0000] {dagbag.py:545} INFO - Filling up the DagBag from /opt/airflow/dags/etl.py
[2026-09-20T17:26:46.685+0000] {processor.py:840} INFO - DAG(s) 'ecommerce_data' retrieved from /opt/airflow/dags/etl.py
[2026-09-20T17:26:46.720+0000] {logging_mixin.py:188} INFO - [2026-09-20T17:26:46.720+0000] {dag.py:3096} INFO - Sync 1 DAGs
[2026-09-20T17:26:46.736+0000] {logging_mixin.py:188} INFO - [2026-09-20T17:26:46.735+0000] {dag.py:3954} INFO - Setting next_dagrun for ecommerce_data to 2019-10-01 00:00:00+00:00, run_after=2019-10-02 00:00:00+00:00
[2026-09-20T17:26:46.752+0000] {processor.py:183} INFO - Processing /opt/airflow/dags/etl.py took 0.099 seconds
[2026-09-20T17:27:16.967+0000] {processor.py:161} INFO - Started process (PID=218) to work on /opt/airflow/dags/etl.py
[2026-09-20T17:27:16.968+0000] {processor.py:830} INFO - Processing file /opt/airflow/dags/etl.py for tasks to queue
[2026-09-20T17:27:16.971+0000] {logging_mixin.py:188} INFO - [2026-09-20T17:27:16.970+0000] {dagbag.py:545} INFO - Filling up the DagBag from /opt/airflow/dags/etl.py
[2026-09-20T17:27:16.988+0000] {processor.py:840} INFO - DAG(s) 'ecommerce_data' retrieved from /opt/airflow/dags/etl.py
[2026-09-20T17:27:17.021+0000] {logging_mixin.py:188} INFO - [2026-09-20T17:27:17.021+0000] {dag.py:3096} INFO - Sync 1 DAGs
[2026-09-20T17:27:17.037+0000] {logging_mixin.py:188} INFO - [2026-09-20T17:27:17.036+0000] {dag.py:3954} INFO - Setting next_dagrun for ecommerce_data to 2019-10-01 00:00:00+00:00, run_after=2019-10-02 00:00:00+00:00
[2026-09-20T17:27:17.054+0000] {processor.py:183} INFO - Processing /opt/airflow/dags/etl.py took 0.096 seconds
[2026-09-20T17:27:47.269+0000] {processor.py:161} INFO - Started process (PID=219) to work on /opt/airflow/dags/etl.py
[2026-09-20T17:27:47.272+0000] {processor.py:830} INFO - Processing file /opt/airflow/dags/etl.py for tasks to queue
[2026-09-20T17:27:47.275+0000] {logging_mixin.py:188} INFO - [2026-09-20T17:27:47.274+0000] {dagbag.py:545} INFO - Filling up the DagBag from /opt/airflow/dags/etl.py
[2026-09-20T17:27:47.292+0000] {processor.py:840} INFO - DAG(s) 'ecommerce_data' retrieved from /opt/airflow/dags/etl.py
[2026-09-20T17:27:47.327+0000] {logging_mixin.py:188} INFO - [2026-09-20T17:27:47.327+0000] {dag.py:3096} INFO - Sync 1 DAGs
[2026-09-20T17:27:47.344+0000] {logging_mixin.py:188} INFO - [2026-09-20T17:27:47.344+0000] {dag.py:3954} INFO - Setting next_dagrun for ecommerce_data to 2019-10-01 00:00:00+00:00, run_after=2019-10-02 00:00:00+00:00
[2026-09-20T17:27:47.359+0000] {processor.py:183} INFO - Processing /opt/airflow/dags/etl.py took 0.100 seconds
[2026-09-20T17:28:17.571+0000] {processor.py:161} INFO - Started process (PID=220) to work on /opt/airflow/dags/etl.py
[2026-09-20T17:28:17.572+0000] {processor.py:830} INFO - Processing file /opt/airflow/dags/etl.py for tasks to queue
[2026-09-20T17:28:17.575+0000] {logging_mixin.py:188} INFO - [2026-09-20T17:28:17.575+0000] {dagbag.py:545} INFO - Filling up the DagBag from /opt/airflow/dags/etl.py
[2026-09-20T17:28:17.591+0000] {processor.py:840} INFO - DAG(s) 'ecommerce_data' retrieved from /opt/airflow/dags/etl.py
[2026-09-20T17:28:17.625+0000] {logging_mixin.py:188} INFO - [2026-09-20T17:28:17.625+0000] {dag.py:3096} INFO - Sync 1 DAGs
[2026-09-20T17:28:17.641+0000] {logging_mixin.py:188} INFO - [2026-09-20T17:28:17.641+0000] {dag.py:3954} INFO - Setting next_dagrun for ecommerce_data to 2019-10-01 00:00:00+00:00, run_after=2019-10-02 00:00:00+00:00
[2026-09-20T17:28:17.656+0000] {processor.py:183} INFO - Processing /opt/airflow/dags/etl.py took 0.095 seconds
