[2026-09-18T11:36:33.420+0000] {processor.py:161} INFO - Started process (PID=51) to work on /opt/airflow/dags/etl.py
[2026-09-18T11:36:33.420+0000] {processor.py:830} INFO - Processing file /opt/airflow/dags/etl.py for tasks to queue
[2026-09-18T11:36:33.421+0000] {logging_mixin.py:188} INFO - [2026-09-18T11:36:33.421+0000] {dagbag.py:545} INFO - Filling up the DagBag from /opt/airflow/dags/etl.py
[2026-09-18T11:36:33.428+0000] {logging_mixin.py:188} INFO - [2026-09-18T11:36:33.427+0000] {dagbag.py:452} ERROR - Failed to bag_dag: /opt/airflow/dags/etl.py
Traceback (most recent call last):
  File "/home/airflow/.local/lib/python3.11/site-packages/airflow/timetables/_cron.py", line 100, in validate
    croniter(self._expression)
  File "/home/airflow/.local/lib/python3.11/site-packages/croniter/croniter.py", line 187, in __init__
    self.expanded, self.nth_weekday_of_month = self.expand(expr_format, hash_id=hash_id)
                                               ^^^^^^^^^^^^^^^^^^^^^^^^^^^^^^^^^^^^^^^^^
  File "/home/airflow/.local/lib/python3.11/site-packages/croniter/croniter.py", line 821, in expand
    return cls._expand(expr_format, hash_id=hash_id)
           ^^^^^^^^^^^^^^^^^^^^^^^^^^^^^^^^^^^^^^^^^
  File "/home/airflow/.local/lib/python3.11/site-packages/croniter/croniter.py", line 659, in _expand
    raise CroniterBadCronError(cls.bad_length)
croniter.croniter.CroniterBadCronError: Exactly 5 or 6 columns has to be specified for iterator expression.

During handling of the above exception, another exception occurred:

Traceback (most recent call last):
  File "/home/airflow/.local/lib/python3.11/site-packages/airflow/models/dagbag.py", line 447, in _process_modules
    dag.validate()
  File "/home/airflow/.local/lib/python3.11/site-packages/airflow/models/dag.py", line 775, in validate
    self.timetable.validate()
  File "/home/airflow/.local/lib/python3.11/site-packages/airflow/timetables/_cron.py", line 102, in validate
    raise AirflowTimetableInvalid(str(e))
airflow.exceptions.AirflowTimetableInvalid: Exactly 5 or 6 columns has to be specified for iterator expression.
[2026-09-18T11:36:33.428+0000] {processor.py:842} WARNING - No viable dags retrieved from /opt/airflow/dags/etl.py
[2026-09-18T11:36:33.436+0000] {processor.py:183} INFO - Processing /opt/airflow/dags/etl.py took 0.019 seconds
[2026-09-18T11:37:03.602+0000] {processor.py:161} INFO - Started process (PID=71) to work on /opt/airflow/dags/etl.py
[2026-09-18T11:37:03.603+0000] {processor.py:830} INFO - Processing file /opt/airflow/dags/etl.py for tasks to queue
[2026-09-18T11:37:03.606+0000] {logging_mixin.py:188} INFO - [2026-09-18T11:37:03.605+0000] {dagbag.py:545} INFO - Filling up the DagBag from /opt/airflow/dags/etl.py
[2026-09-18T11:37:03.612+0000] {logging_mixin.py:188} INFO - [2026-09-18T11:37:03.610+0000] {dagbag.py:452} ERROR - Failed to bag_dag: /opt/airflow/dags/etl.py
Traceback (most recent call last):
  File "/home/airflow/.local/lib/python3.11/site-packages/airflow/timetables/_cron.py", line 100, in validate
    croniter(self._expression)
  File "/home/airflow/.local/lib/python3.11/site-packages/croniter/croniter.py", line 187, in __init__
    self.expanded, self.nth_weekday_of_month = self.expand(expr_format, hash_id=hash_id)
                                               ^^^^^^^^^^^^^^^^^^^^^^^^^^^^^^^^^^^^^^^^^
  File "/home/airflow/.local/lib/python3.11/site-packages/croniter/croniter.py", line 821, in expand
    return cls._expand(expr_format, hash_id=hash_id)
           ^^^^^^^^^^^^^^^^^^^^^^^^^^^^^^^^^^^^^^^^^
  File "/home/airflow/.local/lib/python3.11/site-packages/croniter/croniter.py", line 659, in _expand
    raise CroniterBadCronError(cls.bad_length)
croniter.croniter.CroniterBadCronError: Exactly 5 or 6 columns has to be specified for iterator expression.

During handling of the above exception, another exception occurred:

Traceback (most recent call last):
  File "/home/airflow/.local/lib/python3.11/site-packages/airflow/models/dagbag.py", line 447, in _process_modules
    dag.validate()
  File "/home/airflow/.local/lib/python3.11/site-packages/airflow/models/dag.py", line 775, in validate
    self.timetable.validate()
  File "/home/airflow/.local/lib/python3.11/site-packages/airflow/timetables/_cron.py", line 102, in validate
    raise AirflowTimetableInvalid(str(e))
airflow.exceptions.AirflowTimetableInvalid: Exactly 5 or 6 columns has to be specified for iterator expression.
[2026-09-18T11:37:03.612+0000] {processor.py:842} WARNING - No viable dags retrieved from /opt/airflow/dags/etl.py
[2026-09-18T11:37:03.620+0000] {processor.py:183} INFO - Processing /opt/airflow/dags/etl.py took 0.028 seconds
[2026-09-18T11:37:33.904+0000] {processor.py:161} INFO - Started process (PID=72) to work on /opt/airflow/dags/etl.py
[2026-09-18T11:37:33.907+0000] {processor.py:830} INFO - Processing file /opt/airflow/dags/etl.py for tasks to queue
[2026-09-18T11:37:33.908+0000] {logging_mixin.py:188} INFO - [2026-09-18T11:37:33.908+0000] {dagbag.py:545} INFO - Filling up the DagBag from /opt/airflow/dags/etl.py
[2026-09-18T11:37:33.914+0000] {logging_mixin.py:188} INFO - [2026-09-18T11:37:33.913+0000] {dagbag.py:452} ERROR - Failed to bag_dag: /opt/airflow/dags/etl.py
Traceback (most recent call last):
  File "/home/airflow/.local/lib/python3.11/site-packages/airflow/timetables/_cron.py", line 100, in validate
    croniter(self._expression)
  File "/home/airflow/.local/lib/python3.11/site-packages/croniter/croniter.py", line 187, in __init__
    self.expanded, self.nth_weekday_of_month = self.expand(expr_format, hash_id=hash_id)
                                               ^^^^^^^^^^^^^^^^^^^^^^^^^^^^^^^^^^^^^^^^^
  File "/home/airflow/.local/lib/python3.11/site-packages/croniter/croniter.py", line 821, in expand
    return cls._expand(expr_format, hash_id=hash_id)
           ^^^^^^^^^^^^^^^^^^^^^^^^^^^^^^^^^^^^^^^^^
  File "/home/airflow/.local/lib/python3.11/site-packages/croniter/croniter.py", line 659, in _expand
    raise CroniterBadCronError(cls.bad_length)
croniter.croniter.CroniterBadCronError: Exactly 5 or 6 columns has to be specified for iterator expression.

During handling of the above exception, another exception occurred:

Traceback (most recent call last):
  File "/home/airflow/.local/lib/python3.11/site-packages/airflow/models/dagbag.py", line 447, in _process_modules
    dag.validate()
  File "/home/airflow/.local/lib/python3.11/site-packages/airflow/models/dag.py", line 775, in validate
    self.timetable.validate()
  File "/home/airflow/.local/lib/python3.11/site-packages/airflow/timetables/_cron.py", line 102, in validate
    raise AirflowTimetableInvalid(str(e))
airflow.exceptions.AirflowTimetableInvalid: Exactly 5 or 6 columns has to be specified for iterator expression.
[2026-09-18T11:37:33.914+0000] {processor.py:842} WARNING - No viable dags retrieved from /opt/airflow/dags/etl.py
[2026-09-18T11:37:33.922+0000] {processor.py:183} INFO - Processing /opt/airflow/dags/etl.py took 0.026 seconds
[2026-09-18T11:38:04.251+0000] {processor.py:161} INFO - Started process (PID=73) to work on /opt/airflow/dags/etl.py
[2026-09-18T11:38:04.252+0000] {processor.py:830} INFO - Processing file /opt/airflow/dags/etl.py for tasks to queue
[2026-09-18T11:38:04.253+0000] {logging_mixin.py:188} INFO - [2026-09-18T11:38:04.253+0000] {dagbag.py:545} INFO - Filling up the DagBag from /opt/airflow/dags/etl.py
[2026-09-18T11:38:04.257+0000] {logging_mixin.py:188} INFO - [2026-09-18T11:38:04.256+0000] {dagbag.py:452} ERROR - Failed to bag_dag: /opt/airflow/dags/etl.py
Traceback (most recent call last):
  File "/home/airflow/.local/lib/python3.11/site-packages/airflow/timetables/_cron.py", line 100, in validate
    croniter(self._expression)
  File "/home/airflow/.local/lib/python3.11/site-packages/croniter/croniter.py", line 187, in __init__
    self.expanded, self.nth_weekday_of_month = self.expand(expr_format, hash_id=hash_id)
                                               ^^^^^^^^^^^^^^^^^^^^^^^^^^^^^^^^^^^^^^^^^
  File "/home/airflow/.local/lib/python3.11/site-packages/croniter/croniter.py", line 821, in expand
    return cls._expand(expr_format, hash_id=hash_id)
           ^^^^^^^^^^^^^^^^^^^^^^^^^^^^^^^^^^^^^^^^^
  File "/home/airflow/.local/lib/python3.11/site-packages/croniter/croniter.py", line 659, in _expand
    raise CroniterBadCronError(cls.bad_length)
croniter.croniter.CroniterBadCronError: Exactly 5 or 6 columns has to be specified for iterator expression.

During handling of the above exception, another exception occurred:

Traceback (most recent call last):
  File "/home/airflow/.local/lib/python3.11/site-packages/airflow/models/dagbag.py", line 447, in _process_modules
    dag.validate()
  File "/home/airflow/.local/lib/python3.11/site-packages/airflow/models/dag.py", line 775, in validate
    self.timetable.validate()
  File "/home/airflow/.local/lib/python3.11/site-packages/airflow/timetables/_cron.py", line 102, in validate
    raise AirflowTimetableInvalid(str(e))
airflow.exceptions.AirflowTimetableInvalid: Exactly 5 or 6 columns has to be specified for iterator expression.
[2026-09-18T11:38:04.257+0000] {processor.py:842} WARNING - No viable dags retrieved from /opt/airflow/dags/etl.py
[2026-09-18T11:38:04.265+0000] {processor.py:183} INFO - Processing /opt/airflow/dags/etl.py took 0.016 seconds
[2026-09-18T11:38:34.647+0000] {processor.py:161} INFO - Started process (PID=74) to work on /opt/airflow/dags/etl.py
[2026-09-18T11:38:34.655+0000] {processor.py:830} INFO - Processing file /opt/airflow/dags/etl.py for tasks to queue
[2026-09-18T11:38:34.657+0000] {logging_mixin.py:188} INFO - [2026-09-18T11:38:34.657+0000] {dagbag.py:545} INFO - Filling up the DagBag from /opt/airflow/dags/etl.py
[2026-09-18T11:38:34.665+0000] {logging_mixin.py:188} INFO - [2026-09-18T11:38:34.663+0000] {dagbag.py:452} ERROR - Failed to bag_dag: /opt/airflow/dags/etl.py
Traceback (most recent call last):
  File "/home/airflow/.local/lib/python3.11/site-packages/airflow/timetables/_cron.py", line 100, in validate
    croniter(self._expression)
  File "/home/airflow/.local/lib/python3.11/site-packages/croniter/croniter.py", line 187, in __init__
    self.expanded, self.nth_weekday_of_month = self.expand(expr_format, hash_id=hash_id)
                                               ^^^^^^^^^^^^^^^^^^^^^^^^^^^^^^^^^^^^^^^^^
  File "/home/airflow/.local/lib/python3.11/site-packages/croniter/croniter.py", line 821, in expand
    return cls._expand(expr_format, hash_id=hash_id)
           ^^^^^^^^^^^^^^^^^^^^^^^^^^^^^^^^^^^^^^^^^
  File "/home/airflow/.local/lib/python3.11/site-packages/croniter/croniter.py", line 659, in _expand
    raise CroniterBadCronError(cls.bad_length)
croniter.croniter.CroniterBadCronError: Exactly 5 or 6 columns has to be specified for iterator expression.

During handling of the above exception, another exception occurred:

Traceback (most recent call last):
  File "/home/airflow/.local/lib/python3.11/site-packages/airflow/models/dagbag.py", line 447, in _process_modules
    dag.validate()
  File "/home/airflow/.local/lib/python3.11/site-packages/airflow/models/dag.py", line 775, in validate
    self.timetable.validate()
  File "/home/airflow/.local/lib/python3.11/site-packages/airflow/timetables/_cron.py", line 102, in validate
    raise AirflowTimetableInvalid(str(e))
airflow.exceptions.AirflowTimetableInvalid: Exactly 5 or 6 columns has to be specified for iterator expression.
[2026-09-18T11:38:34.665+0000] {processor.py:842} WARNING - No viable dags retrieved from /opt/airflow/dags/etl.py
[2026-09-18T11:38:34.674+0000] {processor.py:183} INFO - Processing /opt/airflow/dags/etl.py took 0.035 seconds
[2026-09-18T11:39:04.793+0000] {processor.py:161} INFO - Started process (PID=75) to work on /opt/airflow/dags/etl.py
[2026-09-18T11:39:04.794+0000] {processor.py:830} INFO - Processing file /opt/airflow/dags/etl.py for tasks to queue
[2026-09-18T11:39:04.796+0000] {logging_mixin.py:188} INFO - [2026-09-18T11:39:04.796+0000] {dagbag.py:545} INFO - Filling up the DagBag from /opt/airflow/dags/etl.py
[2026-09-18T11:39:04.802+0000] {logging_mixin.py:188} INFO - [2026-09-18T11:39:04.801+0000] {dagbag.py:452} ERROR - Failed to bag_dag: /opt/airflow/dags/etl.py
Traceback (most recent call last):
  File "/home/airflow/.local/lib/python3.11/site-packages/airflow/timetables/_cron.py", line 100, in validate
    croniter(self._expression)
  File "/home/airflow/.local/lib/python3.11/site-packages/croniter/croniter.py", line 187, in __init__
    self.expanded, self.nth_weekday_of_month = self.expand(expr_format, hash_id=hash_id)
                                               ^^^^^^^^^^^^^^^^^^^^^^^^^^^^^^^^^^^^^^^^^
  File "/home/airflow/.local/lib/python3.11/site-packages/croniter/croniter.py", line 821, in expand
    return cls._expand(expr_format, hash_id=hash_id)
           ^^^^^^^^^^^^^^^^^^^^^^^^^^^^^^^^^^^^^^^^^
  File "/home/airflow/.local/lib/python3.11/site-packages/croniter/croniter.py", line 659, in _expand
    raise CroniterBadCronError(cls.bad_length)
croniter.croniter.CroniterBadCronError: Exactly 5 or 6 columns has to be specified for iterator expression.

During handling of the above exception, another exception occurred:

Traceback (most recent call last):
  File "/home/airflow/.local/lib/python3.11/site-packages/airflow/models/dagbag.py", line 447, in _process_modules
    dag.validate()
  File "/home/airflow/.local/lib/python3.11/site-packages/airflow/models/dag.py", line 775, in validate
    self.timetable.validate()
  File "/home/airflow/.local/lib/python3.11/site-packages/airflow/timetables/_cron.py", line 102, in validate
    raise AirflowTimetableInvalid(str(e))
airflow.exceptions.AirflowTimetableInvalid: Exactly 5 or 6 columns has to be specified for iterator expression.
[2026-09-18T11:39:04.802+0000] {processor.py:842} WARNING - No viable dags retrieved from /opt/airflow/dags/etl.py
[2026-09-18T11:39:04.810+0000] {processor.py:183} INFO - Processing /opt/airflow/dags/etl.py took 0.026 seconds
[2026-09-18T11:39:35.278+0000] {processor.py:161} INFO - Started process (PID=76) to work on /opt/airflow/dags/etl.py
[2026-09-18T11:39:35.280+0000] {processor.py:830} INFO - Processing file /opt/airflow/dags/etl.py for tasks to queue
[2026-09-18T11:39:35.282+0000] {logging_mixin.py:188} INFO - [2026-09-18T11:39:35.282+0000] {dagbag.py:545} INFO - Filling up the DagBag from /opt/airflow/dags/etl.py
[2026-09-18T11:39:35.289+0000] {logging_mixin.py:188} INFO - [2026-09-18T11:39:35.287+0000] {dagbag.py:452} ERROR - Failed to bag_dag: /opt/airflow/dags/etl.py
Traceback (most recent call last):
  File "/home/airflow/.local/lib/python3.11/site-packages/airflow/timetables/_cron.py", line 100, in validate
    croniter(self._expression)
  File "/home/airflow/.local/lib/python3.11/site-packages/croniter/croniter.py", line 187, in __init__
    self.expanded, self.nth_weekday_of_month = self.expand(expr_format, hash_id=hash_id)
                                               ^^^^^^^^^^^^^^^^^^^^^^^^^^^^^^^^^^^^^^^^^
  File "/home/airflow/.local/lib/python3.11/site-packages/croniter/croniter.py", line 821, in expand
    return cls._expand(expr_format, hash_id=hash_id)
           ^^^^^^^^^^^^^^^^^^^^^^^^^^^^^^^^^^^^^^^^^
  File "/home/airflow/.local/lib/python3.11/site-packages/croniter/croniter.py", line 659, in _expand
    raise CroniterBadCronError(cls.bad_length)
croniter.croniter.CroniterBadCronError: Exactly 5 or 6 columns has to be specified for iterator expression.

During handling of the above exception, another exception occurred:

Traceback (most recent call last):
  File "/home/airflow/.local/lib/python3.11/site-packages/airflow/models/dagbag.py", line 447, in _process_modules
    dag.validate()
  File "/home/airflow/.local/lib/python3.11/site-packages/airflow/models/dag.py", line 775, in validate
    self.timetable.validate()
  File "/home/airflow/.local/lib/python3.11/site-packages/airflow/timetables/_cron.py", line 102, in validate
    raise AirflowTimetableInvalid(str(e))
airflow.exceptions.AirflowTimetableInvalid: Exactly 5 or 6 columns has to be specified for iterator expression.
[2026-09-18T11:39:35.289+0000] {processor.py:842} WARNING - No viable dags retrieved from /opt/airflow/dags/etl.py
[2026-09-18T11:39:35.297+0000] {processor.py:183} INFO - Processing /opt/airflow/dags/etl.py took 0.024 seconds
[2026-09-18T11:40:05.645+0000] {processor.py:161} INFO - Started process (PID=77) to work on /opt/airflow/dags/etl.py
[2026-09-18T11:40:05.646+0000] {processor.py:830} INFO - Processing file /opt/airflow/dags/etl.py for tasks to queue
[2026-09-18T11:40:05.646+0000] {logging_mixin.py:188} INFO - [2026-09-18T11:40:05.646+0000] {dagbag.py:545} INFO - Filling up the DagBag from /opt/airflow/dags/etl.py
[2026-09-18T11:40:05.651+0000] {logging_mixin.py:188} INFO - [2026-09-18T11:40:05.650+0000] {dagbag.py:452} ERROR - Failed to bag_dag: /opt/airflow/dags/etl.py
Traceback (most recent call last):
  File "/home/airflow/.local/lib/python3.11/site-packages/airflow/timetables/_cron.py", line 100, in validate
    croniter(self._expression)
  File "/home/airflow/.local/lib/python3.11/site-packages/croniter/croniter.py", line 187, in __init__
    self.expanded, self.nth_weekday_of_month = self.expand(expr_format, hash_id=hash_id)
                                               ^^^^^^^^^^^^^^^^^^^^^^^^^^^^^^^^^^^^^^^^^
  File "/home/airflow/.local/lib/python3.11/site-packages/croniter/croniter.py", line 821, in expand
    return cls._expand(expr_format, hash_id=hash_id)
           ^^^^^^^^^^^^^^^^^^^^^^^^^^^^^^^^^^^^^^^^^
  File "/home/airflow/.local/lib/python3.11/site-packages/croniter/croniter.py", line 659, in _expand
    raise CroniterBadCronError(cls.bad_length)
croniter.croniter.CroniterBadCronError: Exactly 5 or 6 columns has to be specified for iterator expression.

During handling of the above exception, another exception occurred:

Traceback (most recent call last):
  File "/home/airflow/.local/lib/python3.11/site-packages/airflow/models/dagbag.py", line 447, in _process_modules
    dag.validate()
  File "/home/airflow/.local/lib/python3.11/site-packages/airflow/models/dag.py", line 775, in validate
    self.timetable.validate()
  File "/home/airflow/.local/lib/python3.11/site-packages/airflow/timetables/_cron.py", line 102, in validate
    raise AirflowTimetableInvalid(str(e))
airflow.exceptions.AirflowTimetableInvalid: Exactly 5 or 6 columns has to be specified for iterator expression.
[2026-09-18T11:40:05.652+0000] {processor.py:842} WARNING - No viable dags retrieved from /opt/airflow/dags/etl.py
[2026-09-18T11:40:05.660+0000] {processor.py:183} INFO - Processing /opt/airflow/dags/etl.py took 0.019 seconds
[2026-09-18T11:40:35.987+0000] {processor.py:161} INFO - Started process (PID=78) to work on /opt/airflow/dags/etl.py
[2026-09-18T11:40:35.989+0000] {processor.py:830} INFO - Processing file /opt/airflow/dags/etl.py for tasks to queue
[2026-09-18T11:40:35.990+0000] {logging_mixin.py:188} INFO - [2026-09-18T11:40:35.989+0000] {dagbag.py:545} INFO - Filling up the DagBag from /opt/airflow/dags/etl.py
[2026-09-18T11:40:35.994+0000] {logging_mixin.py:188} INFO - [2026-09-18T11:40:35.992+0000] {dagbag.py:452} ERROR - Failed to bag_dag: /opt/airflow/dags/etl.py
Traceback (most recent call last):
  File "/home/airflow/.local/lib/python3.11/site-packages/airflow/timetables/_cron.py", line 100, in validate
    croniter(self._expression)
  File "/home/airflow/.local/lib/python3.11/site-packages/croniter/croniter.py", line 187, in __init__
    self.expanded, self.nth_weekday_of_month = self.expand(expr_format, hash_id=hash_id)
                                               ^^^^^^^^^^^^^^^^^^^^^^^^^^^^^^^^^^^^^^^^^
  File "/home/airflow/.local/lib/python3.11/site-packages/croniter/croniter.py", line 821, in expand
    return cls._expand(expr_format, hash_id=hash_id)
           ^^^^^^^^^^^^^^^^^^^^^^^^^^^^^^^^^^^^^^^^^
  File "/home/airflow/.local/lib/python3.11/site-packages/croniter/croniter.py", line 659, in _expand
    raise CroniterBadCronError(cls.bad_length)
croniter.croniter.CroniterBadCronError: Exactly 5 or 6 columns has to be specified for iterator expression.

During handling of the above exception, another exception occurred:

Traceback (most recent call last):
  File "/home/airflow/.local/lib/python3.11/site-packages/airflow/models/dagbag.py", line 447, in _process_modules
    dag.validate()
  File "/home/airflow/.local/lib/python3.11/site-packages/airflow/models/dag.py", line 775, in validate
    self.timetable.validate()
  File "/home/airflow/.local/lib/python3.11/site-packages/airflow/timetables/_cron.py", line 102, in validate
    raise AirflowTimetableInvalid(str(e))
airflow.exceptions.AirflowTimetableInvalid: Exactly 5 or 6 columns has to be specified for iterator expression.
[2026-09-18T11:40:35.994+0000] {processor.py:842} WARNING - No viable dags retrieved from /opt/airflow/dags/etl.py
[2026-09-18T11:40:36.002+0000] {processor.py:183} INFO - Processing /opt/airflow/dags/etl.py took 0.018 seconds
[2026-09-18T11:41:06.129+0000] {processor.py:161} INFO - Started process (PID=79) to work on /opt/airflow/dags/etl.py
[2026-09-18T11:41:06.136+0000] {processor.py:830} INFO - Processing file /opt/airflow/dags/etl.py for tasks to queue
[2026-09-18T11:41:06.137+0000] {logging_mixin.py:188} INFO - [2026-09-18T11:41:06.137+0000] {dagbag.py:545} INFO - Filling up the DagBag from /opt/airflow/dags/etl.py
[2026-09-18T11:41:06.141+0000] {logging_mixin.py:188} INFO - [2026-09-18T11:41:06.140+0000] {dagbag.py:452} ERROR - Failed to bag_dag: /opt/airflow/dags/etl.py
Traceback (most recent call last):
  File "/home/airflow/.local/lib/python3.11/site-packages/airflow/timetables/_cron.py", line 100, in validate
    croniter(self._expression)
  File "/home/airflow/.local/lib/python3.11/site-packages/croniter/croniter.py", line 187, in __init__
    self.expanded, self.nth_weekday_of_month = self.expand(expr_format, hash_id=hash_id)
                                               ^^^^^^^^^^^^^^^^^^^^^^^^^^^^^^^^^^^^^^^^^
  File "/home/airflow/.local/lib/python3.11/site-packages/croniter/croniter.py", line 821, in expand
    return cls._expand(expr_format, hash_id=hash_id)
           ^^^^^^^^^^^^^^^^^^^^^^^^^^^^^^^^^^^^^^^^^
  File "/home/airflow/.local/lib/python3.11/site-packages/croniter/croniter.py", line 659, in _expand
    raise CroniterBadCronError(cls.bad_length)
croniter.croniter.CroniterBadCronError: Exactly 5 or 6 columns has to be specified for iterator expression.

During handling of the above exception, another exception occurred:

Traceback (most recent call last):
  File "/home/airflow/.local/lib/python3.11/site-packages/airflow/models/dagbag.py", line 447, in _process_modules
    dag.validate()
  File "/home/airflow/.local/lib/python3.11/site-packages/airflow/models/dag.py", line 775, in validate
    self.timetable.validate()
  File "/home/airflow/.local/lib/python3.11/site-packages/airflow/timetables/_cron.py", line 102, in validate
    raise AirflowTimetableInvalid(str(e))
airflow.exceptions.AirflowTimetableInvalid: Exactly 5 or 6 columns has to be specified for iterator expression.
[2026-09-18T11:41:06.142+0000] {processor.py:842} WARNING - No viable dags retrieved from /opt/airflow/dags/etl.py
[2026-09-18T11:41:06.149+0000] {processor.py:183} INFO - Processing /opt/airflow/dags/etl.py took 0.023 seconds
[2026-09-18T11:41:36.466+0000] {processor.py:161} INFO - Started process (PID=80) to work on /opt/airflow/dags/etl.py
[2026-09-18T11:41:36.467+0000] {processor.py:830} INFO - Processing file /opt/airflow/dags/etl.py for tasks to queue
[2026-09-18T11:41:36.468+0000] {logging_mixin.py:188} INFO - [2026-09-18T11:41:36.467+0000] {dagbag.py:545} INFO - Filling up the DagBag from /opt/airflow/dags/etl.py
[2026-09-18T11:41:36.473+0000] {logging_mixin.py:188} INFO - [2026-09-18T11:41:36.471+0000] {dagbag.py:452} ERROR - Failed to bag_dag: /opt/airflow/dags/etl.py
Traceback (most recent call last):
  File "/home/airflow/.local/lib/python3.11/site-packages/airflow/timetables/_cron.py", line 100, in validate
    croniter(self._expression)
  File "/home/airflow/.local/lib/python3.11/site-packages/croniter/croniter.py", line 187, in __init__
    self.expanded, self.nth_weekday_of_month = self.expand(expr_format, hash_id=hash_id)
                                               ^^^^^^^^^^^^^^^^^^^^^^^^^^^^^^^^^^^^^^^^^
  File "/home/airflow/.local/lib/python3.11/site-packages/croniter/croniter.py", line 821, in expand
    return cls._expand(expr_format, hash_id=hash_id)
           ^^^^^^^^^^^^^^^^^^^^^^^^^^^^^^^^^^^^^^^^^
  File "/home/airflow/.local/lib/python3.11/site-packages/croniter/croniter.py", line 659, in _expand
    raise CroniterBadCronError(cls.bad_length)
croniter.croniter.CroniterBadCronError: Exactly 5 or 6 columns has to be specified for iterator expression.

During handling of the above exception, another exception occurred:

Traceback (most recent call last):
  File "/home/airflow/.local/lib/python3.11/site-packages/airflow/models/dagbag.py", line 447, in _process_modules
    dag.validate()
  File "/home/airflow/.local/lib/python3.11/site-packages/airflow/models/dag.py", line 775, in validate
    self.timetable.validate()
  File "/home/airflow/.local/lib/python3.11/site-packages/airflow/timetables/_cron.py", line 102, in validate
    raise AirflowTimetableInvalid(str(e))
airflow.exceptions.AirflowTimetableInvalid: Exactly 5 or 6 columns has to be specified for iterator expression.
[2026-09-18T11:41:36.473+0000] {processor.py:842} WARNING - No viable dags retrieved from /opt/airflow/dags/etl.py
[2026-09-18T11:41:36.482+0000] {processor.py:183} INFO - Processing /opt/airflow/dags/etl.py took 0.019 seconds
[2026-09-18T11:42:06.740+0000] {processor.py:161} INFO - Started process (PID=81) to work on /opt/airflow/dags/etl.py
[2026-09-18T11:42:06.742+0000] {processor.py:830} INFO - Processing file /opt/airflow/dags/etl.py for tasks to queue
[2026-09-18T11:42:06.743+0000] {logging_mixin.py:188} INFO - [2026-09-18T11:42:06.743+0000] {dagbag.py:545} INFO - Filling up the DagBag from /opt/airflow/dags/etl.py
[2026-09-18T11:42:06.748+0000] {logging_mixin.py:188} INFO - [2026-09-18T11:42:06.747+0000] {dagbag.py:452} ERROR - Failed to bag_dag: /opt/airflow/dags/etl.py
Traceback (most recent call last):
  File "/home/airflow/.local/lib/python3.11/site-packages/airflow/timetables/_cron.py", line 100, in validate
    croniter(self._expression)
  File "/home/airflow/.local/lib/python3.11/site-packages/croniter/croniter.py", line 187, in __init__
    self.expanded, self.nth_weekday_of_month = self.expand(expr_format, hash_id=hash_id)
                                               ^^^^^^^^^^^^^^^^^^^^^^^^^^^^^^^^^^^^^^^^^
  File "/home/airflow/.local/lib/python3.11/site-packages/croniter/croniter.py", line 821, in expand
    return cls._expand(expr_format, hash_id=hash_id)
           ^^^^^^^^^^^^^^^^^^^^^^^^^^^^^^^^^^^^^^^^^
  File "/home/airflow/.local/lib/python3.11/site-packages/croniter/croniter.py", line 659, in _expand
    raise CroniterBadCronError(cls.bad_length)
croniter.croniter.CroniterBadCronError: Exactly 5 or 6 columns has to be specified for iterator expression.

During handling of the above exception, another exception occurred:

Traceback (most recent call last):
  File "/home/airflow/.local/lib/python3.11/site-packages/airflow/models/dagbag.py", line 447, in _process_modules
    dag.validate()
  File "/home/airflow/.local/lib/python3.11/site-packages/airflow/models/dag.py", line 775, in validate
    self.timetable.validate()
  File "/home/airflow/.local/lib/python3.11/site-packages/airflow/timetables/_cron.py", line 102, in validate
    raise AirflowTimetableInvalid(str(e))
airflow.exceptions.AirflowTimetableInvalid: Exactly 5 or 6 columns has to be specified for iterator expression.
[2026-09-18T11:42:06.748+0000] {processor.py:842} WARNING - No viable dags retrieved from /opt/airflow/dags/etl.py
[2026-09-18T11:42:06.757+0000] {processor.py:183} INFO - Processing /opt/airflow/dags/etl.py took 0.020 seconds
[2026-09-18T11:42:37.015+0000] {processor.py:161} INFO - Started process (PID=82) to work on /opt/airflow/dags/etl.py
[2026-09-18T11:42:37.016+0000] {processor.py:830} INFO - Processing file /opt/airflow/dags/etl.py for tasks to queue
[2026-09-18T11:42:37.016+0000] {logging_mixin.py:188} INFO - [2026-09-18T11:42:37.016+0000] {dagbag.py:545} INFO - Filling up the DagBag from /opt/airflow/dags/etl.py
[2026-09-18T11:42:37.021+0000] {logging_mixin.py:188} INFO - [2026-09-18T11:42:37.020+0000] {dagbag.py:452} ERROR - Failed to bag_dag: /opt/airflow/dags/etl.py
Traceback (most recent call last):
  File "/home/airflow/.local/lib/python3.11/site-packages/airflow/timetables/_cron.py", line 100, in validate
    croniter(self._expression)
  File "/home/airflow/.local/lib/python3.11/site-packages/croniter/croniter.py", line 187, in __init__
    self.expanded, self.nth_weekday_of_month = self.expand(expr_format, hash_id=hash_id)
                                               ^^^^^^^^^^^^^^^^^^^^^^^^^^^^^^^^^^^^^^^^^
  File "/home/airflow/.local/lib/python3.11/site-packages/croniter/croniter.py", line 821, in expand
    return cls._expand(expr_format, hash_id=hash_id)
           ^^^^^^^^^^^^^^^^^^^^^^^^^^^^^^^^^^^^^^^^^
  File "/home/airflow/.local/lib/python3.11/site-packages/croniter/croniter.py", line 659, in _expand
    raise CroniterBadCronError(cls.bad_length)
croniter.croniter.CroniterBadCronError: Exactly 5 or 6 columns has to be specified for iterator expression.

During handling of the above exception, another exception occurred:

Traceback (most recent call last):
  File "/home/airflow/.local/lib/python3.11/site-packages/airflow/models/dagbag.py", line 447, in _process_modules
    dag.validate()
  File "/home/airflow/.local/lib/python3.11/site-packages/airflow/models/dag.py", line 775, in validate
    self.timetable.validate()
  File "/home/airflow/.local/lib/python3.11/site-packages/airflow/timetables/_cron.py", line 102, in validate
    raise AirflowTimetableInvalid(str(e))
airflow.exceptions.AirflowTimetableInvalid: Exactly 5 or 6 columns has to be specified for iterator expression.
[2026-09-18T11:42:37.021+0000] {processor.py:842} WARNING - No viable dags retrieved from /opt/airflow/dags/etl.py
[2026-09-18T11:42:37.029+0000] {processor.py:183} INFO - Processing /opt/airflow/dags/etl.py took 0.017 seconds
[2026-09-18T11:43:07.291+0000] {processor.py:161} INFO - Started process (PID=83) to work on /opt/airflow/dags/etl.py
[2026-09-18T11:43:07.292+0000] {processor.py:830} INFO - Processing file /opt/airflow/dags/etl.py for tasks to queue
[2026-09-18T11:43:07.293+0000] {logging_mixin.py:188} INFO - [2026-09-18T11:43:07.293+0000] {dagbag.py:545} INFO - Filling up the DagBag from /opt/airflow/dags/etl.py
[2026-09-18T11:43:07.298+0000] {logging_mixin.py:188} INFO - [2026-09-18T11:43:07.297+0000] {dagbag.py:452} ERROR - Failed to bag_dag: /opt/airflow/dags/etl.py
Traceback (most recent call last):
  File "/home/airflow/.local/lib/python3.11/site-packages/airflow/timetables/_cron.py", line 100, in validate
    croniter(self._expression)
  File "/home/airflow/.local/lib/python3.11/site-packages/croniter/croniter.py", line 187, in __init__
    self.expanded, self.nth_weekday_of_month = self.expand(expr_format, hash_id=hash_id)
                                               ^^^^^^^^^^^^^^^^^^^^^^^^^^^^^^^^^^^^^^^^^
  File "/home/airflow/.local/lib/python3.11/site-packages/croniter/croniter.py", line 821, in expand
    return cls._expand(expr_format, hash_id=hash_id)
           ^^^^^^^^^^^^^^^^^^^^^^^^^^^^^^^^^^^^^^^^^
  File "/home/airflow/.local/lib/python3.11/site-packages/croniter/croniter.py", line 659, in _expand
    raise CroniterBadCronError(cls.bad_length)
croniter.croniter.CroniterBadCronError: Exactly 5 or 6 columns has to be specified for iterator expression.

During handling of the above exception, another exception occurred:

Traceback (most recent call last):
  File "/home/airflow/.local/lib/python3.11/site-packages/airflow/models/dagbag.py", line 447, in _process_modules
    dag.validate()
  File "/home/airflow/.local/lib/python3.11/site-packages/airflow/models/dag.py", line 775, in validate
    self.timetable.validate()
  File "/home/airflow/.local/lib/python3.11/site-packages/airflow/timetables/_cron.py", line 102, in validate
    raise AirflowTimetableInvalid(str(e))
airflow.exceptions.AirflowTimetableInvalid: Exactly 5 or 6 columns has to be specified for iterator expression.
[2026-09-18T11:43:07.298+0000] {processor.py:842} WARNING - No viable dags retrieved from /opt/airflow/dags/etl.py
[2026-09-18T11:43:07.307+0000] {processor.py:183} INFO - Processing /opt/airflow/dags/etl.py took 0.020 seconds
[2026-09-18T11:43:37.529+0000] {processor.py:161} INFO - Started process (PID=84) to work on /opt/airflow/dags/etl.py
[2026-09-18T11:43:37.530+0000] {processor.py:830} INFO - Processing file /opt/airflow/dags/etl.py for tasks to queue
[2026-09-18T11:43:37.531+0000] {logging_mixin.py:188} INFO - [2026-09-18T11:43:37.530+0000] {dagbag.py:545} INFO - Filling up the DagBag from /opt/airflow/dags/etl.py
[2026-09-18T11:43:37.535+0000] {logging_mixin.py:188} INFO - [2026-09-18T11:43:37.534+0000] {dagbag.py:452} ERROR - Failed to bag_dag: /opt/airflow/dags/etl.py
Traceback (most recent call last):
  File "/home/airflow/.local/lib/python3.11/site-packages/airflow/timetables/_cron.py", line 100, in validate
    croniter(self._expression)
  File "/home/airflow/.local/lib/python3.11/site-packages/croniter/croniter.py", line 187, in __init__
    self.expanded, self.nth_weekday_of_month = self.expand(expr_format, hash_id=hash_id)
                                               ^^^^^^^^^^^^^^^^^^^^^^^^^^^^^^^^^^^^^^^^^
  File "/home/airflow/.local/lib/python3.11/site-packages/croniter/croniter.py", line 821, in expand
    return cls._expand(expr_format, hash_id=hash_id)
           ^^^^^^^^^^^^^^^^^^^^^^^^^^^^^^^^^^^^^^^^^
  File "/home/airflow/.local/lib/python3.11/site-packages/croniter/croniter.py", line 659, in _expand
    raise CroniterBadCronError(cls.bad_length)
croniter.croniter.CroniterBadCronError: Exactly 5 or 6 columns has to be specified for iterator expression.

During handling of the above exception, another exception occurred:

Traceback (most recent call last):
  File "/home/airflow/.local/lib/python3.11/site-packages/airflow/models/dagbag.py", line 447, in _process_modules
    dag.validate()
  File "/home/airflow/.local/lib/python3.11/site-packages/airflow/models/dag.py", line 775, in validate
    self.timetable.validate()
  File "/home/airflow/.local/lib/python3.11/site-packages/airflow/timetables/_cron.py", line 102, in validate
    raise AirflowTimetableInvalid(str(e))
airflow.exceptions.AirflowTimetableInvalid: Exactly 5 or 6 columns has to be specified for iterator expression.
[2026-09-18T11:43:37.536+0000] {processor.py:842} WARNING - No viable dags retrieved from /opt/airflow/dags/etl.py
[2026-09-18T11:43:37.548+0000] {processor.py:183} INFO - Processing /opt/airflow/dags/etl.py took 0.022 seconds
[2026-09-18T11:44:07.823+0000] {processor.py:161} INFO - Started process (PID=85) to work on /opt/airflow/dags/etl.py
[2026-09-18T11:44:07.826+0000] {processor.py:830} INFO - Processing file /opt/airflow/dags/etl.py for tasks to queue
[2026-09-18T11:44:07.827+0000] {logging_mixin.py:188} INFO - [2026-09-18T11:44:07.827+0000] {dagbag.py:545} INFO - Filling up the DagBag from /opt/airflow/dags/etl.py
[2026-09-18T11:44:07.832+0000] {logging_mixin.py:188} INFO - [2026-09-18T11:44:07.831+0000] {dagbag.py:452} ERROR - Failed to bag_dag: /opt/airflow/dags/etl.py
Traceback (most recent call last):
  File "/home/airflow/.local/lib/python3.11/site-packages/airflow/timetables/_cron.py", line 100, in validate
    croniter(self._expression)
  File "/home/airflow/.local/lib/python3.11/site-packages/croniter/croniter.py", line 187, in __init__
    self.expanded, self.nth_weekday_of_month = self.expand(expr_format, hash_id=hash_id)
                                               ^^^^^^^^^^^^^^^^^^^^^^^^^^^^^^^^^^^^^^^^^
  File "/home/airflow/.local/lib/python3.11/site-packages/croniter/croniter.py", line 821, in expand
    return cls._expand(expr_format, hash_id=hash_id)
           ^^^^^^^^^^^^^^^^^^^^^^^^^^^^^^^^^^^^^^^^^
  File "/home/airflow/.local/lib/python3.11/site-packages/croniter/croniter.py", line 659, in _expand
    raise CroniterBadCronError(cls.bad_length)
croniter.croniter.CroniterBadCronError: Exactly 5 or 6 columns has to be specified for iterator expression.

During handling of the above exception, another exception occurred:

Traceback (most recent call last):
  File "/home/airflow/.local/lib/python3.11/site-packages/airflow/models/dagbag.py", line 447, in _process_modules
    dag.validate()
  File "/home/airflow/.local/lib/python3.11/site-packages/airflow/models/dag.py", line 775, in validate
    self.timetable.validate()
  File "/home/airflow/.local/lib/python3.11/site-packages/airflow/timetables/_cron.py", line 102, in validate
    raise AirflowTimetableInvalid(str(e))
airflow.exceptions.AirflowTimetableInvalid: Exactly 5 or 6 columns has to be specified for iterator expression.
[2026-09-18T11:44:07.833+0000] {processor.py:842} WARNING - No viable dags retrieved from /opt/airflow/dags/etl.py
[2026-09-18T11:44:07.843+0000] {processor.py:183} INFO - Processing /opt/airflow/dags/etl.py took 0.026 seconds
[2026-09-18T11:44:38.135+0000] {processor.py:161} INFO - Started process (PID=86) to work on /opt/airflow/dags/etl.py
[2026-09-18T11:44:38.145+0000] {processor.py:830} INFO - Processing file /opt/airflow/dags/etl.py for tasks to queue
[2026-09-18T11:44:38.149+0000] {logging_mixin.py:188} INFO - [2026-09-18T11:44:38.148+0000] {dagbag.py:545} INFO - Filling up the DagBag from /opt/airflow/dags/etl.py
[2026-09-18T11:44:38.157+0000] {logging_mixin.py:188} INFO - [2026-09-18T11:44:38.155+0000] {dagbag.py:452} ERROR - Failed to bag_dag: /opt/airflow/dags/etl.py
Traceback (most recent call last):
  File "/home/airflow/.local/lib/python3.11/site-packages/airflow/timetables/_cron.py", line 100, in validate
    croniter(self._expression)
  File "/home/airflow/.local/lib/python3.11/site-packages/croniter/croniter.py", line 187, in __init__
    self.expanded, self.nth_weekday_of_month = self.expand(expr_format, hash_id=hash_id)
                                               ^^^^^^^^^^^^^^^^^^^^^^^^^^^^^^^^^^^^^^^^^
  File "/home/airflow/.local/lib/python3.11/site-packages/croniter/croniter.py", line 821, in expand
    return cls._expand(expr_format, hash_id=hash_id)
           ^^^^^^^^^^^^^^^^^^^^^^^^^^^^^^^^^^^^^^^^^
  File "/home/airflow/.local/lib/python3.11/site-packages/croniter/croniter.py", line 659, in _expand
    raise CroniterBadCronError(cls.bad_length)
croniter.croniter.CroniterBadCronError: Exactly 5 or 6 columns has to be specified for iterator expression.

During handling of the above exception, another exception occurred:

Traceback (most recent call last):
  File "/home/airflow/.local/lib/python3.11/site-packages/airflow/models/dagbag.py", line 447, in _process_modules
    dag.validate()
  File "/home/airflow/.local/lib/python3.11/site-packages/airflow/models/dag.py", line 775, in validate
    self.timetable.validate()
  File "/home/airflow/.local/lib/python3.11/site-packages/airflow/timetables/_cron.py", line 102, in validate
    raise AirflowTimetableInvalid(str(e))
airflow.exceptions.AirflowTimetableInvalid: Exactly 5 or 6 columns has to be specified for iterator expression.
[2026-09-18T11:44:38.157+0000] {processor.py:842} WARNING - No viable dags retrieved from /opt/airflow/dags/etl.py
[2026-09-18T11:44:38.245+0000] {processor.py:183} INFO - Processing /opt/airflow/dags/etl.py took 0.119 seconds
[2026-09-18T11:45:08.555+0000] {processor.py:161} INFO - Started process (PID=87) to work on /opt/airflow/dags/etl.py
[2026-09-18T11:45:08.555+0000] {processor.py:830} INFO - Processing file /opt/airflow/dags/etl.py for tasks to queue
[2026-09-18T11:45:08.556+0000] {logging_mixin.py:188} INFO - [2026-09-18T11:45:08.556+0000] {dagbag.py:545} INFO - Filling up the DagBag from /opt/airflow/dags/etl.py
[2026-09-18T11:45:08.561+0000] {logging_mixin.py:188} INFO - [2026-09-18T11:45:08.559+0000] {dagbag.py:452} ERROR - Failed to bag_dag: /opt/airflow/dags/etl.py
Traceback (most recent call last):
  File "/home/airflow/.local/lib/python3.11/site-packages/airflow/timetables/_cron.py", line 100, in validate
    croniter(self._expression)
  File "/home/airflow/.local/lib/python3.11/site-packages/croniter/croniter.py", line 187, in __init__
    self.expanded, self.nth_weekday_of_month = self.expand(expr_format, hash_id=hash_id)
                                               ^^^^^^^^^^^^^^^^^^^^^^^^^^^^^^^^^^^^^^^^^
  File "/home/airflow/.local/lib/python3.11/site-packages/croniter/croniter.py", line 821, in expand
    return cls._expand(expr_format, hash_id=hash_id)
           ^^^^^^^^^^^^^^^^^^^^^^^^^^^^^^^^^^^^^^^^^
  File "/home/airflow/.local/lib/python3.11/site-packages/croniter/croniter.py", line 659, in _expand
    raise CroniterBadCronError(cls.bad_length)
croniter.croniter.CroniterBadCronError: Exactly 5 or 6 columns has to be specified for iterator expression.

During handling of the above exception, another exception occurred:

Traceback (most recent call last):
  File "/home/airflow/.local/lib/python3.11/site-packages/airflow/models/dagbag.py", line 447, in _process_modules
    dag.validate()
  File "/home/airflow/.local/lib/python3.11/site-packages/airflow/models/dag.py", line 775, in validate
    self.timetable.validate()
  File "/home/airflow/.local/lib/python3.11/site-packages/airflow/timetables/_cron.py", line 102, in validate
    raise AirflowTimetableInvalid(str(e))
airflow.exceptions.AirflowTimetableInvalid: Exactly 5 or 6 columns has to be specified for iterator expression.
[2026-09-18T11:45:08.561+0000] {processor.py:842} WARNING - No viable dags retrieved from /opt/airflow/dags/etl.py
[2026-09-18T11:45:08.569+0000] {processor.py:183} INFO - Processing /opt/airflow/dags/etl.py took 0.019 seconds
[2026-09-18T11:45:38.889+0000] {processor.py:161} INFO - Started process (PID=88) to work on /opt/airflow/dags/etl.py
[2026-09-18T11:45:38.892+0000] {processor.py:830} INFO - Processing file /opt/airflow/dags/etl.py for tasks to queue
[2026-09-18T11:45:38.894+0000] {logging_mixin.py:188} INFO - [2026-09-18T11:45:38.894+0000] {dagbag.py:545} INFO - Filling up the DagBag from /opt/airflow/dags/etl.py
[2026-09-18T11:45:38.902+0000] {logging_mixin.py:188} INFO - [2026-09-18T11:45:38.900+0000] {dagbag.py:452} ERROR - Failed to bag_dag: /opt/airflow/dags/etl.py
Traceback (most recent call last):
  File "/home/airflow/.local/lib/python3.11/site-packages/airflow/timetables/_cron.py", line 100, in validate
    croniter(self._expression)
  File "/home/airflow/.local/lib/python3.11/site-packages/croniter/croniter.py", line 187, in __init__
    self.expanded, self.nth_weekday_of_month = self.expand(expr_format, hash_id=hash_id)
                                               ^^^^^^^^^^^^^^^^^^^^^^^^^^^^^^^^^^^^^^^^^
  File "/home/airflow/.local/lib/python3.11/site-packages/croniter/croniter.py", line 821, in expand
    return cls._expand(expr_format, hash_id=hash_id)
           ^^^^^^^^^^^^^^^^^^^^^^^^^^^^^^^^^^^^^^^^^
  File "/home/airflow/.local/lib/python3.11/site-packages/croniter/croniter.py", line 659, in _expand
    raise CroniterBadCronError(cls.bad_length)
croniter.croniter.CroniterBadCronError: Exactly 5 or 6 columns has to be specified for iterator expression.

During handling of the above exception, another exception occurred:

Traceback (most recent call last):
  File "/home/airflow/.local/lib/python3.11/site-packages/airflow/models/dagbag.py", line 447, in _process_modules
    dag.validate()
  File "/home/airflow/.local/lib/python3.11/site-packages/airflow/models/dag.py", line 775, in validate
    self.timetable.validate()
  File "/home/airflow/.local/lib/python3.11/site-packages/airflow/timetables/_cron.py", line 102, in validate
    raise AirflowTimetableInvalid(str(e))
airflow.exceptions.AirflowTimetableInvalid: Exactly 5 or 6 columns has to be specified for iterator expression.
[2026-09-18T11:45:38.902+0000] {processor.py:842} WARNING - No viable dags retrieved from /opt/airflow/dags/etl.py
[2026-09-18T11:45:38.910+0000] {processor.py:183} INFO - Processing /opt/airflow/dags/etl.py took 0.026 seconds
[2026-09-18T11:46:09.023+0000] {processor.py:161} INFO - Started process (PID=89) to work on /opt/airflow/dags/etl.py
[2026-09-18T11:46:09.024+0000] {processor.py:830} INFO - Processing file /opt/airflow/dags/etl.py for tasks to queue
[2026-09-18T11:46:09.025+0000] {logging_mixin.py:188} INFO - [2026-09-18T11:46:09.024+0000] {dagbag.py:545} INFO - Filling up the DagBag from /opt/airflow/dags/etl.py
[2026-09-18T11:46:09.029+0000] {logging_mixin.py:188} INFO - [2026-09-18T11:46:09.028+0000] {dagbag.py:452} ERROR - Failed to bag_dag: /opt/airflow/dags/etl.py
Traceback (most recent call last):
  File "/home/airflow/.local/lib/python3.11/site-packages/airflow/timetables/_cron.py", line 100, in validate
    croniter(self._expression)
  File "/home/airflow/.local/lib/python3.11/site-packages/croniter/croniter.py", line 187, in __init__
    self.expanded, self.nth_weekday_of_month = self.expand(expr_format, hash_id=hash_id)
                                               ^^^^^^^^^^^^^^^^^^^^^^^^^^^^^^^^^^^^^^^^^
  File "/home/airflow/.local/lib/python3.11/site-packages/croniter/croniter.py", line 821, in expand
    return cls._expand(expr_format, hash_id=hash_id)
           ^^^^^^^^^^^^^^^^^^^^^^^^^^^^^^^^^^^^^^^^^
  File "/home/airflow/.local/lib/python3.11/site-packages/croniter/croniter.py", line 659, in _expand
    raise CroniterBadCronError(cls.bad_length)
croniter.croniter.CroniterBadCronError: Exactly 5 or 6 columns has to be specified for iterator expression.

During handling of the above exception, another exception occurred:

Traceback (most recent call last):
  File "/home/airflow/.local/lib/python3.11/site-packages/airflow/models/dagbag.py", line 447, in _process_modules
    dag.validate()
  File "/home/airflow/.local/lib/python3.11/site-packages/airflow/models/dag.py", line 775, in validate
    self.timetable.validate()
  File "/home/airflow/.local/lib/python3.11/site-packages/airflow/timetables/_cron.py", line 102, in validate
    raise AirflowTimetableInvalid(str(e))
airflow.exceptions.AirflowTimetableInvalid: Exactly 5 or 6 columns has to be specified for iterator expression.
[2026-09-18T11:46:09.029+0000] {processor.py:842} WARNING - No viable dags retrieved from /opt/airflow/dags/etl.py
[2026-09-18T11:46:09.037+0000] {processor.py:183} INFO - Processing /opt/airflow/dags/etl.py took 0.019 seconds
[2026-09-18T11:46:39.497+0000] {processor.py:161} INFO - Started process (PID=90) to work on /opt/airflow/dags/etl.py
[2026-09-18T11:46:39.500+0000] {processor.py:830} INFO - Processing file /opt/airflow/dags/etl.py for tasks to queue
[2026-09-18T11:46:39.502+0000] {logging_mixin.py:188} INFO - [2026-09-18T11:46:39.501+0000] {dagbag.py:545} INFO - Filling up the DagBag from /opt/airflow/dags/etl.py
[2026-09-18T11:46:39.509+0000] {logging_mixin.py:188} INFO - [2026-09-18T11:46:39.507+0000] {dagbag.py:452} ERROR - Failed to bag_dag: /opt/airflow/dags/etl.py
Traceback (most recent call last):
  File "/home/airflow/.local/lib/python3.11/site-packages/airflow/timetables/_cron.py", line 100, in validate
    croniter(self._expression)
  File "/home/airflow/.local/lib/python3.11/site-packages/croniter/croniter.py", line 187, in __init__
    self.expanded, self.nth_weekday_of_month = self.expand(expr_format, hash_id=hash_id)
                                               ^^^^^^^^^^^^^^^^^^^^^^^^^^^^^^^^^^^^^^^^^
  File "/home/airflow/.local/lib/python3.11/site-packages/croniter/croniter.py", line 821, in expand
    return cls._expand(expr_format, hash_id=hash_id)
           ^^^^^^^^^^^^^^^^^^^^^^^^^^^^^^^^^^^^^^^^^
  File "/home/airflow/.local/lib/python3.11/site-packages/croniter/croniter.py", line 659, in _expand
    raise CroniterBadCronError(cls.bad_length)
croniter.croniter.CroniterBadCronError: Exactly 5 or 6 columns has to be specified for iterator expression.

During handling of the above exception, another exception occurred:

Traceback (most recent call last):
  File "/home/airflow/.local/lib/python3.11/site-packages/airflow/models/dagbag.py", line 447, in _process_modules
    dag.validate()
  File "/home/airflow/.local/lib/python3.11/site-packages/airflow/models/dag.py", line 775, in validate
    self.timetable.validate()
  File "/home/airflow/.local/lib/python3.11/site-packages/airflow/timetables/_cron.py", line 102, in validate
    raise AirflowTimetableInvalid(str(e))
airflow.exceptions.AirflowTimetableInvalid: Exactly 5 or 6 columns has to be specified for iterator expression.
[2026-09-18T11:46:39.509+0000] {processor.py:842} WARNING - No viable dags retrieved from /opt/airflow/dags/etl.py
[2026-09-18T11:46:39.518+0000] {processor.py:183} INFO - Processing /opt/airflow/dags/etl.py took 0.030 seconds
[2026-09-18T11:47:09.827+0000] {processor.py:161} INFO - Started process (PID=91) to work on /opt/airflow/dags/etl.py
[2026-09-18T11:47:09.828+0000] {processor.py:830} INFO - Processing file /opt/airflow/dags/etl.py for tasks to queue
[2026-09-18T11:47:09.830+0000] {logging_mixin.py:188} INFO - [2026-09-18T11:47:09.829+0000] {dagbag.py:545} INFO - Filling up the DagBag from /opt/airflow/dags/etl.py
[2026-09-18T11:47:09.836+0000] {logging_mixin.py:188} INFO - [2026-09-18T11:47:09.835+0000] {dagbag.py:452} ERROR - Failed to bag_dag: /opt/airflow/dags/etl.py
Traceback (most recent call last):
  File "/home/airflow/.local/lib/python3.11/site-packages/airflow/timetables/_cron.py", line 100, in validate
    croniter(self._expression)
  File "/home/airflow/.local/lib/python3.11/site-packages/croniter/croniter.py", line 187, in __init__
    self.expanded, self.nth_weekday_of_month = self.expand(expr_format, hash_id=hash_id)
                                               ^^^^^^^^^^^^^^^^^^^^^^^^^^^^^^^^^^^^^^^^^
  File "/home/airflow/.local/lib/python3.11/site-packages/croniter/croniter.py", line 821, in expand
    return cls._expand(expr_format, hash_id=hash_id)
           ^^^^^^^^^^^^^^^^^^^^^^^^^^^^^^^^^^^^^^^^^
  File "/home/airflow/.local/lib/python3.11/site-packages/croniter/croniter.py", line 659, in _expand
    raise CroniterBadCronError(cls.bad_length)
croniter.croniter.CroniterBadCronError: Exactly 5 or 6 columns has to be specified for iterator expression.

During handling of the above exception, another exception occurred:

Traceback (most recent call last):
  File "/home/airflow/.local/lib/python3.11/site-packages/airflow/models/dagbag.py", line 447, in _process_modules
    dag.validate()
  File "/home/airflow/.local/lib/python3.11/site-packages/airflow/models/dag.py", line 775, in validate
    self.timetable.validate()
  File "/home/airflow/.local/lib/python3.11/site-packages/airflow/timetables/_cron.py", line 102, in validate
    raise AirflowTimetableInvalid(str(e))
airflow.exceptions.AirflowTimetableInvalid: Exactly 5 or 6 columns has to be specified for iterator expression.
[2026-09-18T11:47:09.837+0000] {processor.py:842} WARNING - No viable dags retrieved from /opt/airflow/dags/etl.py
[2026-09-18T11:47:09.845+0000] {processor.py:183} INFO - Processing /opt/airflow/dags/etl.py took 0.026 seconds
[2026-09-18T11:47:40.158+0000] {processor.py:161} INFO - Started process (PID=92) to work on /opt/airflow/dags/etl.py
[2026-09-18T11:47:40.160+0000] {processor.py:830} INFO - Processing file /opt/airflow/dags/etl.py for tasks to queue
[2026-09-18T11:47:40.161+0000] {logging_mixin.py:188} INFO - [2026-09-18T11:47:40.161+0000] {dagbag.py:545} INFO - Filling up the DagBag from /opt/airflow/dags/etl.py
[2026-09-18T11:47:40.166+0000] {logging_mixin.py:188} INFO - [2026-09-18T11:47:40.164+0000] {dagbag.py:452} ERROR - Failed to bag_dag: /opt/airflow/dags/etl.py
Traceback (most recent call last):
  File "/home/airflow/.local/lib/python3.11/site-packages/airflow/timetables/_cron.py", line 100, in validate
    croniter(self._expression)
  File "/home/airflow/.local/lib/python3.11/site-packages/croniter/croniter.py", line 187, in __init__
    self.expanded, self.nth_weekday_of_month = self.expand(expr_format, hash_id=hash_id)
                                               ^^^^^^^^^^^^^^^^^^^^^^^^^^^^^^^^^^^^^^^^^
  File "/home/airflow/.local/lib/python3.11/site-packages/croniter/croniter.py", line 821, in expand
    return cls._expand(expr_format, hash_id=hash_id)
           ^^^^^^^^^^^^^^^^^^^^^^^^^^^^^^^^^^^^^^^^^
  File "/home/airflow/.local/lib/python3.11/site-packages/croniter/croniter.py", line 659, in _expand
    raise CroniterBadCronError(cls.bad_length)
croniter.croniter.CroniterBadCronError: Exactly 5 or 6 columns has to be specified for iterator expression.

During handling of the above exception, another exception occurred:

Traceback (most recent call last):
  File "/home/airflow/.local/lib/python3.11/site-packages/airflow/models/dagbag.py", line 447, in _process_modules
    dag.validate()
  File "/home/airflow/.local/lib/python3.11/site-packages/airflow/models/dag.py", line 775, in validate
    self.timetable.validate()
  File "/home/airflow/.local/lib/python3.11/site-packages/airflow/timetables/_cron.py", line 102, in validate
    raise AirflowTimetableInvalid(str(e))
airflow.exceptions.AirflowTimetableInvalid: Exactly 5 or 6 columns has to be specified for iterator expression.
[2026-09-18T11:47:40.166+0000] {processor.py:842} WARNING - No viable dags retrieved from /opt/airflow/dags/etl.py
[2026-09-18T11:47:40.175+0000] {processor.py:183} INFO - Processing /opt/airflow/dags/etl.py took 0.021 seconds
[2026-09-18T11:48:10.524+0000] {processor.py:161} INFO - Started process (PID=93) to work on /opt/airflow/dags/etl.py
[2026-09-18T11:48:10.525+0000] {processor.py:830} INFO - Processing file /opt/airflow/dags/etl.py for tasks to queue
[2026-09-18T11:48:10.527+0000] {logging_mixin.py:188} INFO - [2026-09-18T11:48:10.526+0000] {dagbag.py:545} INFO - Filling up the DagBag from /opt/airflow/dags/etl.py
[2026-09-18T11:48:10.534+0000] {logging_mixin.py:188} INFO - [2026-09-18T11:48:10.532+0000] {dagbag.py:452} ERROR - Failed to bag_dag: /opt/airflow/dags/etl.py
Traceback (most recent call last):
  File "/home/airflow/.local/lib/python3.11/site-packages/airflow/timetables/_cron.py", line 100, in validate
    croniter(self._expression)
  File "/home/airflow/.local/lib/python3.11/site-packages/croniter/croniter.py", line 187, in __init__
    self.expanded, self.nth_weekday_of_month = self.expand(expr_format, hash_id=hash_id)
                                               ^^^^^^^^^^^^^^^^^^^^^^^^^^^^^^^^^^^^^^^^^
  File "/home/airflow/.local/lib/python3.11/site-packages/croniter/croniter.py", line 821, in expand
    return cls._expand(expr_format, hash_id=hash_id)
           ^^^^^^^^^^^^^^^^^^^^^^^^^^^^^^^^^^^^^^^^^
  File "/home/airflow/.local/lib/python3.11/site-packages/croniter/croniter.py", line 659, in _expand
    raise CroniterBadCronError(cls.bad_length)
croniter.croniter.CroniterBadCronError: Exactly 5 or 6 columns has to be specified for iterator expression.

During handling of the above exception, another exception occurred:

Traceback (most recent call last):
  File "/home/airflow/.local/lib/python3.11/site-packages/airflow/models/dagbag.py", line 447, in _process_modules
    dag.validate()
  File "/home/airflow/.local/lib/python3.11/site-packages/airflow/models/dag.py", line 775, in validate
    self.timetable.validate()
  File "/home/airflow/.local/lib/python3.11/site-packages/airflow/timetables/_cron.py", line 102, in validate
    raise AirflowTimetableInvalid(str(e))
airflow.exceptions.AirflowTimetableInvalid: Exactly 5 or 6 columns has to be specified for iterator expression.
[2026-09-18T11:48:10.534+0000] {processor.py:842} WARNING - No viable dags retrieved from /opt/airflow/dags/etl.py
[2026-09-18T11:48:10.543+0000] {processor.py:183} INFO - Processing /opt/airflow/dags/etl.py took 0.029 seconds
[2026-09-18T11:48:40.810+0000] {processor.py:161} INFO - Started process (PID=94) to work on /opt/airflow/dags/etl.py
[2026-09-18T11:48:40.812+0000] {processor.py:830} INFO - Processing file /opt/airflow/dags/etl.py for tasks to queue
[2026-09-18T11:48:40.813+0000] {logging_mixin.py:188} INFO - [2026-09-18T11:48:40.813+0000] {dagbag.py:545} INFO - Filling up the DagBag from /opt/airflow/dags/etl.py
[2026-09-18T11:48:40.819+0000] {logging_mixin.py:188} INFO - [2026-09-18T11:48:40.817+0000] {dagbag.py:452} ERROR - Failed to bag_dag: /opt/airflow/dags/etl.py
Traceback (most recent call last):
  File "/home/airflow/.local/lib/python3.11/site-packages/airflow/timetables/_cron.py", line 100, in validate
    croniter(self._expression)
  File "/home/airflow/.local/lib/python3.11/site-packages/croniter/croniter.py", line 187, in __init__
    self.expanded, self.nth_weekday_of_month = self.expand(expr_format, hash_id=hash_id)
                                               ^^^^^^^^^^^^^^^^^^^^^^^^^^^^^^^^^^^^^^^^^
  File "/home/airflow/.local/lib/python3.11/site-packages/croniter/croniter.py", line 821, in expand
    return cls._expand(expr_format, hash_id=hash_id)
           ^^^^^^^^^^^^^^^^^^^^^^^^^^^^^^^^^^^^^^^^^
  File "/home/airflow/.local/lib/python3.11/site-packages/croniter/croniter.py", line 659, in _expand
    raise CroniterBadCronError(cls.bad_length)
croniter.croniter.CroniterBadCronError: Exactly 5 or 6 columns has to be specified for iterator expression.

During handling of the above exception, another exception occurred:

Traceback (most recent call last):
  File "/home/airflow/.local/lib/python3.11/site-packages/airflow/models/dagbag.py", line 447, in _process_modules
    dag.validate()
  File "/home/airflow/.local/lib/python3.11/site-packages/airflow/models/dag.py", line 775, in validate
    self.timetable.validate()
  File "/home/airflow/.local/lib/python3.11/site-packages/airflow/timetables/_cron.py", line 102, in validate
    raise AirflowTimetableInvalid(str(e))
airflow.exceptions.AirflowTimetableInvalid: Exactly 5 or 6 columns has to be specified for iterator expression.
[2026-09-18T11:48:40.819+0000] {processor.py:842} WARNING - No viable dags retrieved from /opt/airflow/dags/etl.py
[2026-09-18T11:48:40.827+0000] {processor.py:183} INFO - Processing /opt/airflow/dags/etl.py took 0.021 seconds
[2026-09-18T11:49:11.166+0000] {processor.py:161} INFO - Started process (PID=95) to work on /opt/airflow/dags/etl.py
[2026-09-18T11:49:11.166+0000] {processor.py:830} INFO - Processing file /opt/airflow/dags/etl.py for tasks to queue
[2026-09-18T11:49:11.167+0000] {logging_mixin.py:188} INFO - [2026-09-18T11:49:11.167+0000] {dagbag.py:545} INFO - Filling up the DagBag from /opt/airflow/dags/etl.py
[2026-09-18T11:49:11.173+0000] {logging_mixin.py:188} INFO - [2026-09-18T11:49:11.171+0000] {dagbag.py:452} ERROR - Failed to bag_dag: /opt/airflow/dags/etl.py
Traceback (most recent call last):
  File "/home/airflow/.local/lib/python3.11/site-packages/airflow/timetables/_cron.py", line 100, in validate
    croniter(self._expression)
  File "/home/airflow/.local/lib/python3.11/site-packages/croniter/croniter.py", line 187, in __init__
    self.expanded, self.nth_weekday_of_month = self.expand(expr_format, hash_id=hash_id)
                                               ^^^^^^^^^^^^^^^^^^^^^^^^^^^^^^^^^^^^^^^^^
  File "/home/airflow/.local/lib/python3.11/site-packages/croniter/croniter.py", line 821, in expand
    return cls._expand(expr_format, hash_id=hash_id)
           ^^^^^^^^^^^^^^^^^^^^^^^^^^^^^^^^^^^^^^^^^
  File "/home/airflow/.local/lib/python3.11/site-packages/croniter/croniter.py", line 659, in _expand
    raise CroniterBadCronError(cls.bad_length)
croniter.croniter.CroniterBadCronError: Exactly 5 or 6 columns has to be specified for iterator expression.

During handling of the above exception, another exception occurred:

Traceback (most recent call last):
  File "/home/airflow/.local/lib/python3.11/site-packages/airflow/models/dagbag.py", line 447, in _process_modules
    dag.validate()
  File "/home/airflow/.local/lib/python3.11/site-packages/airflow/models/dag.py", line 775, in validate
    self.timetable.validate()
  File "/home/airflow/.local/lib/python3.11/site-packages/airflow/timetables/_cron.py", line 102, in validate
    raise AirflowTimetableInvalid(str(e))
airflow.exceptions.AirflowTimetableInvalid: Exactly 5 or 6 columns has to be specified for iterator expression.
[2026-09-18T11:49:11.173+0000] {processor.py:842} WARNING - No viable dags retrieved from /opt/airflow/dags/etl.py
[2026-09-18T11:49:11.182+0000] {processor.py:183} INFO - Processing /opt/airflow/dags/etl.py took 0.020 seconds
[2026-09-18T11:49:41.549+0000] {processor.py:161} INFO - Started process (PID=96) to work on /opt/airflow/dags/etl.py
[2026-09-18T11:49:41.551+0000] {processor.py:830} INFO - Processing file /opt/airflow/dags/etl.py for tasks to queue
[2026-09-18T11:49:41.554+0000] {logging_mixin.py:188} INFO - [2026-09-18T11:49:41.553+0000] {dagbag.py:545} INFO - Filling up the DagBag from /opt/airflow/dags/etl.py
[2026-09-18T11:49:41.561+0000] {logging_mixin.py:188} INFO - [2026-09-18T11:49:41.559+0000] {dagbag.py:452} ERROR - Failed to bag_dag: /opt/airflow/dags/etl.py
Traceback (most recent call last):
  File "/home/airflow/.local/lib/python3.11/site-packages/airflow/timetables/_cron.py", line 100, in validate
    croniter(self._expression)
  File "/home/airflow/.local/lib/python3.11/site-packages/croniter/croniter.py", line 187, in __init__
    self.expanded, self.nth_weekday_of_month = self.expand(expr_format, hash_id=hash_id)
                                               ^^^^^^^^^^^^^^^^^^^^^^^^^^^^^^^^^^^^^^^^^
  File "/home/airflow/.local/lib/python3.11/site-packages/croniter/croniter.py", line 821, in expand
    return cls._expand(expr_format, hash_id=hash_id)
           ^^^^^^^^^^^^^^^^^^^^^^^^^^^^^^^^^^^^^^^^^
  File "/home/airflow/.local/lib/python3.11/site-packages/croniter/croniter.py", line 659, in _expand
    raise CroniterBadCronError(cls.bad_length)
croniter.croniter.CroniterBadCronError: Exactly 5 or 6 columns has to be specified for iterator expression.

During handling of the above exception, another exception occurred:

Traceback (most recent call last):
  File "/home/airflow/.local/lib/python3.11/site-packages/airflow/models/dagbag.py", line 447, in _process_modules
    dag.validate()
  File "/home/airflow/.local/lib/python3.11/site-packages/airflow/models/dag.py", line 775, in validate
    self.timetable.validate()
  File "/home/airflow/.local/lib/python3.11/site-packages/airflow/timetables/_cron.py", line 102, in validate
    raise AirflowTimetableInvalid(str(e))
airflow.exceptions.AirflowTimetableInvalid: Exactly 5 or 6 columns has to be specified for iterator expression.
[2026-09-18T11:49:41.561+0000] {processor.py:842} WARNING - No viable dags retrieved from /opt/airflow/dags/etl.py
[2026-09-18T11:49:41.569+0000] {processor.py:183} INFO - Processing /opt/airflow/dags/etl.py took 0.024 seconds
[2026-09-18T11:50:11.893+0000] {processor.py:161} INFO - Started process (PID=97) to work on /opt/airflow/dags/etl.py
[2026-09-18T11:50:11.893+0000] {processor.py:830} INFO - Processing file /opt/airflow/dags/etl.py for tasks to queue
[2026-09-18T11:50:11.894+0000] {logging_mixin.py:188} INFO - [2026-09-18T11:50:11.894+0000] {dagbag.py:545} INFO - Filling up the DagBag from /opt/airflow/dags/etl.py
[2026-09-18T11:50:11.899+0000] {logging_mixin.py:188} INFO - [2026-09-18T11:50:11.897+0000] {dagbag.py:452} ERROR - Failed to bag_dag: /opt/airflow/dags/etl.py
Traceback (most recent call last):
  File "/home/airflow/.local/lib/python3.11/site-packages/airflow/timetables/_cron.py", line 100, in validate
    croniter(self._expression)
  File "/home/airflow/.local/lib/python3.11/site-packages/croniter/croniter.py", line 187, in __init__
    self.expanded, self.nth_weekday_of_month = self.expand(expr_format, hash_id=hash_id)
                                               ^^^^^^^^^^^^^^^^^^^^^^^^^^^^^^^^^^^^^^^^^
  File "/home/airflow/.local/lib/python3.11/site-packages/croniter/croniter.py", line 821, in expand
    return cls._expand(expr_format, hash_id=hash_id)
           ^^^^^^^^^^^^^^^^^^^^^^^^^^^^^^^^^^^^^^^^^
  File "/home/airflow/.local/lib/python3.11/site-packages/croniter/croniter.py", line 659, in _expand
    raise CroniterBadCronError(cls.bad_length)
croniter.croniter.CroniterBadCronError: Exactly 5 or 6 columns has to be specified for iterator expression.

During handling of the above exception, another exception occurred:

Traceback (most recent call last):
  File "/home/airflow/.local/lib/python3.11/site-packages/airflow/models/dagbag.py", line 447, in _process_modules
    dag.validate()
  File "/home/airflow/.local/lib/python3.11/site-packages/airflow/models/dag.py", line 775, in validate
    self.timetable.validate()
  File "/home/airflow/.local/lib/python3.11/site-packages/airflow/timetables/_cron.py", line 102, in validate
    raise AirflowTimetableInvalid(str(e))
airflow.exceptions.AirflowTimetableInvalid: Exactly 5 or 6 columns has to be specified for iterator expression.
[2026-09-18T11:50:11.899+0000] {processor.py:842} WARNING - No viable dags retrieved from /opt/airflow/dags/etl.py
[2026-09-18T11:50:11.907+0000] {processor.py:183} INFO - Processing /opt/airflow/dags/etl.py took 0.017 seconds
[2026-09-18T11:50:42.250+0000] {processor.py:161} INFO - Started process (PID=98) to work on /opt/airflow/dags/etl.py
[2026-09-18T11:50:42.253+0000] {processor.py:830} INFO - Processing file /opt/airflow/dags/etl.py for tasks to queue
[2026-09-18T11:50:42.254+0000] {logging_mixin.py:188} INFO - [2026-09-18T11:50:42.254+0000] {dagbag.py:545} INFO - Filling up the DagBag from /opt/airflow/dags/etl.py
[2026-09-18T11:50:42.262+0000] {logging_mixin.py:188} INFO - [2026-09-18T11:50:42.260+0000] {dagbag.py:452} ERROR - Failed to bag_dag: /opt/airflow/dags/etl.py
Traceback (most recent call last):
  File "/home/airflow/.local/lib/python3.11/site-packages/airflow/timetables/_cron.py", line 100, in validate
    croniter(self._expression)
  File "/home/airflow/.local/lib/python3.11/site-packages/croniter/croniter.py", line 187, in __init__
    self.expanded, self.nth_weekday_of_month = self.expand(expr_format, hash_id=hash_id)
                                               ^^^^^^^^^^^^^^^^^^^^^^^^^^^^^^^^^^^^^^^^^
  File "/home/airflow/.local/lib/python3.11/site-packages/croniter/croniter.py", line 821, in expand
    return cls._expand(expr_format, hash_id=hash_id)
           ^^^^^^^^^^^^^^^^^^^^^^^^^^^^^^^^^^^^^^^^^
  File "/home/airflow/.local/lib/python3.11/site-packages/croniter/croniter.py", line 659, in _expand
    raise CroniterBadCronError(cls.bad_length)
croniter.croniter.CroniterBadCronError: Exactly 5 or 6 columns has to be specified for iterator expression.

During handling of the above exception, another exception occurred:

Traceback (most recent call last):
  File "/home/airflow/.local/lib/python3.11/site-packages/airflow/models/dagbag.py", line 447, in _process_modules
    dag.validate()
  File "/home/airflow/.local/lib/python3.11/site-packages/airflow/models/dag.py", line 775, in validate
    self.timetable.validate()
  File "/home/airflow/.local/lib/python3.11/site-packages/airflow/timetables/_cron.py", line 102, in validate
    raise AirflowTimetableInvalid(str(e))
airflow.exceptions.AirflowTimetableInvalid: Exactly 5 or 6 columns has to be specified for iterator expression.
[2026-09-18T11:50:42.262+0000] {processor.py:842} WARNING - No viable dags retrieved from /opt/airflow/dags/etl.py
[2026-09-18T11:50:42.270+0000] {processor.py:183} INFO - Processing /opt/airflow/dags/etl.py took 0.030 seconds
[2026-09-18T11:51:12.588+0000] {processor.py:161} INFO - Started process (PID=99) to work on /opt/airflow/dags/etl.py
[2026-09-18T11:51:12.589+0000] {processor.py:830} INFO - Processing file /opt/airflow/dags/etl.py for tasks to queue
[2026-09-18T11:51:12.590+0000] {logging_mixin.py:188} INFO - [2026-09-18T11:51:12.590+0000] {dagbag.py:545} INFO - Filling up the DagBag from /opt/airflow/dags/etl.py
[2026-09-18T11:51:12.597+0000] {logging_mixin.py:188} INFO - [2026-09-18T11:51:12.595+0000] {dagbag.py:452} ERROR - Failed to bag_dag: /opt/airflow/dags/etl.py
Traceback (most recent call last):
  File "/home/airflow/.local/lib/python3.11/site-packages/airflow/timetables/_cron.py", line 100, in validate
    croniter(self._expression)
  File "/home/airflow/.local/lib/python3.11/site-packages/croniter/croniter.py", line 187, in __init__
    self.expanded, self.nth_weekday_of_month = self.expand(expr_format, hash_id=hash_id)
                                               ^^^^^^^^^^^^^^^^^^^^^^^^^^^^^^^^^^^^^^^^^
  File "/home/airflow/.local/lib/python3.11/site-packages/croniter/croniter.py", line 821, in expand
    return cls._expand(expr_format, hash_id=hash_id)
           ^^^^^^^^^^^^^^^^^^^^^^^^^^^^^^^^^^^^^^^^^
  File "/home/airflow/.local/lib/python3.11/site-packages/croniter/croniter.py", line 659, in _expand
    raise CroniterBadCronError(cls.bad_length)
croniter.croniter.CroniterBadCronError: Exactly 5 or 6 columns has to be specified for iterator expression.

During handling of the above exception, another exception occurred:

Traceback (most recent call last):
  File "/home/airflow/.local/lib/python3.11/site-packages/airflow/models/dagbag.py", line 447, in _process_modules
    dag.validate()
  File "/home/airflow/.local/lib/python3.11/site-packages/airflow/models/dag.py", line 775, in validate
    self.timetable.validate()
  File "/home/airflow/.local/lib/python3.11/site-packages/airflow/timetables/_cron.py", line 102, in validate
    raise AirflowTimetableInvalid(str(e))
airflow.exceptions.AirflowTimetableInvalid: Exactly 5 or 6 columns has to be specified for iterator expression.
[2026-09-18T11:51:12.597+0000] {processor.py:842} WARNING - No viable dags retrieved from /opt/airflow/dags/etl.py
[2026-09-18T11:51:12.605+0000] {processor.py:183} INFO - Processing /opt/airflow/dags/etl.py took 0.028 seconds
[2026-09-18T11:51:42.925+0000] {processor.py:161} INFO - Started process (PID=100) to work on /opt/airflow/dags/etl.py
[2026-09-18T11:51:42.933+0000] {processor.py:830} INFO - Processing file /opt/airflow/dags/etl.py for tasks to queue
[2026-09-18T11:51:42.937+0000] {logging_mixin.py:188} INFO - [2026-09-18T11:51:42.936+0000] {dagbag.py:545} INFO - Filling up the DagBag from /opt/airflow/dags/etl.py
[2026-09-18T11:51:42.946+0000] {logging_mixin.py:188} INFO - [2026-09-18T11:51:42.943+0000] {dagbag.py:452} ERROR - Failed to bag_dag: /opt/airflow/dags/etl.py
Traceback (most recent call last):
  File "/home/airflow/.local/lib/python3.11/site-packages/airflow/timetables/_cron.py", line 100, in validate
    croniter(self._expression)
  File "/home/airflow/.local/lib/python3.11/site-packages/croniter/croniter.py", line 187, in __init__
    self.expanded, self.nth_weekday_of_month = self.expand(expr_format, hash_id=hash_id)
                                               ^^^^^^^^^^^^^^^^^^^^^^^^^^^^^^^^^^^^^^^^^
  File "/home/airflow/.local/lib/python3.11/site-packages/croniter/croniter.py", line 821, in expand
    return cls._expand(expr_format, hash_id=hash_id)
           ^^^^^^^^^^^^^^^^^^^^^^^^^^^^^^^^^^^^^^^^^
  File "/home/airflow/.local/lib/python3.11/site-packages/croniter/croniter.py", line 659, in _expand
    raise CroniterBadCronError(cls.bad_length)
croniter.croniter.CroniterBadCronError: Exactly 5 or 6 columns has to be specified for iterator expression.

During handling of the above exception, another exception occurred:

Traceback (most recent call last):
  File "/home/airflow/.local/lib/python3.11/site-packages/airflow/models/dagbag.py", line 447, in _process_modules
    dag.validate()
  File "/home/airflow/.local/lib/python3.11/site-packages/airflow/models/dag.py", line 775, in validate
    self.timetable.validate()
  File "/home/airflow/.local/lib/python3.11/site-packages/airflow/timetables/_cron.py", line 102, in validate
    raise AirflowTimetableInvalid(str(e))
airflow.exceptions.AirflowTimetableInvalid: Exactly 5 or 6 columns has to be specified for iterator expression.
[2026-09-18T11:51:42.946+0000] {processor.py:842} WARNING - No viable dags retrieved from /opt/airflow/dags/etl.py
[2026-09-18T11:51:42.954+0000] {processor.py:183} INFO - Processing /opt/airflow/dags/etl.py took 0.033 seconds
[2026-09-18T11:52:13.292+0000] {processor.py:161} INFO - Started process (PID=101) to work on /opt/airflow/dags/etl.py
[2026-09-18T11:52:13.292+0000] {processor.py:830} INFO - Processing file /opt/airflow/dags/etl.py for tasks to queue
[2026-09-18T11:52:13.293+0000] {logging_mixin.py:188} INFO - [2026-09-18T11:52:13.293+0000] {dagbag.py:545} INFO - Filling up the DagBag from /opt/airflow/dags/etl.py
[2026-09-18T11:52:13.298+0000] {logging_mixin.py:188} INFO - [2026-09-18T11:52:13.296+0000] {dagbag.py:452} ERROR - Failed to bag_dag: /opt/airflow/dags/etl.py
Traceback (most recent call last):
  File "/home/airflow/.local/lib/python3.11/site-packages/airflow/timetables/_cron.py", line 100, in validate
    croniter(self._expression)
  File "/home/airflow/.local/lib/python3.11/site-packages/croniter/croniter.py", line 187, in __init__
    self.expanded, self.nth_weekday_of_month = self.expand(expr_format, hash_id=hash_id)
                                               ^^^^^^^^^^^^^^^^^^^^^^^^^^^^^^^^^^^^^^^^^
  File "/home/airflow/.local/lib/python3.11/site-packages/croniter/croniter.py", line 821, in expand
    return cls._expand(expr_format, hash_id=hash_id)
           ^^^^^^^^^^^^^^^^^^^^^^^^^^^^^^^^^^^^^^^^^
  File "/home/airflow/.local/lib/python3.11/site-packages/croniter/croniter.py", line 659, in _expand
    raise CroniterBadCronError(cls.bad_length)
croniter.croniter.CroniterBadCronError: Exactly 5 or 6 columns has to be specified for iterator expression.

During handling of the above exception, another exception occurred:

Traceback (most recent call last):
  File "/home/airflow/.local/lib/python3.11/site-packages/airflow/models/dagbag.py", line 447, in _process_modules
    dag.validate()
  File "/home/airflow/.local/lib/python3.11/site-packages/airflow/models/dag.py", line 775, in validate
    self.timetable.validate()
  File "/home/airflow/.local/lib/python3.11/site-packages/airflow/timetables/_cron.py", line 102, in validate
    raise AirflowTimetableInvalid(str(e))
airflow.exceptions.AirflowTimetableInvalid: Exactly 5 or 6 columns has to be specified for iterator expression.
[2026-09-18T11:52:13.298+0000] {processor.py:842} WARNING - No viable dags retrieved from /opt/airflow/dags/etl.py
[2026-09-18T11:52:13.306+0000] {processor.py:183} INFO - Processing /opt/airflow/dags/etl.py took 0.017 seconds
[2026-09-18T11:52:43.691+0000] {processor.py:161} INFO - Started process (PID=102) to work on /opt/airflow/dags/etl.py
[2026-09-18T11:52:43.694+0000] {processor.py:830} INFO - Processing file /opt/airflow/dags/etl.py for tasks to queue
[2026-09-18T11:52:43.696+0000] {logging_mixin.py:188} INFO - [2026-09-18T11:52:43.695+0000] {dagbag.py:545} INFO - Filling up the DagBag from /opt/airflow/dags/etl.py
[2026-09-18T11:52:43.702+0000] {logging_mixin.py:188} INFO - [2026-09-18T11:52:43.701+0000] {dagbag.py:452} ERROR - Failed to bag_dag: /opt/airflow/dags/etl.py
Traceback (most recent call last):
  File "/home/airflow/.local/lib/python3.11/site-packages/airflow/timetables/_cron.py", line 100, in validate
    croniter(self._expression)
  File "/home/airflow/.local/lib/python3.11/site-packages/croniter/croniter.py", line 187, in __init__
    self.expanded, self.nth_weekday_of_month = self.expand(expr_format, hash_id=hash_id)
                                               ^^^^^^^^^^^^^^^^^^^^^^^^^^^^^^^^^^^^^^^^^
  File "/home/airflow/.local/lib/python3.11/site-packages/croniter/croniter.py", line 821, in expand
    return cls._expand(expr_format, hash_id=hash_id)
           ^^^^^^^^^^^^^^^^^^^^^^^^^^^^^^^^^^^^^^^^^
  File "/home/airflow/.local/lib/python3.11/site-packages/croniter/croniter.py", line 659, in _expand
    raise CroniterBadCronError(cls.bad_length)
croniter.croniter.CroniterBadCronError: Exactly 5 or 6 columns has to be specified for iterator expression.

During handling of the above exception, another exception occurred:

Traceback (most recent call last):
  File "/home/airflow/.local/lib/python3.11/site-packages/airflow/models/dagbag.py", line 447, in _process_modules
    dag.validate()
  File "/home/airflow/.local/lib/python3.11/site-packages/airflow/models/dag.py", line 775, in validate
    self.timetable.validate()
  File "/home/airflow/.local/lib/python3.11/site-packages/airflow/timetables/_cron.py", line 102, in validate
    raise AirflowTimetableInvalid(str(e))
airflow.exceptions.AirflowTimetableInvalid: Exactly 5 or 6 columns has to be specified for iterator expression.
[2026-09-18T11:52:43.702+0000] {processor.py:842} WARNING - No viable dags retrieved from /opt/airflow/dags/etl.py
[2026-09-18T11:52:43.710+0000] {processor.py:183} INFO - Processing /opt/airflow/dags/etl.py took 0.029 seconds
[2026-09-18T11:53:14.023+0000] {processor.py:161} INFO - Started process (PID=103) to work on /opt/airflow/dags/etl.py
[2026-09-18T11:53:14.024+0000] {processor.py:830} INFO - Processing file /opt/airflow/dags/etl.py for tasks to queue
[2026-09-18T11:53:14.025+0000] {logging_mixin.py:188} INFO - [2026-09-18T11:53:14.025+0000] {dagbag.py:545} INFO - Filling up the DagBag from /opt/airflow/dags/etl.py
[2026-09-18T11:53:14.030+0000] {logging_mixin.py:188} INFO - [2026-09-18T11:53:14.029+0000] {dagbag.py:452} ERROR - Failed to bag_dag: /opt/airflow/dags/etl.py
Traceback (most recent call last):
  File "/home/airflow/.local/lib/python3.11/site-packages/airflow/timetables/_cron.py", line 100, in validate
    croniter(self._expression)
  File "/home/airflow/.local/lib/python3.11/site-packages/croniter/croniter.py", line 187, in __init__
    self.expanded, self.nth_weekday_of_month = self.expand(expr_format, hash_id=hash_id)
                                               ^^^^^^^^^^^^^^^^^^^^^^^^^^^^^^^^^^^^^^^^^
  File "/home/airflow/.local/lib/python3.11/site-packages/croniter/croniter.py", line 821, in expand
    return cls._expand(expr_format, hash_id=hash_id)
           ^^^^^^^^^^^^^^^^^^^^^^^^^^^^^^^^^^^^^^^^^
  File "/home/airflow/.local/lib/python3.11/site-packages/croniter/croniter.py", line 659, in _expand
    raise CroniterBadCronError(cls.bad_length)
croniter.croniter.CroniterBadCronError: Exactly 5 or 6 columns has to be specified for iterator expression.

During handling of the above exception, another exception occurred:

Traceback (most recent call last):
  File "/home/airflow/.local/lib/python3.11/site-packages/airflow/models/dagbag.py", line 447, in _process_modules
    dag.validate()
  File "/home/airflow/.local/lib/python3.11/site-packages/airflow/models/dag.py", line 775, in validate
    self.timetable.validate()
  File "/home/airflow/.local/lib/python3.11/site-packages/airflow/timetables/_cron.py", line 102, in validate
    raise AirflowTimetableInvalid(str(e))
airflow.exceptions.AirflowTimetableInvalid: Exactly 5 or 6 columns has to be specified for iterator expression.
[2026-09-18T11:53:14.030+0000] {processor.py:842} WARNING - No viable dags retrieved from /opt/airflow/dags/etl.py
[2026-09-18T11:53:14.040+0000] {processor.py:183} INFO - Processing /opt/airflow/dags/etl.py took 0.021 seconds
[2026-09-18T11:53:44.387+0000] {processor.py:161} INFO - Started process (PID=104) to work on /opt/airflow/dags/etl.py
[2026-09-18T11:53:44.390+0000] {processor.py:830} INFO - Processing file /opt/airflow/dags/etl.py for tasks to queue
[2026-09-18T11:53:44.392+0000] {logging_mixin.py:188} INFO - [2026-09-18T11:53:44.392+0000] {dagbag.py:545} INFO - Filling up the DagBag from /opt/airflow/dags/etl.py
[2026-09-18T11:53:44.400+0000] {logging_mixin.py:188} INFO - [2026-09-18T11:53:44.398+0000] {dagbag.py:452} ERROR - Failed to bag_dag: /opt/airflow/dags/etl.py
Traceback (most recent call last):
  File "/home/airflow/.local/lib/python3.11/site-packages/airflow/timetables/_cron.py", line 100, in validate
    croniter(self._expression)
  File "/home/airflow/.local/lib/python3.11/site-packages/croniter/croniter.py", line 187, in __init__
    self.expanded, self.nth_weekday_of_month = self.expand(expr_format, hash_id=hash_id)
                                               ^^^^^^^^^^^^^^^^^^^^^^^^^^^^^^^^^^^^^^^^^
  File "/home/airflow/.local/lib/python3.11/site-packages/croniter/croniter.py", line 821, in expand
    return cls._expand(expr_format, hash_id=hash_id)
           ^^^^^^^^^^^^^^^^^^^^^^^^^^^^^^^^^^^^^^^^^
  File "/home/airflow/.local/lib/python3.11/site-packages/croniter/croniter.py", line 659, in _expand
    raise CroniterBadCronError(cls.bad_length)
croniter.croniter.CroniterBadCronError: Exactly 5 or 6 columns has to be specified for iterator expression.

During handling of the above exception, another exception occurred:

Traceback (most recent call last):
  File "/home/airflow/.local/lib/python3.11/site-packages/airflow/models/dagbag.py", line 447, in _process_modules
    dag.validate()
  File "/home/airflow/.local/lib/python3.11/site-packages/airflow/models/dag.py", line 775, in validate
    self.timetable.validate()
  File "/home/airflow/.local/lib/python3.11/site-packages/airflow/timetables/_cron.py", line 102, in validate
    raise AirflowTimetableInvalid(str(e))
airflow.exceptions.AirflowTimetableInvalid: Exactly 5 or 6 columns has to be specified for iterator expression.
[2026-09-18T11:53:44.400+0000] {processor.py:842} WARNING - No viable dags retrieved from /opt/airflow/dags/etl.py
[2026-09-18T11:53:44.409+0000] {processor.py:183} INFO - Processing /opt/airflow/dags/etl.py took 0.031 seconds
[2026-09-18T11:54:14.713+0000] {processor.py:161} INFO - Started process (PID=105) to work on /opt/airflow/dags/etl.py
[2026-09-18T11:54:14.714+0000] {processor.py:830} INFO - Processing file /opt/airflow/dags/etl.py for tasks to queue
[2026-09-18T11:54:14.716+0000] {logging_mixin.py:188} INFO - [2026-09-18T11:54:14.716+0000] {dagbag.py:545} INFO - Filling up the DagBag from /opt/airflow/dags/etl.py
[2026-09-18T11:54:14.722+0000] {logging_mixin.py:188} INFO - [2026-09-18T11:54:14.721+0000] {dagbag.py:452} ERROR - Failed to bag_dag: /opt/airflow/dags/etl.py
Traceback (most recent call last):
  File "/home/airflow/.local/lib/python3.11/site-packages/airflow/timetables/_cron.py", line 100, in validate
    croniter(self._expression)
  File "/home/airflow/.local/lib/python3.11/site-packages/croniter/croniter.py", line 187, in __init__
    self.expanded, self.nth_weekday_of_month = self.expand(expr_format, hash_id=hash_id)
                                               ^^^^^^^^^^^^^^^^^^^^^^^^^^^^^^^^^^^^^^^^^
  File "/home/airflow/.local/lib/python3.11/site-packages/croniter/croniter.py", line 821, in expand
    return cls._expand(expr_format, hash_id=hash_id)
           ^^^^^^^^^^^^^^^^^^^^^^^^^^^^^^^^^^^^^^^^^
  File "/home/airflow/.local/lib/python3.11/site-packages/croniter/croniter.py", line 659, in _expand
    raise CroniterBadCronError(cls.bad_length)
croniter.croniter.CroniterBadCronError: Exactly 5 or 6 columns has to be specified for iterator expression.

During handling of the above exception, another exception occurred:

Traceback (most recent call last):
  File "/home/airflow/.local/lib/python3.11/site-packages/airflow/models/dagbag.py", line 447, in _process_modules
    dag.validate()
  File "/home/airflow/.local/lib/python3.11/site-packages/airflow/models/dag.py", line 775, in validate
    self.timetable.validate()
  File "/home/airflow/.local/lib/python3.11/site-packages/airflow/timetables/_cron.py", line 102, in validate
    raise AirflowTimetableInvalid(str(e))
airflow.exceptions.AirflowTimetableInvalid: Exactly 5 or 6 columns has to be specified for iterator expression.
[2026-09-18T11:54:14.722+0000] {processor.py:842} WARNING - No viable dags retrieved from /opt/airflow/dags/etl.py
[2026-09-18T11:54:14.730+0000] {processor.py:183} INFO - Processing /opt/airflow/dags/etl.py took 0.028 seconds
[2026-09-18T11:54:45.042+0000] {processor.py:161} INFO - Started process (PID=106) to work on /opt/airflow/dags/etl.py
[2026-09-18T11:54:45.050+0000] {processor.py:830} INFO - Processing file /opt/airflow/dags/etl.py for tasks to queue
[2026-09-18T11:54:45.051+0000] {logging_mixin.py:188} INFO - [2026-09-18T11:54:45.051+0000] {dagbag.py:545} INFO - Filling up the DagBag from /opt/airflow/dags/etl.py
[2026-09-18T11:54:45.057+0000] {logging_mixin.py:188} INFO - [2026-09-18T11:54:45.055+0000] {dagbag.py:452} ERROR - Failed to bag_dag: /opt/airflow/dags/etl.py
Traceback (most recent call last):
  File "/home/airflow/.local/lib/python3.11/site-packages/airflow/timetables/_cron.py", line 100, in validate
    croniter(self._expression)
  File "/home/airflow/.local/lib/python3.11/site-packages/croniter/croniter.py", line 187, in __init__
    self.expanded, self.nth_weekday_of_month = self.expand(expr_format, hash_id=hash_id)
                                               ^^^^^^^^^^^^^^^^^^^^^^^^^^^^^^^^^^^^^^^^^
  File "/home/airflow/.local/lib/python3.11/site-packages/croniter/croniter.py", line 821, in expand
    return cls._expand(expr_format, hash_id=hash_id)
           ^^^^^^^^^^^^^^^^^^^^^^^^^^^^^^^^^^^^^^^^^
  File "/home/airflow/.local/lib/python3.11/site-packages/croniter/croniter.py", line 659, in _expand
    raise CroniterBadCronError(cls.bad_length)
croniter.croniter.CroniterBadCronError: Exactly 5 or 6 columns has to be specified for iterator expression.

During handling of the above exception, another exception occurred:

Traceback (most recent call last):
  File "/home/airflow/.local/lib/python3.11/site-packages/airflow/models/dagbag.py", line 447, in _process_modules
    dag.validate()
  File "/home/airflow/.local/lib/python3.11/site-packages/airflow/models/dag.py", line 775, in validate
    self.timetable.validate()
  File "/home/airflow/.local/lib/python3.11/site-packages/airflow/timetables/_cron.py", line 102, in validate
    raise AirflowTimetableInvalid(str(e))
airflow.exceptions.AirflowTimetableInvalid: Exactly 5 or 6 columns has to be specified for iterator expression.
[2026-09-18T11:54:45.057+0000] {processor.py:842} WARNING - No viable dags retrieved from /opt/airflow/dags/etl.py
[2026-09-18T11:54:45.066+0000] {processor.py:183} INFO - Processing /opt/airflow/dags/etl.py took 0.028 seconds
[2026-09-18T11:55:15.387+0000] {processor.py:161} INFO - Started process (PID=107) to work on /opt/airflow/dags/etl.py
[2026-09-18T11:55:15.388+0000] {processor.py:830} INFO - Processing file /opt/airflow/dags/etl.py for tasks to queue
[2026-09-18T11:55:15.391+0000] {logging_mixin.py:188} INFO - [2026-09-18T11:55:15.390+0000] {dagbag.py:545} INFO - Filling up the DagBag from /opt/airflow/dags/etl.py
[2026-09-18T11:55:15.397+0000] {logging_mixin.py:188} INFO - [2026-09-18T11:55:15.395+0000] {dagbag.py:452} ERROR - Failed to bag_dag: /opt/airflow/dags/etl.py
Traceback (most recent call last):
  File "/home/airflow/.local/lib/python3.11/site-packages/airflow/timetables/_cron.py", line 100, in validate
    croniter(self._expression)
  File "/home/airflow/.local/lib/python3.11/site-packages/croniter/croniter.py", line 187, in __init__
    self.expanded, self.nth_weekday_of_month = self.expand(expr_format, hash_id=hash_id)
                                               ^^^^^^^^^^^^^^^^^^^^^^^^^^^^^^^^^^^^^^^^^
  File "/home/airflow/.local/lib/python3.11/site-packages/croniter/croniter.py", line 821, in expand
    return cls._expand(expr_format, hash_id=hash_id)
           ^^^^^^^^^^^^^^^^^^^^^^^^^^^^^^^^^^^^^^^^^
  File "/home/airflow/.local/lib/python3.11/site-packages/croniter/croniter.py", line 659, in _expand
    raise CroniterBadCronError(cls.bad_length)
croniter.croniter.CroniterBadCronError: Exactly 5 or 6 columns has to be specified for iterator expression.

During handling of the above exception, another exception occurred:

Traceback (most recent call last):
  File "/home/airflow/.local/lib/python3.11/site-packages/airflow/models/dagbag.py", line 447, in _process_modules
    dag.validate()
  File "/home/airflow/.local/lib/python3.11/site-packages/airflow/models/dag.py", line 775, in validate
    self.timetable.validate()
  File "/home/airflow/.local/lib/python3.11/site-packages/airflow/timetables/_cron.py", line 102, in validate
    raise AirflowTimetableInvalid(str(e))
airflow.exceptions.AirflowTimetableInvalid: Exactly 5 or 6 columns has to be specified for iterator expression.
[2026-09-18T11:55:15.397+0000] {processor.py:842} WARNING - No viable dags retrieved from /opt/airflow/dags/etl.py
[2026-09-18T11:55:15.406+0000] {processor.py:183} INFO - Processing /opt/airflow/dags/etl.py took 0.028 seconds
[2026-09-18T11:55:45.730+0000] {processor.py:161} INFO - Started process (PID=108) to work on /opt/airflow/dags/etl.py
[2026-09-18T11:55:45.732+0000] {processor.py:830} INFO - Processing file /opt/airflow/dags/etl.py for tasks to queue
[2026-09-18T11:55:45.733+0000] {logging_mixin.py:188} INFO - [2026-09-18T11:55:45.732+0000] {dagbag.py:545} INFO - Filling up the DagBag from /opt/airflow/dags/etl.py
[2026-09-18T11:55:45.740+0000] {logging_mixin.py:188} INFO - [2026-09-18T11:55:45.738+0000] {dagbag.py:452} ERROR - Failed to bag_dag: /opt/airflow/dags/etl.py
Traceback (most recent call last):
  File "/home/airflow/.local/lib/python3.11/site-packages/airflow/timetables/_cron.py", line 100, in validate
    croniter(self._expression)
  File "/home/airflow/.local/lib/python3.11/site-packages/croniter/croniter.py", line 187, in __init__
    self.expanded, self.nth_weekday_of_month = self.expand(expr_format, hash_id=hash_id)
                                               ^^^^^^^^^^^^^^^^^^^^^^^^^^^^^^^^^^^^^^^^^
  File "/home/airflow/.local/lib/python3.11/site-packages/croniter/croniter.py", line 821, in expand
    return cls._expand(expr_format, hash_id=hash_id)
           ^^^^^^^^^^^^^^^^^^^^^^^^^^^^^^^^^^^^^^^^^
  File "/home/airflow/.local/lib/python3.11/site-packages/croniter/croniter.py", line 659, in _expand
    raise CroniterBadCronError(cls.bad_length)
croniter.croniter.CroniterBadCronError: Exactly 5 or 6 columns has to be specified for iterator expression.

During handling of the above exception, another exception occurred:

Traceback (most recent call last):
  File "/home/airflow/.local/lib/python3.11/site-packages/airflow/models/dagbag.py", line 447, in _process_modules
    dag.validate()
  File "/home/airflow/.local/lib/python3.11/site-packages/airflow/models/dag.py", line 775, in validate
    self.timetable.validate()
  File "/home/airflow/.local/lib/python3.11/site-packages/airflow/timetables/_cron.py", line 102, in validate
    raise AirflowTimetableInvalid(str(e))
airflow.exceptions.AirflowTimetableInvalid: Exactly 5 or 6 columns has to be specified for iterator expression.
[2026-09-18T11:55:45.740+0000] {processor.py:842} WARNING - No viable dags retrieved from /opt/airflow/dags/etl.py
[2026-09-18T11:55:45.748+0000] {processor.py:183} INFO - Processing /opt/airflow/dags/etl.py took 0.024 seconds
[2026-09-18T11:56:16.023+0000] {processor.py:161} INFO - Started process (PID=109) to work on /opt/airflow/dags/etl.py
[2026-09-18T11:56:16.024+0000] {processor.py:830} INFO - Processing file /opt/airflow/dags/etl.py for tasks to queue
[2026-09-18T11:56:16.025+0000] {logging_mixin.py:188} INFO - [2026-09-18T11:56:16.025+0000] {dagbag.py:545} INFO - Filling up the DagBag from /opt/airflow/dags/etl.py
[2026-09-18T11:56:16.030+0000] {logging_mixin.py:188} INFO - [2026-09-18T11:56:16.029+0000] {dagbag.py:452} ERROR - Failed to bag_dag: /opt/airflow/dags/etl.py
Traceback (most recent call last):
  File "/home/airflow/.local/lib/python3.11/site-packages/airflow/timetables/_cron.py", line 100, in validate
    croniter(self._expression)
  File "/home/airflow/.local/lib/python3.11/site-packages/croniter/croniter.py", line 187, in __init__
    self.expanded, self.nth_weekday_of_month = self.expand(expr_format, hash_id=hash_id)
                                               ^^^^^^^^^^^^^^^^^^^^^^^^^^^^^^^^^^^^^^^^^
  File "/home/airflow/.local/lib/python3.11/site-packages/croniter/croniter.py", line 821, in expand
    return cls._expand(expr_format, hash_id=hash_id)
           ^^^^^^^^^^^^^^^^^^^^^^^^^^^^^^^^^^^^^^^^^
  File "/home/airflow/.local/lib/python3.11/site-packages/croniter/croniter.py", line 659, in _expand
    raise CroniterBadCronError(cls.bad_length)
croniter.croniter.CroniterBadCronError: Exactly 5 or 6 columns has to be specified for iterator expression.

During handling of the above exception, another exception occurred:

Traceback (most recent call last):
  File "/home/airflow/.local/lib/python3.11/site-packages/airflow/models/dagbag.py", line 447, in _process_modules
    dag.validate()
  File "/home/airflow/.local/lib/python3.11/site-packages/airflow/models/dag.py", line 775, in validate
    self.timetable.validate()
  File "/home/airflow/.local/lib/python3.11/site-packages/airflow/timetables/_cron.py", line 102, in validate
    raise AirflowTimetableInvalid(str(e))
airflow.exceptions.AirflowTimetableInvalid: Exactly 5 or 6 columns has to be specified for iterator expression.
[2026-09-18T11:56:16.031+0000] {processor.py:842} WARNING - No viable dags retrieved from /opt/airflow/dags/etl.py
[2026-09-18T11:56:16.042+0000] {processor.py:183} INFO - Processing /opt/airflow/dags/etl.py took 0.022 seconds
[2026-09-18T11:56:46.389+0000] {processor.py:161} INFO - Started process (PID=110) to work on /opt/airflow/dags/etl.py
[2026-09-18T11:56:46.391+0000] {processor.py:830} INFO - Processing file /opt/airflow/dags/etl.py for tasks to queue
[2026-09-18T11:56:46.392+0000] {logging_mixin.py:188} INFO - [2026-09-18T11:56:46.392+0000] {dagbag.py:545} INFO - Filling up the DagBag from /opt/airflow/dags/etl.py
[2026-09-18T11:56:46.400+0000] {logging_mixin.py:188} INFO - [2026-09-18T11:56:46.397+0000] {dagbag.py:452} ERROR - Failed to bag_dag: /opt/airflow/dags/etl.py
Traceback (most recent call last):
  File "/home/airflow/.local/lib/python3.11/site-packages/airflow/timetables/_cron.py", line 100, in validate
    croniter(self._expression)
  File "/home/airflow/.local/lib/python3.11/site-packages/croniter/croniter.py", line 187, in __init__
    self.expanded, self.nth_weekday_of_month = self.expand(expr_format, hash_id=hash_id)
                                               ^^^^^^^^^^^^^^^^^^^^^^^^^^^^^^^^^^^^^^^^^
  File "/home/airflow/.local/lib/python3.11/site-packages/croniter/croniter.py", line 821, in expand
    return cls._expand(expr_format, hash_id=hash_id)
           ^^^^^^^^^^^^^^^^^^^^^^^^^^^^^^^^^^^^^^^^^
  File "/home/airflow/.local/lib/python3.11/site-packages/croniter/croniter.py", line 659, in _expand
    raise CroniterBadCronError(cls.bad_length)
croniter.croniter.CroniterBadCronError: Exactly 5 or 6 columns has to be specified for iterator expression.

During handling of the above exception, another exception occurred:

Traceback (most recent call last):
  File "/home/airflow/.local/lib/python3.11/site-packages/airflow/models/dagbag.py", line 447, in _process_modules
    dag.validate()
  File "/home/airflow/.local/lib/python3.11/site-packages/airflow/models/dag.py", line 775, in validate
    self.timetable.validate()
  File "/home/airflow/.local/lib/python3.11/site-packages/airflow/timetables/_cron.py", line 102, in validate
    raise AirflowTimetableInvalid(str(e))
airflow.exceptions.AirflowTimetableInvalid: Exactly 5 or 6 columns has to be specified for iterator expression.
[2026-09-18T11:56:46.400+0000] {processor.py:842} WARNING - No viable dags retrieved from /opt/airflow/dags/etl.py
[2026-09-18T11:56:46.408+0000] {processor.py:183} INFO - Processing /opt/airflow/dags/etl.py took 0.024 seconds
[2026-09-18T11:57:16.730+0000] {processor.py:161} INFO - Started process (PID=111) to work on /opt/airflow/dags/etl.py
[2026-09-18T11:57:16.731+0000] {processor.py:830} INFO - Processing file /opt/airflow/dags/etl.py for tasks to queue
[2026-09-18T11:57:16.732+0000] {logging_mixin.py:188} INFO - [2026-09-18T11:57:16.731+0000] {dagbag.py:545} INFO - Filling up the DagBag from /opt/airflow/dags/etl.py
[2026-09-18T11:57:16.737+0000] {logging_mixin.py:188} INFO - [2026-09-18T11:57:16.736+0000] {dagbag.py:452} ERROR - Failed to bag_dag: /opt/airflow/dags/etl.py
Traceback (most recent call last):
  File "/home/airflow/.local/lib/python3.11/site-packages/airflow/timetables/_cron.py", line 100, in validate
    croniter(self._expression)
  File "/home/airflow/.local/lib/python3.11/site-packages/croniter/croniter.py", line 187, in __init__
    self.expanded, self.nth_weekday_of_month = self.expand(expr_format, hash_id=hash_id)
                                               ^^^^^^^^^^^^^^^^^^^^^^^^^^^^^^^^^^^^^^^^^
  File "/home/airflow/.local/lib/python3.11/site-packages/croniter/croniter.py", line 821, in expand
    return cls._expand(expr_format, hash_id=hash_id)
           ^^^^^^^^^^^^^^^^^^^^^^^^^^^^^^^^^^^^^^^^^
  File "/home/airflow/.local/lib/python3.11/site-packages/croniter/croniter.py", line 659, in _expand
    raise CroniterBadCronError(cls.bad_length)
croniter.croniter.CroniterBadCronError: Exactly 5 or 6 columns has to be specified for iterator expression.

During handling of the above exception, another exception occurred:

Traceback (most recent call last):
  File "/home/airflow/.local/lib/python3.11/site-packages/airflow/models/dagbag.py", line 447, in _process_modules
    dag.validate()
  File "/home/airflow/.local/lib/python3.11/site-packages/airflow/models/dag.py", line 775, in validate
    self.timetable.validate()
  File "/home/airflow/.local/lib/python3.11/site-packages/airflow/timetables/_cron.py", line 102, in validate
    raise AirflowTimetableInvalid(str(e))
airflow.exceptions.AirflowTimetableInvalid: Exactly 5 or 6 columns has to be specified for iterator expression.
[2026-09-18T11:57:16.738+0000] {processor.py:842} WARNING - No viable dags retrieved from /opt/airflow/dags/etl.py
[2026-09-18T11:57:16.747+0000] {processor.py:183} INFO - Processing /opt/airflow/dags/etl.py took 0.020 seconds
[2026-09-18T11:57:47.027+0000] {processor.py:161} INFO - Started process (PID=112) to work on /opt/airflow/dags/etl.py
[2026-09-18T11:57:47.028+0000] {processor.py:830} INFO - Processing file /opt/airflow/dags/etl.py for tasks to queue
[2026-09-18T11:57:47.030+0000] {logging_mixin.py:188} INFO - [2026-09-18T11:57:47.029+0000] {dagbag.py:545} INFO - Filling up the DagBag from /opt/airflow/dags/etl.py
[2026-09-18T11:57:47.037+0000] {logging_mixin.py:188} INFO - [2026-09-18T11:57:47.035+0000] {dagbag.py:452} ERROR - Failed to bag_dag: /opt/airflow/dags/etl.py
Traceback (most recent call last):
  File "/home/airflow/.local/lib/python3.11/site-packages/airflow/timetables/_cron.py", line 100, in validate
    croniter(self._expression)
  File "/home/airflow/.local/lib/python3.11/site-packages/croniter/croniter.py", line 187, in __init__
    self.expanded, self.nth_weekday_of_month = self.expand(expr_format, hash_id=hash_id)
                                               ^^^^^^^^^^^^^^^^^^^^^^^^^^^^^^^^^^^^^^^^^
  File "/home/airflow/.local/lib/python3.11/site-packages/croniter/croniter.py", line 821, in expand
    return cls._expand(expr_format, hash_id=hash_id)
           ^^^^^^^^^^^^^^^^^^^^^^^^^^^^^^^^^^^^^^^^^
  File "/home/airflow/.local/lib/python3.11/site-packages/croniter/croniter.py", line 659, in _expand
    raise CroniterBadCronError(cls.bad_length)
croniter.croniter.CroniterBadCronError: Exactly 5 or 6 columns has to be specified for iterator expression.

During handling of the above exception, another exception occurred:

Traceback (most recent call last):
  File "/home/airflow/.local/lib/python3.11/site-packages/airflow/models/dagbag.py", line 447, in _process_modules
    dag.validate()
  File "/home/airflow/.local/lib/python3.11/site-packages/airflow/models/dag.py", line 775, in validate
    self.timetable.validate()
  File "/home/airflow/.local/lib/python3.11/site-packages/airflow/timetables/_cron.py", line 102, in validate
    raise AirflowTimetableInvalid(str(e))
airflow.exceptions.AirflowTimetableInvalid: Exactly 5 or 6 columns has to be specified for iterator expression.
[2026-09-18T11:57:47.037+0000] {processor.py:842} WARNING - No viable dags retrieved from /opt/airflow/dags/etl.py
[2026-09-18T11:57:47.045+0000] {processor.py:183} INFO - Processing /opt/airflow/dags/etl.py took 0.022 seconds
[2026-09-18T11:58:17.305+0000] {processor.py:161} INFO - Started process (PID=113) to work on /opt/airflow/dags/etl.py
[2026-09-18T11:58:17.306+0000] {processor.py:830} INFO - Processing file /opt/airflow/dags/etl.py for tasks to queue
[2026-09-18T11:58:17.308+0000] {logging_mixin.py:188} INFO - [2026-09-18T11:58:17.308+0000] {dagbag.py:545} INFO - Filling up the DagBag from /opt/airflow/dags/etl.py
[2026-09-18T11:58:17.315+0000] {logging_mixin.py:188} INFO - [2026-09-18T11:58:17.313+0000] {dagbag.py:452} ERROR - Failed to bag_dag: /opt/airflow/dags/etl.py
Traceback (most recent call last):
  File "/home/airflow/.local/lib/python3.11/site-packages/airflow/timetables/_cron.py", line 100, in validate
    croniter(self._expression)
  File "/home/airflow/.local/lib/python3.11/site-packages/croniter/croniter.py", line 187, in __init__
    self.expanded, self.nth_weekday_of_month = self.expand(expr_format, hash_id=hash_id)
                                               ^^^^^^^^^^^^^^^^^^^^^^^^^^^^^^^^^^^^^^^^^
  File "/home/airflow/.local/lib/python3.11/site-packages/croniter/croniter.py", line 821, in expand
    return cls._expand(expr_format, hash_id=hash_id)
           ^^^^^^^^^^^^^^^^^^^^^^^^^^^^^^^^^^^^^^^^^
  File "/home/airflow/.local/lib/python3.11/site-packages/croniter/croniter.py", line 659, in _expand
    raise CroniterBadCronError(cls.bad_length)
croniter.croniter.CroniterBadCronError: Exactly 5 or 6 columns has to be specified for iterator expression.

During handling of the above exception, another exception occurred:

Traceback (most recent call last):
  File "/home/airflow/.local/lib/python3.11/site-packages/airflow/models/dagbag.py", line 447, in _process_modules
    dag.validate()
  File "/home/airflow/.local/lib/python3.11/site-packages/airflow/models/dag.py", line 775, in validate
    self.timetable.validate()
  File "/home/airflow/.local/lib/python3.11/site-packages/airflow/timetables/_cron.py", line 102, in validate
    raise AirflowTimetableInvalid(str(e))
airflow.exceptions.AirflowTimetableInvalid: Exactly 5 or 6 columns has to be specified for iterator expression.
[2026-09-18T11:58:17.315+0000] {processor.py:842} WARNING - No viable dags retrieved from /opt/airflow/dags/etl.py
[2026-09-18T11:58:17.323+0000] {processor.py:183} INFO - Processing /opt/airflow/dags/etl.py took 0.027 seconds
[2026-09-18T11:58:47.502+0000] {processor.py:161} INFO - Started process (PID=114) to work on /opt/airflow/dags/etl.py
[2026-09-18T11:58:47.511+0000] {processor.py:830} INFO - Processing file /opt/airflow/dags/etl.py for tasks to queue
[2026-09-18T11:58:47.515+0000] {logging_mixin.py:188} INFO - [2026-09-18T11:58:47.514+0000] {dagbag.py:545} INFO - Filling up the DagBag from /opt/airflow/dags/etl.py
[2026-09-18T11:58:47.524+0000] {logging_mixin.py:188} INFO - [2026-09-18T11:58:47.522+0000] {dagbag.py:452} ERROR - Failed to bag_dag: /opt/airflow/dags/etl.py
Traceback (most recent call last):
  File "/home/airflow/.local/lib/python3.11/site-packages/airflow/timetables/_cron.py", line 100, in validate
    croniter(self._expression)
  File "/home/airflow/.local/lib/python3.11/site-packages/croniter/croniter.py", line 187, in __init__
    self.expanded, self.nth_weekday_of_month = self.expand(expr_format, hash_id=hash_id)
                                               ^^^^^^^^^^^^^^^^^^^^^^^^^^^^^^^^^^^^^^^^^
  File "/home/airflow/.local/lib/python3.11/site-packages/croniter/croniter.py", line 821, in expand
    return cls._expand(expr_format, hash_id=hash_id)
           ^^^^^^^^^^^^^^^^^^^^^^^^^^^^^^^^^^^^^^^^^
  File "/home/airflow/.local/lib/python3.11/site-packages/croniter/croniter.py", line 659, in _expand
    raise CroniterBadCronError(cls.bad_length)
croniter.croniter.CroniterBadCronError: Exactly 5 or 6 columns has to be specified for iterator expression.

During handling of the above exception, another exception occurred:

Traceback (most recent call last):
  File "/home/airflow/.local/lib/python3.11/site-packages/airflow/models/dagbag.py", line 447, in _process_modules
    dag.validate()
  File "/home/airflow/.local/lib/python3.11/site-packages/airflow/models/dag.py", line 775, in validate
    self.timetable.validate()
  File "/home/airflow/.local/lib/python3.11/site-packages/airflow/timetables/_cron.py", line 102, in validate
    raise AirflowTimetableInvalid(str(e))
airflow.exceptions.AirflowTimetableInvalid: Exactly 5 or 6 columns has to be specified for iterator expression.
[2026-09-18T11:58:47.524+0000] {processor.py:842} WARNING - No viable dags retrieved from /opt/airflow/dags/etl.py
[2026-09-18T11:58:47.533+0000] {processor.py:183} INFO - Processing /opt/airflow/dags/etl.py took 0.035 seconds
[2026-09-18T11:59:17.724+0000] {processor.py:161} INFO - Started process (PID=115) to work on /opt/airflow/dags/etl.py
[2026-09-18T11:59:17.725+0000] {processor.py:830} INFO - Processing file /opt/airflow/dags/etl.py for tasks to queue
[2026-09-18T11:59:17.727+0000] {logging_mixin.py:188} INFO - [2026-09-18T11:59:17.727+0000] {dagbag.py:545} INFO - Filling up the DagBag from /opt/airflow/dags/etl.py
[2026-09-18T11:59:17.734+0000] {logging_mixin.py:188} INFO - [2026-09-18T11:59:17.732+0000] {dagbag.py:452} ERROR - Failed to bag_dag: /opt/airflow/dags/etl.py
Traceback (most recent call last):
  File "/home/airflow/.local/lib/python3.11/site-packages/airflow/timetables/_cron.py", line 100, in validate
    croniter(self._expression)
  File "/home/airflow/.local/lib/python3.11/site-packages/croniter/croniter.py", line 187, in __init__
    self.expanded, self.nth_weekday_of_month = self.expand(expr_format, hash_id=hash_id)
                                               ^^^^^^^^^^^^^^^^^^^^^^^^^^^^^^^^^^^^^^^^^
  File "/home/airflow/.local/lib/python3.11/site-packages/croniter/croniter.py", line 821, in expand
    return cls._expand(expr_format, hash_id=hash_id)
           ^^^^^^^^^^^^^^^^^^^^^^^^^^^^^^^^^^^^^^^^^
  File "/home/airflow/.local/lib/python3.11/site-packages/croniter/croniter.py", line 659, in _expand
    raise CroniterBadCronError(cls.bad_length)
croniter.croniter.CroniterBadCronError: Exactly 5 or 6 columns has to be specified for iterator expression.

During handling of the above exception, another exception occurred:

Traceback (most recent call last):
  File "/home/airflow/.local/lib/python3.11/site-packages/airflow/models/dagbag.py", line 447, in _process_modules
    dag.validate()
  File "/home/airflow/.local/lib/python3.11/site-packages/airflow/models/dag.py", line 775, in validate
    self.timetable.validate()
  File "/home/airflow/.local/lib/python3.11/site-packages/airflow/timetables/_cron.py", line 102, in validate
    raise AirflowTimetableInvalid(str(e))
airflow.exceptions.AirflowTimetableInvalid: Exactly 5 or 6 columns has to be specified for iterator expression.
[2026-09-18T11:59:17.734+0000] {processor.py:842} WARNING - No viable dags retrieved from /opt/airflow/dags/etl.py
[2026-09-18T11:59:17.744+0000] {processor.py:183} INFO - Processing /opt/airflow/dags/etl.py took 0.028 seconds
[2026-09-18T11:59:47.925+0000] {processor.py:161} INFO - Started process (PID=116) to work on /opt/airflow/dags/etl.py
[2026-09-18T11:59:47.928+0000] {processor.py:830} INFO - Processing file /opt/airflow/dags/etl.py for tasks to queue
[2026-09-18T11:59:47.929+0000] {logging_mixin.py:188} INFO - [2026-09-18T11:59:47.929+0000] {dagbag.py:545} INFO - Filling up the DagBag from /opt/airflow/dags/etl.py
[2026-09-18T11:59:47.936+0000] {logging_mixin.py:188} INFO - [2026-09-18T11:59:47.935+0000] {dagbag.py:452} ERROR - Failed to bag_dag: /opt/airflow/dags/etl.py
Traceback (most recent call last):
  File "/home/airflow/.local/lib/python3.11/site-packages/airflow/timetables/_cron.py", line 100, in validate
    croniter(self._expression)
  File "/home/airflow/.local/lib/python3.11/site-packages/croniter/croniter.py", line 187, in __init__
    self.expanded, self.nth_weekday_of_month = self.expand(expr_format, hash_id=hash_id)
                                               ^^^^^^^^^^^^^^^^^^^^^^^^^^^^^^^^^^^^^^^^^
  File "/home/airflow/.local/lib/python3.11/site-packages/croniter/croniter.py", line 821, in expand
    return cls._expand(expr_format, hash_id=hash_id)
           ^^^^^^^^^^^^^^^^^^^^^^^^^^^^^^^^^^^^^^^^^
  File "/home/airflow/.local/lib/python3.11/site-packages/croniter/croniter.py", line 659, in _expand
    raise CroniterBadCronError(cls.bad_length)
croniter.croniter.CroniterBadCronError: Exactly 5 or 6 columns has to be specified for iterator expression.

During handling of the above exception, another exception occurred:

Traceback (most recent call last):
  File "/home/airflow/.local/lib/python3.11/site-packages/airflow/models/dagbag.py", line 447, in _process_modules
    dag.validate()
  File "/home/airflow/.local/lib/python3.11/site-packages/airflow/models/dag.py", line 775, in validate
    self.timetable.validate()
  File "/home/airflow/.local/lib/python3.11/site-packages/airflow/timetables/_cron.py", line 102, in validate
    raise AirflowTimetableInvalid(str(e))
airflow.exceptions.AirflowTimetableInvalid: Exactly 5 or 6 columns has to be specified for iterator expression.
[2026-09-18T11:59:47.937+0000] {processor.py:842} WARNING - No viable dags retrieved from /opt/airflow/dags/etl.py
[2026-09-18T11:59:47.944+0000] {processor.py:183} INFO - Processing /opt/airflow/dags/etl.py took 0.030 seconds
[2026-09-18T12:00:18.126+0000] {processor.py:161} INFO - Started process (PID=117) to work on /opt/airflow/dags/etl.py
[2026-09-18T12:00:18.127+0000] {processor.py:830} INFO - Processing file /opt/airflow/dags/etl.py for tasks to queue
[2026-09-18T12:00:18.127+0000] {logging_mixin.py:188} INFO - [2026-09-18T12:00:18.127+0000] {dagbag.py:545} INFO - Filling up the DagBag from /opt/airflow/dags/etl.py
[2026-09-18T12:00:18.132+0000] {logging_mixin.py:188} INFO - [2026-09-18T12:00:18.130+0000] {dagbag.py:452} ERROR - Failed to bag_dag: /opt/airflow/dags/etl.py
Traceback (most recent call last):
  File "/home/airflow/.local/lib/python3.11/site-packages/airflow/timetables/_cron.py", line 100, in validate
    croniter(self._expression)
  File "/home/airflow/.local/lib/python3.11/site-packages/croniter/croniter.py", line 187, in __init__
    self.expanded, self.nth_weekday_of_month = self.expand(expr_format, hash_id=hash_id)
                                               ^^^^^^^^^^^^^^^^^^^^^^^^^^^^^^^^^^^^^^^^^
  File "/home/airflow/.local/lib/python3.11/site-packages/croniter/croniter.py", line 821, in expand
    return cls._expand(expr_format, hash_id=hash_id)
           ^^^^^^^^^^^^^^^^^^^^^^^^^^^^^^^^^^^^^^^^^
  File "/home/airflow/.local/lib/python3.11/site-packages/croniter/croniter.py", line 659, in _expand
    raise CroniterBadCronError(cls.bad_length)
croniter.croniter.CroniterBadCronError: Exactly 5 or 6 columns has to be specified for iterator expression.

During handling of the above exception, another exception occurred:

Traceback (most recent call last):
  File "/home/airflow/.local/lib/python3.11/site-packages/airflow/models/dagbag.py", line 447, in _process_modules
    dag.validate()
  File "/home/airflow/.local/lib/python3.11/site-packages/airflow/models/dag.py", line 775, in validate
    self.timetable.validate()
  File "/home/airflow/.local/lib/python3.11/site-packages/airflow/timetables/_cron.py", line 102, in validate
    raise AirflowTimetableInvalid(str(e))
airflow.exceptions.AirflowTimetableInvalid: Exactly 5 or 6 columns has to be specified for iterator expression.
[2026-09-18T12:00:18.132+0000] {processor.py:842} WARNING - No viable dags retrieved from /opt/airflow/dags/etl.py
[2026-09-18T12:00:18.140+0000] {processor.py:183} INFO - Processing /opt/airflow/dags/etl.py took 0.018 seconds
[2026-09-18T12:00:48.331+0000] {processor.py:161} INFO - Started process (PID=118) to work on /opt/airflow/dags/etl.py
[2026-09-18T12:00:48.334+0000] {processor.py:830} INFO - Processing file /opt/airflow/dags/etl.py for tasks to queue
[2026-09-18T12:00:48.335+0000] {logging_mixin.py:188} INFO - [2026-09-18T12:00:48.334+0000] {dagbag.py:545} INFO - Filling up the DagBag from /opt/airflow/dags/etl.py
[2026-09-18T12:00:48.340+0000] {logging_mixin.py:188} INFO - [2026-09-18T12:00:48.338+0000] {dagbag.py:452} ERROR - Failed to bag_dag: /opt/airflow/dags/etl.py
Traceback (most recent call last):
  File "/home/airflow/.local/lib/python3.11/site-packages/airflow/timetables/_cron.py", line 100, in validate
    croniter(self._expression)
  File "/home/airflow/.local/lib/python3.11/site-packages/croniter/croniter.py", line 187, in __init__
    self.expanded, self.nth_weekday_of_month = self.expand(expr_format, hash_id=hash_id)
                                               ^^^^^^^^^^^^^^^^^^^^^^^^^^^^^^^^^^^^^^^^^
  File "/home/airflow/.local/lib/python3.11/site-packages/croniter/croniter.py", line 821, in expand
    return cls._expand(expr_format, hash_id=hash_id)
           ^^^^^^^^^^^^^^^^^^^^^^^^^^^^^^^^^^^^^^^^^
  File "/home/airflow/.local/lib/python3.11/site-packages/croniter/croniter.py", line 659, in _expand
    raise CroniterBadCronError(cls.bad_length)
croniter.croniter.CroniterBadCronError: Exactly 5 or 6 columns has to be specified for iterator expression.

During handling of the above exception, another exception occurred:

Traceback (most recent call last):
  File "/home/airflow/.local/lib/python3.11/site-packages/airflow/models/dagbag.py", line 447, in _process_modules
    dag.validate()
  File "/home/airflow/.local/lib/python3.11/site-packages/airflow/models/dag.py", line 775, in validate
    self.timetable.validate()
  File "/home/airflow/.local/lib/python3.11/site-packages/airflow/timetables/_cron.py", line 102, in validate
    raise AirflowTimetableInvalid(str(e))
airflow.exceptions.AirflowTimetableInvalid: Exactly 5 or 6 columns has to be specified for iterator expression.
[2026-09-18T12:00:48.340+0000] {processor.py:842} WARNING - No viable dags retrieved from /opt/airflow/dags/etl.py
[2026-09-18T12:00:48.348+0000] {processor.py:183} INFO - Processing /opt/airflow/dags/etl.py took 0.020 seconds
[2026-09-18T12:01:18.552+0000] {processor.py:161} INFO - Started process (PID=119) to work on /opt/airflow/dags/etl.py
[2026-09-18T12:01:18.552+0000] {processor.py:830} INFO - Processing file /opt/airflow/dags/etl.py for tasks to queue
[2026-09-18T12:01:18.553+0000] {logging_mixin.py:188} INFO - [2026-09-18T12:01:18.553+0000] {dagbag.py:545} INFO - Filling up the DagBag from /opt/airflow/dags/etl.py
[2026-09-18T12:01:18.557+0000] {logging_mixin.py:188} INFO - [2026-09-18T12:01:18.556+0000] {dagbag.py:452} ERROR - Failed to bag_dag: /opt/airflow/dags/etl.py
Traceback (most recent call last):
  File "/home/airflow/.local/lib/python3.11/site-packages/airflow/timetables/_cron.py", line 100, in validate
    croniter(self._expression)
  File "/home/airflow/.local/lib/python3.11/site-packages/croniter/croniter.py", line 187, in __init__
    self.expanded, self.nth_weekday_of_month = self.expand(expr_format, hash_id=hash_id)
                                               ^^^^^^^^^^^^^^^^^^^^^^^^^^^^^^^^^^^^^^^^^
  File "/home/airflow/.local/lib/python3.11/site-packages/croniter/croniter.py", line 821, in expand
    return cls._expand(expr_format, hash_id=hash_id)
           ^^^^^^^^^^^^^^^^^^^^^^^^^^^^^^^^^^^^^^^^^
  File "/home/airflow/.local/lib/python3.11/site-packages/croniter/croniter.py", line 659, in _expand
    raise CroniterBadCronError(cls.bad_length)
croniter.croniter.CroniterBadCronError: Exactly 5 or 6 columns has to be specified for iterator expression.

During handling of the above exception, another exception occurred:

Traceback (most recent call last):
  File "/home/airflow/.local/lib/python3.11/site-packages/airflow/models/dagbag.py", line 447, in _process_modules
    dag.validate()
  File "/home/airflow/.local/lib/python3.11/site-packages/airflow/models/dag.py", line 775, in validate
    self.timetable.validate()
  File "/home/airflow/.local/lib/python3.11/site-packages/airflow/timetables/_cron.py", line 102, in validate
    raise AirflowTimetableInvalid(str(e))
airflow.exceptions.AirflowTimetableInvalid: Exactly 5 or 6 columns has to be specified for iterator expression.
[2026-09-18T12:01:18.557+0000] {processor.py:842} WARNING - No viable dags retrieved from /opt/airflow/dags/etl.py
[2026-09-18T12:01:18.565+0000] {processor.py:183} INFO - Processing /opt/airflow/dags/etl.py took 0.018 seconds
[2026-09-18T12:01:48.772+0000] {processor.py:161} INFO - Started process (PID=120) to work on /opt/airflow/dags/etl.py
[2026-09-18T12:01:48.774+0000] {processor.py:830} INFO - Processing file /opt/airflow/dags/etl.py for tasks to queue
[2026-09-18T12:01:48.775+0000] {logging_mixin.py:188} INFO - [2026-09-18T12:01:48.775+0000] {dagbag.py:545} INFO - Filling up the DagBag from /opt/airflow/dags/etl.py
[2026-09-18T12:01:48.782+0000] {logging_mixin.py:188} INFO - [2026-09-18T12:01:48.780+0000] {dagbag.py:452} ERROR - Failed to bag_dag: /opt/airflow/dags/etl.py
Traceback (most recent call last):
  File "/home/airflow/.local/lib/python3.11/site-packages/airflow/timetables/_cron.py", line 100, in validate
    croniter(self._expression)
  File "/home/airflow/.local/lib/python3.11/site-packages/croniter/croniter.py", line 187, in __init__
    self.expanded, self.nth_weekday_of_month = self.expand(expr_format, hash_id=hash_id)
                                               ^^^^^^^^^^^^^^^^^^^^^^^^^^^^^^^^^^^^^^^^^
  File "/home/airflow/.local/lib/python3.11/site-packages/croniter/croniter.py", line 821, in expand
    return cls._expand(expr_format, hash_id=hash_id)
           ^^^^^^^^^^^^^^^^^^^^^^^^^^^^^^^^^^^^^^^^^
  File "/home/airflow/.local/lib/python3.11/site-packages/croniter/croniter.py", line 659, in _expand
    raise CroniterBadCronError(cls.bad_length)
croniter.croniter.CroniterBadCronError: Exactly 5 or 6 columns has to be specified for iterator expression.

During handling of the above exception, another exception occurred:

Traceback (most recent call last):
  File "/home/airflow/.local/lib/python3.11/site-packages/airflow/models/dagbag.py", line 447, in _process_modules
    dag.validate()
  File "/home/airflow/.local/lib/python3.11/site-packages/airflow/models/dag.py", line 775, in validate
    self.timetable.validate()
  File "/home/airflow/.local/lib/python3.11/site-packages/airflow/timetables/_cron.py", line 102, in validate
    raise AirflowTimetableInvalid(str(e))
airflow.exceptions.AirflowTimetableInvalid: Exactly 5 or 6 columns has to be specified for iterator expression.
[2026-09-18T12:01:48.783+0000] {processor.py:842} WARNING - No viable dags retrieved from /opt/airflow/dags/etl.py
[2026-09-18T12:01:48.791+0000] {processor.py:183} INFO - Processing /opt/airflow/dags/etl.py took 0.022 seconds
[2026-09-18T12:02:18.966+0000] {processor.py:161} INFO - Started process (PID=121) to work on /opt/airflow/dags/etl.py
[2026-09-18T12:02:18.968+0000] {processor.py:830} INFO - Processing file /opt/airflow/dags/etl.py for tasks to queue
[2026-09-18T12:02:18.969+0000] {logging_mixin.py:188} INFO - [2026-09-18T12:02:18.969+0000] {dagbag.py:545} INFO - Filling up the DagBag from /opt/airflow/dags/etl.py
[2026-09-18T12:02:18.975+0000] {logging_mixin.py:188} INFO - [2026-09-18T12:02:18.973+0000] {dagbag.py:452} ERROR - Failed to bag_dag: /opt/airflow/dags/etl.py
Traceback (most recent call last):
  File "/home/airflow/.local/lib/python3.11/site-packages/airflow/timetables/_cron.py", line 100, in validate
    croniter(self._expression)
  File "/home/airflow/.local/lib/python3.11/site-packages/croniter/croniter.py", line 187, in __init__
    self.expanded, self.nth_weekday_of_month = self.expand(expr_format, hash_id=hash_id)
                                               ^^^^^^^^^^^^^^^^^^^^^^^^^^^^^^^^^^^^^^^^^
  File "/home/airflow/.local/lib/python3.11/site-packages/croniter/croniter.py", line 821, in expand
    return cls._expand(expr_format, hash_id=hash_id)
           ^^^^^^^^^^^^^^^^^^^^^^^^^^^^^^^^^^^^^^^^^
  File "/home/airflow/.local/lib/python3.11/site-packages/croniter/croniter.py", line 659, in _expand
    raise CroniterBadCronError(cls.bad_length)
croniter.croniter.CroniterBadCronError: Exactly 5 or 6 columns has to be specified for iterator expression.

During handling of the above exception, another exception occurred:

Traceback (most recent call last):
  File "/home/airflow/.local/lib/python3.11/site-packages/airflow/models/dagbag.py", line 447, in _process_modules
    dag.validate()
  File "/home/airflow/.local/lib/python3.11/site-packages/airflow/models/dag.py", line 775, in validate
    self.timetable.validate()
  File "/home/airflow/.local/lib/python3.11/site-packages/airflow/timetables/_cron.py", line 102, in validate
    raise AirflowTimetableInvalid(str(e))
airflow.exceptions.AirflowTimetableInvalid: Exactly 5 or 6 columns has to be specified for iterator expression.
[2026-09-18T12:02:18.975+0000] {processor.py:842} WARNING - No viable dags retrieved from /opt/airflow/dags/etl.py
[2026-09-18T12:02:18.983+0000] {processor.py:183} INFO - Processing /opt/airflow/dags/etl.py took 0.021 seconds
[2026-09-18T12:02:49.195+0000] {processor.py:161} INFO - Started process (PID=122) to work on /opt/airflow/dags/etl.py
[2026-09-18T12:02:49.196+0000] {processor.py:830} INFO - Processing file /opt/airflow/dags/etl.py for tasks to queue
[2026-09-18T12:02:49.197+0000] {logging_mixin.py:188} INFO - [2026-09-18T12:02:49.197+0000] {dagbag.py:545} INFO - Filling up the DagBag from /opt/airflow/dags/etl.py
[2026-09-18T12:02:49.202+0000] {logging_mixin.py:188} INFO - [2026-09-18T12:02:49.200+0000] {dagbag.py:452} ERROR - Failed to bag_dag: /opt/airflow/dags/etl.py
Traceback (most recent call last):
  File "/home/airflow/.local/lib/python3.11/site-packages/airflow/timetables/_cron.py", line 100, in validate
    croniter(self._expression)
  File "/home/airflow/.local/lib/python3.11/site-packages/croniter/croniter.py", line 187, in __init__
    self.expanded, self.nth_weekday_of_month = self.expand(expr_format, hash_id=hash_id)
                                               ^^^^^^^^^^^^^^^^^^^^^^^^^^^^^^^^^^^^^^^^^
  File "/home/airflow/.local/lib/python3.11/site-packages/croniter/croniter.py", line 821, in expand
    return cls._expand(expr_format, hash_id=hash_id)
           ^^^^^^^^^^^^^^^^^^^^^^^^^^^^^^^^^^^^^^^^^
  File "/home/airflow/.local/lib/python3.11/site-packages/croniter/croniter.py", line 659, in _expand
    raise CroniterBadCronError(cls.bad_length)
croniter.croniter.CroniterBadCronError: Exactly 5 or 6 columns has to be specified for iterator expression.

During handling of the above exception, another exception occurred:

Traceback (most recent call last):
  File "/home/airflow/.local/lib/python3.11/site-packages/airflow/models/dagbag.py", line 447, in _process_modules
    dag.validate()
  File "/home/airflow/.local/lib/python3.11/site-packages/airflow/models/dag.py", line 775, in validate
    self.timetable.validate()
  File "/home/airflow/.local/lib/python3.11/site-packages/airflow/timetables/_cron.py", line 102, in validate
    raise AirflowTimetableInvalid(str(e))
airflow.exceptions.AirflowTimetableInvalid: Exactly 5 or 6 columns has to be specified for iterator expression.
[2026-09-18T12:02:49.202+0000] {processor.py:842} WARNING - No viable dags retrieved from /opt/airflow/dags/etl.py
[2026-09-18T12:02:49.209+0000] {processor.py:183} INFO - Processing /opt/airflow/dags/etl.py took 0.017 seconds
[2026-09-18T12:03:19.403+0000] {processor.py:161} INFO - Started process (PID=123) to work on /opt/airflow/dags/etl.py
[2026-09-18T12:03:19.404+0000] {processor.py:830} INFO - Processing file /opt/airflow/dags/etl.py for tasks to queue
[2026-09-18T12:03:19.406+0000] {logging_mixin.py:188} INFO - [2026-09-18T12:03:19.406+0000] {dagbag.py:545} INFO - Filling up the DagBag from /opt/airflow/dags/etl.py
[2026-09-18T12:03:19.413+0000] {logging_mixin.py:188} INFO - [2026-09-18T12:03:19.411+0000] {dagbag.py:452} ERROR - Failed to bag_dag: /opt/airflow/dags/etl.py
Traceback (most recent call last):
  File "/home/airflow/.local/lib/python3.11/site-packages/airflow/timetables/_cron.py", line 100, in validate
    croniter(self._expression)
  File "/home/airflow/.local/lib/python3.11/site-packages/croniter/croniter.py", line 187, in __init__
    self.expanded, self.nth_weekday_of_month = self.expand(expr_format, hash_id=hash_id)
                                               ^^^^^^^^^^^^^^^^^^^^^^^^^^^^^^^^^^^^^^^^^
  File "/home/airflow/.local/lib/python3.11/site-packages/croniter/croniter.py", line 821, in expand
    return cls._expand(expr_format, hash_id=hash_id)
           ^^^^^^^^^^^^^^^^^^^^^^^^^^^^^^^^^^^^^^^^^
  File "/home/airflow/.local/lib/python3.11/site-packages/croniter/croniter.py", line 659, in _expand
    raise CroniterBadCronError(cls.bad_length)
croniter.croniter.CroniterBadCronError: Exactly 5 or 6 columns has to be specified for iterator expression.

During handling of the above exception, another exception occurred:

Traceback (most recent call last):
  File "/home/airflow/.local/lib/python3.11/site-packages/airflow/models/dagbag.py", line 447, in _process_modules
    dag.validate()
  File "/home/airflow/.local/lib/python3.11/site-packages/airflow/models/dag.py", line 775, in validate
    self.timetable.validate()
  File "/home/airflow/.local/lib/python3.11/site-packages/airflow/timetables/_cron.py", line 102, in validate
    raise AirflowTimetableInvalid(str(e))
airflow.exceptions.AirflowTimetableInvalid: Exactly 5 or 6 columns has to be specified for iterator expression.
[2026-09-18T12:03:19.413+0000] {processor.py:842} WARNING - No viable dags retrieved from /opt/airflow/dags/etl.py
[2026-09-18T12:03:19.422+0000] {processor.py:183} INFO - Processing /opt/airflow/dags/etl.py took 0.024 seconds
[2026-09-18T12:03:49.605+0000] {processor.py:161} INFO - Started process (PID=124) to work on /opt/airflow/dags/etl.py
[2026-09-18T12:03:49.606+0000] {processor.py:830} INFO - Processing file /opt/airflow/dags/etl.py for tasks to queue
[2026-09-18T12:03:49.607+0000] {logging_mixin.py:188} INFO - [2026-09-18T12:03:49.607+0000] {dagbag.py:545} INFO - Filling up the DagBag from /opt/airflow/dags/etl.py
[2026-09-18T12:03:49.613+0000] {logging_mixin.py:188} INFO - [2026-09-18T12:03:49.611+0000] {dagbag.py:452} ERROR - Failed to bag_dag: /opt/airflow/dags/etl.py
Traceback (most recent call last):
  File "/home/airflow/.local/lib/python3.11/site-packages/airflow/timetables/_cron.py", line 100, in validate
    croniter(self._expression)
  File "/home/airflow/.local/lib/python3.11/site-packages/croniter/croniter.py", line 187, in __init__
    self.expanded, self.nth_weekday_of_month = self.expand(expr_format, hash_id=hash_id)
                                               ^^^^^^^^^^^^^^^^^^^^^^^^^^^^^^^^^^^^^^^^^
  File "/home/airflow/.local/lib/python3.11/site-packages/croniter/croniter.py", line 821, in expand
    return cls._expand(expr_format, hash_id=hash_id)
           ^^^^^^^^^^^^^^^^^^^^^^^^^^^^^^^^^^^^^^^^^
  File "/home/airflow/.local/lib/python3.11/site-packages/croniter/croniter.py", line 659, in _expand
    raise CroniterBadCronError(cls.bad_length)
croniter.croniter.CroniterBadCronError: Exactly 5 or 6 columns has to be specified for iterator expression.

During handling of the above exception, another exception occurred:

Traceback (most recent call last):
  File "/home/airflow/.local/lib/python3.11/site-packages/airflow/models/dagbag.py", line 447, in _process_modules
    dag.validate()
  File "/home/airflow/.local/lib/python3.11/site-packages/airflow/models/dag.py", line 775, in validate
    self.timetable.validate()
  File "/home/airflow/.local/lib/python3.11/site-packages/airflow/timetables/_cron.py", line 102, in validate
    raise AirflowTimetableInvalid(str(e))
airflow.exceptions.AirflowTimetableInvalid: Exactly 5 or 6 columns has to be specified for iterator expression.
[2026-09-18T12:03:49.613+0000] {processor.py:842} WARNING - No viable dags retrieved from /opt/airflow/dags/etl.py
[2026-09-18T12:03:49.622+0000] {processor.py:183} INFO - Processing /opt/airflow/dags/etl.py took 0.022 seconds
[2026-09-18T12:04:19.804+0000] {processor.py:161} INFO - Started process (PID=125) to work on /opt/airflow/dags/etl.py
[2026-09-18T12:04:19.806+0000] {processor.py:830} INFO - Processing file /opt/airflow/dags/etl.py for tasks to queue
[2026-09-18T12:04:19.807+0000] {logging_mixin.py:188} INFO - [2026-09-18T12:04:19.807+0000] {dagbag.py:545} INFO - Filling up the DagBag from /opt/airflow/dags/etl.py
[2026-09-18T12:04:19.813+0000] {logging_mixin.py:188} INFO - [2026-09-18T12:04:19.811+0000] {dagbag.py:452} ERROR - Failed to bag_dag: /opt/airflow/dags/etl.py
Traceback (most recent call last):
  File "/home/airflow/.local/lib/python3.11/site-packages/airflow/timetables/_cron.py", line 100, in validate
    croniter(self._expression)
  File "/home/airflow/.local/lib/python3.11/site-packages/croniter/croniter.py", line 187, in __init__
    self.expanded, self.nth_weekday_of_month = self.expand(expr_format, hash_id=hash_id)
                                               ^^^^^^^^^^^^^^^^^^^^^^^^^^^^^^^^^^^^^^^^^
  File "/home/airflow/.local/lib/python3.11/site-packages/croniter/croniter.py", line 821, in expand
    return cls._expand(expr_format, hash_id=hash_id)
           ^^^^^^^^^^^^^^^^^^^^^^^^^^^^^^^^^^^^^^^^^
  File "/home/airflow/.local/lib/python3.11/site-packages/croniter/croniter.py", line 659, in _expand
    raise CroniterBadCronError(cls.bad_length)
croniter.croniter.CroniterBadCronError: Exactly 5 or 6 columns has to be specified for iterator expression.

During handling of the above exception, another exception occurred:

Traceback (most recent call last):
  File "/home/airflow/.local/lib/python3.11/site-packages/airflow/models/dagbag.py", line 447, in _process_modules
    dag.validate()
  File "/home/airflow/.local/lib/python3.11/site-packages/airflow/models/dag.py", line 775, in validate
    self.timetable.validate()
  File "/home/airflow/.local/lib/python3.11/site-packages/airflow/timetables/_cron.py", line 102, in validate
    raise AirflowTimetableInvalid(str(e))
airflow.exceptions.AirflowTimetableInvalid: Exactly 5 or 6 columns has to be specified for iterator expression.
[2026-09-18T12:04:19.813+0000] {processor.py:842} WARNING - No viable dags retrieved from /opt/airflow/dags/etl.py
[2026-09-18T12:04:19.822+0000] {processor.py:183} INFO - Processing /opt/airflow/dags/etl.py took 0.022 seconds
[2026-09-18T12:04:50.008+0000] {processor.py:161} INFO - Started process (PID=126) to work on /opt/airflow/dags/etl.py
[2026-09-18T12:04:50.011+0000] {processor.py:830} INFO - Processing file /opt/airflow/dags/etl.py for tasks to queue
[2026-09-18T12:04:50.013+0000] {logging_mixin.py:188} INFO - [2026-09-18T12:04:50.013+0000] {dagbag.py:545} INFO - Filling up the DagBag from /opt/airflow/dags/etl.py
[2026-09-18T12:04:50.020+0000] {logging_mixin.py:188} INFO - [2026-09-18T12:04:50.018+0000] {dagbag.py:452} ERROR - Failed to bag_dag: /opt/airflow/dags/etl.py
Traceback (most recent call last):
  File "/home/airflow/.local/lib/python3.11/site-packages/airflow/timetables/_cron.py", line 100, in validate
    croniter(self._expression)
  File "/home/airflow/.local/lib/python3.11/site-packages/croniter/croniter.py", line 187, in __init__
    self.expanded, self.nth_weekday_of_month = self.expand(expr_format, hash_id=hash_id)
                                               ^^^^^^^^^^^^^^^^^^^^^^^^^^^^^^^^^^^^^^^^^
  File "/home/airflow/.local/lib/python3.11/site-packages/croniter/croniter.py", line 821, in expand
    return cls._expand(expr_format, hash_id=hash_id)
           ^^^^^^^^^^^^^^^^^^^^^^^^^^^^^^^^^^^^^^^^^
  File "/home/airflow/.local/lib/python3.11/site-packages/croniter/croniter.py", line 659, in _expand
    raise CroniterBadCronError(cls.bad_length)
croniter.croniter.CroniterBadCronError: Exactly 5 or 6 columns has to be specified for iterator expression.

During handling of the above exception, another exception occurred:

Traceback (most recent call last):
  File "/home/airflow/.local/lib/python3.11/site-packages/airflow/models/dagbag.py", line 447, in _process_modules
    dag.validate()
  File "/home/airflow/.local/lib/python3.11/site-packages/airflow/models/dag.py", line 775, in validate
    self.timetable.validate()
  File "/home/airflow/.local/lib/python3.11/site-packages/airflow/timetables/_cron.py", line 102, in validate
    raise AirflowTimetableInvalid(str(e))
airflow.exceptions.AirflowTimetableInvalid: Exactly 5 or 6 columns has to be specified for iterator expression.
[2026-09-18T12:04:50.020+0000] {processor.py:842} WARNING - No viable dags retrieved from /opt/airflow/dags/etl.py
[2026-09-18T12:04:50.028+0000] {processor.py:183} INFO - Processing /opt/airflow/dags/etl.py took 0.029 seconds
[2026-09-18T12:05:20.234+0000] {processor.py:161} INFO - Started process (PID=127) to work on /opt/airflow/dags/etl.py
[2026-09-18T12:05:20.234+0000] {processor.py:830} INFO - Processing file /opt/airflow/dags/etl.py for tasks to queue
[2026-09-18T12:05:20.236+0000] {logging_mixin.py:188} INFO - [2026-09-18T12:05:20.236+0000] {dagbag.py:545} INFO - Filling up the DagBag from /opt/airflow/dags/etl.py
[2026-09-18T12:05:20.240+0000] {logging_mixin.py:188} INFO - [2026-09-18T12:05:20.239+0000] {dagbag.py:452} ERROR - Failed to bag_dag: /opt/airflow/dags/etl.py
Traceback (most recent call last):
  File "/home/airflow/.local/lib/python3.11/site-packages/airflow/timetables/_cron.py", line 100, in validate
    croniter(self._expression)
  File "/home/airflow/.local/lib/python3.11/site-packages/croniter/croniter.py", line 187, in __init__
    self.expanded, self.nth_weekday_of_month = self.expand(expr_format, hash_id=hash_id)
                                               ^^^^^^^^^^^^^^^^^^^^^^^^^^^^^^^^^^^^^^^^^
  File "/home/airflow/.local/lib/python3.11/site-packages/croniter/croniter.py", line 821, in expand
    return cls._expand(expr_format, hash_id=hash_id)
           ^^^^^^^^^^^^^^^^^^^^^^^^^^^^^^^^^^^^^^^^^
  File "/home/airflow/.local/lib/python3.11/site-packages/croniter/croniter.py", line 659, in _expand
    raise CroniterBadCronError(cls.bad_length)
croniter.croniter.CroniterBadCronError: Exactly 5 or 6 columns has to be specified for iterator expression.

During handling of the above exception, another exception occurred:

Traceback (most recent call last):
  File "/home/airflow/.local/lib/python3.11/site-packages/airflow/models/dagbag.py", line 447, in _process_modules
    dag.validate()
  File "/home/airflow/.local/lib/python3.11/site-packages/airflow/models/dag.py", line 775, in validate
    self.timetable.validate()
  File "/home/airflow/.local/lib/python3.11/site-packages/airflow/timetables/_cron.py", line 102, in validate
    raise AirflowTimetableInvalid(str(e))
airflow.exceptions.AirflowTimetableInvalid: Exactly 5 or 6 columns has to be specified for iterator expression.
[2026-09-18T12:05:20.240+0000] {processor.py:842} WARNING - No viable dags retrieved from /opt/airflow/dags/etl.py
[2026-09-18T12:05:20.248+0000] {processor.py:183} INFO - Processing /opt/airflow/dags/etl.py took 0.018 seconds
[2026-09-18T12:05:50.455+0000] {processor.py:161} INFO - Started process (PID=128) to work on /opt/airflow/dags/etl.py
[2026-09-18T12:05:50.457+0000] {processor.py:830} INFO - Processing file /opt/airflow/dags/etl.py for tasks to queue
[2026-09-18T12:05:50.458+0000] {logging_mixin.py:188} INFO - [2026-09-18T12:05:50.458+0000] {dagbag.py:545} INFO - Filling up the DagBag from /opt/airflow/dags/etl.py
[2026-09-18T12:05:50.466+0000] {logging_mixin.py:188} INFO - [2026-09-18T12:05:50.464+0000] {dagbag.py:452} ERROR - Failed to bag_dag: /opt/airflow/dags/etl.py
Traceback (most recent call last):
  File "/home/airflow/.local/lib/python3.11/site-packages/airflow/timetables/_cron.py", line 100, in validate
    croniter(self._expression)
  File "/home/airflow/.local/lib/python3.11/site-packages/croniter/croniter.py", line 187, in __init__
    self.expanded, self.nth_weekday_of_month = self.expand(expr_format, hash_id=hash_id)
                                               ^^^^^^^^^^^^^^^^^^^^^^^^^^^^^^^^^^^^^^^^^
  File "/home/airflow/.local/lib/python3.11/site-packages/croniter/croniter.py", line 821, in expand
    return cls._expand(expr_format, hash_id=hash_id)
           ^^^^^^^^^^^^^^^^^^^^^^^^^^^^^^^^^^^^^^^^^
  File "/home/airflow/.local/lib/python3.11/site-packages/croniter/croniter.py", line 659, in _expand
    raise CroniterBadCronError(cls.bad_length)
croniter.croniter.CroniterBadCronError: Exactly 5 or 6 columns has to be specified for iterator expression.

During handling of the above exception, another exception occurred:

Traceback (most recent call last):
  File "/home/airflow/.local/lib/python3.11/site-packages/airflow/models/dagbag.py", line 447, in _process_modules
    dag.validate()
  File "/home/airflow/.local/lib/python3.11/site-packages/airflow/models/dag.py", line 775, in validate
    self.timetable.validate()
  File "/home/airflow/.local/lib/python3.11/site-packages/airflow/timetables/_cron.py", line 102, in validate
    raise AirflowTimetableInvalid(str(e))
airflow.exceptions.AirflowTimetableInvalid: Exactly 5 or 6 columns has to be specified for iterator expression.
[2026-09-18T12:05:50.467+0000] {processor.py:842} WARNING - No viable dags retrieved from /opt/airflow/dags/etl.py
[2026-09-18T12:05:50.475+0000] {processor.py:183} INFO - Processing /opt/airflow/dags/etl.py took 0.025 seconds
[2026-09-18T12:06:20.659+0000] {processor.py:161} INFO - Started process (PID=129) to work on /opt/airflow/dags/etl.py
[2026-09-18T12:06:20.659+0000] {processor.py:830} INFO - Processing file /opt/airflow/dags/etl.py for tasks to queue
[2026-09-18T12:06:20.660+0000] {logging_mixin.py:188} INFO - [2026-09-18T12:06:20.660+0000] {dagbag.py:545} INFO - Filling up the DagBag from /opt/airflow/dags/etl.py
[2026-09-18T12:06:20.665+0000] {logging_mixin.py:188} INFO - [2026-09-18T12:06:20.664+0000] {dagbag.py:452} ERROR - Failed to bag_dag: /opt/airflow/dags/etl.py
Traceback (most recent call last):
  File "/home/airflow/.local/lib/python3.11/site-packages/airflow/timetables/_cron.py", line 100, in validate
    croniter(self._expression)
  File "/home/airflow/.local/lib/python3.11/site-packages/croniter/croniter.py", line 187, in __init__
    self.expanded, self.nth_weekday_of_month = self.expand(expr_format, hash_id=hash_id)
                                               ^^^^^^^^^^^^^^^^^^^^^^^^^^^^^^^^^^^^^^^^^
  File "/home/airflow/.local/lib/python3.11/site-packages/croniter/croniter.py", line 821, in expand
    return cls._expand(expr_format, hash_id=hash_id)
           ^^^^^^^^^^^^^^^^^^^^^^^^^^^^^^^^^^^^^^^^^
  File "/home/airflow/.local/lib/python3.11/site-packages/croniter/croniter.py", line 659, in _expand
    raise CroniterBadCronError(cls.bad_length)
croniter.croniter.CroniterBadCronError: Exactly 5 or 6 columns has to be specified for iterator expression.

During handling of the above exception, another exception occurred:

Traceback (most recent call last):
  File "/home/airflow/.local/lib/python3.11/site-packages/airflow/models/dagbag.py", line 447, in _process_modules
    dag.validate()
  File "/home/airflow/.local/lib/python3.11/site-packages/airflow/models/dag.py", line 775, in validate
    self.timetable.validate()
  File "/home/airflow/.local/lib/python3.11/site-packages/airflow/timetables/_cron.py", line 102, in validate
    raise AirflowTimetableInvalid(str(e))
airflow.exceptions.AirflowTimetableInvalid: Exactly 5 or 6 columns has to be specified for iterator expression.
[2026-09-18T12:06:20.665+0000] {processor.py:842} WARNING - No viable dags retrieved from /opt/airflow/dags/etl.py
[2026-09-18T12:06:20.673+0000] {processor.py:183} INFO - Processing /opt/airflow/dags/etl.py took 0.020 seconds
[2026-09-18T12:06:50.888+0000] {processor.py:161} INFO - Started process (PID=130) to work on /opt/airflow/dags/etl.py
[2026-09-18T12:06:50.890+0000] {processor.py:830} INFO - Processing file /opt/airflow/dags/etl.py for tasks to queue
[2026-09-18T12:06:50.892+0000] {logging_mixin.py:188} INFO - [2026-09-18T12:06:50.892+0000] {dagbag.py:545} INFO - Filling up the DagBag from /opt/airflow/dags/etl.py
[2026-09-18T12:06:50.900+0000] {logging_mixin.py:188} INFO - [2026-09-18T12:06:50.898+0000] {dagbag.py:452} ERROR - Failed to bag_dag: /opt/airflow/dags/etl.py
Traceback (most recent call last):
  File "/home/airflow/.local/lib/python3.11/site-packages/airflow/timetables/_cron.py", line 100, in validate
    croniter(self._expression)
  File "/home/airflow/.local/lib/python3.11/site-packages/croniter/croniter.py", line 187, in __init__
    self.expanded, self.nth_weekday_of_month = self.expand(expr_format, hash_id=hash_id)
                                               ^^^^^^^^^^^^^^^^^^^^^^^^^^^^^^^^^^^^^^^^^
  File "/home/airflow/.local/lib/python3.11/site-packages/croniter/croniter.py", line 821, in expand
    return cls._expand(expr_format, hash_id=hash_id)
           ^^^^^^^^^^^^^^^^^^^^^^^^^^^^^^^^^^^^^^^^^
  File "/home/airflow/.local/lib/python3.11/site-packages/croniter/croniter.py", line 659, in _expand
    raise CroniterBadCronError(cls.bad_length)
croniter.croniter.CroniterBadCronError: Exactly 5 or 6 columns has to be specified for iterator expression.

During handling of the above exception, another exception occurred:

Traceback (most recent call last):
  File "/home/airflow/.local/lib/python3.11/site-packages/airflow/models/dagbag.py", line 447, in _process_modules
    dag.validate()
  File "/home/airflow/.local/lib/python3.11/site-packages/airflow/models/dag.py", line 775, in validate
    self.timetable.validate()
  File "/home/airflow/.local/lib/python3.11/site-packages/airflow/timetables/_cron.py", line 102, in validate
    raise AirflowTimetableInvalid(str(e))
airflow.exceptions.AirflowTimetableInvalid: Exactly 5 or 6 columns has to be specified for iterator expression.
[2026-09-18T12:06:50.900+0000] {processor.py:842} WARNING - No viable dags retrieved from /opt/airflow/dags/etl.py
[2026-09-18T12:06:50.909+0000] {processor.py:183} INFO - Processing /opt/airflow/dags/etl.py took 0.025 seconds
[2026-09-18T12:07:21.124+0000] {processor.py:161} INFO - Started process (PID=131) to work on /opt/airflow/dags/etl.py
[2026-09-18T12:07:21.125+0000] {processor.py:830} INFO - Processing file /opt/airflow/dags/etl.py for tasks to queue
[2026-09-18T12:07:21.127+0000] {logging_mixin.py:188} INFO - [2026-09-18T12:07:21.127+0000] {dagbag.py:545} INFO - Filling up the DagBag from /opt/airflow/dags/etl.py
[2026-09-18T12:07:21.133+0000] {logging_mixin.py:188} INFO - [2026-09-18T12:07:21.132+0000] {dagbag.py:452} ERROR - Failed to bag_dag: /opt/airflow/dags/etl.py
Traceback (most recent call last):
  File "/home/airflow/.local/lib/python3.11/site-packages/airflow/timetables/_cron.py", line 100, in validate
    croniter(self._expression)
  File "/home/airflow/.local/lib/python3.11/site-packages/croniter/croniter.py", line 187, in __init__
    self.expanded, self.nth_weekday_of_month = self.expand(expr_format, hash_id=hash_id)
                                               ^^^^^^^^^^^^^^^^^^^^^^^^^^^^^^^^^^^^^^^^^
  File "/home/airflow/.local/lib/python3.11/site-packages/croniter/croniter.py", line 821, in expand
    return cls._expand(expr_format, hash_id=hash_id)
           ^^^^^^^^^^^^^^^^^^^^^^^^^^^^^^^^^^^^^^^^^
  File "/home/airflow/.local/lib/python3.11/site-packages/croniter/croniter.py", line 659, in _expand
    raise CroniterBadCronError(cls.bad_length)
croniter.croniter.CroniterBadCronError: Exactly 5 or 6 columns has to be specified for iterator expression.

During handling of the above exception, another exception occurred:

Traceback (most recent call last):
  File "/home/airflow/.local/lib/python3.11/site-packages/airflow/models/dagbag.py", line 447, in _process_modules
    dag.validate()
  File "/home/airflow/.local/lib/python3.11/site-packages/airflow/models/dag.py", line 775, in validate
    self.timetable.validate()
  File "/home/airflow/.local/lib/python3.11/site-packages/airflow/timetables/_cron.py", line 102, in validate
    raise AirflowTimetableInvalid(str(e))
airflow.exceptions.AirflowTimetableInvalid: Exactly 5 or 6 columns has to be specified for iterator expression.
[2026-09-18T12:07:21.133+0000] {processor.py:842} WARNING - No viable dags retrieved from /opt/airflow/dags/etl.py
[2026-09-18T12:07:21.141+0000] {processor.py:183} INFO - Processing /opt/airflow/dags/etl.py took 0.026 seconds
[2026-09-18T12:07:51.305+0000] {processor.py:161} INFO - Started process (PID=132) to work on /opt/airflow/dags/etl.py
[2026-09-18T12:07:51.306+0000] {processor.py:830} INFO - Processing file /opt/airflow/dags/etl.py for tasks to queue
[2026-09-18T12:07:51.307+0000] {logging_mixin.py:188} INFO - [2026-09-18T12:07:51.307+0000] {dagbag.py:545} INFO - Filling up the DagBag from /opt/airflow/dags/etl.py
[2026-09-18T12:07:51.312+0000] {logging_mixin.py:188} INFO - [2026-09-18T12:07:51.311+0000] {dagbag.py:452} ERROR - Failed to bag_dag: /opt/airflow/dags/etl.py
Traceback (most recent call last):
  File "/home/airflow/.local/lib/python3.11/site-packages/airflow/timetables/_cron.py", line 100, in validate
    croniter(self._expression)
  File "/home/airflow/.local/lib/python3.11/site-packages/croniter/croniter.py", line 187, in __init__
    self.expanded, self.nth_weekday_of_month = self.expand(expr_format, hash_id=hash_id)
                                               ^^^^^^^^^^^^^^^^^^^^^^^^^^^^^^^^^^^^^^^^^
  File "/home/airflow/.local/lib/python3.11/site-packages/croniter/croniter.py", line 821, in expand
    return cls._expand(expr_format, hash_id=hash_id)
           ^^^^^^^^^^^^^^^^^^^^^^^^^^^^^^^^^^^^^^^^^
  File "/home/airflow/.local/lib/python3.11/site-packages/croniter/croniter.py", line 659, in _expand
    raise CroniterBadCronError(cls.bad_length)
croniter.croniter.CroniterBadCronError: Exactly 5 or 6 columns has to be specified for iterator expression.

During handling of the above exception, another exception occurred:

Traceback (most recent call last):
  File "/home/airflow/.local/lib/python3.11/site-packages/airflow/models/dagbag.py", line 447, in _process_modules
    dag.validate()
  File "/home/airflow/.local/lib/python3.11/site-packages/airflow/models/dag.py", line 775, in validate
    self.timetable.validate()
  File "/home/airflow/.local/lib/python3.11/site-packages/airflow/timetables/_cron.py", line 102, in validate
    raise AirflowTimetableInvalid(str(e))
airflow.exceptions.AirflowTimetableInvalid: Exactly 5 or 6 columns has to be specified for iterator expression.
[2026-09-18T12:07:51.313+0000] {processor.py:842} WARNING - No viable dags retrieved from /opt/airflow/dags/etl.py
[2026-09-18T12:07:51.321+0000] {processor.py:183} INFO - Processing /opt/airflow/dags/etl.py took 0.020 seconds
[2026-09-18T12:08:21.413+0000] {processor.py:161} INFO - Started process (PID=133) to work on /opt/airflow/dags/etl.py
[2026-09-18T12:08:21.414+0000] {processor.py:830} INFO - Processing file /opt/airflow/dags/etl.py for tasks to queue
[2026-09-18T12:08:21.415+0000] {logging_mixin.py:188} INFO - [2026-09-18T12:08:21.415+0000] {dagbag.py:545} INFO - Filling up the DagBag from /opt/airflow/dags/etl.py
[2026-09-18T12:08:21.419+0000] {logging_mixin.py:188} INFO - [2026-09-18T12:08:21.418+0000] {dagbag.py:452} ERROR - Failed to bag_dag: /opt/airflow/dags/etl.py
Traceback (most recent call last):
  File "/home/airflow/.local/lib/python3.11/site-packages/airflow/timetables/_cron.py", line 100, in validate
    croniter(self._expression)
  File "/home/airflow/.local/lib/python3.11/site-packages/croniter/croniter.py", line 187, in __init__
    self.expanded, self.nth_weekday_of_month = self.expand(expr_format, hash_id=hash_id)
                                               ^^^^^^^^^^^^^^^^^^^^^^^^^^^^^^^^^^^^^^^^^
  File "/home/airflow/.local/lib/python3.11/site-packages/croniter/croniter.py", line 821, in expand
    return cls._expand(expr_format, hash_id=hash_id)
           ^^^^^^^^^^^^^^^^^^^^^^^^^^^^^^^^^^^^^^^^^
  File "/home/airflow/.local/lib/python3.11/site-packages/croniter/croniter.py", line 659, in _expand
    raise CroniterBadCronError(cls.bad_length)
croniter.croniter.CroniterBadCronError: Exactly 5 or 6 columns has to be specified for iterator expression.

During handling of the above exception, another exception occurred:

Traceback (most recent call last):
  File "/home/airflow/.local/lib/python3.11/site-packages/airflow/models/dagbag.py", line 447, in _process_modules
    dag.validate()
  File "/home/airflow/.local/lib/python3.11/site-packages/airflow/models/dag.py", line 775, in validate
    self.timetable.validate()
  File "/home/airflow/.local/lib/python3.11/site-packages/airflow/timetables/_cron.py", line 102, in validate
    raise AirflowTimetableInvalid(str(e))
airflow.exceptions.AirflowTimetableInvalid: Exactly 5 or 6 columns has to be specified for iterator expression.
[2026-09-18T12:08:21.419+0000] {processor.py:842} WARNING - No viable dags retrieved from /opt/airflow/dags/etl.py
[2026-09-18T12:08:21.427+0000] {processor.py:183} INFO - Processing /opt/airflow/dags/etl.py took 0.018 seconds
[2026-09-18T12:08:51.605+0000] {processor.py:161} INFO - Started process (PID=134) to work on /opt/airflow/dags/etl.py
[2026-09-18T12:08:51.608+0000] {processor.py:830} INFO - Processing file /opt/airflow/dags/etl.py for tasks to queue
[2026-09-18T12:08:51.609+0000] {logging_mixin.py:188} INFO - [2026-09-18T12:08:51.609+0000] {dagbag.py:545} INFO - Filling up the DagBag from /opt/airflow/dags/etl.py
[2026-09-18T12:08:51.615+0000] {logging_mixin.py:188} INFO - [2026-09-18T12:08:51.613+0000] {dagbag.py:452} ERROR - Failed to bag_dag: /opt/airflow/dags/etl.py
Traceback (most recent call last):
  File "/home/airflow/.local/lib/python3.11/site-packages/airflow/timetables/_cron.py", line 100, in validate
    croniter(self._expression)
  File "/home/airflow/.local/lib/python3.11/site-packages/croniter/croniter.py", line 187, in __init__
    self.expanded, self.nth_weekday_of_month = self.expand(expr_format, hash_id=hash_id)
                                               ^^^^^^^^^^^^^^^^^^^^^^^^^^^^^^^^^^^^^^^^^
  File "/home/airflow/.local/lib/python3.11/site-packages/croniter/croniter.py", line 821, in expand
    return cls._expand(expr_format, hash_id=hash_id)
           ^^^^^^^^^^^^^^^^^^^^^^^^^^^^^^^^^^^^^^^^^
  File "/home/airflow/.local/lib/python3.11/site-packages/croniter/croniter.py", line 659, in _expand
    raise CroniterBadCronError(cls.bad_length)
croniter.croniter.CroniterBadCronError: Exactly 5 or 6 columns has to be specified for iterator expression.

During handling of the above exception, another exception occurred:

Traceback (most recent call last):
  File "/home/airflow/.local/lib/python3.11/site-packages/airflow/models/dagbag.py", line 447, in _process_modules
    dag.validate()
  File "/home/airflow/.local/lib/python3.11/site-packages/airflow/models/dag.py", line 775, in validate
    self.timetable.validate()
  File "/home/airflow/.local/lib/python3.11/site-packages/airflow/timetables/_cron.py", line 102, in validate
    raise AirflowTimetableInvalid(str(e))
airflow.exceptions.AirflowTimetableInvalid: Exactly 5 or 6 columns has to be specified for iterator expression.
[2026-09-18T12:08:51.615+0000] {processor.py:842} WARNING - No viable dags retrieved from /opt/airflow/dags/etl.py
[2026-09-18T12:08:51.625+0000] {processor.py:183} INFO - Processing /opt/airflow/dags/etl.py took 0.026 seconds
[2026-09-18T12:09:21.771+0000] {processor.py:161} INFO - Started process (PID=135) to work on /opt/airflow/dags/etl.py
[2026-09-18T12:09:21.772+0000] {processor.py:830} INFO - Processing file /opt/airflow/dags/etl.py for tasks to queue
[2026-09-18T12:09:21.773+0000] {logging_mixin.py:188} INFO - [2026-09-18T12:09:21.772+0000] {dagbag.py:545} INFO - Filling up the DagBag from /opt/airflow/dags/etl.py
[2026-09-18T12:09:21.778+0000] {logging_mixin.py:188} INFO - [2026-09-18T12:09:21.776+0000] {dagbag.py:452} ERROR - Failed to bag_dag: /opt/airflow/dags/etl.py
Traceback (most recent call last):
  File "/home/airflow/.local/lib/python3.11/site-packages/airflow/timetables/_cron.py", line 100, in validate
    croniter(self._expression)
  File "/home/airflow/.local/lib/python3.11/site-packages/croniter/croniter.py", line 187, in __init__
    self.expanded, self.nth_weekday_of_month = self.expand(expr_format, hash_id=hash_id)
                                               ^^^^^^^^^^^^^^^^^^^^^^^^^^^^^^^^^^^^^^^^^
  File "/home/airflow/.local/lib/python3.11/site-packages/croniter/croniter.py", line 821, in expand
    return cls._expand(expr_format, hash_id=hash_id)
           ^^^^^^^^^^^^^^^^^^^^^^^^^^^^^^^^^^^^^^^^^
  File "/home/airflow/.local/lib/python3.11/site-packages/croniter/croniter.py", line 659, in _expand
    raise CroniterBadCronError(cls.bad_length)
croniter.croniter.CroniterBadCronError: Exactly 5 or 6 columns has to be specified for iterator expression.

During handling of the above exception, another exception occurred:

Traceback (most recent call last):
  File "/home/airflow/.local/lib/python3.11/site-packages/airflow/models/dagbag.py", line 447, in _process_modules
    dag.validate()
  File "/home/airflow/.local/lib/python3.11/site-packages/airflow/models/dag.py", line 775, in validate
    self.timetable.validate()
  File "/home/airflow/.local/lib/python3.11/site-packages/airflow/timetables/_cron.py", line 102, in validate
    raise AirflowTimetableInvalid(str(e))
airflow.exceptions.AirflowTimetableInvalid: Exactly 5 or 6 columns has to be specified for iterator expression.
[2026-09-18T12:09:21.778+0000] {processor.py:842} WARNING - No viable dags retrieved from /opt/airflow/dags/etl.py
[2026-09-18T12:09:21.786+0000] {processor.py:183} INFO - Processing /opt/airflow/dags/etl.py took 0.018 seconds
[2026-09-18T12:09:52.002+0000] {processor.py:161} INFO - Started process (PID=136) to work on /opt/airflow/dags/etl.py
[2026-09-18T12:09:52.005+0000] {processor.py:830} INFO - Processing file /opt/airflow/dags/etl.py for tasks to queue
[2026-09-18T12:09:52.007+0000] {logging_mixin.py:188} INFO - [2026-09-18T12:09:52.006+0000] {dagbag.py:545} INFO - Filling up the DagBag from /opt/airflow/dags/etl.py
[2026-09-18T12:09:52.015+0000] {logging_mixin.py:188} INFO - [2026-09-18T12:09:52.013+0000] {dagbag.py:452} ERROR - Failed to bag_dag: /opt/airflow/dags/etl.py
Traceback (most recent call last):
  File "/home/airflow/.local/lib/python3.11/site-packages/airflow/timetables/_cron.py", line 100, in validate
    croniter(self._expression)
  File "/home/airflow/.local/lib/python3.11/site-packages/croniter/croniter.py", line 187, in __init__
    self.expanded, self.nth_weekday_of_month = self.expand(expr_format, hash_id=hash_id)
                                               ^^^^^^^^^^^^^^^^^^^^^^^^^^^^^^^^^^^^^^^^^
  File "/home/airflow/.local/lib/python3.11/site-packages/croniter/croniter.py", line 821, in expand
    return cls._expand(expr_format, hash_id=hash_id)
           ^^^^^^^^^^^^^^^^^^^^^^^^^^^^^^^^^^^^^^^^^
  File "/home/airflow/.local/lib/python3.11/site-packages/croniter/croniter.py", line 659, in _expand
    raise CroniterBadCronError(cls.bad_length)
croniter.croniter.CroniterBadCronError: Exactly 5 or 6 columns has to be specified for iterator expression.

During handling of the above exception, another exception occurred:

Traceback (most recent call last):
  File "/home/airflow/.local/lib/python3.11/site-packages/airflow/models/dagbag.py", line 447, in _process_modules
    dag.validate()
  File "/home/airflow/.local/lib/python3.11/site-packages/airflow/models/dag.py", line 775, in validate
    self.timetable.validate()
  File "/home/airflow/.local/lib/python3.11/site-packages/airflow/timetables/_cron.py", line 102, in validate
    raise AirflowTimetableInvalid(str(e))
airflow.exceptions.AirflowTimetableInvalid: Exactly 5 or 6 columns has to be specified for iterator expression.
[2026-09-18T12:09:52.015+0000] {processor.py:842} WARNING - No viable dags retrieved from /opt/airflow/dags/etl.py
[2026-09-18T12:09:52.023+0000] {processor.py:183} INFO - Processing /opt/airflow/dags/etl.py took 0.029 seconds
[2026-09-18T12:10:22.225+0000] {processor.py:161} INFO - Started process (PID=137) to work on /opt/airflow/dags/etl.py
[2026-09-18T12:10:22.226+0000] {processor.py:830} INFO - Processing file /opt/airflow/dags/etl.py for tasks to queue
[2026-09-18T12:10:22.229+0000] {logging_mixin.py:188} INFO - [2026-09-18T12:10:22.228+0000] {dagbag.py:545} INFO - Filling up the DagBag from /opt/airflow/dags/etl.py
[2026-09-18T12:10:22.235+0000] {logging_mixin.py:188} INFO - [2026-09-18T12:10:22.233+0000] {dagbag.py:452} ERROR - Failed to bag_dag: /opt/airflow/dags/etl.py
Traceback (most recent call last):
  File "/home/airflow/.local/lib/python3.11/site-packages/airflow/timetables/_cron.py", line 100, in validate
    croniter(self._expression)
  File "/home/airflow/.local/lib/python3.11/site-packages/croniter/croniter.py", line 187, in __init__
    self.expanded, self.nth_weekday_of_month = self.expand(expr_format, hash_id=hash_id)
                                               ^^^^^^^^^^^^^^^^^^^^^^^^^^^^^^^^^^^^^^^^^
  File "/home/airflow/.local/lib/python3.11/site-packages/croniter/croniter.py", line 821, in expand
    return cls._expand(expr_format, hash_id=hash_id)
           ^^^^^^^^^^^^^^^^^^^^^^^^^^^^^^^^^^^^^^^^^
  File "/home/airflow/.local/lib/python3.11/site-packages/croniter/croniter.py", line 659, in _expand
    raise CroniterBadCronError(cls.bad_length)
croniter.croniter.CroniterBadCronError: Exactly 5 or 6 columns has to be specified for iterator expression.

During handling of the above exception, another exception occurred:

Traceback (most recent call last):
  File "/home/airflow/.local/lib/python3.11/site-packages/airflow/models/dagbag.py", line 447, in _process_modules
    dag.validate()
  File "/home/airflow/.local/lib/python3.11/site-packages/airflow/models/dag.py", line 775, in validate
    self.timetable.validate()
  File "/home/airflow/.local/lib/python3.11/site-packages/airflow/timetables/_cron.py", line 102, in validate
    raise AirflowTimetableInvalid(str(e))
airflow.exceptions.AirflowTimetableInvalid: Exactly 5 or 6 columns has to be specified for iterator expression.
[2026-09-18T12:10:22.235+0000] {processor.py:842} WARNING - No viable dags retrieved from /opt/airflow/dags/etl.py
[2026-09-18T12:10:22.243+0000] {processor.py:183} INFO - Processing /opt/airflow/dags/etl.py took 0.027 seconds
[2026-09-18T12:10:52.453+0000] {processor.py:161} INFO - Started process (PID=138) to work on /opt/airflow/dags/etl.py
[2026-09-18T12:10:52.454+0000] {processor.py:830} INFO - Processing file /opt/airflow/dags/etl.py for tasks to queue
[2026-09-18T12:10:52.456+0000] {logging_mixin.py:188} INFO - [2026-09-18T12:10:52.456+0000] {dagbag.py:545} INFO - Filling up the DagBag from /opt/airflow/dags/etl.py
[2026-09-18T12:10:52.463+0000] {logging_mixin.py:188} INFO - [2026-09-18T12:10:52.461+0000] {dagbag.py:452} ERROR - Failed to bag_dag: /opt/airflow/dags/etl.py
Traceback (most recent call last):
  File "/home/airflow/.local/lib/python3.11/site-packages/airflow/timetables/_cron.py", line 100, in validate
    croniter(self._expression)
  File "/home/airflow/.local/lib/python3.11/site-packages/croniter/croniter.py", line 187, in __init__
    self.expanded, self.nth_weekday_of_month = self.expand(expr_format, hash_id=hash_id)
                                               ^^^^^^^^^^^^^^^^^^^^^^^^^^^^^^^^^^^^^^^^^
  File "/home/airflow/.local/lib/python3.11/site-packages/croniter/croniter.py", line 821, in expand
    return cls._expand(expr_format, hash_id=hash_id)
           ^^^^^^^^^^^^^^^^^^^^^^^^^^^^^^^^^^^^^^^^^
  File "/home/airflow/.local/lib/python3.11/site-packages/croniter/croniter.py", line 659, in _expand
    raise CroniterBadCronError(cls.bad_length)
croniter.croniter.CroniterBadCronError: Exactly 5 or 6 columns has to be specified for iterator expression.

During handling of the above exception, another exception occurred:

Traceback (most recent call last):
  File "/home/airflow/.local/lib/python3.11/site-packages/airflow/models/dagbag.py", line 447, in _process_modules
    dag.validate()
  File "/home/airflow/.local/lib/python3.11/site-packages/airflow/models/dag.py", line 775, in validate
    self.timetable.validate()
  File "/home/airflow/.local/lib/python3.11/site-packages/airflow/timetables/_cron.py", line 102, in validate
    raise AirflowTimetableInvalid(str(e))
airflow.exceptions.AirflowTimetableInvalid: Exactly 5 or 6 columns has to be specified for iterator expression.
[2026-09-18T12:10:52.463+0000] {processor.py:842} WARNING - No viable dags retrieved from /opt/airflow/dags/etl.py
[2026-09-18T12:10:52.471+0000] {processor.py:183} INFO - Processing /opt/airflow/dags/etl.py took 0.027 seconds
[2026-09-18T12:11:22.627+0000] {processor.py:161} INFO - Started process (PID=139) to work on /opt/airflow/dags/etl.py
[2026-09-18T12:11:22.629+0000] {processor.py:830} INFO - Processing file /opt/airflow/dags/etl.py for tasks to queue
[2026-09-18T12:11:22.631+0000] {logging_mixin.py:188} INFO - [2026-09-18T12:11:22.630+0000] {dagbag.py:545} INFO - Filling up the DagBag from /opt/airflow/dags/etl.py
[2026-09-18T12:11:22.638+0000] {logging_mixin.py:188} INFO - [2026-09-18T12:11:22.636+0000] {dagbag.py:452} ERROR - Failed to bag_dag: /opt/airflow/dags/etl.py
Traceback (most recent call last):
  File "/home/airflow/.local/lib/python3.11/site-packages/airflow/timetables/_cron.py", line 100, in validate
    croniter(self._expression)
  File "/home/airflow/.local/lib/python3.11/site-packages/croniter/croniter.py", line 187, in __init__
    self.expanded, self.nth_weekday_of_month = self.expand(expr_format, hash_id=hash_id)
                                               ^^^^^^^^^^^^^^^^^^^^^^^^^^^^^^^^^^^^^^^^^
  File "/home/airflow/.local/lib/python3.11/site-packages/croniter/croniter.py", line 821, in expand
    return cls._expand(expr_format, hash_id=hash_id)
           ^^^^^^^^^^^^^^^^^^^^^^^^^^^^^^^^^^^^^^^^^
  File "/home/airflow/.local/lib/python3.11/site-packages/croniter/croniter.py", line 659, in _expand
    raise CroniterBadCronError(cls.bad_length)
croniter.croniter.CroniterBadCronError: Exactly 5 or 6 columns has to be specified for iterator expression.

During handling of the above exception, another exception occurred:

Traceback (most recent call last):
  File "/home/airflow/.local/lib/python3.11/site-packages/airflow/models/dagbag.py", line 447, in _process_modules
    dag.validate()
  File "/home/airflow/.local/lib/python3.11/site-packages/airflow/models/dag.py", line 775, in validate
    self.timetable.validate()
  File "/home/airflow/.local/lib/python3.11/site-packages/airflow/timetables/_cron.py", line 102, in validate
    raise AirflowTimetableInvalid(str(e))
airflow.exceptions.AirflowTimetableInvalid: Exactly 5 or 6 columns has to be specified for iterator expression.
[2026-09-18T12:11:22.638+0000] {processor.py:842} WARNING - No viable dags retrieved from /opt/airflow/dags/etl.py
[2026-09-18T12:11:22.646+0000] {processor.py:183} INFO - Processing /opt/airflow/dags/etl.py took 0.028 seconds
[2026-09-18T12:11:52.813+0000] {processor.py:161} INFO - Started process (PID=140) to work on /opt/airflow/dags/etl.py
[2026-09-18T12:11:52.821+0000] {processor.py:830} INFO - Processing file /opt/airflow/dags/etl.py for tasks to queue
[2026-09-18T12:11:52.824+0000] {logging_mixin.py:188} INFO - [2026-09-18T12:11:52.823+0000] {dagbag.py:545} INFO - Filling up the DagBag from /opt/airflow/dags/etl.py
[2026-09-18T12:11:52.834+0000] {logging_mixin.py:188} INFO - [2026-09-18T12:11:52.831+0000] {dagbag.py:452} ERROR - Failed to bag_dag: /opt/airflow/dags/etl.py
Traceback (most recent call last):
  File "/home/airflow/.local/lib/python3.11/site-packages/airflow/timetables/_cron.py", line 100, in validate
    croniter(self._expression)
  File "/home/airflow/.local/lib/python3.11/site-packages/croniter/croniter.py", line 187, in __init__
    self.expanded, self.nth_weekday_of_month = self.expand(expr_format, hash_id=hash_id)
                                               ^^^^^^^^^^^^^^^^^^^^^^^^^^^^^^^^^^^^^^^^^
  File "/home/airflow/.local/lib/python3.11/site-packages/croniter/croniter.py", line 821, in expand
    return cls._expand(expr_format, hash_id=hash_id)
           ^^^^^^^^^^^^^^^^^^^^^^^^^^^^^^^^^^^^^^^^^
  File "/home/airflow/.local/lib/python3.11/site-packages/croniter/croniter.py", line 659, in _expand
    raise CroniterBadCronError(cls.bad_length)
croniter.croniter.CroniterBadCronError: Exactly 5 or 6 columns has to be specified for iterator expression.

During handling of the above exception, another exception occurred:

Traceback (most recent call last):
  File "/home/airflow/.local/lib/python3.11/site-packages/airflow/models/dagbag.py", line 447, in _process_modules
    dag.validate()
  File "/home/airflow/.local/lib/python3.11/site-packages/airflow/models/dag.py", line 775, in validate
    self.timetable.validate()
  File "/home/airflow/.local/lib/python3.11/site-packages/airflow/timetables/_cron.py", line 102, in validate
    raise AirflowTimetableInvalid(str(e))
airflow.exceptions.AirflowTimetableInvalid: Exactly 5 or 6 columns has to be specified for iterator expression.
[2026-09-18T12:11:52.834+0000] {processor.py:842} WARNING - No viable dags retrieved from /opt/airflow/dags/etl.py
[2026-09-18T12:11:52.843+0000] {processor.py:183} INFO - Processing /opt/airflow/dags/etl.py took 0.039 seconds
[2026-09-18T12:12:22.990+0000] {processor.py:161} INFO - Started process (PID=141) to work on /opt/airflow/dags/etl.py
[2026-09-18T12:12:22.991+0000] {processor.py:830} INFO - Processing file /opt/airflow/dags/etl.py for tasks to queue
[2026-09-18T12:12:22.993+0000] {logging_mixin.py:188} INFO - [2026-09-18T12:12:22.993+0000] {dagbag.py:545} INFO - Filling up the DagBag from /opt/airflow/dags/etl.py
[2026-09-18T12:12:23.000+0000] {logging_mixin.py:188} INFO - [2026-09-18T12:12:22.998+0000] {dagbag.py:452} ERROR - Failed to bag_dag: /opt/airflow/dags/etl.py
Traceback (most recent call last):
  File "/home/airflow/.local/lib/python3.11/site-packages/airflow/timetables/_cron.py", line 100, in validate
    croniter(self._expression)
  File "/home/airflow/.local/lib/python3.11/site-packages/croniter/croniter.py", line 187, in __init__
    self.expanded, self.nth_weekday_of_month = self.expand(expr_format, hash_id=hash_id)
                                               ^^^^^^^^^^^^^^^^^^^^^^^^^^^^^^^^^^^^^^^^^
  File "/home/airflow/.local/lib/python3.11/site-packages/croniter/croniter.py", line 821, in expand
    return cls._expand(expr_format, hash_id=hash_id)
           ^^^^^^^^^^^^^^^^^^^^^^^^^^^^^^^^^^^^^^^^^
  File "/home/airflow/.local/lib/python3.11/site-packages/croniter/croniter.py", line 659, in _expand
    raise CroniterBadCronError(cls.bad_length)
croniter.croniter.CroniterBadCronError: Exactly 5 or 6 columns has to be specified for iterator expression.

During handling of the above exception, another exception occurred:

Traceback (most recent call last):
  File "/home/airflow/.local/lib/python3.11/site-packages/airflow/models/dagbag.py", line 447, in _process_modules
    dag.validate()
  File "/home/airflow/.local/lib/python3.11/site-packages/airflow/models/dag.py", line 775, in validate
    self.timetable.validate()
  File "/home/airflow/.local/lib/python3.11/site-packages/airflow/timetables/_cron.py", line 102, in validate
    raise AirflowTimetableInvalid(str(e))
airflow.exceptions.AirflowTimetableInvalid: Exactly 5 or 6 columns has to be specified for iterator expression.
[2026-09-18T12:12:23.000+0000] {processor.py:842} WARNING - No viable dags retrieved from /opt/airflow/dags/etl.py
[2026-09-18T12:12:23.008+0000] {processor.py:183} INFO - Processing /opt/airflow/dags/etl.py took 0.028 seconds
[2026-09-18T12:12:53.179+0000] {processor.py:161} INFO - Started process (PID=142) to work on /opt/airflow/dags/etl.py
[2026-09-18T12:12:53.187+0000] {processor.py:830} INFO - Processing file /opt/airflow/dags/etl.py for tasks to queue
[2026-09-18T12:12:53.189+0000] {logging_mixin.py:188} INFO - [2026-09-18T12:12:53.189+0000] {dagbag.py:545} INFO - Filling up the DagBag from /opt/airflow/dags/etl.py
[2026-09-18T12:12:53.198+0000] {logging_mixin.py:188} INFO - [2026-09-18T12:12:53.196+0000] {dagbag.py:452} ERROR - Failed to bag_dag: /opt/airflow/dags/etl.py
Traceback (most recent call last):
  File "/home/airflow/.local/lib/python3.11/site-packages/airflow/timetables/_cron.py", line 100, in validate
    croniter(self._expression)
  File "/home/airflow/.local/lib/python3.11/site-packages/croniter/croniter.py", line 187, in __init__
    self.expanded, self.nth_weekday_of_month = self.expand(expr_format, hash_id=hash_id)
                                               ^^^^^^^^^^^^^^^^^^^^^^^^^^^^^^^^^^^^^^^^^
  File "/home/airflow/.local/lib/python3.11/site-packages/croniter/croniter.py", line 821, in expand
    return cls._expand(expr_format, hash_id=hash_id)
           ^^^^^^^^^^^^^^^^^^^^^^^^^^^^^^^^^^^^^^^^^
  File "/home/airflow/.local/lib/python3.11/site-packages/croniter/croniter.py", line 659, in _expand
    raise CroniterBadCronError(cls.bad_length)
croniter.croniter.CroniterBadCronError: Exactly 5 or 6 columns has to be specified for iterator expression.

During handling of the above exception, another exception occurred:

Traceback (most recent call last):
  File "/home/airflow/.local/lib/python3.11/site-packages/airflow/models/dagbag.py", line 447, in _process_modules
    dag.validate()
  File "/home/airflow/.local/lib/python3.11/site-packages/airflow/models/dag.py", line 775, in validate
    self.timetable.validate()
  File "/home/airflow/.local/lib/python3.11/site-packages/airflow/timetables/_cron.py", line 102, in validate
    raise AirflowTimetableInvalid(str(e))
airflow.exceptions.AirflowTimetableInvalid: Exactly 5 or 6 columns has to be specified for iterator expression.
[2026-09-18T12:12:53.198+0000] {processor.py:842} WARNING - No viable dags retrieved from /opt/airflow/dags/etl.py
[2026-09-18T12:12:53.206+0000] {processor.py:183} INFO - Processing /opt/airflow/dags/etl.py took 0.036 seconds
[2026-09-18T12:13:23.345+0000] {processor.py:161} INFO - Started process (PID=143) to work on /opt/airflow/dags/etl.py
[2026-09-18T12:13:23.345+0000] {processor.py:830} INFO - Processing file /opt/airflow/dags/etl.py for tasks to queue
[2026-09-18T12:13:23.346+0000] {logging_mixin.py:188} INFO - [2026-09-18T12:13:23.346+0000] {dagbag.py:545} INFO - Filling up the DagBag from /opt/airflow/dags/etl.py
[2026-09-18T12:13:23.351+0000] {logging_mixin.py:188} INFO - [2026-09-18T12:13:23.349+0000] {dagbag.py:452} ERROR - Failed to bag_dag: /opt/airflow/dags/etl.py
Traceback (most recent call last):
  File "/home/airflow/.local/lib/python3.11/site-packages/airflow/timetables/_cron.py", line 100, in validate
    croniter(self._expression)
  File "/home/airflow/.local/lib/python3.11/site-packages/croniter/croniter.py", line 187, in __init__
    self.expanded, self.nth_weekday_of_month = self.expand(expr_format, hash_id=hash_id)
                                               ^^^^^^^^^^^^^^^^^^^^^^^^^^^^^^^^^^^^^^^^^
  File "/home/airflow/.local/lib/python3.11/site-packages/croniter/croniter.py", line 821, in expand
    return cls._expand(expr_format, hash_id=hash_id)
           ^^^^^^^^^^^^^^^^^^^^^^^^^^^^^^^^^^^^^^^^^
  File "/home/airflow/.local/lib/python3.11/site-packages/croniter/croniter.py", line 659, in _expand
    raise CroniterBadCronError(cls.bad_length)
croniter.croniter.CroniterBadCronError: Exactly 5 or 6 columns has to be specified for iterator expression.

During handling of the above exception, another exception occurred:

Traceback (most recent call last):
  File "/home/airflow/.local/lib/python3.11/site-packages/airflow/models/dagbag.py", line 447, in _process_modules
    dag.validate()
  File "/home/airflow/.local/lib/python3.11/site-packages/airflow/models/dag.py", line 775, in validate
    self.timetable.validate()
  File "/home/airflow/.local/lib/python3.11/site-packages/airflow/timetables/_cron.py", line 102, in validate
    raise AirflowTimetableInvalid(str(e))
airflow.exceptions.AirflowTimetableInvalid: Exactly 5 or 6 columns has to be specified for iterator expression.
[2026-09-18T12:13:23.351+0000] {processor.py:842} WARNING - No viable dags retrieved from /opt/airflow/dags/etl.py
[2026-09-18T12:13:23.358+0000] {processor.py:183} INFO - Processing /opt/airflow/dags/etl.py took 0.017 seconds
[2026-09-18T12:13:53.508+0000] {processor.py:161} INFO - Started process (PID=144) to work on /opt/airflow/dags/etl.py
[2026-09-18T12:13:53.516+0000] {processor.py:830} INFO - Processing file /opt/airflow/dags/etl.py for tasks to queue
[2026-09-18T12:13:53.519+0000] {logging_mixin.py:188} INFO - [2026-09-18T12:13:53.519+0000] {dagbag.py:545} INFO - Filling up the DagBag from /opt/airflow/dags/etl.py
[2026-09-18T12:13:53.527+0000] {logging_mixin.py:188} INFO - [2026-09-18T12:13:53.525+0000] {dagbag.py:452} ERROR - Failed to bag_dag: /opt/airflow/dags/etl.py
Traceback (most recent call last):
  File "/home/airflow/.local/lib/python3.11/site-packages/airflow/timetables/_cron.py", line 100, in validate
    croniter(self._expression)
  File "/home/airflow/.local/lib/python3.11/site-packages/croniter/croniter.py", line 187, in __init__
    self.expanded, self.nth_weekday_of_month = self.expand(expr_format, hash_id=hash_id)
                                               ^^^^^^^^^^^^^^^^^^^^^^^^^^^^^^^^^^^^^^^^^
  File "/home/airflow/.local/lib/python3.11/site-packages/croniter/croniter.py", line 821, in expand
    return cls._expand(expr_format, hash_id=hash_id)
           ^^^^^^^^^^^^^^^^^^^^^^^^^^^^^^^^^^^^^^^^^
  File "/home/airflow/.local/lib/python3.11/site-packages/croniter/croniter.py", line 659, in _expand
    raise CroniterBadCronError(cls.bad_length)
croniter.croniter.CroniterBadCronError: Exactly 5 or 6 columns has to be specified for iterator expression.

During handling of the above exception, another exception occurred:

Traceback (most recent call last):
  File "/home/airflow/.local/lib/python3.11/site-packages/airflow/models/dagbag.py", line 447, in _process_modules
    dag.validate()
  File "/home/airflow/.local/lib/python3.11/site-packages/airflow/models/dag.py", line 775, in validate
    self.timetable.validate()
  File "/home/airflow/.local/lib/python3.11/site-packages/airflow/timetables/_cron.py", line 102, in validate
    raise AirflowTimetableInvalid(str(e))
airflow.exceptions.AirflowTimetableInvalid: Exactly 5 or 6 columns has to be specified for iterator expression.
[2026-09-18T12:13:53.527+0000] {processor.py:842} WARNING - No viable dags retrieved from /opt/airflow/dags/etl.py
[2026-09-18T12:13:53.535+0000] {processor.py:183} INFO - Processing /opt/airflow/dags/etl.py took 0.033 seconds
[2026-09-18T12:14:23.672+0000] {processor.py:161} INFO - Started process (PID=145) to work on /opt/airflow/dags/etl.py
[2026-09-18T12:14:23.672+0000] {processor.py:830} INFO - Processing file /opt/airflow/dags/etl.py for tasks to queue
[2026-09-18T12:14:23.674+0000] {logging_mixin.py:188} INFO - [2026-09-18T12:14:23.673+0000] {dagbag.py:545} INFO - Filling up the DagBag from /opt/airflow/dags/etl.py
[2026-09-18T12:14:23.680+0000] {logging_mixin.py:188} INFO - [2026-09-18T12:14:23.678+0000] {dagbag.py:452} ERROR - Failed to bag_dag: /opt/airflow/dags/etl.py
Traceback (most recent call last):
  File "/home/airflow/.local/lib/python3.11/site-packages/airflow/timetables/_cron.py", line 100, in validate
    croniter(self._expression)
  File "/home/airflow/.local/lib/python3.11/site-packages/croniter/croniter.py", line 187, in __init__
    self.expanded, self.nth_weekday_of_month = self.expand(expr_format, hash_id=hash_id)
                                               ^^^^^^^^^^^^^^^^^^^^^^^^^^^^^^^^^^^^^^^^^
  File "/home/airflow/.local/lib/python3.11/site-packages/croniter/croniter.py", line 821, in expand
    return cls._expand(expr_format, hash_id=hash_id)
           ^^^^^^^^^^^^^^^^^^^^^^^^^^^^^^^^^^^^^^^^^
  File "/home/airflow/.local/lib/python3.11/site-packages/croniter/croniter.py", line 659, in _expand
    raise CroniterBadCronError(cls.bad_length)
croniter.croniter.CroniterBadCronError: Exactly 5 or 6 columns has to be specified for iterator expression.

During handling of the above exception, another exception occurred:

Traceback (most recent call last):
  File "/home/airflow/.local/lib/python3.11/site-packages/airflow/models/dagbag.py", line 447, in _process_modules
    dag.validate()
  File "/home/airflow/.local/lib/python3.11/site-packages/airflow/models/dag.py", line 775, in validate
    self.timetable.validate()
  File "/home/airflow/.local/lib/python3.11/site-packages/airflow/timetables/_cron.py", line 102, in validate
    raise AirflowTimetableInvalid(str(e))
airflow.exceptions.AirflowTimetableInvalid: Exactly 5 or 6 columns has to be specified for iterator expression.
[2026-09-18T12:14:23.680+0000] {processor.py:842} WARNING - No viable dags retrieved from /opt/airflow/dags/etl.py
[2026-09-18T12:14:23.689+0000] {processor.py:183} INFO - Processing /opt/airflow/dags/etl.py took 0.020 seconds
[2026-09-18T12:14:53.853+0000] {processor.py:161} INFO - Started process (PID=146) to work on /opt/airflow/dags/etl.py
[2026-09-18T12:14:53.856+0000] {processor.py:830} INFO - Processing file /opt/airflow/dags/etl.py for tasks to queue
[2026-09-18T12:14:53.859+0000] {logging_mixin.py:188} INFO - [2026-09-18T12:14:53.858+0000] {dagbag.py:545} INFO - Filling up the DagBag from /opt/airflow/dags/etl.py
[2026-09-18T12:14:53.866+0000] {logging_mixin.py:188} INFO - [2026-09-18T12:14:53.864+0000] {dagbag.py:452} ERROR - Failed to bag_dag: /opt/airflow/dags/etl.py
Traceback (most recent call last):
  File "/home/airflow/.local/lib/python3.11/site-packages/airflow/timetables/_cron.py", line 100, in validate
    croniter(self._expression)
  File "/home/airflow/.local/lib/python3.11/site-packages/croniter/croniter.py", line 187, in __init__
    self.expanded, self.nth_weekday_of_month = self.expand(expr_format, hash_id=hash_id)
                                               ^^^^^^^^^^^^^^^^^^^^^^^^^^^^^^^^^^^^^^^^^
  File "/home/airflow/.local/lib/python3.11/site-packages/croniter/croniter.py", line 821, in expand
    return cls._expand(expr_format, hash_id=hash_id)
           ^^^^^^^^^^^^^^^^^^^^^^^^^^^^^^^^^^^^^^^^^
  File "/home/airflow/.local/lib/python3.11/site-packages/croniter/croniter.py", line 659, in _expand
    raise CroniterBadCronError(cls.bad_length)
croniter.croniter.CroniterBadCronError: Exactly 5 or 6 columns has to be specified for iterator expression.

During handling of the above exception, another exception occurred:

Traceback (most recent call last):
  File "/home/airflow/.local/lib/python3.11/site-packages/airflow/models/dagbag.py", line 447, in _process_modules
    dag.validate()
  File "/home/airflow/.local/lib/python3.11/site-packages/airflow/models/dag.py", line 775, in validate
    self.timetable.validate()
  File "/home/airflow/.local/lib/python3.11/site-packages/airflow/timetables/_cron.py", line 102, in validate
    raise AirflowTimetableInvalid(str(e))
airflow.exceptions.AirflowTimetableInvalid: Exactly 5 or 6 columns has to be specified for iterator expression.
[2026-09-18T12:14:53.866+0000] {processor.py:842} WARNING - No viable dags retrieved from /opt/airflow/dags/etl.py
[2026-09-18T12:14:53.875+0000] {processor.py:183} INFO - Processing /opt/airflow/dags/etl.py took 0.031 seconds
[2026-09-18T12:15:24.027+0000] {processor.py:161} INFO - Started process (PID=147) to work on /opt/airflow/dags/etl.py
[2026-09-18T12:15:24.028+0000] {processor.py:830} INFO - Processing file /opt/airflow/dags/etl.py for tasks to queue
[2026-09-18T12:15:24.029+0000] {logging_mixin.py:188} INFO - [2026-09-18T12:15:24.029+0000] {dagbag.py:545} INFO - Filling up the DagBag from /opt/airflow/dags/etl.py
[2026-09-18T12:15:24.033+0000] {logging_mixin.py:188} INFO - [2026-09-18T12:15:24.032+0000] {dagbag.py:452} ERROR - Failed to bag_dag: /opt/airflow/dags/etl.py
Traceback (most recent call last):
  File "/home/airflow/.local/lib/python3.11/site-packages/airflow/timetables/_cron.py", line 100, in validate
    croniter(self._expression)
  File "/home/airflow/.local/lib/python3.11/site-packages/croniter/croniter.py", line 187, in __init__
    self.expanded, self.nth_weekday_of_month = self.expand(expr_format, hash_id=hash_id)
                                               ^^^^^^^^^^^^^^^^^^^^^^^^^^^^^^^^^^^^^^^^^
  File "/home/airflow/.local/lib/python3.11/site-packages/croniter/croniter.py", line 821, in expand
    return cls._expand(expr_format, hash_id=hash_id)
           ^^^^^^^^^^^^^^^^^^^^^^^^^^^^^^^^^^^^^^^^^
  File "/home/airflow/.local/lib/python3.11/site-packages/croniter/croniter.py", line 659, in _expand
    raise CroniterBadCronError(cls.bad_length)
croniter.croniter.CroniterBadCronError: Exactly 5 or 6 columns has to be specified for iterator expression.

During handling of the above exception, another exception occurred:

Traceback (most recent call last):
  File "/home/airflow/.local/lib/python3.11/site-packages/airflow/models/dagbag.py", line 447, in _process_modules
    dag.validate()
  File "/home/airflow/.local/lib/python3.11/site-packages/airflow/models/dag.py", line 775, in validate
    self.timetable.validate()
  File "/home/airflow/.local/lib/python3.11/site-packages/airflow/timetables/_cron.py", line 102, in validate
    raise AirflowTimetableInvalid(str(e))
airflow.exceptions.AirflowTimetableInvalid: Exactly 5 or 6 columns has to be specified for iterator expression.
[2026-09-18T12:15:24.034+0000] {processor.py:842} WARNING - No viable dags retrieved from /opt/airflow/dags/etl.py
[2026-09-18T12:15:24.042+0000] {processor.py:183} INFO - Processing /opt/airflow/dags/etl.py took 0.018 seconds
[2026-09-18T12:15:54.224+0000] {processor.py:161} INFO - Started process (PID=148) to work on /opt/airflow/dags/etl.py
[2026-09-18T12:15:54.227+0000] {processor.py:830} INFO - Processing file /opt/airflow/dags/etl.py for tasks to queue
[2026-09-18T12:15:54.229+0000] {logging_mixin.py:188} INFO - [2026-09-18T12:15:54.229+0000] {dagbag.py:545} INFO - Filling up the DagBag from /opt/airflow/dags/etl.py
[2026-09-18T12:15:54.237+0000] {logging_mixin.py:188} INFO - [2026-09-18T12:15:54.235+0000] {dagbag.py:452} ERROR - Failed to bag_dag: /opt/airflow/dags/etl.py
Traceback (most recent call last):
  File "/home/airflow/.local/lib/python3.11/site-packages/airflow/timetables/_cron.py", line 100, in validate
    croniter(self._expression)
  File "/home/airflow/.local/lib/python3.11/site-packages/croniter/croniter.py", line 187, in __init__
    self.expanded, self.nth_weekday_of_month = self.expand(expr_format, hash_id=hash_id)
                                               ^^^^^^^^^^^^^^^^^^^^^^^^^^^^^^^^^^^^^^^^^
  File "/home/airflow/.local/lib/python3.11/site-packages/croniter/croniter.py", line 821, in expand
    return cls._expand(expr_format, hash_id=hash_id)
           ^^^^^^^^^^^^^^^^^^^^^^^^^^^^^^^^^^^^^^^^^
  File "/home/airflow/.local/lib/python3.11/site-packages/croniter/croniter.py", line 659, in _expand
    raise CroniterBadCronError(cls.bad_length)
croniter.croniter.CroniterBadCronError: Exactly 5 or 6 columns has to be specified for iterator expression.

During handling of the above exception, another exception occurred:

Traceback (most recent call last):
  File "/home/airflow/.local/lib/python3.11/site-packages/airflow/models/dagbag.py", line 447, in _process_modules
    dag.validate()
  File "/home/airflow/.local/lib/python3.11/site-packages/airflow/models/dag.py", line 775, in validate
    self.timetable.validate()
  File "/home/airflow/.local/lib/python3.11/site-packages/airflow/timetables/_cron.py", line 102, in validate
    raise AirflowTimetableInvalid(str(e))
airflow.exceptions.AirflowTimetableInvalid: Exactly 5 or 6 columns has to be specified for iterator expression.
[2026-09-18T12:15:54.237+0000] {processor.py:842} WARNING - No viable dags retrieved from /opt/airflow/dags/etl.py
[2026-09-18T12:15:54.245+0000] {processor.py:183} INFO - Processing /opt/airflow/dags/etl.py took 0.030 seconds
[2026-09-18T12:16:24.396+0000] {processor.py:161} INFO - Started process (PID=149) to work on /opt/airflow/dags/etl.py
[2026-09-18T12:16:24.396+0000] {processor.py:830} INFO - Processing file /opt/airflow/dags/etl.py for tasks to queue
[2026-09-18T12:16:24.397+0000] {logging_mixin.py:188} INFO - [2026-09-18T12:16:24.397+0000] {dagbag.py:545} INFO - Filling up the DagBag from /opt/airflow/dags/etl.py
[2026-09-18T12:16:24.402+0000] {logging_mixin.py:188} INFO - [2026-09-18T12:16:24.401+0000] {dagbag.py:452} ERROR - Failed to bag_dag: /opt/airflow/dags/etl.py
Traceback (most recent call last):
  File "/home/airflow/.local/lib/python3.11/site-packages/airflow/timetables/_cron.py", line 100, in validate
    croniter(self._expression)
  File "/home/airflow/.local/lib/python3.11/site-packages/croniter/croniter.py", line 187, in __init__
    self.expanded, self.nth_weekday_of_month = self.expand(expr_format, hash_id=hash_id)
                                               ^^^^^^^^^^^^^^^^^^^^^^^^^^^^^^^^^^^^^^^^^
  File "/home/airflow/.local/lib/python3.11/site-packages/croniter/croniter.py", line 821, in expand
    return cls._expand(expr_format, hash_id=hash_id)
           ^^^^^^^^^^^^^^^^^^^^^^^^^^^^^^^^^^^^^^^^^
  File "/home/airflow/.local/lib/python3.11/site-packages/croniter/croniter.py", line 659, in _expand
    raise CroniterBadCronError(cls.bad_length)
croniter.croniter.CroniterBadCronError: Exactly 5 or 6 columns has to be specified for iterator expression.

During handling of the above exception, another exception occurred:

Traceback (most recent call last):
  File "/home/airflow/.local/lib/python3.11/site-packages/airflow/models/dagbag.py", line 447, in _process_modules
    dag.validate()
  File "/home/airflow/.local/lib/python3.11/site-packages/airflow/models/dag.py", line 775, in validate
    self.timetable.validate()
  File "/home/airflow/.local/lib/python3.11/site-packages/airflow/timetables/_cron.py", line 102, in validate
    raise AirflowTimetableInvalid(str(e))
airflow.exceptions.AirflowTimetableInvalid: Exactly 5 or 6 columns has to be specified for iterator expression.
[2026-09-18T12:16:24.402+0000] {processor.py:842} WARNING - No viable dags retrieved from /opt/airflow/dags/etl.py
[2026-09-18T12:16:24.411+0000] {processor.py:183} INFO - Processing /opt/airflow/dags/etl.py took 0.019 seconds
[2026-09-18T12:16:54.562+0000] {processor.py:161} INFO - Started process (PID=150) to work on /opt/airflow/dags/etl.py
[2026-09-18T12:16:54.564+0000] {processor.py:830} INFO - Processing file /opt/airflow/dags/etl.py for tasks to queue
[2026-09-18T12:16:54.565+0000] {logging_mixin.py:188} INFO - [2026-09-18T12:16:54.565+0000] {dagbag.py:545} INFO - Filling up the DagBag from /opt/airflow/dags/etl.py
[2026-09-18T12:16:54.572+0000] {logging_mixin.py:188} INFO - [2026-09-18T12:16:54.570+0000] {dagbag.py:452} ERROR - Failed to bag_dag: /opt/airflow/dags/etl.py
Traceback (most recent call last):
  File "/home/airflow/.local/lib/python3.11/site-packages/airflow/timetables/_cron.py", line 100, in validate
    croniter(self._expression)
  File "/home/airflow/.local/lib/python3.11/site-packages/croniter/croniter.py", line 187, in __init__
    self.expanded, self.nth_weekday_of_month = self.expand(expr_format, hash_id=hash_id)
                                               ^^^^^^^^^^^^^^^^^^^^^^^^^^^^^^^^^^^^^^^^^
  File "/home/airflow/.local/lib/python3.11/site-packages/croniter/croniter.py", line 821, in expand
    return cls._expand(expr_format, hash_id=hash_id)
           ^^^^^^^^^^^^^^^^^^^^^^^^^^^^^^^^^^^^^^^^^
  File "/home/airflow/.local/lib/python3.11/site-packages/croniter/croniter.py", line 659, in _expand
    raise CroniterBadCronError(cls.bad_length)
croniter.croniter.CroniterBadCronError: Exactly 5 or 6 columns has to be specified for iterator expression.

During handling of the above exception, another exception occurred:

Traceback (most recent call last):
  File "/home/airflow/.local/lib/python3.11/site-packages/airflow/models/dagbag.py", line 447, in _process_modules
    dag.validate()
  File "/home/airflow/.local/lib/python3.11/site-packages/airflow/models/dag.py", line 775, in validate
    self.timetable.validate()
  File "/home/airflow/.local/lib/python3.11/site-packages/airflow/timetables/_cron.py", line 102, in validate
    raise AirflowTimetableInvalid(str(e))
airflow.exceptions.AirflowTimetableInvalid: Exactly 5 or 6 columns has to be specified for iterator expression.
[2026-09-18T12:16:54.572+0000] {processor.py:842} WARNING - No viable dags retrieved from /opt/airflow/dags/etl.py
[2026-09-18T12:16:54.583+0000] {processor.py:183} INFO - Processing /opt/airflow/dags/etl.py took 0.024 seconds
[2026-09-18T12:17:24.749+0000] {processor.py:161} INFO - Started process (PID=151) to work on /opt/airflow/dags/etl.py
[2026-09-18T12:17:24.750+0000] {processor.py:830} INFO - Processing file /opt/airflow/dags/etl.py for tasks to queue
[2026-09-18T12:17:24.752+0000] {logging_mixin.py:188} INFO - [2026-09-18T12:17:24.752+0000] {dagbag.py:545} INFO - Filling up the DagBag from /opt/airflow/dags/etl.py
[2026-09-18T12:17:24.759+0000] {logging_mixin.py:188} INFO - [2026-09-18T12:17:24.758+0000] {dagbag.py:452} ERROR - Failed to bag_dag: /opt/airflow/dags/etl.py
Traceback (most recent call last):
  File "/home/airflow/.local/lib/python3.11/site-packages/airflow/timetables/_cron.py", line 100, in validate
    croniter(self._expression)
  File "/home/airflow/.local/lib/python3.11/site-packages/croniter/croniter.py", line 187, in __init__
    self.expanded, self.nth_weekday_of_month = self.expand(expr_format, hash_id=hash_id)
                                               ^^^^^^^^^^^^^^^^^^^^^^^^^^^^^^^^^^^^^^^^^
  File "/home/airflow/.local/lib/python3.11/site-packages/croniter/croniter.py", line 821, in expand
    return cls._expand(expr_format, hash_id=hash_id)
           ^^^^^^^^^^^^^^^^^^^^^^^^^^^^^^^^^^^^^^^^^
  File "/home/airflow/.local/lib/python3.11/site-packages/croniter/croniter.py", line 659, in _expand
    raise CroniterBadCronError(cls.bad_length)
croniter.croniter.CroniterBadCronError: Exactly 5 or 6 columns has to be specified for iterator expression.

During handling of the above exception, another exception occurred:

Traceback (most recent call last):
  File "/home/airflow/.local/lib/python3.11/site-packages/airflow/models/dagbag.py", line 447, in _process_modules
    dag.validate()
  File "/home/airflow/.local/lib/python3.11/site-packages/airflow/models/dag.py", line 775, in validate
    self.timetable.validate()
  File "/home/airflow/.local/lib/python3.11/site-packages/airflow/timetables/_cron.py", line 102, in validate
    raise AirflowTimetableInvalid(str(e))
airflow.exceptions.AirflowTimetableInvalid: Exactly 5 or 6 columns has to be specified for iterator expression.
[2026-09-18T12:17:24.759+0000] {processor.py:842} WARNING - No viable dags retrieved from /opt/airflow/dags/etl.py
[2026-09-18T12:17:24.767+0000] {processor.py:183} INFO - Processing /opt/airflow/dags/etl.py took 0.026 seconds
[2026-09-18T12:17:54.917+0000] {processor.py:161} INFO - Started process (PID=152) to work on /opt/airflow/dags/etl.py
[2026-09-18T12:17:54.919+0000] {processor.py:830} INFO - Processing file /opt/airflow/dags/etl.py for tasks to queue
[2026-09-18T12:17:54.920+0000] {logging_mixin.py:188} INFO - [2026-09-18T12:17:54.920+0000] {dagbag.py:545} INFO - Filling up the DagBag from /opt/airflow/dags/etl.py
[2026-09-18T12:17:54.927+0000] {logging_mixin.py:188} INFO - [2026-09-18T12:17:54.925+0000] {dagbag.py:452} ERROR - Failed to bag_dag: /opt/airflow/dags/etl.py
Traceback (most recent call last):
  File "/home/airflow/.local/lib/python3.11/site-packages/airflow/timetables/_cron.py", line 100, in validate
    croniter(self._expression)
  File "/home/airflow/.local/lib/python3.11/site-packages/croniter/croniter.py", line 187, in __init__
    self.expanded, self.nth_weekday_of_month = self.expand(expr_format, hash_id=hash_id)
                                               ^^^^^^^^^^^^^^^^^^^^^^^^^^^^^^^^^^^^^^^^^
  File "/home/airflow/.local/lib/python3.11/site-packages/croniter/croniter.py", line 821, in expand
    return cls._expand(expr_format, hash_id=hash_id)
           ^^^^^^^^^^^^^^^^^^^^^^^^^^^^^^^^^^^^^^^^^
  File "/home/airflow/.local/lib/python3.11/site-packages/croniter/croniter.py", line 659, in _expand
    raise CroniterBadCronError(cls.bad_length)
croniter.croniter.CroniterBadCronError: Exactly 5 or 6 columns has to be specified for iterator expression.

During handling of the above exception, another exception occurred:

Traceback (most recent call last):
  File "/home/airflow/.local/lib/python3.11/site-packages/airflow/models/dagbag.py", line 447, in _process_modules
    dag.validate()
  File "/home/airflow/.local/lib/python3.11/site-packages/airflow/models/dag.py", line 775, in validate
    self.timetable.validate()
  File "/home/airflow/.local/lib/python3.11/site-packages/airflow/timetables/_cron.py", line 102, in validate
    raise AirflowTimetableInvalid(str(e))
airflow.exceptions.AirflowTimetableInvalid: Exactly 5 or 6 columns has to be specified for iterator expression.
[2026-09-18T12:17:54.927+0000] {processor.py:842} WARNING - No viable dags retrieved from /opt/airflow/dags/etl.py
[2026-09-18T12:17:54.936+0000] {processor.py:183} INFO - Processing /opt/airflow/dags/etl.py took 0.022 seconds
[2026-09-18T12:18:25.126+0000] {processor.py:161} INFO - Started process (PID=153) to work on /opt/airflow/dags/etl.py
[2026-09-18T12:18:25.127+0000] {processor.py:830} INFO - Processing file /opt/airflow/dags/etl.py for tasks to queue
[2026-09-18T12:18:25.129+0000] {logging_mixin.py:188} INFO - [2026-09-18T12:18:25.128+0000] {dagbag.py:545} INFO - Filling up the DagBag from /opt/airflow/dags/etl.py
[2026-09-18T12:18:25.135+0000] {logging_mixin.py:188} INFO - [2026-09-18T12:18:25.133+0000] {dagbag.py:452} ERROR - Failed to bag_dag: /opt/airflow/dags/etl.py
Traceback (most recent call last):
  File "/home/airflow/.local/lib/python3.11/site-packages/airflow/timetables/_cron.py", line 100, in validate
    croniter(self._expression)
  File "/home/airflow/.local/lib/python3.11/site-packages/croniter/croniter.py", line 187, in __init__
    self.expanded, self.nth_weekday_of_month = self.expand(expr_format, hash_id=hash_id)
                                               ^^^^^^^^^^^^^^^^^^^^^^^^^^^^^^^^^^^^^^^^^
  File "/home/airflow/.local/lib/python3.11/site-packages/croniter/croniter.py", line 821, in expand
    return cls._expand(expr_format, hash_id=hash_id)
           ^^^^^^^^^^^^^^^^^^^^^^^^^^^^^^^^^^^^^^^^^
  File "/home/airflow/.local/lib/python3.11/site-packages/croniter/croniter.py", line 659, in _expand
    raise CroniterBadCronError(cls.bad_length)
croniter.croniter.CroniterBadCronError: Exactly 5 or 6 columns has to be specified for iterator expression.

During handling of the above exception, another exception occurred:

Traceback (most recent call last):
  File "/home/airflow/.local/lib/python3.11/site-packages/airflow/models/dagbag.py", line 447, in _process_modules
    dag.validate()
  File "/home/airflow/.local/lib/python3.11/site-packages/airflow/models/dag.py", line 775, in validate
    self.timetable.validate()
  File "/home/airflow/.local/lib/python3.11/site-packages/airflow/timetables/_cron.py", line 102, in validate
    raise AirflowTimetableInvalid(str(e))
airflow.exceptions.AirflowTimetableInvalid: Exactly 5 or 6 columns has to be specified for iterator expression.
[2026-09-18T12:18:25.135+0000] {processor.py:842} WARNING - No viable dags retrieved from /opt/airflow/dags/etl.py
[2026-09-18T12:18:25.143+0000] {processor.py:183} INFO - Processing /opt/airflow/dags/etl.py took 0.025 seconds
[2026-09-18T12:18:55.296+0000] {processor.py:161} INFO - Started process (PID=154) to work on /opt/airflow/dags/etl.py
[2026-09-18T12:18:55.298+0000] {processor.py:830} INFO - Processing file /opt/airflow/dags/etl.py for tasks to queue
[2026-09-18T12:18:55.299+0000] {logging_mixin.py:188} INFO - [2026-09-18T12:18:55.299+0000] {dagbag.py:545} INFO - Filling up the DagBag from /opt/airflow/dags/etl.py
[2026-09-18T12:18:55.306+0000] {logging_mixin.py:188} INFO - [2026-09-18T12:18:55.304+0000] {dagbag.py:452} ERROR - Failed to bag_dag: /opt/airflow/dags/etl.py
Traceback (most recent call last):
  File "/home/airflow/.local/lib/python3.11/site-packages/airflow/timetables/_cron.py", line 100, in validate
    croniter(self._expression)
  File "/home/airflow/.local/lib/python3.11/site-packages/croniter/croniter.py", line 187, in __init__
    self.expanded, self.nth_weekday_of_month = self.expand(expr_format, hash_id=hash_id)
                                               ^^^^^^^^^^^^^^^^^^^^^^^^^^^^^^^^^^^^^^^^^
  File "/home/airflow/.local/lib/python3.11/site-packages/croniter/croniter.py", line 821, in expand
    return cls._expand(expr_format, hash_id=hash_id)
           ^^^^^^^^^^^^^^^^^^^^^^^^^^^^^^^^^^^^^^^^^
  File "/home/airflow/.local/lib/python3.11/site-packages/croniter/croniter.py", line 659, in _expand
    raise CroniterBadCronError(cls.bad_length)
croniter.croniter.CroniterBadCronError: Exactly 5 or 6 columns has to be specified for iterator expression.

During handling of the above exception, another exception occurred:

Traceback (most recent call last):
  File "/home/airflow/.local/lib/python3.11/site-packages/airflow/models/dagbag.py", line 447, in _process_modules
    dag.validate()
  File "/home/airflow/.local/lib/python3.11/site-packages/airflow/models/dag.py", line 775, in validate
    self.timetable.validate()
  File "/home/airflow/.local/lib/python3.11/site-packages/airflow/timetables/_cron.py", line 102, in validate
    raise AirflowTimetableInvalid(str(e))
airflow.exceptions.AirflowTimetableInvalid: Exactly 5 or 6 columns has to be specified for iterator expression.
[2026-09-18T12:18:55.306+0000] {processor.py:842} WARNING - No viable dags retrieved from /opt/airflow/dags/etl.py
[2026-09-18T12:18:55.314+0000] {processor.py:183} INFO - Processing /opt/airflow/dags/etl.py took 0.021 seconds
[2026-09-18T12:19:25.488+0000] {processor.py:161} INFO - Started process (PID=155) to work on /opt/airflow/dags/etl.py
[2026-09-18T12:19:25.489+0000] {processor.py:830} INFO - Processing file /opt/airflow/dags/etl.py for tasks to queue
[2026-09-18T12:19:25.491+0000] {logging_mixin.py:188} INFO - [2026-09-18T12:19:25.491+0000] {dagbag.py:545} INFO - Filling up the DagBag from /opt/airflow/dags/etl.py
[2026-09-18T12:19:25.498+0000] {logging_mixin.py:188} INFO - [2026-09-18T12:19:25.496+0000] {dagbag.py:452} ERROR - Failed to bag_dag: /opt/airflow/dags/etl.py
Traceback (most recent call last):
  File "/home/airflow/.local/lib/python3.11/site-packages/airflow/timetables/_cron.py", line 100, in validate
    croniter(self._expression)
  File "/home/airflow/.local/lib/python3.11/site-packages/croniter/croniter.py", line 187, in __init__
    self.expanded, self.nth_weekday_of_month = self.expand(expr_format, hash_id=hash_id)
                                               ^^^^^^^^^^^^^^^^^^^^^^^^^^^^^^^^^^^^^^^^^
  File "/home/airflow/.local/lib/python3.11/site-packages/croniter/croniter.py", line 821, in expand
    return cls._expand(expr_format, hash_id=hash_id)
           ^^^^^^^^^^^^^^^^^^^^^^^^^^^^^^^^^^^^^^^^^
  File "/home/airflow/.local/lib/python3.11/site-packages/croniter/croniter.py", line 659, in _expand
    raise CroniterBadCronError(cls.bad_length)
croniter.croniter.CroniterBadCronError: Exactly 5 or 6 columns has to be specified for iterator expression.

During handling of the above exception, another exception occurred:

Traceback (most recent call last):
  File "/home/airflow/.local/lib/python3.11/site-packages/airflow/models/dagbag.py", line 447, in _process_modules
    dag.validate()
  File "/home/airflow/.local/lib/python3.11/site-packages/airflow/models/dag.py", line 775, in validate
    self.timetable.validate()
  File "/home/airflow/.local/lib/python3.11/site-packages/airflow/timetables/_cron.py", line 102, in validate
    raise AirflowTimetableInvalid(str(e))
airflow.exceptions.AirflowTimetableInvalid: Exactly 5 or 6 columns has to be specified for iterator expression.
[2026-09-18T12:19:25.498+0000] {processor.py:842} WARNING - No viable dags retrieved from /opt/airflow/dags/etl.py
[2026-09-18T12:19:25.507+0000] {processor.py:183} INFO - Processing /opt/airflow/dags/etl.py took 0.028 seconds
[2026-09-18T12:19:55.651+0000] {processor.py:161} INFO - Started process (PID=156) to work on /opt/airflow/dags/etl.py
[2026-09-18T12:19:55.654+0000] {processor.py:830} INFO - Processing file /opt/airflow/dags/etl.py for tasks to queue
[2026-09-18T12:19:55.656+0000] {logging_mixin.py:188} INFO - [2026-09-18T12:19:55.655+0000] {dagbag.py:545} INFO - Filling up the DagBag from /opt/airflow/dags/etl.py
[2026-09-18T12:19:55.663+0000] {logging_mixin.py:188} INFO - [2026-09-18T12:19:55.661+0000] {dagbag.py:452} ERROR - Failed to bag_dag: /opt/airflow/dags/etl.py
Traceback (most recent call last):
  File "/home/airflow/.local/lib/python3.11/site-packages/airflow/timetables/_cron.py", line 100, in validate
    croniter(self._expression)
  File "/home/airflow/.local/lib/python3.11/site-packages/croniter/croniter.py", line 187, in __init__
    self.expanded, self.nth_weekday_of_month = self.expand(expr_format, hash_id=hash_id)
                                               ^^^^^^^^^^^^^^^^^^^^^^^^^^^^^^^^^^^^^^^^^
  File "/home/airflow/.local/lib/python3.11/site-packages/croniter/croniter.py", line 821, in expand
    return cls._expand(expr_format, hash_id=hash_id)
           ^^^^^^^^^^^^^^^^^^^^^^^^^^^^^^^^^^^^^^^^^
  File "/home/airflow/.local/lib/python3.11/site-packages/croniter/croniter.py", line 659, in _expand
    raise CroniterBadCronError(cls.bad_length)
croniter.croniter.CroniterBadCronError: Exactly 5 or 6 columns has to be specified for iterator expression.

During handling of the above exception, another exception occurred:

Traceback (most recent call last):
  File "/home/airflow/.local/lib/python3.11/site-packages/airflow/models/dagbag.py", line 447, in _process_modules
    dag.validate()
  File "/home/airflow/.local/lib/python3.11/site-packages/airflow/models/dag.py", line 775, in validate
    self.timetable.validate()
  File "/home/airflow/.local/lib/python3.11/site-packages/airflow/timetables/_cron.py", line 102, in validate
    raise AirflowTimetableInvalid(str(e))
airflow.exceptions.AirflowTimetableInvalid: Exactly 5 or 6 columns has to be specified for iterator expression.
[2026-09-18T12:19:55.663+0000] {processor.py:842} WARNING - No viable dags retrieved from /opt/airflow/dags/etl.py
[2026-09-18T12:19:55.671+0000] {processor.py:183} INFO - Processing /opt/airflow/dags/etl.py took 0.028 seconds
[2026-09-18T12:20:25.833+0000] {processor.py:161} INFO - Started process (PID=157) to work on /opt/airflow/dags/etl.py
[2026-09-18T12:20:25.834+0000] {processor.py:830} INFO - Processing file /opt/airflow/dags/etl.py for tasks to queue
[2026-09-18T12:20:25.835+0000] {logging_mixin.py:188} INFO - [2026-09-18T12:20:25.835+0000] {dagbag.py:545} INFO - Filling up the DagBag from /opt/airflow/dags/etl.py
[2026-09-18T12:20:25.842+0000] {logging_mixin.py:188} INFO - [2026-09-18T12:20:25.840+0000] {dagbag.py:452} ERROR - Failed to bag_dag: /opt/airflow/dags/etl.py
Traceback (most recent call last):
  File "/home/airflow/.local/lib/python3.11/site-packages/airflow/timetables/_cron.py", line 100, in validate
    croniter(self._expression)
  File "/home/airflow/.local/lib/python3.11/site-packages/croniter/croniter.py", line 187, in __init__
    self.expanded, self.nth_weekday_of_month = self.expand(expr_format, hash_id=hash_id)
                                               ^^^^^^^^^^^^^^^^^^^^^^^^^^^^^^^^^^^^^^^^^
  File "/home/airflow/.local/lib/python3.11/site-packages/croniter/croniter.py", line 821, in expand
    return cls._expand(expr_format, hash_id=hash_id)
           ^^^^^^^^^^^^^^^^^^^^^^^^^^^^^^^^^^^^^^^^^
  File "/home/airflow/.local/lib/python3.11/site-packages/croniter/croniter.py", line 659, in _expand
    raise CroniterBadCronError(cls.bad_length)
croniter.croniter.CroniterBadCronError: Exactly 5 or 6 columns has to be specified for iterator expression.

During handling of the above exception, another exception occurred:

Traceback (most recent call last):
  File "/home/airflow/.local/lib/python3.11/site-packages/airflow/models/dagbag.py", line 447, in _process_modules
    dag.validate()
  File "/home/airflow/.local/lib/python3.11/site-packages/airflow/models/dag.py", line 775, in validate
    self.timetable.validate()
  File "/home/airflow/.local/lib/python3.11/site-packages/airflow/timetables/_cron.py", line 102, in validate
    raise AirflowTimetableInvalid(str(e))
airflow.exceptions.AirflowTimetableInvalid: Exactly 5 or 6 columns has to be specified for iterator expression.
[2026-09-18T12:20:25.842+0000] {processor.py:842} WARNING - No viable dags retrieved from /opt/airflow/dags/etl.py
[2026-09-18T12:20:25.850+0000] {processor.py:183} INFO - Processing /opt/airflow/dags/etl.py took 0.026 seconds
[2026-09-18T12:20:56.012+0000] {processor.py:161} INFO - Started process (PID=158) to work on /opt/airflow/dags/etl.py
[2026-09-18T12:20:56.021+0000] {processor.py:830} INFO - Processing file /opt/airflow/dags/etl.py for tasks to queue
[2026-09-18T12:20:56.023+0000] {logging_mixin.py:188} INFO - [2026-09-18T12:20:56.023+0000] {dagbag.py:545} INFO - Filling up the DagBag from /opt/airflow/dags/etl.py
[2026-09-18T12:20:56.034+0000] {logging_mixin.py:188} INFO - [2026-09-18T12:20:56.031+0000] {dagbag.py:452} ERROR - Failed to bag_dag: /opt/airflow/dags/etl.py
Traceback (most recent call last):
  File "/home/airflow/.local/lib/python3.11/site-packages/airflow/timetables/_cron.py", line 100, in validate
    croniter(self._expression)
  File "/home/airflow/.local/lib/python3.11/site-packages/croniter/croniter.py", line 187, in __init__
    self.expanded, self.nth_weekday_of_month = self.expand(expr_format, hash_id=hash_id)
                                               ^^^^^^^^^^^^^^^^^^^^^^^^^^^^^^^^^^^^^^^^^
  File "/home/airflow/.local/lib/python3.11/site-packages/croniter/croniter.py", line 821, in expand
    return cls._expand(expr_format, hash_id=hash_id)
           ^^^^^^^^^^^^^^^^^^^^^^^^^^^^^^^^^^^^^^^^^
  File "/home/airflow/.local/lib/python3.11/site-packages/croniter/croniter.py", line 659, in _expand
    raise CroniterBadCronError(cls.bad_length)
croniter.croniter.CroniterBadCronError: Exactly 5 or 6 columns has to be specified for iterator expression.

During handling of the above exception, another exception occurred:

Traceback (most recent call last):
  File "/home/airflow/.local/lib/python3.11/site-packages/airflow/models/dagbag.py", line 447, in _process_modules
    dag.validate()
  File "/home/airflow/.local/lib/python3.11/site-packages/airflow/models/dag.py", line 775, in validate
    self.timetable.validate()
  File "/home/airflow/.local/lib/python3.11/site-packages/airflow/timetables/_cron.py", line 102, in validate
    raise AirflowTimetableInvalid(str(e))
airflow.exceptions.AirflowTimetableInvalid: Exactly 5 or 6 columns has to be specified for iterator expression.
[2026-09-18T12:20:56.034+0000] {processor.py:842} WARNING - No viable dags retrieved from /opt/airflow/dags/etl.py
[2026-09-18T12:20:56.042+0000] {processor.py:183} INFO - Processing /opt/airflow/dags/etl.py took 0.040 seconds
[2026-09-18T12:21:26.187+0000] {processor.py:161} INFO - Started process (PID=159) to work on /opt/airflow/dags/etl.py
[2026-09-18T12:21:26.188+0000] {processor.py:830} INFO - Processing file /opt/airflow/dags/etl.py for tasks to queue
[2026-09-18T12:21:26.190+0000] {logging_mixin.py:188} INFO - [2026-09-18T12:21:26.189+0000] {dagbag.py:545} INFO - Filling up the DagBag from /opt/airflow/dags/etl.py
[2026-09-18T12:21:26.196+0000] {logging_mixin.py:188} INFO - [2026-09-18T12:21:26.194+0000] {dagbag.py:452} ERROR - Failed to bag_dag: /opt/airflow/dags/etl.py
Traceback (most recent call last):
  File "/home/airflow/.local/lib/python3.11/site-packages/airflow/timetables/_cron.py", line 100, in validate
    croniter(self._expression)
  File "/home/airflow/.local/lib/python3.11/site-packages/croniter/croniter.py", line 187, in __init__
    self.expanded, self.nth_weekday_of_month = self.expand(expr_format, hash_id=hash_id)
                                               ^^^^^^^^^^^^^^^^^^^^^^^^^^^^^^^^^^^^^^^^^
  File "/home/airflow/.local/lib/python3.11/site-packages/croniter/croniter.py", line 821, in expand
    return cls._expand(expr_format, hash_id=hash_id)
           ^^^^^^^^^^^^^^^^^^^^^^^^^^^^^^^^^^^^^^^^^
  File "/home/airflow/.local/lib/python3.11/site-packages/croniter/croniter.py", line 659, in _expand
    raise CroniterBadCronError(cls.bad_length)
croniter.croniter.CroniterBadCronError: Exactly 5 or 6 columns has to be specified for iterator expression.

During handling of the above exception, another exception occurred:

Traceback (most recent call last):
  File "/home/airflow/.local/lib/python3.11/site-packages/airflow/models/dagbag.py", line 447, in _process_modules
    dag.validate()
  File "/home/airflow/.local/lib/python3.11/site-packages/airflow/models/dag.py", line 775, in validate
    self.timetable.validate()
  File "/home/airflow/.local/lib/python3.11/site-packages/airflow/timetables/_cron.py", line 102, in validate
    raise AirflowTimetableInvalid(str(e))
airflow.exceptions.AirflowTimetableInvalid: Exactly 5 or 6 columns has to be specified for iterator expression.
[2026-09-18T12:21:26.196+0000] {processor.py:842} WARNING - No viable dags retrieved from /opt/airflow/dags/etl.py
[2026-09-18T12:21:26.204+0000] {processor.py:183} INFO - Processing /opt/airflow/dags/etl.py took 0.027 seconds
[2026-09-18T12:21:56.344+0000] {processor.py:161} INFO - Started process (PID=160) to work on /opt/airflow/dags/etl.py
[2026-09-18T12:21:56.346+0000] {processor.py:830} INFO - Processing file /opt/airflow/dags/etl.py for tasks to queue
[2026-09-18T12:21:56.347+0000] {logging_mixin.py:188} INFO - [2026-09-18T12:21:56.347+0000] {dagbag.py:545} INFO - Filling up the DagBag from /opt/airflow/dags/etl.py
[2026-09-18T12:21:56.354+0000] {logging_mixin.py:188} INFO - [2026-09-18T12:21:56.352+0000] {dagbag.py:452} ERROR - Failed to bag_dag: /opt/airflow/dags/etl.py
Traceback (most recent call last):
  File "/home/airflow/.local/lib/python3.11/site-packages/airflow/timetables/_cron.py", line 100, in validate
    croniter(self._expression)
  File "/home/airflow/.local/lib/python3.11/site-packages/croniter/croniter.py", line 187, in __init__
    self.expanded, self.nth_weekday_of_month = self.expand(expr_format, hash_id=hash_id)
                                               ^^^^^^^^^^^^^^^^^^^^^^^^^^^^^^^^^^^^^^^^^
  File "/home/airflow/.local/lib/python3.11/site-packages/croniter/croniter.py", line 821, in expand
    return cls._expand(expr_format, hash_id=hash_id)
           ^^^^^^^^^^^^^^^^^^^^^^^^^^^^^^^^^^^^^^^^^
  File "/home/airflow/.local/lib/python3.11/site-packages/croniter/croniter.py", line 659, in _expand
    raise CroniterBadCronError(cls.bad_length)
croniter.croniter.CroniterBadCronError: Exactly 5 or 6 columns has to be specified for iterator expression.

During handling of the above exception, another exception occurred:

Traceback (most recent call last):
  File "/home/airflow/.local/lib/python3.11/site-packages/airflow/models/dagbag.py", line 447, in _process_modules
    dag.validate()
  File "/home/airflow/.local/lib/python3.11/site-packages/airflow/models/dag.py", line 775, in validate
    self.timetable.validate()
  File "/home/airflow/.local/lib/python3.11/site-packages/airflow/timetables/_cron.py", line 102, in validate
    raise AirflowTimetableInvalid(str(e))
airflow.exceptions.AirflowTimetableInvalid: Exactly 5 or 6 columns has to be specified for iterator expression.
[2026-09-18T12:21:56.354+0000] {processor.py:842} WARNING - No viable dags retrieved from /opt/airflow/dags/etl.py
[2026-09-18T12:21:56.363+0000] {processor.py:183} INFO - Processing /opt/airflow/dags/etl.py took 0.023 seconds
[2026-09-18T12:22:26.519+0000] {processor.py:161} INFO - Started process (PID=161) to work on /opt/airflow/dags/etl.py
[2026-09-18T12:22:26.520+0000] {processor.py:830} INFO - Processing file /opt/airflow/dags/etl.py for tasks to queue
[2026-09-18T12:22:26.523+0000] {logging_mixin.py:188} INFO - [2026-09-18T12:22:26.523+0000] {dagbag.py:545} INFO - Filling up the DagBag from /opt/airflow/dags/etl.py
[2026-09-18T12:22:26.530+0000] {logging_mixin.py:188} INFO - [2026-09-18T12:22:26.528+0000] {dagbag.py:452} ERROR - Failed to bag_dag: /opt/airflow/dags/etl.py
Traceback (most recent call last):
  File "/home/airflow/.local/lib/python3.11/site-packages/airflow/timetables/_cron.py", line 100, in validate
    croniter(self._expression)
  File "/home/airflow/.local/lib/python3.11/site-packages/croniter/croniter.py", line 187, in __init__
    self.expanded, self.nth_weekday_of_month = self.expand(expr_format, hash_id=hash_id)
                                               ^^^^^^^^^^^^^^^^^^^^^^^^^^^^^^^^^^^^^^^^^
  File "/home/airflow/.local/lib/python3.11/site-packages/croniter/croniter.py", line 821, in expand
    return cls._expand(expr_format, hash_id=hash_id)
           ^^^^^^^^^^^^^^^^^^^^^^^^^^^^^^^^^^^^^^^^^
  File "/home/airflow/.local/lib/python3.11/site-packages/croniter/croniter.py", line 659, in _expand
    raise CroniterBadCronError(cls.bad_length)
croniter.croniter.CroniterBadCronError: Exactly 5 or 6 columns has to be specified for iterator expression.

During handling of the above exception, another exception occurred:

Traceback (most recent call last):
  File "/home/airflow/.local/lib/python3.11/site-packages/airflow/models/dagbag.py", line 447, in _process_modules
    dag.validate()
  File "/home/airflow/.local/lib/python3.11/site-packages/airflow/models/dag.py", line 775, in validate
    self.timetable.validate()
  File "/home/airflow/.local/lib/python3.11/site-packages/airflow/timetables/_cron.py", line 102, in validate
    raise AirflowTimetableInvalid(str(e))
airflow.exceptions.AirflowTimetableInvalid: Exactly 5 or 6 columns has to be specified for iterator expression.
[2026-09-18T12:22:26.530+0000] {processor.py:842} WARNING - No viable dags retrieved from /opt/airflow/dags/etl.py
[2026-09-18T12:22:26.537+0000] {processor.py:183} INFO - Processing /opt/airflow/dags/etl.py took 0.026 seconds
[2026-09-18T12:22:56.709+0000] {processor.py:161} INFO - Started process (PID=162) to work on /opt/airflow/dags/etl.py
[2026-09-18T12:22:56.711+0000] {processor.py:830} INFO - Processing file /opt/airflow/dags/etl.py for tasks to queue
[2026-09-18T12:22:56.713+0000] {logging_mixin.py:188} INFO - [2026-09-18T12:22:56.713+0000] {dagbag.py:545} INFO - Filling up the DagBag from /opt/airflow/dags/etl.py
[2026-09-18T12:22:56.720+0000] {logging_mixin.py:188} INFO - [2026-09-18T12:22:56.718+0000] {dagbag.py:452} ERROR - Failed to bag_dag: /opt/airflow/dags/etl.py
Traceback (most recent call last):
  File "/home/airflow/.local/lib/python3.11/site-packages/airflow/timetables/_cron.py", line 100, in validate
    croniter(self._expression)
  File "/home/airflow/.local/lib/python3.11/site-packages/croniter/croniter.py", line 187, in __init__
    self.expanded, self.nth_weekday_of_month = self.expand(expr_format, hash_id=hash_id)
                                               ^^^^^^^^^^^^^^^^^^^^^^^^^^^^^^^^^^^^^^^^^
  File "/home/airflow/.local/lib/python3.11/site-packages/croniter/croniter.py", line 821, in expand
    return cls._expand(expr_format, hash_id=hash_id)
           ^^^^^^^^^^^^^^^^^^^^^^^^^^^^^^^^^^^^^^^^^
  File "/home/airflow/.local/lib/python3.11/site-packages/croniter/croniter.py", line 659, in _expand
    raise CroniterBadCronError(cls.bad_length)
croniter.croniter.CroniterBadCronError: Exactly 5 or 6 columns has to be specified for iterator expression.

During handling of the above exception, another exception occurred:

Traceback (most recent call last):
  File "/home/airflow/.local/lib/python3.11/site-packages/airflow/models/dagbag.py", line 447, in _process_modules
    dag.validate()
  File "/home/airflow/.local/lib/python3.11/site-packages/airflow/models/dag.py", line 775, in validate
    self.timetable.validate()
  File "/home/airflow/.local/lib/python3.11/site-packages/airflow/timetables/_cron.py", line 102, in validate
    raise AirflowTimetableInvalid(str(e))
airflow.exceptions.AirflowTimetableInvalid: Exactly 5 or 6 columns has to be specified for iterator expression.
[2026-09-18T12:22:56.720+0000] {processor.py:842} WARNING - No viable dags retrieved from /opt/airflow/dags/etl.py
[2026-09-18T12:22:56.728+0000] {processor.py:183} INFO - Processing /opt/airflow/dags/etl.py took 0.028 seconds
[2026-09-18T12:23:26.871+0000] {processor.py:161} INFO - Started process (PID=163) to work on /opt/airflow/dags/etl.py
[2026-09-18T12:23:26.871+0000] {processor.py:830} INFO - Processing file /opt/airflow/dags/etl.py for tasks to queue
[2026-09-18T12:23:26.873+0000] {logging_mixin.py:188} INFO - [2026-09-18T12:23:26.872+0000] {dagbag.py:545} INFO - Filling up the DagBag from /opt/airflow/dags/etl.py
[2026-09-18T12:23:26.879+0000] {logging_mixin.py:188} INFO - [2026-09-18T12:23:26.877+0000] {dagbag.py:452} ERROR - Failed to bag_dag: /opt/airflow/dags/etl.py
Traceback (most recent call last):
  File "/home/airflow/.local/lib/python3.11/site-packages/airflow/timetables/_cron.py", line 100, in validate
    croniter(self._expression)
  File "/home/airflow/.local/lib/python3.11/site-packages/croniter/croniter.py", line 187, in __init__
    self.expanded, self.nth_weekday_of_month = self.expand(expr_format, hash_id=hash_id)
                                               ^^^^^^^^^^^^^^^^^^^^^^^^^^^^^^^^^^^^^^^^^
  File "/home/airflow/.local/lib/python3.11/site-packages/croniter/croniter.py", line 821, in expand
    return cls._expand(expr_format, hash_id=hash_id)
           ^^^^^^^^^^^^^^^^^^^^^^^^^^^^^^^^^^^^^^^^^
  File "/home/airflow/.local/lib/python3.11/site-packages/croniter/croniter.py", line 659, in _expand
    raise CroniterBadCronError(cls.bad_length)
croniter.croniter.CroniterBadCronError: Exactly 5 or 6 columns has to be specified for iterator expression.

During handling of the above exception, another exception occurred:

Traceback (most recent call last):
  File "/home/airflow/.local/lib/python3.11/site-packages/airflow/models/dagbag.py", line 447, in _process_modules
    dag.validate()
  File "/home/airflow/.local/lib/python3.11/site-packages/airflow/models/dag.py", line 775, in validate
    self.timetable.validate()
  File "/home/airflow/.local/lib/python3.11/site-packages/airflow/timetables/_cron.py", line 102, in validate
    raise AirflowTimetableInvalid(str(e))
airflow.exceptions.AirflowTimetableInvalid: Exactly 5 or 6 columns has to be specified for iterator expression.
[2026-09-18T12:23:26.880+0000] {processor.py:842} WARNING - No viable dags retrieved from /opt/airflow/dags/etl.py
[2026-09-18T12:23:26.892+0000] {processor.py:183} INFO - Processing /opt/airflow/dags/etl.py took 0.026 seconds
[2026-09-18T12:23:57.043+0000] {processor.py:161} INFO - Started process (PID=164) to work on /opt/airflow/dags/etl.py
[2026-09-18T12:23:57.046+0000] {processor.py:830} INFO - Processing file /opt/airflow/dags/etl.py for tasks to queue
[2026-09-18T12:23:57.047+0000] {logging_mixin.py:188} INFO - [2026-09-18T12:23:57.047+0000] {dagbag.py:545} INFO - Filling up the DagBag from /opt/airflow/dags/etl.py
[2026-09-18T12:23:57.054+0000] {logging_mixin.py:188} INFO - [2026-09-18T12:23:57.052+0000] {dagbag.py:452} ERROR - Failed to bag_dag: /opt/airflow/dags/etl.py
Traceback (most recent call last):
  File "/home/airflow/.local/lib/python3.11/site-packages/airflow/timetables/_cron.py", line 100, in validate
    croniter(self._expression)
  File "/home/airflow/.local/lib/python3.11/site-packages/croniter/croniter.py", line 187, in __init__
    self.expanded, self.nth_weekday_of_month = self.expand(expr_format, hash_id=hash_id)
                                               ^^^^^^^^^^^^^^^^^^^^^^^^^^^^^^^^^^^^^^^^^
  File "/home/airflow/.local/lib/python3.11/site-packages/croniter/croniter.py", line 821, in expand
    return cls._expand(expr_format, hash_id=hash_id)
           ^^^^^^^^^^^^^^^^^^^^^^^^^^^^^^^^^^^^^^^^^
  File "/home/airflow/.local/lib/python3.11/site-packages/croniter/croniter.py", line 659, in _expand
    raise CroniterBadCronError(cls.bad_length)
croniter.croniter.CroniterBadCronError: Exactly 5 or 6 columns has to be specified for iterator expression.

During handling of the above exception, another exception occurred:

Traceback (most recent call last):
  File "/home/airflow/.local/lib/python3.11/site-packages/airflow/models/dagbag.py", line 447, in _process_modules
    dag.validate()
  File "/home/airflow/.local/lib/python3.11/site-packages/airflow/models/dag.py", line 775, in validate
    self.timetable.validate()
  File "/home/airflow/.local/lib/python3.11/site-packages/airflow/timetables/_cron.py", line 102, in validate
    raise AirflowTimetableInvalid(str(e))
airflow.exceptions.AirflowTimetableInvalid: Exactly 5 or 6 columns has to be specified for iterator expression.
[2026-09-18T12:23:57.054+0000] {processor.py:842} WARNING - No viable dags retrieved from /opt/airflow/dags/etl.py
[2026-09-18T12:23:57.062+0000] {processor.py:183} INFO - Processing /opt/airflow/dags/etl.py took 0.029 seconds
[2026-09-18T12:24:27.205+0000] {processor.py:161} INFO - Started process (PID=165) to work on /opt/airflow/dags/etl.py
[2026-09-18T12:24:27.205+0000] {processor.py:830} INFO - Processing file /opt/airflow/dags/etl.py for tasks to queue
[2026-09-18T12:24:27.207+0000] {logging_mixin.py:188} INFO - [2026-09-18T12:24:27.206+0000] {dagbag.py:545} INFO - Filling up the DagBag from /opt/airflow/dags/etl.py
[2026-09-18T12:24:27.212+0000] {logging_mixin.py:188} INFO - [2026-09-18T12:24:27.210+0000] {dagbag.py:452} ERROR - Failed to bag_dag: /opt/airflow/dags/etl.py
Traceback (most recent call last):
  File "/home/airflow/.local/lib/python3.11/site-packages/airflow/timetables/_cron.py", line 100, in validate
    croniter(self._expression)
  File "/home/airflow/.local/lib/python3.11/site-packages/croniter/croniter.py", line 187, in __init__
    self.expanded, self.nth_weekday_of_month = self.expand(expr_format, hash_id=hash_id)
                                               ^^^^^^^^^^^^^^^^^^^^^^^^^^^^^^^^^^^^^^^^^
  File "/home/airflow/.local/lib/python3.11/site-packages/croniter/croniter.py", line 821, in expand
    return cls._expand(expr_format, hash_id=hash_id)
           ^^^^^^^^^^^^^^^^^^^^^^^^^^^^^^^^^^^^^^^^^
  File "/home/airflow/.local/lib/python3.11/site-packages/croniter/croniter.py", line 659, in _expand
    raise CroniterBadCronError(cls.bad_length)
croniter.croniter.CroniterBadCronError: Exactly 5 or 6 columns has to be specified for iterator expression.

During handling of the above exception, another exception occurred:

Traceback (most recent call last):
  File "/home/airflow/.local/lib/python3.11/site-packages/airflow/models/dagbag.py", line 447, in _process_modules
    dag.validate()
  File "/home/airflow/.local/lib/python3.11/site-packages/airflow/models/dag.py", line 775, in validate
    self.timetable.validate()
  File "/home/airflow/.local/lib/python3.11/site-packages/airflow/timetables/_cron.py", line 102, in validate
    raise AirflowTimetableInvalid(str(e))
airflow.exceptions.AirflowTimetableInvalid: Exactly 5 or 6 columns has to be specified for iterator expression.
[2026-09-18T12:24:27.212+0000] {processor.py:842} WARNING - No viable dags retrieved from /opt/airflow/dags/etl.py
[2026-09-18T12:24:27.222+0000] {processor.py:183} INFO - Processing /opt/airflow/dags/etl.py took 0.022 seconds
[2026-09-18T12:24:56.735+0000] {processor.py:161} INFO - Started process (PID=51) to work on /opt/airflow/dags/etl.py
[2026-09-18T12:24:56.737+0000] {processor.py:830} INFO - Processing file /opt/airflow/dags/etl.py for tasks to queue
[2026-09-18T12:24:56.738+0000] {logging_mixin.py:188} INFO - [2026-09-18T12:24:56.737+0000] {dagbag.py:545} INFO - Filling up the DagBag from /opt/airflow/dags/etl.py
[2026-09-18T12:24:56.745+0000] {logging_mixin.py:188} INFO - [2026-09-18T12:24:56.743+0000] {dagbag.py:452} ERROR - Failed to bag_dag: /opt/airflow/dags/etl.py
Traceback (most recent call last):
  File "/home/airflow/.local/lib/python3.11/site-packages/airflow/timetables/_cron.py", line 100, in validate
    croniter(self._expression)
  File "/home/airflow/.local/lib/python3.11/site-packages/croniter/croniter.py", line 187, in __init__
    self.expanded, self.nth_weekday_of_month = self.expand(expr_format, hash_id=hash_id)
                                               ^^^^^^^^^^^^^^^^^^^^^^^^^^^^^^^^^^^^^^^^^
  File "/home/airflow/.local/lib/python3.11/site-packages/croniter/croniter.py", line 821, in expand
    return cls._expand(expr_format, hash_id=hash_id)
           ^^^^^^^^^^^^^^^^^^^^^^^^^^^^^^^^^^^^^^^^^
  File "/home/airflow/.local/lib/python3.11/site-packages/croniter/croniter.py", line 659, in _expand
    raise CroniterBadCronError(cls.bad_length)
croniter.croniter.CroniterBadCronError: Exactly 5 or 6 columns has to be specified for iterator expression.

During handling of the above exception, another exception occurred:

Traceback (most recent call last):
  File "/home/airflow/.local/lib/python3.11/site-packages/airflow/models/dagbag.py", line 447, in _process_modules
    dag.validate()
  File "/home/airflow/.local/lib/python3.11/site-packages/airflow/models/dag.py", line 775, in validate
    self.timetable.validate()
  File "/home/airflow/.local/lib/python3.11/site-packages/airflow/timetables/_cron.py", line 102, in validate
    raise AirflowTimetableInvalid(str(e))
airflow.exceptions.AirflowTimetableInvalid: Exactly 5 or 6 columns has to be specified for iterator expression.
[2026-09-18T12:24:56.745+0000] {processor.py:842} WARNING - No viable dags retrieved from /opt/airflow/dags/etl.py
[2026-09-18T12:24:56.753+0000] {processor.py:183} INFO - Processing /opt/airflow/dags/etl.py took 0.022 seconds
[2026-09-18T12:25:26.875+0000] {processor.py:161} INFO - Started process (PID=71) to work on /opt/airflow/dags/etl.py
[2026-09-18T12:25:26.875+0000] {processor.py:830} INFO - Processing file /opt/airflow/dags/etl.py for tasks to queue
[2026-09-18T12:25:26.877+0000] {logging_mixin.py:188} INFO - [2026-09-18T12:25:26.877+0000] {dagbag.py:545} INFO - Filling up the DagBag from /opt/airflow/dags/etl.py
[2026-09-18T12:25:26.884+0000] {logging_mixin.py:188} INFO - [2026-09-18T12:25:26.882+0000] {dagbag.py:452} ERROR - Failed to bag_dag: /opt/airflow/dags/etl.py
Traceback (most recent call last):
  File "/home/airflow/.local/lib/python3.11/site-packages/airflow/timetables/_cron.py", line 100, in validate
    croniter(self._expression)
  File "/home/airflow/.local/lib/python3.11/site-packages/croniter/croniter.py", line 187, in __init__
    self.expanded, self.nth_weekday_of_month = self.expand(expr_format, hash_id=hash_id)
                                               ^^^^^^^^^^^^^^^^^^^^^^^^^^^^^^^^^^^^^^^^^
  File "/home/airflow/.local/lib/python3.11/site-packages/croniter/croniter.py", line 821, in expand
    return cls._expand(expr_format, hash_id=hash_id)
           ^^^^^^^^^^^^^^^^^^^^^^^^^^^^^^^^^^^^^^^^^
  File "/home/airflow/.local/lib/python3.11/site-packages/croniter/croniter.py", line 659, in _expand
    raise CroniterBadCronError(cls.bad_length)
croniter.croniter.CroniterBadCronError: Exactly 5 or 6 columns has to be specified for iterator expression.

During handling of the above exception, another exception occurred:

Traceback (most recent call last):
  File "/home/airflow/.local/lib/python3.11/site-packages/airflow/models/dagbag.py", line 447, in _process_modules
    dag.validate()
  File "/home/airflow/.local/lib/python3.11/site-packages/airflow/models/dag.py", line 775, in validate
    self.timetable.validate()
  File "/home/airflow/.local/lib/python3.11/site-packages/airflow/timetables/_cron.py", line 102, in validate
    raise AirflowTimetableInvalid(str(e))
airflow.exceptions.AirflowTimetableInvalid: Exactly 5 or 6 columns has to be specified for iterator expression.
[2026-09-18T12:25:26.884+0000] {processor.py:842} WARNING - No viable dags retrieved from /opt/airflow/dags/etl.py
[2026-09-18T12:25:26.893+0000] {processor.py:183} INFO - Processing /opt/airflow/dags/etl.py took 0.024 seconds
[2026-09-18T12:25:57.256+0000] {processor.py:161} INFO - Started process (PID=72) to work on /opt/airflow/dags/etl.py
[2026-09-18T12:25:57.258+0000] {processor.py:830} INFO - Processing file /opt/airflow/dags/etl.py for tasks to queue
[2026-09-18T12:25:57.259+0000] {logging_mixin.py:188} INFO - [2026-09-18T12:25:57.259+0000] {dagbag.py:545} INFO - Filling up the DagBag from /opt/airflow/dags/etl.py
[2026-09-18T12:25:57.266+0000] {logging_mixin.py:188} INFO - [2026-09-18T12:25:57.264+0000] {dagbag.py:452} ERROR - Failed to bag_dag: /opt/airflow/dags/etl.py
Traceback (most recent call last):
  File "/home/airflow/.local/lib/python3.11/site-packages/airflow/timetables/_cron.py", line 100, in validate
    croniter(self._expression)
  File "/home/airflow/.local/lib/python3.11/site-packages/croniter/croniter.py", line 187, in __init__
    self.expanded, self.nth_weekday_of_month = self.expand(expr_format, hash_id=hash_id)
                                               ^^^^^^^^^^^^^^^^^^^^^^^^^^^^^^^^^^^^^^^^^
  File "/home/airflow/.local/lib/python3.11/site-packages/croniter/croniter.py", line 821, in expand
    return cls._expand(expr_format, hash_id=hash_id)
           ^^^^^^^^^^^^^^^^^^^^^^^^^^^^^^^^^^^^^^^^^
  File "/home/airflow/.local/lib/python3.11/site-packages/croniter/croniter.py", line 659, in _expand
    raise CroniterBadCronError(cls.bad_length)
croniter.croniter.CroniterBadCronError: Exactly 5 or 6 columns has to be specified for iterator expression.

During handling of the above exception, another exception occurred:

Traceback (most recent call last):
  File "/home/airflow/.local/lib/python3.11/site-packages/airflow/models/dagbag.py", line 447, in _process_modules
    dag.validate()
  File "/home/airflow/.local/lib/python3.11/site-packages/airflow/models/dag.py", line 775, in validate
    self.timetable.validate()
  File "/home/airflow/.local/lib/python3.11/site-packages/airflow/timetables/_cron.py", line 102, in validate
    raise AirflowTimetableInvalid(str(e))
airflow.exceptions.AirflowTimetableInvalid: Exactly 5 or 6 columns has to be specified for iterator expression.
[2026-09-18T12:25:57.266+0000] {processor.py:842} WARNING - No viable dags retrieved from /opt/airflow/dags/etl.py
[2026-09-18T12:25:57.276+0000] {processor.py:183} INFO - Processing /opt/airflow/dags/etl.py took 0.024 seconds
[2026-09-18T12:26:27.565+0000] {processor.py:161} INFO - Started process (PID=73) to work on /opt/airflow/dags/etl.py
[2026-09-18T12:26:27.566+0000] {processor.py:830} INFO - Processing file /opt/airflow/dags/etl.py for tasks to queue
[2026-09-18T12:26:27.568+0000] {logging_mixin.py:188} INFO - [2026-09-18T12:26:27.568+0000] {dagbag.py:545} INFO - Filling up the DagBag from /opt/airflow/dags/etl.py
[2026-09-18T12:26:27.574+0000] {logging_mixin.py:188} INFO - [2026-09-18T12:26:27.572+0000] {dagbag.py:452} ERROR - Failed to bag_dag: /opt/airflow/dags/etl.py
Traceback (most recent call last):
  File "/home/airflow/.local/lib/python3.11/site-packages/airflow/timetables/_cron.py", line 100, in validate
    croniter(self._expression)
  File "/home/airflow/.local/lib/python3.11/site-packages/croniter/croniter.py", line 187, in __init__
    self.expanded, self.nth_weekday_of_month = self.expand(expr_format, hash_id=hash_id)
                                               ^^^^^^^^^^^^^^^^^^^^^^^^^^^^^^^^^^^^^^^^^
  File "/home/airflow/.local/lib/python3.11/site-packages/croniter/croniter.py", line 821, in expand
    return cls._expand(expr_format, hash_id=hash_id)
           ^^^^^^^^^^^^^^^^^^^^^^^^^^^^^^^^^^^^^^^^^
  File "/home/airflow/.local/lib/python3.11/site-packages/croniter/croniter.py", line 659, in _expand
    raise CroniterBadCronError(cls.bad_length)
croniter.croniter.CroniterBadCronError: Exactly 5 or 6 columns has to be specified for iterator expression.

During handling of the above exception, another exception occurred:

Traceback (most recent call last):
  File "/home/airflow/.local/lib/python3.11/site-packages/airflow/models/dagbag.py", line 447, in _process_modules
    dag.validate()
  File "/home/airflow/.local/lib/python3.11/site-packages/airflow/models/dag.py", line 775, in validate
    self.timetable.validate()
  File "/home/airflow/.local/lib/python3.11/site-packages/airflow/timetables/_cron.py", line 102, in validate
    raise AirflowTimetableInvalid(str(e))
airflow.exceptions.AirflowTimetableInvalid: Exactly 5 or 6 columns has to be specified for iterator expression.
[2026-09-18T12:26:27.574+0000] {processor.py:842} WARNING - No viable dags retrieved from /opt/airflow/dags/etl.py
[2026-09-18T12:26:27.582+0000] {processor.py:183} INFO - Processing /opt/airflow/dags/etl.py took 0.025 seconds
[2026-09-18T12:26:57.954+0000] {processor.py:161} INFO - Started process (PID=74) to work on /opt/airflow/dags/etl.py
[2026-09-18T12:26:57.956+0000] {processor.py:830} INFO - Processing file /opt/airflow/dags/etl.py for tasks to queue
[2026-09-18T12:26:57.958+0000] {logging_mixin.py:188} INFO - [2026-09-18T12:26:57.957+0000] {dagbag.py:545} INFO - Filling up the DagBag from /opt/airflow/dags/etl.py
[2026-09-18T12:26:57.965+0000] {logging_mixin.py:188} INFO - [2026-09-18T12:26:57.963+0000] {dagbag.py:452} ERROR - Failed to bag_dag: /opt/airflow/dags/etl.py
Traceback (most recent call last):
  File "/home/airflow/.local/lib/python3.11/site-packages/airflow/timetables/_cron.py", line 100, in validate
    croniter(self._expression)
  File "/home/airflow/.local/lib/python3.11/site-packages/croniter/croniter.py", line 187, in __init__
    self.expanded, self.nth_weekday_of_month = self.expand(expr_format, hash_id=hash_id)
                                               ^^^^^^^^^^^^^^^^^^^^^^^^^^^^^^^^^^^^^^^^^
  File "/home/airflow/.local/lib/python3.11/site-packages/croniter/croniter.py", line 821, in expand
    return cls._expand(expr_format, hash_id=hash_id)
           ^^^^^^^^^^^^^^^^^^^^^^^^^^^^^^^^^^^^^^^^^
  File "/home/airflow/.local/lib/python3.11/site-packages/croniter/croniter.py", line 659, in _expand
    raise CroniterBadCronError(cls.bad_length)
croniter.croniter.CroniterBadCronError: Exactly 5 or 6 columns has to be specified for iterator expression.

During handling of the above exception, another exception occurred:

Traceback (most recent call last):
  File "/home/airflow/.local/lib/python3.11/site-packages/airflow/models/dagbag.py", line 447, in _process_modules
    dag.validate()
  File "/home/airflow/.local/lib/python3.11/site-packages/airflow/models/dag.py", line 775, in validate
    self.timetable.validate()
  File "/home/airflow/.local/lib/python3.11/site-packages/airflow/timetables/_cron.py", line 102, in validate
    raise AirflowTimetableInvalid(str(e))
airflow.exceptions.AirflowTimetableInvalid: Exactly 5 or 6 columns has to be specified for iterator expression.
[2026-09-18T12:26:57.965+0000] {processor.py:842} WARNING - No viable dags retrieved from /opt/airflow/dags/etl.py
[2026-09-18T12:26:57.973+0000] {processor.py:183} INFO - Processing /opt/airflow/dags/etl.py took 0.026 seconds
[2026-09-18T12:27:28.171+0000] {processor.py:161} INFO - Started process (PID=75) to work on /opt/airflow/dags/etl.py
[2026-09-18T12:27:28.171+0000] {processor.py:830} INFO - Processing file /opt/airflow/dags/etl.py for tasks to queue
[2026-09-18T12:27:28.173+0000] {logging_mixin.py:188} INFO - [2026-09-18T12:27:28.172+0000] {dagbag.py:545} INFO - Filling up the DagBag from /opt/airflow/dags/etl.py
[2026-09-18T12:27:28.178+0000] {logging_mixin.py:188} INFO - [2026-09-18T12:27:28.176+0000] {dagbag.py:452} ERROR - Failed to bag_dag: /opt/airflow/dags/etl.py
Traceback (most recent call last):
  File "/home/airflow/.local/lib/python3.11/site-packages/airflow/timetables/_cron.py", line 100, in validate
    croniter(self._expression)
  File "/home/airflow/.local/lib/python3.11/site-packages/croniter/croniter.py", line 187, in __init__
    self.expanded, self.nth_weekday_of_month = self.expand(expr_format, hash_id=hash_id)
                                               ^^^^^^^^^^^^^^^^^^^^^^^^^^^^^^^^^^^^^^^^^
  File "/home/airflow/.local/lib/python3.11/site-packages/croniter/croniter.py", line 821, in expand
    return cls._expand(expr_format, hash_id=hash_id)
           ^^^^^^^^^^^^^^^^^^^^^^^^^^^^^^^^^^^^^^^^^
  File "/home/airflow/.local/lib/python3.11/site-packages/croniter/croniter.py", line 659, in _expand
    raise CroniterBadCronError(cls.bad_length)
croniter.croniter.CroniterBadCronError: Exactly 5 or 6 columns has to be specified for iterator expression.

During handling of the above exception, another exception occurred:

Traceback (most recent call last):
  File "/home/airflow/.local/lib/python3.11/site-packages/airflow/models/dagbag.py", line 447, in _process_modules
    dag.validate()
  File "/home/airflow/.local/lib/python3.11/site-packages/airflow/models/dag.py", line 775, in validate
    self.timetable.validate()
  File "/home/airflow/.local/lib/python3.11/site-packages/airflow/timetables/_cron.py", line 102, in validate
    raise AirflowTimetableInvalid(str(e))
airflow.exceptions.AirflowTimetableInvalid: Exactly 5 or 6 columns has to be specified for iterator expression.
[2026-09-18T12:27:28.178+0000] {processor.py:842} WARNING - No viable dags retrieved from /opt/airflow/dags/etl.py
[2026-09-18T12:27:28.186+0000] {processor.py:183} INFO - Processing /opt/airflow/dags/etl.py took 0.020 seconds
[2026-09-18T12:27:58.523+0000] {processor.py:161} INFO - Started process (PID=76) to work on /opt/airflow/dags/etl.py
[2026-09-18T12:27:58.525+0000] {processor.py:830} INFO - Processing file /opt/airflow/dags/etl.py for tasks to queue
[2026-09-18T12:27:58.527+0000] {logging_mixin.py:188} INFO - [2026-09-18T12:27:58.526+0000] {dagbag.py:545} INFO - Filling up the DagBag from /opt/airflow/dags/etl.py
[2026-09-18T12:27:58.532+0000] {logging_mixin.py:188} INFO - [2026-09-18T12:27:58.530+0000] {dagbag.py:452} ERROR - Failed to bag_dag: /opt/airflow/dags/etl.py
Traceback (most recent call last):
  File "/home/airflow/.local/lib/python3.11/site-packages/airflow/timetables/_cron.py", line 100, in validate
    croniter(self._expression)
  File "/home/airflow/.local/lib/python3.11/site-packages/croniter/croniter.py", line 187, in __init__
    self.expanded, self.nth_weekday_of_month = self.expand(expr_format, hash_id=hash_id)
                                               ^^^^^^^^^^^^^^^^^^^^^^^^^^^^^^^^^^^^^^^^^
  File "/home/airflow/.local/lib/python3.11/site-packages/croniter/croniter.py", line 821, in expand
    return cls._expand(expr_format, hash_id=hash_id)
           ^^^^^^^^^^^^^^^^^^^^^^^^^^^^^^^^^^^^^^^^^
  File "/home/airflow/.local/lib/python3.11/site-packages/croniter/croniter.py", line 659, in _expand
    raise CroniterBadCronError(cls.bad_length)
croniter.croniter.CroniterBadCronError: Exactly 5 or 6 columns has to be specified for iterator expression.

During handling of the above exception, another exception occurred:

Traceback (most recent call last):
  File "/home/airflow/.local/lib/python3.11/site-packages/airflow/models/dagbag.py", line 447, in _process_modules
    dag.validate()
  File "/home/airflow/.local/lib/python3.11/site-packages/airflow/models/dag.py", line 775, in validate
    self.timetable.validate()
  File "/home/airflow/.local/lib/python3.11/site-packages/airflow/timetables/_cron.py", line 102, in validate
    raise AirflowTimetableInvalid(str(e))
airflow.exceptions.AirflowTimetableInvalid: Exactly 5 or 6 columns has to be specified for iterator expression.
[2026-09-18T12:27:58.532+0000] {processor.py:842} WARNING - No viable dags retrieved from /opt/airflow/dags/etl.py
[2026-09-18T12:27:58.541+0000] {processor.py:183} INFO - Processing /opt/airflow/dags/etl.py took 0.021 seconds
[2026-09-18T12:28:28.820+0000] {processor.py:161} INFO - Started process (PID=77) to work on /opt/airflow/dags/etl.py
[2026-09-18T12:28:28.821+0000] {processor.py:830} INFO - Processing file /opt/airflow/dags/etl.py for tasks to queue
[2026-09-18T12:28:28.823+0000] {logging_mixin.py:188} INFO - [2026-09-18T12:28:28.823+0000] {dagbag.py:545} INFO - Filling up the DagBag from /opt/airflow/dags/etl.py
[2026-09-18T12:28:28.830+0000] {logging_mixin.py:188} INFO - [2026-09-18T12:28:28.828+0000] {dagbag.py:452} ERROR - Failed to bag_dag: /opt/airflow/dags/etl.py
Traceback (most recent call last):
  File "/home/airflow/.local/lib/python3.11/site-packages/airflow/timetables/_cron.py", line 100, in validate
    croniter(self._expression)
  File "/home/airflow/.local/lib/python3.11/site-packages/croniter/croniter.py", line 187, in __init__
    self.expanded, self.nth_weekday_of_month = self.expand(expr_format, hash_id=hash_id)
                                               ^^^^^^^^^^^^^^^^^^^^^^^^^^^^^^^^^^^^^^^^^
  File "/home/airflow/.local/lib/python3.11/site-packages/croniter/croniter.py", line 821, in expand
    return cls._expand(expr_format, hash_id=hash_id)
           ^^^^^^^^^^^^^^^^^^^^^^^^^^^^^^^^^^^^^^^^^
  File "/home/airflow/.local/lib/python3.11/site-packages/croniter/croniter.py", line 659, in _expand
    raise CroniterBadCronError(cls.bad_length)
croniter.croniter.CroniterBadCronError: Exactly 5 or 6 columns has to be specified for iterator expression.

During handling of the above exception, another exception occurred:

Traceback (most recent call last):
  File "/home/airflow/.local/lib/python3.11/site-packages/airflow/models/dagbag.py", line 447, in _process_modules
    dag.validate()
  File "/home/airflow/.local/lib/python3.11/site-packages/airflow/models/dag.py", line 775, in validate
    self.timetable.validate()
  File "/home/airflow/.local/lib/python3.11/site-packages/airflow/timetables/_cron.py", line 102, in validate
    raise AirflowTimetableInvalid(str(e))
airflow.exceptions.AirflowTimetableInvalid: Exactly 5 or 6 columns has to be specified for iterator expression.
[2026-09-18T12:28:28.830+0000] {processor.py:842} WARNING - No viable dags retrieved from /opt/airflow/dags/etl.py
[2026-09-18T12:28:28.838+0000] {processor.py:183} INFO - Processing /opt/airflow/dags/etl.py took 0.027 seconds
[2026-09-18T12:28:59.169+0000] {processor.py:161} INFO - Started process (PID=85) to work on /opt/airflow/dags/etl.py
[2026-09-18T12:28:59.177+0000] {processor.py:830} INFO - Processing file /opt/airflow/dags/etl.py for tasks to queue
[2026-09-18T12:28:59.179+0000] {logging_mixin.py:188} INFO - [2026-09-18T12:28:59.179+0000] {dagbag.py:545} INFO - Filling up the DagBag from /opt/airflow/dags/etl.py
[2026-09-18T12:28:59.184+0000] {logging_mixin.py:188} INFO - [2026-09-18T12:28:59.183+0000] {dagbag.py:452} ERROR - Failed to bag_dag: /opt/airflow/dags/etl.py
Traceback (most recent call last):
  File "/home/airflow/.local/lib/python3.11/site-packages/airflow/timetables/_cron.py", line 100, in validate
    croniter(self._expression)
  File "/home/airflow/.local/lib/python3.11/site-packages/croniter/croniter.py", line 187, in __init__
    self.expanded, self.nth_weekday_of_month = self.expand(expr_format, hash_id=hash_id)
                                               ^^^^^^^^^^^^^^^^^^^^^^^^^^^^^^^^^^^^^^^^^
  File "/home/airflow/.local/lib/python3.11/site-packages/croniter/croniter.py", line 821, in expand
    return cls._expand(expr_format, hash_id=hash_id)
           ^^^^^^^^^^^^^^^^^^^^^^^^^^^^^^^^^^^^^^^^^
  File "/home/airflow/.local/lib/python3.11/site-packages/croniter/croniter.py", line 659, in _expand
    raise CroniterBadCronError(cls.bad_length)
croniter.croniter.CroniterBadCronError: Exactly 5 or 6 columns has to be specified for iterator expression.

During handling of the above exception, another exception occurred:

Traceback (most recent call last):
  File "/home/airflow/.local/lib/python3.11/site-packages/airflow/models/dagbag.py", line 447, in _process_modules
    dag.validate()
  File "/home/airflow/.local/lib/python3.11/site-packages/airflow/models/dag.py", line 775, in validate
    self.timetable.validate()
  File "/home/airflow/.local/lib/python3.11/site-packages/airflow/timetables/_cron.py", line 102, in validate
    raise AirflowTimetableInvalid(str(e))
airflow.exceptions.AirflowTimetableInvalid: Exactly 5 or 6 columns has to be specified for iterator expression.
[2026-09-18T12:28:59.185+0000] {processor.py:842} WARNING - No viable dags retrieved from /opt/airflow/dags/etl.py
[2026-09-18T12:28:59.194+0000] {processor.py:183} INFO - Processing /opt/airflow/dags/etl.py took 0.029 seconds
[2026-09-18T12:29:29.471+0000] {processor.py:161} INFO - Started process (PID=88) to work on /opt/airflow/dags/etl.py
[2026-09-18T12:29:29.472+0000] {processor.py:830} INFO - Processing file /opt/airflow/dags/etl.py for tasks to queue
[2026-09-18T12:29:29.475+0000] {logging_mixin.py:188} INFO - [2026-09-18T12:29:29.474+0000] {dagbag.py:545} INFO - Filling up the DagBag from /opt/airflow/dags/etl.py
[2026-09-18T12:29:29.483+0000] {logging_mixin.py:188} INFO - [2026-09-18T12:29:29.481+0000] {dagbag.py:452} ERROR - Failed to bag_dag: /opt/airflow/dags/etl.py
Traceback (most recent call last):
  File "/home/airflow/.local/lib/python3.11/site-packages/airflow/timetables/_cron.py", line 100, in validate
    croniter(self._expression)
  File "/home/airflow/.local/lib/python3.11/site-packages/croniter/croniter.py", line 187, in __init__
    self.expanded, self.nth_weekday_of_month = self.expand(expr_format, hash_id=hash_id)
                                               ^^^^^^^^^^^^^^^^^^^^^^^^^^^^^^^^^^^^^^^^^
  File "/home/airflow/.local/lib/python3.11/site-packages/croniter/croniter.py", line 821, in expand
    return cls._expand(expr_format, hash_id=hash_id)
           ^^^^^^^^^^^^^^^^^^^^^^^^^^^^^^^^^^^^^^^^^
  File "/home/airflow/.local/lib/python3.11/site-packages/croniter/croniter.py", line 659, in _expand
    raise CroniterBadCronError(cls.bad_length)
croniter.croniter.CroniterBadCronError: Exactly 5 or 6 columns has to be specified for iterator expression.

During handling of the above exception, another exception occurred:

Traceback (most recent call last):
  File "/home/airflow/.local/lib/python3.11/site-packages/airflow/models/dagbag.py", line 447, in _process_modules
    dag.validate()
  File "/home/airflow/.local/lib/python3.11/site-packages/airflow/models/dag.py", line 775, in validate
    self.timetable.validate()
  File "/home/airflow/.local/lib/python3.11/site-packages/airflow/timetables/_cron.py", line 102, in validate
    raise AirflowTimetableInvalid(str(e))
airflow.exceptions.AirflowTimetableInvalid: Exactly 5 or 6 columns has to be specified for iterator expression.
[2026-09-18T12:29:29.483+0000] {processor.py:842} WARNING - No viable dags retrieved from /opt/airflow/dags/etl.py
[2026-09-18T12:29:29.491+0000] {processor.py:183} INFO - Processing /opt/airflow/dags/etl.py took 0.026 seconds
[2026-09-18T12:29:59.688+0000] {processor.py:161} INFO - Started process (PID=89) to work on /opt/airflow/dags/etl.py
[2026-09-18T12:29:59.689+0000] {processor.py:830} INFO - Processing file /opt/airflow/dags/etl.py for tasks to queue
[2026-09-18T12:29:59.691+0000] {logging_mixin.py:188} INFO - [2026-09-18T12:29:59.691+0000] {dagbag.py:545} INFO - Filling up the DagBag from /opt/airflow/dags/etl.py
[2026-09-18T12:29:59.698+0000] {logging_mixin.py:188} INFO - [2026-09-18T12:29:59.696+0000] {dagbag.py:452} ERROR - Failed to bag_dag: /opt/airflow/dags/etl.py
Traceback (most recent call last):
  File "/home/airflow/.local/lib/python3.11/site-packages/airflow/timetables/_cron.py", line 100, in validate
    croniter(self._expression)
  File "/home/airflow/.local/lib/python3.11/site-packages/croniter/croniter.py", line 187, in __init__
    self.expanded, self.nth_weekday_of_month = self.expand(expr_format, hash_id=hash_id)
                                               ^^^^^^^^^^^^^^^^^^^^^^^^^^^^^^^^^^^^^^^^^
  File "/home/airflow/.local/lib/python3.11/site-packages/croniter/croniter.py", line 821, in expand
    return cls._expand(expr_format, hash_id=hash_id)
           ^^^^^^^^^^^^^^^^^^^^^^^^^^^^^^^^^^^^^^^^^
  File "/home/airflow/.local/lib/python3.11/site-packages/croniter/croniter.py", line 659, in _expand
    raise CroniterBadCronError(cls.bad_length)
croniter.croniter.CroniterBadCronError: Exactly 5 or 6 columns has to be specified for iterator expression.

During handling of the above exception, another exception occurred:

Traceback (most recent call last):
  File "/home/airflow/.local/lib/python3.11/site-packages/airflow/models/dagbag.py", line 447, in _process_modules
    dag.validate()
  File "/home/airflow/.local/lib/python3.11/site-packages/airflow/models/dag.py", line 775, in validate
    self.timetable.validate()
  File "/home/airflow/.local/lib/python3.11/site-packages/airflow/timetables/_cron.py", line 102, in validate
    raise AirflowTimetableInvalid(str(e))
airflow.exceptions.AirflowTimetableInvalid: Exactly 5 or 6 columns has to be specified for iterator expression.
[2026-09-18T12:29:59.698+0000] {processor.py:842} WARNING - No viable dags retrieved from /opt/airflow/dags/etl.py
[2026-09-18T12:29:59.706+0000] {processor.py:183} INFO - Processing /opt/airflow/dags/etl.py took 0.027 seconds
[2026-09-18T12:30:30.019+0000] {processor.py:161} INFO - Started process (PID=90) to work on /opt/airflow/dags/etl.py
[2026-09-18T12:30:30.019+0000] {processor.py:830} INFO - Processing file /opt/airflow/dags/etl.py for tasks to queue
[2026-09-18T12:30:30.020+0000] {logging_mixin.py:188} INFO - [2026-09-18T12:30:30.020+0000] {dagbag.py:545} INFO - Filling up the DagBag from /opt/airflow/dags/etl.py
[2026-09-18T12:30:30.026+0000] {logging_mixin.py:188} INFO - [2026-09-18T12:30:30.024+0000] {dagbag.py:452} ERROR - Failed to bag_dag: /opt/airflow/dags/etl.py
Traceback (most recent call last):
  File "/home/airflow/.local/lib/python3.11/site-packages/airflow/timetables/_cron.py", line 100, in validate
    croniter(self._expression)
  File "/home/airflow/.local/lib/python3.11/site-packages/croniter/croniter.py", line 187, in __init__
    self.expanded, self.nth_weekday_of_month = self.expand(expr_format, hash_id=hash_id)
                                               ^^^^^^^^^^^^^^^^^^^^^^^^^^^^^^^^^^^^^^^^^
  File "/home/airflow/.local/lib/python3.11/site-packages/croniter/croniter.py", line 821, in expand
    return cls._expand(expr_format, hash_id=hash_id)
           ^^^^^^^^^^^^^^^^^^^^^^^^^^^^^^^^^^^^^^^^^
  File "/home/airflow/.local/lib/python3.11/site-packages/croniter/croniter.py", line 659, in _expand
    raise CroniterBadCronError(cls.bad_length)
croniter.croniter.CroniterBadCronError: Exactly 5 or 6 columns has to be specified for iterator expression.

During handling of the above exception, another exception occurred:

Traceback (most recent call last):
  File "/home/airflow/.local/lib/python3.11/site-packages/airflow/models/dagbag.py", line 447, in _process_modules
    dag.validate()
  File "/home/airflow/.local/lib/python3.11/site-packages/airflow/models/dag.py", line 775, in validate
    self.timetable.validate()
  File "/home/airflow/.local/lib/python3.11/site-packages/airflow/timetables/_cron.py", line 102, in validate
    raise AirflowTimetableInvalid(str(e))
airflow.exceptions.AirflowTimetableInvalid: Exactly 5 or 6 columns has to be specified for iterator expression.
[2026-09-18T12:30:30.026+0000] {processor.py:842} WARNING - No viable dags retrieved from /opt/airflow/dags/etl.py
[2026-09-18T12:30:30.035+0000] {processor.py:183} INFO - Processing /opt/airflow/dags/etl.py took 0.020 seconds
[2026-09-18T12:31:00.352+0000] {processor.py:161} INFO - Started process (PID=91) to work on /opt/airflow/dags/etl.py
[2026-09-18T12:31:00.352+0000] {processor.py:830} INFO - Processing file /opt/airflow/dags/etl.py for tasks to queue
[2026-09-18T12:31:00.353+0000] {logging_mixin.py:188} INFO - [2026-09-18T12:31:00.353+0000] {dagbag.py:545} INFO - Filling up the DagBag from /opt/airflow/dags/etl.py
[2026-09-18T12:31:00.357+0000] {logging_mixin.py:188} INFO - [2026-09-18T12:31:00.356+0000] {dagbag.py:452} ERROR - Failed to bag_dag: /opt/airflow/dags/etl.py
Traceback (most recent call last):
  File "/home/airflow/.local/lib/python3.11/site-packages/airflow/timetables/_cron.py", line 100, in validate
    croniter(self._expression)
  File "/home/airflow/.local/lib/python3.11/site-packages/croniter/croniter.py", line 187, in __init__
    self.expanded, self.nth_weekday_of_month = self.expand(expr_format, hash_id=hash_id)
                                               ^^^^^^^^^^^^^^^^^^^^^^^^^^^^^^^^^^^^^^^^^
  File "/home/airflow/.local/lib/python3.11/site-packages/croniter/croniter.py", line 821, in expand
    return cls._expand(expr_format, hash_id=hash_id)
           ^^^^^^^^^^^^^^^^^^^^^^^^^^^^^^^^^^^^^^^^^
  File "/home/airflow/.local/lib/python3.11/site-packages/croniter/croniter.py", line 659, in _expand
    raise CroniterBadCronError(cls.bad_length)
croniter.croniter.CroniterBadCronError: Exactly 5 or 6 columns has to be specified for iterator expression.

During handling of the above exception, another exception occurred:

Traceback (most recent call last):
  File "/home/airflow/.local/lib/python3.11/site-packages/airflow/models/dagbag.py", line 447, in _process_modules
    dag.validate()
  File "/home/airflow/.local/lib/python3.11/site-packages/airflow/models/dag.py", line 775, in validate
    self.timetable.validate()
  File "/home/airflow/.local/lib/python3.11/site-packages/airflow/timetables/_cron.py", line 102, in validate
    raise AirflowTimetableInvalid(str(e))
airflow.exceptions.AirflowTimetableInvalid: Exactly 5 or 6 columns has to be specified for iterator expression.
[2026-09-18T12:31:00.357+0000] {processor.py:842} WARNING - No viable dags retrieved from /opt/airflow/dags/etl.py
[2026-09-18T12:31:00.365+0000] {processor.py:183} INFO - Processing /opt/airflow/dags/etl.py took 0.017 seconds
[2026-09-18T12:31:01.498+0000] {processor.py:161} INFO - Started process (PID=92) to work on /opt/airflow/dags/etl.py
[2026-09-18T12:31:01.498+0000] {processor.py:830} INFO - Processing file /opt/airflow/dags/etl.py for tasks to queue
[2026-09-18T12:31:01.499+0000] {logging_mixin.py:188} INFO - [2026-09-18T12:31:01.499+0000] {dagbag.py:545} INFO - Filling up the DagBag from /opt/airflow/dags/etl.py
[2026-09-18T12:31:01.505+0000] {processor.py:840} INFO - DAG(s) 'ecommerce_data' retrieved from /opt/airflow/dags/etl.py
[2026-09-18T12:31:01.653+0000] {logging_mixin.py:188} INFO - [2026-09-18T12:31:01.652+0000] {override.py:1829} INFO - Created Permission View: can delete on DAG:ecommerce_data
[2026-09-18T12:31:01.658+0000] {logging_mixin.py:188} INFO - [2026-09-18T12:31:01.657+0000] {override.py:1829} INFO - Created Permission View: can read on DAG:ecommerce_data
[2026-09-18T12:31:01.661+0000] {logging_mixin.py:188} INFO - [2026-09-18T12:31:01.661+0000] {override.py:1829} INFO - Created Permission View: can edit on DAG:ecommerce_data
[2026-09-18T12:31:01.661+0000] {logging_mixin.py:188} INFO - [2026-09-18T12:31:01.661+0000] {dag.py:3096} INFO - Sync 1 DAGs
[2026-09-18T12:31:01.666+0000] {logging_mixin.py:188} INFO - [2026-09-18T12:31:01.666+0000] {dag.py:3118} INFO - Creating ORM DAG for ecommerce_data
[2026-09-18T12:31:01.670+0000] {logging_mixin.py:188} INFO - [2026-09-18T12:31:01.670+0000] {dag.py:3954} INFO - Setting next_dagrun for ecommerce_data to 2019-10-01 00:00:00+00:00, run_after=2019-10-02 00:00:00+00:00
[2026-09-18T12:31:01.686+0000] {processor.py:183} INFO - Processing /opt/airflow/dags/etl.py took 0.191 seconds
[2026-09-18T12:31:31.715+0000] {processor.py:161} INFO - Started process (PID=93) to work on /opt/airflow/dags/etl.py
[2026-09-18T12:31:31.717+0000] {processor.py:830} INFO - Processing file /opt/airflow/dags/etl.py for tasks to queue
[2026-09-18T12:31:31.719+0000] {logging_mixin.py:188} INFO - [2026-09-18T12:31:31.718+0000] {dagbag.py:545} INFO - Filling up the DagBag from /opt/airflow/dags/etl.py
[2026-09-18T12:31:31.726+0000] {processor.py:840} INFO - DAG(s) 'ecommerce_data' retrieved from /opt/airflow/dags/etl.py
[2026-09-18T12:31:31.740+0000] {logging_mixin.py:188} INFO - [2026-09-18T12:31:31.740+0000] {dag.py:3096} INFO - Sync 1 DAGs
[2026-09-18T12:31:31.837+0000] {logging_mixin.py:188} INFO - [2026-09-18T12:31:31.837+0000] {dag.py:3954} INFO - Setting next_dagrun for ecommerce_data to 2019-10-01 00:00:00+00:00, run_after=2019-10-02 00:00:00+00:00
[2026-09-18T12:31:31.848+0000] {processor.py:183} INFO - Processing /opt/airflow/dags/etl.py took 0.140 seconds
[2026-09-18T12:32:05.892+0000] {processor.py:161} INFO - Started process (PID=912) to work on /opt/airflow/dags/etl.py
[2026-09-18T12:32:05.893+0000] {processor.py:830} INFO - Processing file /opt/airflow/dags/etl.py for tasks to queue
[2026-09-18T12:32:05.894+0000] {logging_mixin.py:188} INFO - [2026-09-18T12:32:05.894+0000] {dagbag.py:545} INFO - Filling up the DagBag from /opt/airflow/dags/etl.py
[2026-09-18T12:32:05.900+0000] {processor.py:840} INFO - DAG(s) 'ecommerce_data' retrieved from /opt/airflow/dags/etl.py
[2026-09-18T12:32:05.914+0000] {logging_mixin.py:188} INFO - [2026-09-18T12:32:05.914+0000] {dag.py:3096} INFO - Sync 1 DAGs
[2026-09-18T12:32:06.006+0000] {logging_mixin.py:188} INFO - [2026-09-18T12:32:06.006+0000] {dag.py:3954} INFO - Setting next_dagrun for ecommerce_data to 2019-10-06 00:00:00+00:00, run_after=2019-10-07 00:00:00+00:00
[2026-09-18T12:32:06.017+0000] {processor.py:183} INFO - Processing /opt/airflow/dags/etl.py took 0.128 seconds
[2026-09-18T12:32:39.176+0000] {processor.py:161} INFO - Started process (PID=1733) to work on /opt/airflow/dags/etl.py
[2026-09-18T12:32:39.176+0000] {processor.py:830} INFO - Processing file /opt/airflow/dags/etl.py for tasks to queue
[2026-09-18T12:32:39.177+0000] {logging_mixin.py:188} INFO - [2026-09-18T12:32:39.177+0000] {dagbag.py:545} INFO - Filling up the DagBag from /opt/airflow/dags/etl.py
[2026-09-18T12:32:39.184+0000] {processor.py:840} INFO - DAG(s) 'ecommerce_data' retrieved from /opt/airflow/dags/etl.py
[2026-09-18T12:32:39.197+0000] {logging_mixin.py:188} INFO - [2026-09-18T12:32:39.197+0000] {dag.py:3096} INFO - Sync 1 DAGs
[2026-09-18T12:32:39.295+0000] {logging_mixin.py:188} INFO - [2026-09-18T12:32:39.295+0000] {dag.py:3954} INFO - Setting next_dagrun for ecommerce_data to 2019-10-07 00:00:00+00:00, run_after=2019-10-08 00:00:00+00:00
[2026-09-18T12:32:39.305+0000] {processor.py:183} INFO - Processing /opt/airflow/dags/etl.py took 0.133 seconds
[2026-09-18T12:33:09.707+0000] {processor.py:161} INFO - Started process (PID=2484) to work on /opt/airflow/dags/etl.py
[2026-09-18T12:33:09.708+0000] {processor.py:830} INFO - Processing file /opt/airflow/dags/etl.py for tasks to queue
[2026-09-18T12:33:09.709+0000] {logging_mixin.py:188} INFO - [2026-09-18T12:33:09.709+0000] {dagbag.py:545} INFO - Filling up the DagBag from /opt/airflow/dags/etl.py
[2026-09-18T12:33:09.714+0000] {processor.py:840} INFO - DAG(s) 'ecommerce_data' retrieved from /opt/airflow/dags/etl.py
[2026-09-18T12:33:09.727+0000] {logging_mixin.py:188} INFO - [2026-09-18T12:33:09.726+0000] {dag.py:3096} INFO - Sync 1 DAGs
[2026-09-18T12:33:09.816+0000] {logging_mixin.py:188} INFO - [2026-09-18T12:33:09.816+0000] {dag.py:3954} INFO - Setting next_dagrun for ecommerce_data to 2019-10-10 00:00:00+00:00, run_after=2019-10-11 00:00:00+00:00
[2026-09-18T12:33:09.826+0000] {processor.py:183} INFO - Processing /opt/airflow/dags/etl.py took 0.123 seconds
[2026-09-18T12:33:40.727+0000] {processor.py:161} INFO - Started process (PID=3233) to work on /opt/airflow/dags/etl.py
[2026-09-18T12:33:40.727+0000] {processor.py:830} INFO - Processing file /opt/airflow/dags/etl.py for tasks to queue
[2026-09-18T12:33:40.728+0000] {logging_mixin.py:188} INFO - [2026-09-18T12:33:40.728+0000] {dagbag.py:545} INFO - Filling up the DagBag from /opt/airflow/dags/etl.py
[2026-09-18T12:33:40.734+0000] {processor.py:840} INFO - DAG(s) 'ecommerce_data' retrieved from /opt/airflow/dags/etl.py
[2026-09-18T12:33:40.748+0000] {logging_mixin.py:188} INFO - [2026-09-18T12:33:40.748+0000] {dag.py:3096} INFO - Sync 1 DAGs
[2026-09-18T12:33:40.852+0000] {logging_mixin.py:188} INFO - [2026-09-18T12:33:40.852+0000] {dag.py:3954} INFO - Setting next_dagrun for ecommerce_data to 2019-10-12 00:00:00+00:00, run_after=2019-10-13 00:00:00+00:00
[2026-09-18T12:33:40.864+0000] {processor.py:183} INFO - Processing /opt/airflow/dags/etl.py took 0.140 seconds
[2026-09-18T12:34:13.434+0000] {processor.py:161} INFO - Started process (PID=3984) to work on /opt/airflow/dags/etl.py
[2026-09-18T12:34:13.435+0000] {processor.py:830} INFO - Processing file /opt/airflow/dags/etl.py for tasks to queue
[2026-09-18T12:34:13.436+0000] {logging_mixin.py:188} INFO - [2026-09-18T12:34:13.435+0000] {dagbag.py:545} INFO - Filling up the DagBag from /opt/airflow/dags/etl.py
[2026-09-18T12:34:13.443+0000] {processor.py:840} INFO - DAG(s) 'ecommerce_data' retrieved from /opt/airflow/dags/etl.py
[2026-09-18T12:34:13.457+0000] {logging_mixin.py:188} INFO - [2026-09-18T12:34:13.457+0000] {dag.py:3096} INFO - Sync 1 DAGs
[2026-09-18T12:34:13.558+0000] {logging_mixin.py:188} INFO - [2026-09-18T12:34:13.557+0000] {dag.py:3954} INFO - Setting next_dagrun for ecommerce_data to 2019-10-15 00:00:00+00:00, run_after=2019-10-16 00:00:00+00:00
[2026-09-18T12:34:13.570+0000] {processor.py:183} INFO - Processing /opt/airflow/dags/etl.py took 0.139 seconds
[2026-09-18T12:34:43.754+0000] {processor.py:161} INFO - Started process (PID=4360) to work on /opt/airflow/dags/etl.py
[2026-09-18T12:34:43.755+0000] {processor.py:830} INFO - Processing file /opt/airflow/dags/etl.py for tasks to queue
[2026-09-18T12:34:43.757+0000] {logging_mixin.py:188} INFO - [2026-09-18T12:34:43.757+0000] {dagbag.py:545} INFO - Filling up the DagBag from /opt/airflow/dags/etl.py
[2026-09-18T12:34:43.766+0000] {processor.py:840} INFO - DAG(s) 'ecommerce_data' retrieved from /opt/airflow/dags/etl.py
[2026-09-18T12:34:43.859+0000] {logging_mixin.py:188} INFO - [2026-09-18T12:34:43.859+0000] {dag.py:3096} INFO - Sync 1 DAGs
[2026-09-18T12:34:43.868+0000] {logging_mixin.py:188} INFO - [2026-09-18T12:34:43.867+0000] {dag.py:3954} INFO - Setting next_dagrun for ecommerce_data to 2019-10-17 00:00:00+00:00, run_after=2019-10-18 00:00:00+00:00
[2026-09-18T12:34:43.877+0000] {processor.py:183} INFO - Processing /opt/airflow/dags/etl.py took 0.132 seconds
[2026-09-18T12:35:14.180+0000] {processor.py:161} INFO - Started process (PID=4361) to work on /opt/airflow/dags/etl.py
[2026-09-18T12:35:14.182+0000] {processor.py:830} INFO - Processing file /opt/airflow/dags/etl.py for tasks to queue
[2026-09-18T12:35:14.183+0000] {logging_mixin.py:188} INFO - [2026-09-18T12:35:14.183+0000] {dagbag.py:545} INFO - Filling up the DagBag from /opt/airflow/dags/etl.py
[2026-09-18T12:35:14.191+0000] {processor.py:840} INFO - DAG(s) 'ecommerce_data' retrieved from /opt/airflow/dags/etl.py
[2026-09-18T12:35:14.293+0000] {logging_mixin.py:188} INFO - [2026-09-18T12:35:14.293+0000] {dag.py:3096} INFO - Sync 1 DAGs
[2026-09-18T12:35:14.302+0000] {logging_mixin.py:188} INFO - [2026-09-18T12:35:14.302+0000] {dag.py:3954} INFO - Setting next_dagrun for ecommerce_data to 2019-10-17 00:00:00+00:00, run_after=2019-10-18 00:00:00+00:00
[2026-09-18T12:35:14.313+0000] {processor.py:183} INFO - Processing /opt/airflow/dags/etl.py took 0.137 seconds
[2026-09-18T12:35:44.611+0000] {processor.py:161} INFO - Started process (PID=4362) to work on /opt/airflow/dags/etl.py
[2026-09-18T12:35:44.612+0000] {processor.py:830} INFO - Processing file /opt/airflow/dags/etl.py for tasks to queue
[2026-09-18T12:35:44.613+0000] {logging_mixin.py:188} INFO - [2026-09-18T12:35:44.613+0000] {dagbag.py:545} INFO - Filling up the DagBag from /opt/airflow/dags/etl.py
[2026-09-18T12:35:44.718+0000] {processor.py:840} INFO - DAG(s) 'ecommerce_data' retrieved from /opt/airflow/dags/etl.py
[2026-09-18T12:35:44.729+0000] {logging_mixin.py:188} INFO - [2026-09-18T12:35:44.728+0000] {dag.py:3096} INFO - Sync 1 DAGs
[2026-09-18T12:35:44.738+0000] {logging_mixin.py:188} INFO - [2026-09-18T12:35:44.738+0000] {dag.py:3954} INFO - Setting next_dagrun for ecommerce_data to 2019-10-17 00:00:00+00:00, run_after=2019-10-18 00:00:00+00:00
[2026-09-18T12:35:44.750+0000] {processor.py:183} INFO - Processing /opt/airflow/dags/etl.py took 0.143 seconds
[2026-09-18T12:36:15.050+0000] {processor.py:161} INFO - Started process (PID=4363) to work on /opt/airflow/dags/etl.py
[2026-09-18T12:36:15.052+0000] {processor.py:830} INFO - Processing file /opt/airflow/dags/etl.py for tasks to queue
[2026-09-18T12:36:15.054+0000] {logging_mixin.py:188} INFO - [2026-09-18T12:36:15.053+0000] {dagbag.py:545} INFO - Filling up the DagBag from /opt/airflow/dags/etl.py
[2026-09-18T12:36:15.061+0000] {processor.py:840} INFO - DAG(s) 'ecommerce_data' retrieved from /opt/airflow/dags/etl.py
[2026-09-18T12:36:15.075+0000] {logging_mixin.py:188} INFO - [2026-09-18T12:36:15.075+0000] {dag.py:3096} INFO - Sync 1 DAGs
[2026-09-18T12:36:15.086+0000] {logging_mixin.py:188} INFO - [2026-09-18T12:36:15.086+0000] {dag.py:3954} INFO - Setting next_dagrun for ecommerce_data to 2019-10-17 00:00:00+00:00, run_after=2019-10-18 00:00:00+00:00
[2026-09-18T12:36:15.098+0000] {processor.py:183} INFO - Processing /opt/airflow/dags/etl.py took 0.056 seconds
[2026-09-18T12:36:45.369+0000] {processor.py:161} INFO - Started process (PID=4364) to work on /opt/airflow/dags/etl.py
[2026-09-18T12:36:45.369+0000] {processor.py:830} INFO - Processing file /opt/airflow/dags/etl.py for tasks to queue
[2026-09-18T12:36:45.370+0000] {logging_mixin.py:188} INFO - [2026-09-18T12:36:45.370+0000] {dagbag.py:545} INFO - Filling up the DagBag from /opt/airflow/dags/etl.py
[2026-09-18T12:36:45.378+0000] {processor.py:840} INFO - DAG(s) 'ecommerce_data' retrieved from /opt/airflow/dags/etl.py
[2026-09-18T12:36:45.395+0000] {logging_mixin.py:188} INFO - [2026-09-18T12:36:45.395+0000] {dag.py:3096} INFO - Sync 1 DAGs
[2026-09-18T12:36:45.408+0000] {logging_mixin.py:188} INFO - [2026-09-18T12:36:45.408+0000] {dag.py:3954} INFO - Setting next_dagrun for ecommerce_data to 2019-10-17 00:00:00+00:00, run_after=2019-10-18 00:00:00+00:00
[2026-09-18T12:36:45.421+0000] {processor.py:183} INFO - Processing /opt/airflow/dags/etl.py took 0.056 seconds
[2026-09-18T12:37:15.667+0000] {processor.py:161} INFO - Started process (PID=4365) to work on /opt/airflow/dags/etl.py
[2026-09-18T12:37:15.670+0000] {processor.py:830} INFO - Processing file /opt/airflow/dags/etl.py for tasks to queue
[2026-09-18T12:37:15.672+0000] {logging_mixin.py:188} INFO - [2026-09-18T12:37:15.671+0000] {dagbag.py:545} INFO - Filling up the DagBag from /opt/airflow/dags/etl.py
[2026-09-18T12:37:15.679+0000] {processor.py:840} INFO - DAG(s) 'ecommerce_data' retrieved from /opt/airflow/dags/etl.py
[2026-09-18T12:37:15.692+0000] {logging_mixin.py:188} INFO - [2026-09-18T12:37:15.692+0000] {dag.py:3096} INFO - Sync 1 DAGs
[2026-09-18T12:37:15.702+0000] {logging_mixin.py:188} INFO - [2026-09-18T12:37:15.702+0000] {dag.py:3954} INFO - Setting next_dagrun for ecommerce_data to 2019-10-17 00:00:00+00:00, run_after=2019-10-18 00:00:00+00:00
[2026-09-18T12:37:15.711+0000] {processor.py:183} INFO - Processing /opt/airflow/dags/etl.py took 0.054 seconds
[2026-09-18T12:37:46.021+0000] {processor.py:161} INFO - Started process (PID=4366) to work on /opt/airflow/dags/etl.py
[2026-09-18T12:37:46.021+0000] {processor.py:830} INFO - Processing file /opt/airflow/dags/etl.py for tasks to queue
[2026-09-18T12:37:46.023+0000] {logging_mixin.py:188} INFO - [2026-09-18T12:37:46.023+0000] {dagbag.py:545} INFO - Filling up the DagBag from /opt/airflow/dags/etl.py
[2026-09-18T12:37:46.031+0000] {processor.py:840} INFO - DAG(s) 'ecommerce_data' retrieved from /opt/airflow/dags/etl.py
[2026-09-18T12:37:46.047+0000] {logging_mixin.py:188} INFO - [2026-09-18T12:37:46.047+0000] {dag.py:3096} INFO - Sync 1 DAGs
[2026-09-18T12:37:46.059+0000] {logging_mixin.py:188} INFO - [2026-09-18T12:37:46.058+0000] {dag.py:3954} INFO - Setting next_dagrun for ecommerce_data to 2019-10-17 00:00:00+00:00, run_after=2019-10-18 00:00:00+00:00
[2026-09-18T12:37:46.069+0000] {processor.py:183} INFO - Processing /opt/airflow/dags/etl.py took 0.054 seconds
[2026-09-18T12:38:16.334+0000] {processor.py:161} INFO - Started process (PID=4367) to work on /opt/airflow/dags/etl.py
[2026-09-18T12:38:16.336+0000] {processor.py:830} INFO - Processing file /opt/airflow/dags/etl.py for tasks to queue
[2026-09-18T12:38:16.337+0000] {logging_mixin.py:188} INFO - [2026-09-18T12:38:16.337+0000] {dagbag.py:545} INFO - Filling up the DagBag from /opt/airflow/dags/etl.py
[2026-09-18T12:38:16.343+0000] {processor.py:840} INFO - DAG(s) 'ecommerce_data' retrieved from /opt/airflow/dags/etl.py
[2026-09-18T12:38:16.356+0000] {logging_mixin.py:188} INFO - [2026-09-18T12:38:16.356+0000] {dag.py:3096} INFO - Sync 1 DAGs
[2026-09-18T12:38:16.367+0000] {logging_mixin.py:188} INFO - [2026-09-18T12:38:16.367+0000] {dag.py:3954} INFO - Setting next_dagrun for ecommerce_data to 2019-10-17 00:00:00+00:00, run_after=2019-10-18 00:00:00+00:00
[2026-09-18T12:38:16.381+0000] {processor.py:183} INFO - Processing /opt/airflow/dags/etl.py took 0.050 seconds
[2026-09-18T12:38:20.443+0000] {processor.py:161} INFO - Started process (PID=4368) to work on /opt/airflow/dags/etl.py
[2026-09-18T12:38:20.444+0000] {processor.py:830} INFO - Processing file /opt/airflow/dags/etl.py for tasks to queue
[2026-09-18T12:38:20.446+0000] {logging_mixin.py:188} INFO - [2026-09-18T12:38:20.446+0000] {dagbag.py:545} INFO - Filling up the DagBag from /opt/airflow/dags/etl.py
[2026-09-18T12:38:20.453+0000] {processor.py:840} INFO - DAG(s) 'ecommerce_data' retrieved from /opt/airflow/dags/etl.py
[2026-09-18T12:38:20.465+0000] {logging_mixin.py:188} INFO - [2026-09-18T12:38:20.465+0000] {dag.py:3096} INFO - Sync 1 DAGs
[2026-09-18T12:38:20.475+0000] {logging_mixin.py:188} INFO - [2026-09-18T12:38:20.474+0000] {dag.py:3954} INFO - Setting next_dagrun for ecommerce_data to 2019-10-17 00:00:00+00:00, run_after=2019-10-18 00:00:00+00:00
[2026-09-18T12:38:20.485+0000] {processor.py:183} INFO - Processing /opt/airflow/dags/etl.py took 0.051 seconds
[2026-09-18T12:38:51.583+0000] {processor.py:161} INFO - Started process (PID=4369) to work on /opt/airflow/dags/etl.py
[2026-09-18T12:38:51.586+0000] {processor.py:830} INFO - Processing file /opt/airflow/dags/etl.py for tasks to queue
[2026-09-18T12:38:51.587+0000] {logging_mixin.py:188} INFO - [2026-09-18T12:38:51.587+0000] {dagbag.py:545} INFO - Filling up the DagBag from /opt/airflow/dags/etl.py
[2026-09-18T12:38:51.594+0000] {processor.py:840} INFO - DAG(s) 'ecommerce_data' retrieved from /opt/airflow/dags/etl.py
[2026-09-18T12:38:51.608+0000] {logging_mixin.py:188} INFO - [2026-09-18T12:38:51.608+0000] {dag.py:3096} INFO - Sync 1 DAGs
[2026-09-18T12:38:51.618+0000] {logging_mixin.py:188} INFO - [2026-09-18T12:38:51.618+0000] {dag.py:3954} INFO - Setting next_dagrun for ecommerce_data to 2019-10-17 00:00:00+00:00, run_after=2019-10-18 00:00:00+00:00
[2026-09-18T12:38:51.629+0000] {processor.py:183} INFO - Processing /opt/airflow/dags/etl.py took 0.054 seconds
[2026-09-18T12:39:21.696+0000] {processor.py:161} INFO - Started process (PID=4370) to work on /opt/airflow/dags/etl.py
[2026-09-18T12:39:21.697+0000] {processor.py:830} INFO - Processing file /opt/airflow/dags/etl.py for tasks to queue
[2026-09-18T12:39:21.700+0000] {logging_mixin.py:188} INFO - [2026-09-18T12:39:21.699+0000] {dagbag.py:545} INFO - Filling up the DagBag from /opt/airflow/dags/etl.py
[2026-09-18T12:39:21.706+0000] {processor.py:840} INFO - DAG(s) 'ecommerce_data' retrieved from /opt/airflow/dags/etl.py
[2026-09-18T12:39:21.719+0000] {logging_mixin.py:188} INFO - [2026-09-18T12:39:21.719+0000] {dag.py:3096} INFO - Sync 1 DAGs
[2026-09-18T12:39:21.729+0000] {logging_mixin.py:188} INFO - [2026-09-18T12:39:21.729+0000] {dag.py:3954} INFO - Setting next_dagrun for ecommerce_data to 2019-10-17 00:00:00+00:00, run_after=2019-10-18 00:00:00+00:00
[2026-09-18T12:39:21.740+0000] {processor.py:183} INFO - Processing /opt/airflow/dags/etl.py took 0.053 seconds
[2026-09-18T12:39:51.805+0000] {processor.py:161} INFO - Started process (PID=4371) to work on /opt/airflow/dags/etl.py
[2026-09-18T12:39:51.807+0000] {processor.py:830} INFO - Processing file /opt/airflow/dags/etl.py for tasks to queue
[2026-09-18T12:39:51.809+0000] {logging_mixin.py:188} INFO - [2026-09-18T12:39:51.809+0000] {dagbag.py:545} INFO - Filling up the DagBag from /opt/airflow/dags/etl.py
[2026-09-18T12:39:51.818+0000] {processor.py:840} INFO - DAG(s) 'ecommerce_data' retrieved from /opt/airflow/dags/etl.py
[2026-09-18T12:39:51.831+0000] {logging_mixin.py:188} INFO - [2026-09-18T12:39:51.830+0000] {dag.py:3096} INFO - Sync 1 DAGs
[2026-09-18T12:39:51.840+0000] {logging_mixin.py:188} INFO - [2026-09-18T12:39:51.840+0000] {dag.py:3954} INFO - Setting next_dagrun for ecommerce_data to 2019-10-17 00:00:00+00:00, run_after=2019-10-18 00:00:00+00:00
[2026-09-18T12:39:51.851+0000] {processor.py:183} INFO - Processing /opt/airflow/dags/etl.py took 0.050 seconds
[2026-09-18T12:40:21.931+0000] {processor.py:161} INFO - Started process (PID=4372) to work on /opt/airflow/dags/etl.py
[2026-09-18T12:40:21.932+0000] {processor.py:830} INFO - Processing file /opt/airflow/dags/etl.py for tasks to queue
[2026-09-18T12:40:21.933+0000] {logging_mixin.py:188} INFO - [2026-09-18T12:40:21.933+0000] {dagbag.py:545} INFO - Filling up the DagBag from /opt/airflow/dags/etl.py
[2026-09-18T12:40:21.939+0000] {processor.py:840} INFO - DAG(s) 'ecommerce_data' retrieved from /opt/airflow/dags/etl.py
[2026-09-18T12:40:21.954+0000] {logging_mixin.py:188} INFO - [2026-09-18T12:40:21.954+0000] {dag.py:3096} INFO - Sync 1 DAGs
[2026-09-18T12:40:21.966+0000] {logging_mixin.py:188} INFO - [2026-09-18T12:40:21.965+0000] {dag.py:3954} INFO - Setting next_dagrun for ecommerce_data to 2019-10-17 00:00:00+00:00, run_after=2019-10-18 00:00:00+00:00
[2026-09-18T12:40:21.976+0000] {processor.py:183} INFO - Processing /opt/airflow/dags/etl.py took 0.048 seconds
[2026-09-18T12:40:28.576+0000] {processor.py:161} INFO - Started process (PID=4373) to work on /opt/airflow/dags/etl.py
[2026-09-18T12:40:28.579+0000] {processor.py:830} INFO - Processing file /opt/airflow/dags/etl.py for tasks to queue
[2026-09-18T12:40:28.581+0000] {logging_mixin.py:188} INFO - [2026-09-18T12:40:28.580+0000] {dagbag.py:545} INFO - Filling up the DagBag from /opt/airflow/dags/etl.py
[2026-09-18T12:40:28.588+0000] {processor.py:840} INFO - DAG(s) 'ecommerce_data' retrieved from /opt/airflow/dags/etl.py
[2026-09-18T12:40:28.600+0000] {logging_mixin.py:188} INFO - [2026-09-18T12:40:28.600+0000] {dag.py:3096} INFO - Sync 1 DAGs
[2026-09-18T12:40:28.610+0000] {logging_mixin.py:188} INFO - [2026-09-18T12:40:28.610+0000] {dag.py:3954} INFO - Setting next_dagrun for ecommerce_data to 2019-10-17 00:00:00+00:00, run_after=2019-10-18 00:00:00+00:00
[2026-09-18T12:40:28.621+0000] {processor.py:183} INFO - Processing /opt/airflow/dags/etl.py took 0.055 seconds
[2026-09-18T12:40:58.784+0000] {processor.py:161} INFO - Started process (PID=4374) to work on /opt/airflow/dags/etl.py
[2026-09-18T12:40:58.784+0000] {processor.py:830} INFO - Processing file /opt/airflow/dags/etl.py for tasks to queue
[2026-09-18T12:40:58.785+0000] {logging_mixin.py:188} INFO - [2026-09-18T12:40:58.785+0000] {dagbag.py:545} INFO - Filling up the DagBag from /opt/airflow/dags/etl.py
[2026-09-18T12:40:58.792+0000] {processor.py:840} INFO - DAG(s) 'ecommerce_data' retrieved from /opt/airflow/dags/etl.py
[2026-09-18T12:40:58.806+0000] {logging_mixin.py:188} INFO - [2026-09-18T12:40:58.806+0000] {dag.py:3096} INFO - Sync 1 DAGs
[2026-09-18T12:40:58.819+0000] {logging_mixin.py:188} INFO - [2026-09-18T12:40:58.818+0000] {dag.py:3954} INFO - Setting next_dagrun for ecommerce_data to 2019-10-17 00:00:00+00:00, run_after=2019-10-18 00:00:00+00:00
[2026-09-18T12:40:58.831+0000] {processor.py:183} INFO - Processing /opt/airflow/dags/etl.py took 0.051 seconds
[2026-09-18T12:41:28.987+0000] {processor.py:161} INFO - Started process (PID=4375) to work on /opt/airflow/dags/etl.py
[2026-09-18T12:41:28.989+0000] {processor.py:830} INFO - Processing file /opt/airflow/dags/etl.py for tasks to queue
[2026-09-18T12:41:28.991+0000] {logging_mixin.py:188} INFO - [2026-09-18T12:41:28.991+0000] {dagbag.py:545} INFO - Filling up the DagBag from /opt/airflow/dags/etl.py
[2026-09-18T12:41:28.999+0000] {processor.py:840} INFO - DAG(s) 'ecommerce_data' retrieved from /opt/airflow/dags/etl.py
[2026-09-18T12:41:29.011+0000] {logging_mixin.py:188} INFO - [2026-09-18T12:41:29.011+0000] {dag.py:3096} INFO - Sync 1 DAGs
[2026-09-18T12:41:29.021+0000] {logging_mixin.py:188} INFO - [2026-09-18T12:41:29.021+0000] {dag.py:3954} INFO - Setting next_dagrun for ecommerce_data to 2019-10-17 00:00:00+00:00, run_after=2019-10-18 00:00:00+00:00
[2026-09-18T12:41:29.031+0000] {processor.py:183} INFO - Processing /opt/airflow/dags/etl.py took 0.054 seconds
[2026-09-18T12:41:59.277+0000] {processor.py:161} INFO - Started process (PID=4376) to work on /opt/airflow/dags/etl.py
[2026-09-18T12:41:59.278+0000] {processor.py:830} INFO - Processing file /opt/airflow/dags/etl.py for tasks to queue
[2026-09-18T12:41:59.281+0000] {logging_mixin.py:188} INFO - [2026-09-18T12:41:59.280+0000] {dagbag.py:545} INFO - Filling up the DagBag from /opt/airflow/dags/etl.py
[2026-09-18T12:41:59.289+0000] {processor.py:840} INFO - DAG(s) 'ecommerce_data' retrieved from /opt/airflow/dags/etl.py
[2026-09-18T12:41:59.301+0000] {logging_mixin.py:188} INFO - [2026-09-18T12:41:59.301+0000] {dag.py:3096} INFO - Sync 1 DAGs
[2026-09-18T12:41:59.311+0000] {logging_mixin.py:188} INFO - [2026-09-18T12:41:59.311+0000] {dag.py:3954} INFO - Setting next_dagrun for ecommerce_data to 2019-10-17 00:00:00+00:00, run_after=2019-10-18 00:00:00+00:00
[2026-09-18T12:41:59.322+0000] {processor.py:183} INFO - Processing /opt/airflow/dags/etl.py took 0.054 seconds
[2026-09-18T12:42:29.546+0000] {processor.py:161} INFO - Started process (PID=4377) to work on /opt/airflow/dags/etl.py
[2026-09-18T12:42:29.548+0000] {processor.py:830} INFO - Processing file /opt/airflow/dags/etl.py for tasks to queue
[2026-09-18T12:42:29.550+0000] {logging_mixin.py:188} INFO - [2026-09-18T12:42:29.550+0000] {dagbag.py:545} INFO - Filling up the DagBag from /opt/airflow/dags/etl.py
[2026-09-18T12:42:29.557+0000] {processor.py:840} INFO - DAG(s) 'ecommerce_data' retrieved from /opt/airflow/dags/etl.py
[2026-09-18T12:42:29.571+0000] {logging_mixin.py:188} INFO - [2026-09-18T12:42:29.571+0000] {dag.py:3096} INFO - Sync 1 DAGs
[2026-09-18T12:42:29.582+0000] {logging_mixin.py:188} INFO - [2026-09-18T12:42:29.582+0000] {dag.py:3954} INFO - Setting next_dagrun for ecommerce_data to 2019-10-17 00:00:00+00:00, run_after=2019-10-18 00:00:00+00:00
[2026-09-18T12:42:29.594+0000] {processor.py:183} INFO - Processing /opt/airflow/dags/etl.py took 0.056 seconds
[2026-09-18T12:42:59.762+0000] {processor.py:161} INFO - Started process (PID=4378) to work on /opt/airflow/dags/etl.py
[2026-09-18T12:42:59.763+0000] {processor.py:830} INFO - Processing file /opt/airflow/dags/etl.py for tasks to queue
[2026-09-18T12:42:59.764+0000] {logging_mixin.py:188} INFO - [2026-09-18T12:42:59.764+0000] {dagbag.py:545} INFO - Filling up the DagBag from /opt/airflow/dags/etl.py
[2026-09-18T12:42:59.771+0000] {processor.py:840} INFO - DAG(s) 'ecommerce_data' retrieved from /opt/airflow/dags/etl.py
[2026-09-18T12:42:59.785+0000] {logging_mixin.py:188} INFO - [2026-09-18T12:42:59.785+0000] {dag.py:3096} INFO - Sync 1 DAGs
[2026-09-18T12:42:59.797+0000] {logging_mixin.py:188} INFO - [2026-09-18T12:42:59.796+0000] {dag.py:3954} INFO - Setting next_dagrun for ecommerce_data to 2019-10-17 00:00:00+00:00, run_after=2019-10-18 00:00:00+00:00
[2026-09-18T12:42:59.808+0000] {processor.py:183} INFO - Processing /opt/airflow/dags/etl.py took 0.053 seconds
[2026-09-18T12:43:29.970+0000] {processor.py:161} INFO - Started process (PID=4379) to work on /opt/airflow/dags/etl.py
[2026-09-18T12:43:29.973+0000] {processor.py:830} INFO - Processing file /opt/airflow/dags/etl.py for tasks to queue
[2026-09-18T12:43:29.975+0000] {logging_mixin.py:188} INFO - [2026-09-18T12:43:29.975+0000] {dagbag.py:545} INFO - Filling up the DagBag from /opt/airflow/dags/etl.py
[2026-09-18T12:43:29.983+0000] {processor.py:840} INFO - DAG(s) 'ecommerce_data' retrieved from /opt/airflow/dags/etl.py
[2026-09-18T12:43:29.997+0000] {logging_mixin.py:188} INFO - [2026-09-18T12:43:29.997+0000] {dag.py:3096} INFO - Sync 1 DAGs
[2026-09-18T12:43:30.008+0000] {logging_mixin.py:188} INFO - [2026-09-18T12:43:30.008+0000] {dag.py:3954} INFO - Setting next_dagrun for ecommerce_data to 2019-10-17 00:00:00+00:00, run_after=2019-10-18 00:00:00+00:00
[2026-09-18T12:43:30.019+0000] {processor.py:183} INFO - Processing /opt/airflow/dags/etl.py took 0.055 seconds
[2026-09-18T12:44:00.154+0000] {processor.py:161} INFO - Started process (PID=4380) to work on /opt/airflow/dags/etl.py
[2026-09-18T12:44:00.154+0000] {processor.py:830} INFO - Processing file /opt/airflow/dags/etl.py for tasks to queue
[2026-09-18T12:44:00.156+0000] {logging_mixin.py:188} INFO - [2026-09-18T12:44:00.155+0000] {dagbag.py:545} INFO - Filling up the DagBag from /opt/airflow/dags/etl.py
[2026-09-18T12:44:00.165+0000] {processor.py:840} INFO - DAG(s) 'ecommerce_data' retrieved from /opt/airflow/dags/etl.py
[2026-09-18T12:44:00.183+0000] {logging_mixin.py:188} INFO - [2026-09-18T12:44:00.183+0000] {dag.py:3096} INFO - Sync 1 DAGs
[2026-09-18T12:44:00.197+0000] {logging_mixin.py:188} INFO - [2026-09-18T12:44:00.197+0000] {dag.py:3954} INFO - Setting next_dagrun for ecommerce_data to 2019-10-17 00:00:00+00:00, run_after=2019-10-18 00:00:00+00:00
[2026-09-18T12:44:00.210+0000] {processor.py:183} INFO - Processing /opt/airflow/dags/etl.py took 0.061 seconds
[2026-09-18T12:46:11.419+0000] {processor.py:161} INFO - Started process (PID=7235) to work on /opt/airflow/dags/etl.py
[2026-09-18T12:46:11.420+0000] {processor.py:830} INFO - Processing file /opt/airflow/dags/etl.py for tasks to queue
[2026-09-18T12:46:11.421+0000] {logging_mixin.py:188} INFO - [2026-09-18T12:46:11.421+0000] {dagbag.py:545} INFO - Filling up the DagBag from /opt/airflow/dags/etl.py
[2026-09-18T12:46:11.425+0000] {processor.py:840} INFO - DAG(s) 'ecommerce_data' retrieved from /opt/airflow/dags/etl.py
[2026-09-18T12:46:11.440+0000] {logging_mixin.py:188} INFO - [2026-09-18T12:46:11.440+0000] {dag.py:3096} INFO - Sync 1 DAGs
[2026-09-18T12:46:11.458+0000] {processor.py:183} INFO - Processing /opt/airflow/dags/etl.py took 0.043 seconds
[2026-09-18T12:47:30.352+0000] {processor.py:161} INFO - Started process (PID=9380) to work on /opt/airflow/dags/etl.py
[2026-09-18T12:47:30.353+0000] {processor.py:830} INFO - Processing file /opt/airflow/dags/etl.py for tasks to queue
[2026-09-18T12:47:30.353+0000] {logging_mixin.py:188} INFO - [2026-09-18T12:47:30.353+0000] {dagbag.py:545} INFO - Filling up the DagBag from /opt/airflow/dags/etl.py
[2026-09-18T12:47:30.359+0000] {processor.py:840} INFO - DAG(s) 'ecommerce_data' retrieved from /opt/airflow/dags/etl.py
[2026-09-18T12:47:30.376+0000] {logging_mixin.py:188} INFO - [2026-09-18T12:47:30.375+0000] {dag.py:3096} INFO - Sync 1 DAGs
[2026-09-18T12:47:30.401+0000] {processor.py:183} INFO - Processing /opt/airflow/dags/etl.py took 0.052 seconds
[2026-09-18T12:48:01.487+0000] {processor.py:161} INFO - Started process (PID=9381) to work on /opt/airflow/dags/etl.py
[2026-09-18T12:48:01.488+0000] {processor.py:830} INFO - Processing file /opt/airflow/dags/etl.py for tasks to queue
[2026-09-18T12:48:01.489+0000] {logging_mixin.py:188} INFO - [2026-09-18T12:48:01.488+0000] {dagbag.py:545} INFO - Filling up the DagBag from /opt/airflow/dags/etl.py
[2026-09-18T12:48:01.494+0000] {processor.py:840} INFO - DAG(s) 'ecommerce_data' retrieved from /opt/airflow/dags/etl.py
[2026-09-18T12:48:01.507+0000] {logging_mixin.py:188} INFO - [2026-09-18T12:48:01.507+0000] {dag.py:3096} INFO - Sync 1 DAGs
[2026-09-18T12:48:01.525+0000] {processor.py:183} INFO - Processing /opt/airflow/dags/etl.py took 0.045 seconds
[2026-09-18T12:48:31.747+0000] {processor.py:161} INFO - Started process (PID=9382) to work on /opt/airflow/dags/etl.py
[2026-09-18T12:48:31.749+0000] {processor.py:830} INFO - Processing file /opt/airflow/dags/etl.py for tasks to queue
[2026-09-18T12:48:31.750+0000] {logging_mixin.py:188} INFO - [2026-09-18T12:48:31.749+0000] {dagbag.py:545} INFO - Filling up the DagBag from /opt/airflow/dags/etl.py
[2026-09-18T12:48:31.755+0000] {processor.py:840} INFO - DAG(s) 'ecommerce_data' retrieved from /opt/airflow/dags/etl.py
[2026-09-18T12:48:31.776+0000] {logging_mixin.py:188} INFO - [2026-09-18T12:48:31.776+0000] {dag.py:3096} INFO - Sync 1 DAGs
[2026-09-18T12:48:31.800+0000] {processor.py:183} INFO - Processing /opt/airflow/dags/etl.py took 0.060 seconds
[2026-09-18T12:49:01.947+0000] {processor.py:161} INFO - Started process (PID=9383) to work on /opt/airflow/dags/etl.py
[2026-09-18T12:49:01.948+0000] {processor.py:830} INFO - Processing file /opt/airflow/dags/etl.py for tasks to queue
[2026-09-18T12:49:01.949+0000] {logging_mixin.py:188} INFO - [2026-09-18T12:49:01.949+0000] {dagbag.py:545} INFO - Filling up the DagBag from /opt/airflow/dags/etl.py
[2026-09-18T12:49:01.955+0000] {processor.py:840} INFO - DAG(s) 'ecommerce_data' retrieved from /opt/airflow/dags/etl.py
[2026-09-18T12:49:01.967+0000] {logging_mixin.py:188} INFO - [2026-09-18T12:49:01.967+0000] {dag.py:3096} INFO - Sync 1 DAGs
[2026-09-18T12:49:01.984+0000] {processor.py:183} INFO - Processing /opt/airflow/dags/etl.py took 0.045 seconds
