[2026-09-19T13:07:50.294+0000] {processor.py:161} INFO - Started process (PID=51) to work on /opt/airflow/dags/etl.py
[2026-09-19T13:07:50.295+0000] {processor.py:830} INFO - Processing file /opt/airflow/dags/etl.py for tasks to queue
[2026-09-19T13:07:50.296+0000] {logging_mixin.py:188} INFO - [2026-09-19T13:07:50.296+0000] {dagbag.py:545} INFO - Filling up the DagBag from /opt/airflow/dags/etl.py
[2026-09-19T13:07:50.308+0000] {processor.py:840} INFO - DAG(s) 'ecommerce_data' retrieved from /opt/airflow/dags/etl.py
[2026-09-19T13:07:50.402+0000] {logging_mixin.py:188} INFO - [2026-09-19T13:07:50.401+0000] {override.py:1829} INFO - Created Permission View: can edit on DAG:ecommerce_data
[2026-09-19T13:07:50.409+0000] {logging_mixin.py:188} INFO - [2026-09-19T13:07:50.409+0000] {override.py:1829} INFO - Created Permission View: can read on DAG:ecommerce_data
[2026-09-19T13:07:50.414+0000] {logging_mixin.py:188} INFO - [2026-09-19T13:07:50.414+0000] {override.py:1829} INFO - Created Permission View: can delete on DAG:ecommerce_data
[2026-09-19T13:07:50.414+0000] {logging_mixin.py:188} INFO - [2026-09-19T13:07:50.414+0000] {dag.py:3096} INFO - Sync 1 DAGs
[2026-09-19T13:07:50.422+0000] {logging_mixin.py:188} INFO - [2026-09-19T13:07:50.422+0000] {dag.py:3118} INFO - Creating ORM DAG for ecommerce_data
[2026-09-19T13:07:50.429+0000] {logging_mixin.py:188} INFO - [2026-09-19T13:07:50.429+0000] {dag.py:3954} INFO - Setting next_dagrun for ecommerce_data to 2019-10-01 00:00:00+00:00, run_after=2019-10-02 00:00:00+00:00
[2026-09-19T13:07:50.442+0000] {processor.py:183} INFO - Processing /opt/airflow/dags/etl.py took 0.152 seconds
[2026-09-19T13:08:21.538+0000] {processor.py:161} INFO - Started process (PID=71) to work on /opt/airflow/dags/etl.py
[2026-09-19T13:08:21.540+0000] {processor.py:830} INFO - Processing file /opt/airflow/dags/etl.py for tasks to queue
[2026-09-19T13:08:21.542+0000] {logging_mixin.py:188} INFO - [2026-09-19T13:08:21.542+0000] {dagbag.py:545} INFO - Filling up the DagBag from /opt/airflow/dags/etl.py
[2026-09-19T13:08:21.558+0000] {processor.py:840} INFO - DAG(s) 'ecommerce_data' retrieved from /opt/airflow/dags/etl.py
[2026-09-19T13:08:21.593+0000] {logging_mixin.py:188} INFO - [2026-09-19T13:08:21.593+0000] {dag.py:3096} INFO - Sync 1 DAGs
[2026-09-19T13:08:21.609+0000] {logging_mixin.py:188} INFO - [2026-09-19T13:08:21.608+0000] {dag.py:3954} INFO - Setting next_dagrun for ecommerce_data to 2019-10-01 00:00:00+00:00, run_after=2019-10-02 00:00:00+00:00
[2026-09-19T13:08:21.624+0000] {processor.py:183} INFO - Processing /opt/airflow/dags/etl.py took 0.095 seconds
[2026-09-19T13:08:47.820+0000] {processor.py:161} INFO - Started process (PID=72) to work on /opt/airflow/dags/etl.py
[2026-09-19T13:08:47.823+0000] {processor.py:830} INFO - Processing file /opt/airflow/dags/etl.py for tasks to queue
[2026-09-19T13:08:47.825+0000] {logging_mixin.py:188} INFO - [2026-09-19T13:08:47.825+0000] {dagbag.py:545} INFO - Filling up the DagBag from /opt/airflow/dags/etl.py
[2026-09-19T13:08:47.841+0000] {processor.py:840} INFO - DAG(s) 'ecommerce_data' retrieved from /opt/airflow/dags/etl.py
[2026-09-19T13:08:47.931+0000] {logging_mixin.py:188} INFO - [2026-09-19T13:08:47.931+0000] {dag.py:3096} INFO - Sync 1 DAGs
[2026-09-19T13:08:47.944+0000] {logging_mixin.py:188} INFO - [2026-09-19T13:08:47.944+0000] {dag.py:3954} INFO - Setting next_dagrun for ecommerce_data to 2019-10-01 00:00:00+00:00, run_after=2019-10-02 00:00:00+00:00
[2026-09-19T13:08:48.075+0000] {processor.py:183} INFO - Processing /opt/airflow/dags/etl.py took 0.263 seconds
[2026-09-19T13:09:17.247+0000] {processor.py:161} INFO - Started process (PID=51) to work on /opt/airflow/dags/etl.py
[2026-09-19T13:09:17.248+0000] {processor.py:830} INFO - Processing file /opt/airflow/dags/etl.py for tasks to queue
[2026-09-19T13:09:17.250+0000] {logging_mixin.py:188} INFO - [2026-09-19T13:09:17.250+0000] {dagbag.py:545} INFO - Filling up the DagBag from /opt/airflow/dags/etl.py
[2026-09-19T13:09:17.258+0000] {processor.py:840} INFO - DAG(s) 'ecommerce_data' retrieved from /opt/airflow/dags/etl.py
[2026-09-19T13:09:17.267+0000] {logging_mixin.py:188} INFO - [2026-09-19T13:09:17.267+0000] {dag.py:3096} INFO - Sync 1 DAGs
[2026-09-19T13:09:17.290+0000] {logging_mixin.py:188} INFO - [2026-09-19T13:09:17.289+0000] {dag.py:3954} INFO - Setting next_dagrun for ecommerce_data to 2019-10-01 00:00:00+00:00, run_after=2019-10-02 00:00:00+00:00
[2026-09-19T13:09:17.308+0000] {processor.py:183} INFO - Processing /opt/airflow/dags/etl.py took 0.065 seconds
[2026-09-19T13:09:47.438+0000] {processor.py:161} INFO - Started process (PID=72) to work on /opt/airflow/dags/etl.py
[2026-09-19T13:09:47.441+0000] {processor.py:830} INFO - Processing file /opt/airflow/dags/etl.py for tasks to queue
[2026-09-19T13:09:47.444+0000] {logging_mixin.py:188} INFO - [2026-09-19T13:09:47.443+0000] {dagbag.py:545} INFO - Filling up the DagBag from /opt/airflow/dags/etl.py
[2026-09-19T13:09:47.461+0000] {processor.py:840} INFO - DAG(s) 'ecommerce_data' retrieved from /opt/airflow/dags/etl.py
[2026-09-19T13:09:47.551+0000] {logging_mixin.py:188} INFO - [2026-09-19T13:09:47.551+0000] {dag.py:3096} INFO - Sync 1 DAGs
[2026-09-19T13:09:47.562+0000] {logging_mixin.py:188} INFO - [2026-09-19T13:09:47.562+0000] {dag.py:3954} INFO - Setting next_dagrun for ecommerce_data to 2019-10-01 00:00:00+00:00, run_after=2019-10-02 00:00:00+00:00
[2026-09-19T13:09:47.579+0000] {processor.py:183} INFO - Processing /opt/airflow/dags/etl.py took 0.149 seconds
[2026-09-19T13:10:17.959+0000] {processor.py:161} INFO - Started process (PID=80) to work on /opt/airflow/dags/etl.py
[2026-09-19T13:10:17.960+0000] {processor.py:830} INFO - Processing file /opt/airflow/dags/etl.py for tasks to queue
[2026-09-19T13:10:17.963+0000] {logging_mixin.py:188} INFO - [2026-09-19T13:10:17.962+0000] {dagbag.py:545} INFO - Filling up the DagBag from /opt/airflow/dags/etl.py
[2026-09-19T13:10:17.979+0000] {processor.py:840} INFO - DAG(s) 'ecommerce_data' retrieved from /opt/airflow/dags/etl.py
[2026-09-19T13:10:18.011+0000] {logging_mixin.py:188} INFO - [2026-09-19T13:10:18.011+0000] {dag.py:3096} INFO - Sync 1 DAGs
[2026-09-19T13:10:18.025+0000] {logging_mixin.py:188} INFO - [2026-09-19T13:10:18.025+0000] {dag.py:3954} INFO - Setting next_dagrun for ecommerce_data to 2019-10-01 00:00:00+00:00, run_after=2019-10-02 00:00:00+00:00
[2026-09-19T13:10:18.042+0000] {processor.py:183} INFO - Processing /opt/airflow/dags/etl.py took 0.092 seconds
[2026-09-19T13:10:49.421+0000] {processor.py:161} INFO - Started process (PID=438) to work on /opt/airflow/dags/etl.py
[2026-09-19T13:10:49.422+0000] {processor.py:830} INFO - Processing file /opt/airflow/dags/etl.py for tasks to queue
[2026-09-19T13:10:49.425+0000] {logging_mixin.py:188} INFO - [2026-09-19T13:10:49.424+0000] {dagbag.py:545} INFO - Filling up the DagBag from /opt/airflow/dags/etl.py
[2026-09-19T13:10:49.441+0000] {processor.py:840} INFO - DAG(s) 'ecommerce_data' retrieved from /opt/airflow/dags/etl.py
[2026-09-19T13:10:49.476+0000] {logging_mixin.py:188} INFO - [2026-09-19T13:10:49.476+0000] {dag.py:3096} INFO - Sync 1 DAGs
[2026-09-19T13:10:49.494+0000] {logging_mixin.py:188} INFO - [2026-09-19T13:10:49.493+0000] {dag.py:3954} INFO - Setting next_dagrun for ecommerce_data to 2019-10-03 00:00:00+00:00, run_after=2019-10-04 00:00:00+00:00
[2026-09-19T13:10:49.509+0000] {processor.py:183} INFO - Processing /opt/airflow/dags/etl.py took 0.096 seconds
[2026-09-19T13:11:26.037+0000] {processor.py:161} INFO - Started process (PID=1155) to work on /opt/airflow/dags/etl.py
[2026-09-19T13:11:26.039+0000] {processor.py:830} INFO - Processing file /opt/airflow/dags/etl.py for tasks to queue
[2026-09-19T13:11:26.042+0000] {logging_mixin.py:188} INFO - [2026-09-19T13:11:26.041+0000] {dagbag.py:545} INFO - Filling up the DagBag from /opt/airflow/dags/etl.py
[2026-09-19T13:11:26.058+0000] {processor.py:840} INFO - DAG(s) 'ecommerce_data' retrieved from /opt/airflow/dags/etl.py
[2026-09-19T13:11:26.093+0000] {logging_mixin.py:188} INFO - [2026-09-19T13:11:26.093+0000] {dag.py:3096} INFO - Sync 1 DAGs
[2026-09-19T13:11:26.123+0000] {processor.py:183} INFO - Processing /opt/airflow/dags/etl.py took 0.095 seconds
[2026-09-19T13:12:03.026+0000] {processor.py:161} INFO - Started process (PID=1870) to work on /opt/airflow/dags/etl.py
[2026-09-19T13:12:03.028+0000] {processor.py:830} INFO - Processing file /opt/airflow/dags/etl.py for tasks to queue
[2026-09-19T13:12:03.031+0000] {logging_mixin.py:188} INFO - [2026-09-19T13:12:03.030+0000] {dagbag.py:545} INFO - Filling up the DagBag from /opt/airflow/dags/etl.py
[2026-09-19T13:12:03.047+0000] {processor.py:840} INFO - DAG(s) 'ecommerce_data' retrieved from /opt/airflow/dags/etl.py
[2026-09-19T13:12:03.080+0000] {logging_mixin.py:188} INFO - [2026-09-19T13:12:03.080+0000] {dag.py:3096} INFO - Sync 1 DAGs
[2026-09-19T13:12:03.096+0000] {logging_mixin.py:188} INFO - [2026-09-19T13:12:03.096+0000] {dag.py:3954} INFO - Setting next_dagrun for ecommerce_data to 2019-10-04 00:00:00+00:00, run_after=2019-10-05 00:00:00+00:00
[2026-09-19T13:12:03.112+0000] {processor.py:183} INFO - Processing /opt/airflow/dags/etl.py took 0.096 seconds
[2026-09-19T13:12:33.407+0000] {processor.py:161} INFO - Started process (PID=2229) to work on /opt/airflow/dags/etl.py
[2026-09-19T13:12:33.408+0000] {processor.py:830} INFO - Processing file /opt/airflow/dags/etl.py for tasks to queue
[2026-09-19T13:12:33.410+0000] {logging_mixin.py:188} INFO - [2026-09-19T13:12:33.410+0000] {dagbag.py:545} INFO - Filling up the DagBag from /opt/airflow/dags/etl.py
[2026-09-19T13:12:33.427+0000] {processor.py:840} INFO - DAG(s) 'ecommerce_data' retrieved from /opt/airflow/dags/etl.py
[2026-09-19T13:12:33.459+0000] {logging_mixin.py:188} INFO - [2026-09-19T13:12:33.459+0000] {dag.py:3096} INFO - Sync 1 DAGs
[2026-09-19T13:12:33.475+0000] {logging_mixin.py:188} INFO - [2026-09-19T13:12:33.475+0000] {dag.py:3954} INFO - Setting next_dagrun for ecommerce_data to 2019-10-05 00:00:00+00:00, run_after=2019-10-06 00:00:00+00:00
[2026-09-19T13:12:33.490+0000] {processor.py:183} INFO - Processing /opt/airflow/dags/etl.py took 0.092 seconds
[2026-09-19T13:13:03.727+0000] {processor.py:161} INFO - Started process (PID=2230) to work on /opt/airflow/dags/etl.py
[2026-09-19T13:13:03.731+0000] {processor.py:830} INFO - Processing file /opt/airflow/dags/etl.py for tasks to queue
[2026-09-19T13:13:03.733+0000] {logging_mixin.py:188} INFO - [2026-09-19T13:13:03.733+0000] {dagbag.py:545} INFO - Filling up the DagBag from /opt/airflow/dags/etl.py
[2026-09-19T13:13:03.751+0000] {processor.py:840} INFO - DAG(s) 'ecommerce_data' retrieved from /opt/airflow/dags/etl.py
[2026-09-19T13:13:03.780+0000] {logging_mixin.py:188} INFO - [2026-09-19T13:13:03.780+0000] {dag.py:3096} INFO - Sync 1 DAGs
[2026-09-19T13:13:03.798+0000] {logging_mixin.py:188} INFO - [2026-09-19T13:13:03.798+0000] {dag.py:3954} INFO - Setting next_dagrun for ecommerce_data to 2019-10-05 00:00:00+00:00, run_after=2019-10-06 00:00:00+00:00
[2026-09-19T13:13:03.816+0000] {processor.py:183} INFO - Processing /opt/airflow/dags/etl.py took 0.099 seconds
[2026-09-19T13:13:34.058+0000] {processor.py:161} INFO - Started process (PID=2231) to work on /opt/airflow/dags/etl.py
[2026-09-19T13:13:34.060+0000] {processor.py:830} INFO - Processing file /opt/airflow/dags/etl.py for tasks to queue
[2026-09-19T13:13:34.063+0000] {logging_mixin.py:188} INFO - [2026-09-19T13:13:34.062+0000] {dagbag.py:545} INFO - Filling up the DagBag from /opt/airflow/dags/etl.py
[2026-09-19T13:13:34.078+0000] {processor.py:840} INFO - DAG(s) 'ecommerce_data' retrieved from /opt/airflow/dags/etl.py
[2026-09-19T13:13:34.104+0000] {logging_mixin.py:188} INFO - [2026-09-19T13:13:34.103+0000] {dag.py:3096} INFO - Sync 1 DAGs
[2026-09-19T13:13:34.120+0000] {logging_mixin.py:188} INFO - [2026-09-19T13:13:34.120+0000] {dag.py:3954} INFO - Setting next_dagrun for ecommerce_data to 2019-10-05 00:00:00+00:00, run_after=2019-10-06 00:00:00+00:00
[2026-09-19T13:13:34.136+0000] {processor.py:183} INFO - Processing /opt/airflow/dags/etl.py took 0.087 seconds
[2026-09-19T13:14:04.381+0000] {processor.py:161} INFO - Started process (PID=2232) to work on /opt/airflow/dags/etl.py
[2026-09-19T13:14:04.384+0000] {processor.py:830} INFO - Processing file /opt/airflow/dags/etl.py for tasks to queue
[2026-09-19T13:14:04.388+0000] {logging_mixin.py:188} INFO - [2026-09-19T13:14:04.387+0000] {dagbag.py:545} INFO - Filling up the DagBag from /opt/airflow/dags/etl.py
[2026-09-19T13:14:04.404+0000] {processor.py:840} INFO - DAG(s) 'ecommerce_data' retrieved from /opt/airflow/dags/etl.py
[2026-09-19T13:14:04.440+0000] {logging_mixin.py:188} INFO - [2026-09-19T13:14:04.440+0000] {dag.py:3096} INFO - Sync 1 DAGs
[2026-09-19T13:14:04.456+0000] {logging_mixin.py:188} INFO - [2026-09-19T13:14:04.456+0000] {dag.py:3954} INFO - Setting next_dagrun for ecommerce_data to 2019-10-05 00:00:00+00:00, run_after=2019-10-06 00:00:00+00:00
[2026-09-19T13:14:04.471+0000] {processor.py:183} INFO - Processing /opt/airflow/dags/etl.py took 0.099 seconds
[2026-09-19T13:14:34.694+0000] {processor.py:161} INFO - Started process (PID=2233) to work on /opt/airflow/dags/etl.py
[2026-09-19T13:14:34.695+0000] {processor.py:830} INFO - Processing file /opt/airflow/dags/etl.py for tasks to queue
[2026-09-19T13:14:34.696+0000] {logging_mixin.py:188} INFO - [2026-09-19T13:14:34.696+0000] {dagbag.py:545} INFO - Filling up the DagBag from /opt/airflow/dags/etl.py
[2026-09-19T13:14:34.705+0000] {processor.py:840} INFO - DAG(s) 'ecommerce_data' retrieved from /opt/airflow/dags/etl.py
[2026-09-19T13:14:34.725+0000] {logging_mixin.py:188} INFO - [2026-09-19T13:14:34.724+0000] {dag.py:3096} INFO - Sync 1 DAGs
[2026-09-19T13:14:34.743+0000] {logging_mixin.py:188} INFO - [2026-09-19T13:14:34.743+0000] {dag.py:3954} INFO - Setting next_dagrun for ecommerce_data to 2019-10-05 00:00:00+00:00, run_after=2019-10-06 00:00:00+00:00
[2026-09-19T13:14:34.760+0000] {processor.py:183} INFO - Processing /opt/airflow/dags/etl.py took 0.070 seconds
[2026-09-19T13:15:05.009+0000] {processor.py:161} INFO - Started process (PID=2234) to work on /opt/airflow/dags/etl.py
[2026-09-19T13:15:05.012+0000] {processor.py:830} INFO - Processing file /opt/airflow/dags/etl.py for tasks to queue
[2026-09-19T13:15:05.015+0000] {logging_mixin.py:188} INFO - [2026-09-19T13:15:05.014+0000] {dagbag.py:545} INFO - Filling up the DagBag from /opt/airflow/dags/etl.py
[2026-09-19T13:15:05.031+0000] {processor.py:840} INFO - DAG(s) 'ecommerce_data' retrieved from /opt/airflow/dags/etl.py
[2026-09-19T13:15:05.065+0000] {logging_mixin.py:188} INFO - [2026-09-19T13:15:05.065+0000] {dag.py:3096} INFO - Sync 1 DAGs
[2026-09-19T13:15:05.080+0000] {logging_mixin.py:188} INFO - [2026-09-19T13:15:05.080+0000] {dag.py:3954} INFO - Setting next_dagrun for ecommerce_data to 2019-10-05 00:00:00+00:00, run_after=2019-10-06 00:00:00+00:00
[2026-09-19T13:15:05.095+0000] {processor.py:183} INFO - Processing /opt/airflow/dags/etl.py took 0.095 seconds
[2026-09-19T13:15:35.333+0000] {processor.py:161} INFO - Started process (PID=2235) to work on /opt/airflow/dags/etl.py
[2026-09-19T13:15:35.334+0000] {processor.py:830} INFO - Processing file /opt/airflow/dags/etl.py for tasks to queue
[2026-09-19T13:15:35.337+0000] {logging_mixin.py:188} INFO - [2026-09-19T13:15:35.336+0000] {dagbag.py:545} INFO - Filling up the DagBag from /opt/airflow/dags/etl.py
[2026-09-19T13:15:35.353+0000] {processor.py:840} INFO - DAG(s) 'ecommerce_data' retrieved from /opt/airflow/dags/etl.py
[2026-09-19T13:15:35.388+0000] {logging_mixin.py:188} INFO - [2026-09-19T13:15:35.388+0000] {dag.py:3096} INFO - Sync 1 DAGs
[2026-09-19T13:15:35.404+0000] {logging_mixin.py:188} INFO - [2026-09-19T13:15:35.404+0000] {dag.py:3954} INFO - Setting next_dagrun for ecommerce_data to 2019-10-05 00:00:00+00:00, run_after=2019-10-06 00:00:00+00:00
[2026-09-19T13:15:35.418+0000] {processor.py:183} INFO - Processing /opt/airflow/dags/etl.py took 0.094 seconds
[2026-09-19T13:16:05.646+0000] {processor.py:161} INFO - Started process (PID=2236) to work on /opt/airflow/dags/etl.py
[2026-09-19T13:16:05.650+0000] {processor.py:830} INFO - Processing file /opt/airflow/dags/etl.py for tasks to queue
[2026-09-19T13:16:05.653+0000] {logging_mixin.py:188} INFO - [2026-09-19T13:16:05.652+0000] {dagbag.py:545} INFO - Filling up the DagBag from /opt/airflow/dags/etl.py
[2026-09-19T13:16:05.669+0000] {processor.py:840} INFO - DAG(s) 'ecommerce_data' retrieved from /opt/airflow/dags/etl.py
[2026-09-19T13:16:05.703+0000] {logging_mixin.py:188} INFO - [2026-09-19T13:16:05.703+0000] {dag.py:3096} INFO - Sync 1 DAGs
[2026-09-19T13:16:05.720+0000] {logging_mixin.py:188} INFO - [2026-09-19T13:16:05.720+0000] {dag.py:3954} INFO - Setting next_dagrun for ecommerce_data to 2019-10-05 00:00:00+00:00, run_after=2019-10-06 00:00:00+00:00
[2026-09-19T13:16:05.734+0000] {processor.py:183} INFO - Processing /opt/airflow/dags/etl.py took 0.097 seconds
[2026-09-19T13:16:35.933+0000] {processor.py:161} INFO - Started process (PID=2237) to work on /opt/airflow/dags/etl.py
[2026-09-19T13:16:35.934+0000] {processor.py:830} INFO - Processing file /opt/airflow/dags/etl.py for tasks to queue
[2026-09-19T13:16:35.935+0000] {logging_mixin.py:188} INFO - [2026-09-19T13:16:35.935+0000] {dagbag.py:545} INFO - Filling up the DagBag from /opt/airflow/dags/etl.py
[2026-09-19T13:16:35.944+0000] {processor.py:840} INFO - DAG(s) 'ecommerce_data' retrieved from /opt/airflow/dags/etl.py
[2026-09-19T13:16:35.962+0000] {logging_mixin.py:188} INFO - [2026-09-19T13:16:35.962+0000] {dag.py:3096} INFO - Sync 1 DAGs
[2026-09-19T13:16:35.977+0000] {logging_mixin.py:188} INFO - [2026-09-19T13:16:35.977+0000] {dag.py:3954} INFO - Setting next_dagrun for ecommerce_data to 2019-10-05 00:00:00+00:00, run_after=2019-10-06 00:00:00+00:00
[2026-09-19T13:16:36.099+0000] {processor.py:183} INFO - Processing /opt/airflow/dags/etl.py took 0.170 seconds
[2026-09-19T13:17:07.107+0000] {processor.py:161} INFO - Started process (PID=51) to work on /opt/airflow/dags/etl.py
[2026-09-19T13:17:07.109+0000] {processor.py:830} INFO - Processing file /opt/airflow/dags/etl.py for tasks to queue
[2026-09-19T13:17:07.110+0000] {logging_mixin.py:188} INFO - [2026-09-19T13:17:07.110+0000] {dagbag.py:545} INFO - Filling up the DagBag from /opt/airflow/dags/etl.py
[2026-09-19T13:17:07.118+0000] {processor.py:840} INFO - DAG(s) 'ecommerce_data' retrieved from /opt/airflow/dags/etl.py
[2026-09-19T13:17:07.126+0000] {logging_mixin.py:188} INFO - [2026-09-19T13:17:07.126+0000] {dag.py:3096} INFO - Sync 1 DAGs
[2026-09-19T13:17:07.142+0000] {logging_mixin.py:188} INFO - [2026-09-19T13:17:07.142+0000] {dag.py:3954} INFO - Setting next_dagrun for ecommerce_data to 2019-10-05 00:00:00+00:00, run_after=2019-10-06 00:00:00+00:00
[2026-09-19T13:17:07.156+0000] {processor.py:183} INFO - Processing /opt/airflow/dags/etl.py took 0.053 seconds
[2026-09-19T13:17:37.325+0000] {processor.py:161} INFO - Started process (PID=71) to work on /opt/airflow/dags/etl.py
[2026-09-19T13:17:37.326+0000] {processor.py:830} INFO - Processing file /opt/airflow/dags/etl.py for tasks to queue
[2026-09-19T13:17:37.329+0000] {logging_mixin.py:188} INFO - [2026-09-19T13:17:37.328+0000] {dagbag.py:545} INFO - Filling up the DagBag from /opt/airflow/dags/etl.py
[2026-09-19T13:17:37.346+0000] {processor.py:840} INFO - DAG(s) 'ecommerce_data' retrieved from /opt/airflow/dags/etl.py
[2026-09-19T13:17:37.428+0000] {logging_mixin.py:188} INFO - [2026-09-19T13:17:37.428+0000] {dag.py:3096} INFO - Sync 1 DAGs
[2026-09-19T13:17:37.442+0000] {logging_mixin.py:188} INFO - [2026-09-19T13:17:37.441+0000] {dag.py:3954} INFO - Setting next_dagrun for ecommerce_data to 2019-10-05 00:00:00+00:00, run_after=2019-10-06 00:00:00+00:00
[2026-09-19T13:17:37.457+0000] {processor.py:183} INFO - Processing /opt/airflow/dags/etl.py took 0.145 seconds
[2026-09-19T13:18:31.075+0000] {processor.py:161} INFO - Started process (PID=605) to work on /opt/airflow/dags/etl.py
[2026-09-19T13:18:31.078+0000] {processor.py:830} INFO - Processing file /opt/airflow/dags/etl.py for tasks to queue
[2026-09-19T13:18:31.081+0000] {logging_mixin.py:188} INFO - [2026-09-19T13:18:31.080+0000] {dagbag.py:545} INFO - Filling up the DagBag from /opt/airflow/dags/etl.py
[2026-09-19T13:18:31.096+0000] {processor.py:840} INFO - DAG(s) 'ecommerce_data' retrieved from /opt/airflow/dags/etl.py
[2026-09-19T13:18:31.123+0000] {logging_mixin.py:188} INFO - [2026-09-19T13:18:31.122+0000] {dag.py:3096} INFO - Sync 1 DAGs
[2026-09-19T13:18:31.152+0000] {processor.py:183} INFO - Processing /opt/airflow/dags/etl.py took 0.085 seconds
[2026-09-19T13:19:01.933+0000] {processor.py:161} INFO - Started process (PID=1141) to work on /opt/airflow/dags/etl.py
[2026-09-19T13:19:01.934+0000] {processor.py:830} INFO - Processing file /opt/airflow/dags/etl.py for tasks to queue
[2026-09-19T13:19:01.937+0000] {logging_mixin.py:188} INFO - [2026-09-19T13:19:01.936+0000] {dagbag.py:545} INFO - Filling up the DagBag from /opt/airflow/dags/etl.py
[2026-09-19T13:19:01.952+0000] {processor.py:840} INFO - DAG(s) 'ecommerce_data' retrieved from /opt/airflow/dags/etl.py
[2026-09-19T13:19:01.986+0000] {logging_mixin.py:188} INFO - [2026-09-19T13:19:01.986+0000] {dag.py:3096} INFO - Sync 1 DAGs
[2026-09-19T13:19:02.017+0000] {processor.py:183} INFO - Processing /opt/airflow/dags/etl.py took 0.093 seconds
[2026-09-19T13:19:32.116+0000] {processor.py:161} INFO - Started process (PID=1680) to work on /opt/airflow/dags/etl.py
[2026-09-19T13:19:32.119+0000] {processor.py:830} INFO - Processing file /opt/airflow/dags/etl.py for tasks to queue
[2026-09-19T13:19:32.122+0000] {logging_mixin.py:188} INFO - [2026-09-19T13:19:32.121+0000] {dagbag.py:545} INFO - Filling up the DagBag from /opt/airflow/dags/etl.py
[2026-09-19T13:19:32.139+0000] {processor.py:840} INFO - DAG(s) 'ecommerce_data' retrieved from /opt/airflow/dags/etl.py
[2026-09-19T13:19:32.172+0000] {logging_mixin.py:188} INFO - [2026-09-19T13:19:32.171+0000] {dag.py:3096} INFO - Sync 1 DAGs
[2026-09-19T13:19:32.202+0000] {processor.py:183} INFO - Processing /opt/airflow/dags/etl.py took 0.096 seconds
[2026-09-19T13:20:02.504+0000] {processor.py:161} INFO - Started process (PID=1681) to work on /opt/airflow/dags/etl.py
[2026-09-19T13:20:02.505+0000] {processor.py:830} INFO - Processing file /opt/airflow/dags/etl.py for tasks to queue
[2026-09-19T13:20:02.508+0000] {logging_mixin.py:188} INFO - [2026-09-19T13:20:02.507+0000] {dagbag.py:545} INFO - Filling up the DagBag from /opt/airflow/dags/etl.py
[2026-09-19T13:20:02.524+0000] {processor.py:840} INFO - DAG(s) 'ecommerce_data' retrieved from /opt/airflow/dags/etl.py
[2026-09-19T13:20:02.558+0000] {logging_mixin.py:188} INFO - [2026-09-19T13:20:02.558+0000] {dag.py:3096} INFO - Sync 1 DAGs
[2026-09-19T13:20:02.590+0000] {processor.py:183} INFO - Processing /opt/airflow/dags/etl.py took 0.095 seconds
[2026-09-19T13:20:33.218+0000] {processor.py:161} INFO - Started process (PID=1682) to work on /opt/airflow/dags/etl.py
[2026-09-19T13:20:33.222+0000] {processor.py:830} INFO - Processing file /opt/airflow/dags/etl.py for tasks to queue
[2026-09-19T13:20:33.225+0000] {logging_mixin.py:188} INFO - [2026-09-19T13:20:33.224+0000] {dagbag.py:545} INFO - Filling up the DagBag from /opt/airflow/dags/etl.py
[2026-09-19T13:20:33.243+0000] {processor.py:840} INFO - DAG(s) 'ecommerce_data' retrieved from /opt/airflow/dags/etl.py
[2026-09-19T13:20:33.275+0000] {logging_mixin.py:188} INFO - [2026-09-19T13:20:33.275+0000] {dag.py:3096} INFO - Sync 1 DAGs
[2026-09-19T13:20:33.306+0000] {processor.py:183} INFO - Processing /opt/airflow/dags/etl.py took 0.098 seconds
[2026-09-19T13:20:53.047+0000] {processor.py:161} INFO - Started process (PID=1683) to work on /opt/airflow/dags/etl.py
[2026-09-19T13:20:53.048+0000] {processor.py:830} INFO - Processing file /opt/airflow/dags/etl.py for tasks to queue
[2026-09-19T13:20:53.050+0000] {logging_mixin.py:188} INFO - [2026-09-19T13:20:53.049+0000] {dagbag.py:545} INFO - Filling up the DagBag from /opt/airflow/dags/etl.py
[2026-09-19T13:20:53.059+0000] {processor.py:840} INFO - DAG(s) 'ecommerce_data' retrieved from /opt/airflow/dags/etl.py
[2026-09-19T13:20:53.136+0000] {logging_mixin.py:188} INFO - [2026-09-19T13:20:53.136+0000] {dag.py:3096} INFO - Sync 1 DAGs
[2026-09-19T13:20:53.285+0000] {processor.py:183} INFO - Processing /opt/airflow/dags/etl.py took 0.243 seconds
[2026-09-19T13:21:07.090+0000] {processor.py:161} INFO - Started process (PID=51) to work on /opt/airflow/dags/etl.py
[2026-09-19T13:21:07.092+0000] {processor.py:830} INFO - Processing file /opt/airflow/dags/etl.py for tasks to queue
[2026-09-19T13:21:07.093+0000] {logging_mixin.py:188} INFO - [2026-09-19T13:21:07.093+0000] {dagbag.py:545} INFO - Filling up the DagBag from /opt/airflow/dags/etl.py
[2026-09-19T13:21:07.101+0000] {processor.py:840} INFO - DAG(s) 'ecommerce_data' retrieved from /opt/airflow/dags/etl.py
[2026-09-19T13:21:07.110+0000] {logging_mixin.py:188} INFO - [2026-09-19T13:21:07.110+0000] {dag.py:3096} INFO - Sync 1 DAGs
[2026-09-19T13:21:07.139+0000] {processor.py:183} INFO - Processing /opt/airflow/dags/etl.py took 0.053 seconds
[2026-09-19T13:21:37.287+0000] {processor.py:161} INFO - Started process (PID=71) to work on /opt/airflow/dags/etl.py
[2026-09-19T13:21:37.288+0000] {processor.py:830} INFO - Processing file /opt/airflow/dags/etl.py for tasks to queue
[2026-09-19T13:21:37.291+0000] {logging_mixin.py:188} INFO - [2026-09-19T13:21:37.290+0000] {dagbag.py:545} INFO - Filling up the DagBag from /opt/airflow/dags/etl.py
[2026-09-19T13:21:37.307+0000] {processor.py:840} INFO - DAG(s) 'ecommerce_data' retrieved from /opt/airflow/dags/etl.py
[2026-09-19T13:21:37.399+0000] {logging_mixin.py:188} INFO - [2026-09-19T13:21:37.399+0000] {dag.py:3096} INFO - Sync 1 DAGs
[2026-09-19T13:21:37.428+0000] {processor.py:183} INFO - Processing /opt/airflow/dags/etl.py took 0.151 seconds
[2026-09-19T13:22:07.874+0000] {processor.py:161} INFO - Started process (PID=72) to work on /opt/airflow/dags/etl.py
[2026-09-19T13:22:07.877+0000] {processor.py:830} INFO - Processing file /opt/airflow/dags/etl.py for tasks to queue
[2026-09-19T13:22:07.881+0000] {logging_mixin.py:188} INFO - [2026-09-19T13:22:07.880+0000] {dagbag.py:545} INFO - Filling up the DagBag from /opt/airflow/dags/etl.py
[2026-09-19T13:22:07.898+0000] {processor.py:840} INFO - DAG(s) 'ecommerce_data' retrieved from /opt/airflow/dags/etl.py
[2026-09-19T13:22:07.933+0000] {logging_mixin.py:188} INFO - [2026-09-19T13:22:07.932+0000] {dag.py:3096} INFO - Sync 1 DAGs
[2026-09-19T13:22:07.963+0000] {processor.py:183} INFO - Processing /opt/airflow/dags/etl.py took 0.098 seconds
[2026-09-19T13:22:45.569+0000] {processor.py:161} INFO - Started process (PID=612) to work on /opt/airflow/dags/etl.py
[2026-09-19T13:22:45.570+0000] {processor.py:830} INFO - Processing file /opt/airflow/dags/etl.py for tasks to queue
[2026-09-19T13:22:45.572+0000] {logging_mixin.py:188} INFO - [2026-09-19T13:22:45.571+0000] {dagbag.py:545} INFO - Filling up the DagBag from /opt/airflow/dags/etl.py
[2026-09-19T13:22:45.590+0000] {processor.py:840} INFO - DAG(s) 'ecommerce_data' retrieved from /opt/airflow/dags/etl.py
[2026-09-19T13:22:45.623+0000] {logging_mixin.py:188} INFO - [2026-09-19T13:22:45.623+0000] {dag.py:3096} INFO - Sync 1 DAGs
[2026-09-19T13:22:45.654+0000] {processor.py:183} INFO - Processing /opt/airflow/dags/etl.py took 0.093 seconds
[2026-09-19T13:23:16.668+0000] {processor.py:161} INFO - Started process (PID=974) to work on /opt/airflow/dags/etl.py
[2026-09-19T13:23:16.670+0000] {processor.py:830} INFO - Processing file /opt/airflow/dags/etl.py for tasks to queue
[2026-09-19T13:23:16.673+0000] {logging_mixin.py:188} INFO - [2026-09-19T13:23:16.672+0000] {dagbag.py:545} INFO - Filling up the DagBag from /opt/airflow/dags/etl.py
[2026-09-19T13:23:16.689+0000] {processor.py:840} INFO - DAG(s) 'ecommerce_data' retrieved from /opt/airflow/dags/etl.py
[2026-09-19T13:23:16.724+0000] {logging_mixin.py:188} INFO - [2026-09-19T13:23:16.723+0000] {dag.py:3096} INFO - Sync 1 DAGs
[2026-09-19T13:23:16.755+0000] {processor.py:183} INFO - Processing /opt/airflow/dags/etl.py took 0.097 seconds
[2026-09-19T13:23:46.975+0000] {processor.py:161} INFO - Started process (PID=1514) to work on /opt/airflow/dags/etl.py
[2026-09-19T13:23:46.976+0000] {processor.py:830} INFO - Processing file /opt/airflow/dags/etl.py for tasks to queue
[2026-09-19T13:23:46.979+0000] {logging_mixin.py:188} INFO - [2026-09-19T13:23:46.979+0000] {dagbag.py:545} INFO - Filling up the DagBag from /opt/airflow/dags/etl.py
[2026-09-19T13:23:46.996+0000] {processor.py:840} INFO - DAG(s) 'ecommerce_data' retrieved from /opt/airflow/dags/etl.py
[2026-09-19T13:23:47.031+0000] {logging_mixin.py:188} INFO - [2026-09-19T13:23:47.031+0000] {dag.py:3096} INFO - Sync 1 DAGs
[2026-09-19T13:23:47.073+0000] {processor.py:183} INFO - Processing /opt/airflow/dags/etl.py took 0.107 seconds
[2026-09-19T13:24:17.362+0000] {processor.py:161} INFO - Started process (PID=1515) to work on /opt/airflow/dags/etl.py
[2026-09-19T13:24:17.363+0000] {processor.py:830} INFO - Processing file /opt/airflow/dags/etl.py for tasks to queue
[2026-09-19T13:24:17.367+0000] {logging_mixin.py:188} INFO - [2026-09-19T13:24:17.366+0000] {dagbag.py:545} INFO - Filling up the DagBag from /opt/airflow/dags/etl.py
[2026-09-19T13:24:17.384+0000] {processor.py:840} INFO - DAG(s) 'ecommerce_data' retrieved from /opt/airflow/dags/etl.py
[2026-09-19T13:24:17.415+0000] {logging_mixin.py:188} INFO - [2026-09-19T13:24:17.415+0000] {dag.py:3096} INFO - Sync 1 DAGs
[2026-09-19T13:24:17.446+0000] {processor.py:183} INFO - Processing /opt/airflow/dags/etl.py took 0.093 seconds
[2026-09-19T13:24:54.621+0000] {processor.py:161} INFO - Started process (PID=1876) to work on /opt/airflow/dags/etl.py
[2026-09-19T13:24:54.623+0000] {processor.py:830} INFO - Processing file /opt/airflow/dags/etl.py for tasks to queue
[2026-09-19T13:24:54.626+0000] {logging_mixin.py:188} INFO - [2026-09-19T13:24:54.625+0000] {dagbag.py:545} INFO - Filling up the DagBag from /opt/airflow/dags/etl.py
[2026-09-19T13:24:54.643+0000] {processor.py:840} INFO - DAG(s) 'ecommerce_data' retrieved from /opt/airflow/dags/etl.py
[2026-09-19T13:24:54.681+0000] {logging_mixin.py:188} INFO - [2026-09-19T13:24:54.681+0000] {dag.py:3096} INFO - Sync 1 DAGs
[2026-09-19T13:24:54.712+0000] {processor.py:183} INFO - Processing /opt/airflow/dags/etl.py took 0.100 seconds
[2026-09-19T13:25:24.974+0000] {processor.py:161} INFO - Started process (PID=1877) to work on /opt/airflow/dags/etl.py
[2026-09-19T13:25:24.975+0000] {processor.py:830} INFO - Processing file /opt/airflow/dags/etl.py for tasks to queue
[2026-09-19T13:25:24.978+0000] {logging_mixin.py:188} INFO - [2026-09-19T13:25:24.977+0000] {dagbag.py:545} INFO - Filling up the DagBag from /opt/airflow/dags/etl.py
[2026-09-19T13:25:24.995+0000] {processor.py:840} INFO - DAG(s) 'ecommerce_data' retrieved from /opt/airflow/dags/etl.py
[2026-09-19T13:25:25.024+0000] {logging_mixin.py:188} INFO - [2026-09-19T13:25:25.024+0000] {dag.py:3096} INFO - Sync 1 DAGs
[2026-09-19T13:25:25.054+0000] {processor.py:183} INFO - Processing /opt/airflow/dags/etl.py took 0.090 seconds
[2026-09-19T13:26:03.590+0000] {processor.py:161} INFO - Started process (PID=2239) to work on /opt/airflow/dags/etl.py
[2026-09-19T13:26:03.592+0000] {processor.py:830} INFO - Processing file /opt/airflow/dags/etl.py for tasks to queue
[2026-09-19T13:26:03.595+0000] {logging_mixin.py:188} INFO - [2026-09-19T13:26:03.594+0000] {dagbag.py:545} INFO - Filling up the DagBag from /opt/airflow/dags/etl.py
[2026-09-19T13:26:03.609+0000] {processor.py:840} INFO - DAG(s) 'ecommerce_data' retrieved from /opt/airflow/dags/etl.py
[2026-09-19T13:26:03.631+0000] {logging_mixin.py:188} INFO - [2026-09-19T13:26:03.631+0000] {dag.py:3096} INFO - Sync 1 DAGs
[2026-09-19T13:26:03.659+0000] {processor.py:183} INFO - Processing /opt/airflow/dags/etl.py took 0.078 seconds
[2026-09-19T13:26:34.705+0000] {processor.py:161} INFO - Started process (PID=2420) to work on /opt/airflow/dags/etl.py
[2026-09-19T13:26:34.706+0000] {processor.py:830} INFO - Processing file /opt/airflow/dags/etl.py for tasks to queue
[2026-09-19T13:26:34.709+0000] {logging_mixin.py:188} INFO - [2026-09-19T13:26:34.708+0000] {dagbag.py:545} INFO - Filling up the DagBag from /opt/airflow/dags/etl.py
[2026-09-19T13:26:34.725+0000] {processor.py:840} INFO - DAG(s) 'ecommerce_data' retrieved from /opt/airflow/dags/etl.py
[2026-09-19T13:26:34.760+0000] {logging_mixin.py:188} INFO - [2026-09-19T13:26:34.760+0000] {dag.py:3096} INFO - Sync 1 DAGs
[2026-09-19T13:26:34.791+0000] {processor.py:183} INFO - Processing /opt/airflow/dags/etl.py took 0.095 seconds
[2026-09-19T13:27:05.861+0000] {processor.py:161} INFO - Started process (PID=2601) to work on /opt/airflow/dags/etl.py
[2026-09-19T13:27:05.864+0000] {processor.py:830} INFO - Processing file /opt/airflow/dags/etl.py for tasks to queue
[2026-09-19T13:27:05.867+0000] {logging_mixin.py:188} INFO - [2026-09-19T13:27:05.867+0000] {dagbag.py:545} INFO - Filling up the DagBag from /opt/airflow/dags/etl.py
[2026-09-19T13:27:05.885+0000] {processor.py:840} INFO - DAG(s) 'ecommerce_data' retrieved from /opt/airflow/dags/etl.py
[2026-09-19T13:27:05.919+0000] {logging_mixin.py:188} INFO - [2026-09-19T13:27:05.919+0000] {dag.py:3096} INFO - Sync 1 DAGs
[2026-09-19T13:27:05.948+0000] {processor.py:183} INFO - Processing /opt/airflow/dags/etl.py took 0.096 seconds
[2026-09-19T13:27:36.177+0000] {processor.py:161} INFO - Started process (PID=2602) to work on /opt/airflow/dags/etl.py
[2026-09-19T13:27:36.179+0000] {processor.py:830} INFO - Processing file /opt/airflow/dags/etl.py for tasks to queue
[2026-09-19T13:27:36.181+0000] {logging_mixin.py:188} INFO - [2026-09-19T13:27:36.181+0000] {dagbag.py:545} INFO - Filling up the DagBag from /opt/airflow/dags/etl.py
[2026-09-19T13:27:36.198+0000] {processor.py:840} INFO - DAG(s) 'ecommerce_data' retrieved from /opt/airflow/dags/etl.py
[2026-09-19T13:27:36.229+0000] {logging_mixin.py:188} INFO - [2026-09-19T13:27:36.229+0000] {dag.py:3096} INFO - Sync 1 DAGs
[2026-09-19T13:27:36.245+0000] {logging_mixin.py:188} INFO - [2026-09-19T13:27:36.244+0000] {dag.py:3954} INFO - Setting next_dagrun for ecommerce_data to 2019-10-01 00:00:00+00:00, run_after=2019-10-02 00:00:00+00:00
[2026-09-19T13:27:36.260+0000] {processor.py:183} INFO - Processing /opt/airflow/dags/etl.py took 0.093 seconds
[2026-09-19T13:28:08.753+0000] {processor.py:161} INFO - Started process (PID=3143) to work on /opt/airflow/dags/etl.py
[2026-09-19T13:28:08.755+0000] {processor.py:830} INFO - Processing file /opt/airflow/dags/etl.py for tasks to queue
[2026-09-19T13:28:08.758+0000] {logging_mixin.py:188} INFO - [2026-09-19T13:28:08.757+0000] {dagbag.py:545} INFO - Filling up the DagBag from /opt/airflow/dags/etl.py
[2026-09-19T13:28:08.775+0000] {processor.py:840} INFO - DAG(s) 'ecommerce_data' retrieved from /opt/airflow/dags/etl.py
[2026-09-19T13:28:08.808+0000] {logging_mixin.py:188} INFO - [2026-09-19T13:28:08.807+0000] {dag.py:3096} INFO - Sync 1 DAGs
[2026-09-19T13:28:08.839+0000] {processor.py:183} INFO - Processing /opt/airflow/dags/etl.py took 0.093 seconds
[2026-09-19T13:28:39.648+0000] {processor.py:161} INFO - Started process (PID=3322) to work on /opt/airflow/dags/etl.py
[2026-09-19T13:28:39.649+0000] {processor.py:830} INFO - Processing file /opt/airflow/dags/etl.py for tasks to queue
[2026-09-19T13:28:39.650+0000] {logging_mixin.py:188} INFO - [2026-09-19T13:28:39.650+0000] {dagbag.py:545} INFO - Filling up the DagBag from /opt/airflow/dags/etl.py
[2026-09-19T13:28:39.658+0000] {processor.py:840} INFO - DAG(s) 'ecommerce_data' retrieved from /opt/airflow/dags/etl.py
[2026-09-19T13:28:39.677+0000] {logging_mixin.py:188} INFO - [2026-09-19T13:28:39.677+0000] {dag.py:3096} INFO - Sync 1 DAGs
[2026-09-19T13:28:39.692+0000] {logging_mixin.py:188} INFO - [2026-09-19T13:28:39.692+0000] {dag.py:3954} INFO - Setting next_dagrun for ecommerce_data to 2019-10-02 00:00:00+00:00, run_after=2019-10-03 00:00:00+00:00
[2026-09-19T13:28:39.707+0000] {processor.py:183} INFO - Processing /opt/airflow/dags/etl.py took 0.063 seconds
[2026-09-19T13:29:10.695+0000] {processor.py:161} INFO - Started process (PID=3323) to work on /opt/airflow/dags/etl.py
[2026-09-19T13:29:10.698+0000] {processor.py:830} INFO - Processing file /opt/airflow/dags/etl.py for tasks to queue
[2026-09-19T13:29:10.702+0000] {logging_mixin.py:188} INFO - [2026-09-19T13:29:10.701+0000] {dagbag.py:545} INFO - Filling up the DagBag from /opt/airflow/dags/etl.py
[2026-09-19T13:29:10.719+0000] {processor.py:840} INFO - DAG(s) 'ecommerce_data' retrieved from /opt/airflow/dags/etl.py
[2026-09-19T13:29:10.754+0000] {logging_mixin.py:188} INFO - [2026-09-19T13:29:10.754+0000] {dag.py:3096} INFO - Sync 1 DAGs
[2026-09-19T13:29:10.770+0000] {logging_mixin.py:188} INFO - [2026-09-19T13:29:10.769+0000] {dag.py:3954} INFO - Setting next_dagrun for ecommerce_data to 2019-10-02 00:00:00+00:00, run_after=2019-10-03 00:00:00+00:00
[2026-09-19T13:29:10.894+0000] {processor.py:183} INFO - Processing /opt/airflow/dags/etl.py took 0.209 seconds
[2026-09-19T13:29:41.384+0000] {processor.py:161} INFO - Started process (PID=3324) to work on /opt/airflow/dags/etl.py
[2026-09-19T13:29:41.385+0000] {processor.py:830} INFO - Processing file /opt/airflow/dags/etl.py for tasks to queue
[2026-09-19T13:29:41.388+0000] {logging_mixin.py:188} INFO - [2026-09-19T13:29:41.387+0000] {dagbag.py:545} INFO - Filling up the DagBag from /opt/airflow/dags/etl.py
[2026-09-19T13:29:41.406+0000] {processor.py:840} INFO - DAG(s) 'ecommerce_data' retrieved from /opt/airflow/dags/etl.py
[2026-09-19T13:29:41.431+0000] {logging_mixin.py:188} INFO - [2026-09-19T13:29:41.430+0000] {dag.py:3096} INFO - Sync 1 DAGs
[2026-09-19T13:29:41.447+0000] {logging_mixin.py:188} INFO - [2026-09-19T13:29:41.447+0000] {dag.py:3954} INFO - Setting next_dagrun for ecommerce_data to 2019-10-02 00:00:00+00:00, run_after=2019-10-03 00:00:00+00:00
[2026-09-19T13:29:41.579+0000] {processor.py:183} INFO - Processing /opt/airflow/dags/etl.py took 0.205 seconds
[2026-09-19T13:30:11.705+0000] {processor.py:161} INFO - Started process (PID=3325) to work on /opt/airflow/dags/etl.py
[2026-09-19T13:30:11.709+0000] {processor.py:830} INFO - Processing file /opt/airflow/dags/etl.py for tasks to queue
[2026-09-19T13:30:11.712+0000] {logging_mixin.py:188} INFO - [2026-09-19T13:30:11.712+0000] {dagbag.py:545} INFO - Filling up the DagBag from /opt/airflow/dags/etl.py
[2026-09-19T13:30:11.729+0000] {processor.py:840} INFO - DAG(s) 'ecommerce_data' retrieved from /opt/airflow/dags/etl.py
[2026-09-19T13:30:11.764+0000] {logging_mixin.py:188} INFO - [2026-09-19T13:30:11.764+0000] {dag.py:3096} INFO - Sync 1 DAGs
[2026-09-19T13:30:11.889+0000] {logging_mixin.py:188} INFO - [2026-09-19T13:30:11.889+0000] {dag.py:3954} INFO - Setting next_dagrun for ecommerce_data to 2019-10-02 00:00:00+00:00, run_after=2019-10-03 00:00:00+00:00
[2026-09-19T13:30:11.905+0000] {processor.py:183} INFO - Processing /opt/airflow/dags/etl.py took 0.209 seconds
[2026-09-19T13:30:42.027+0000] {processor.py:161} INFO - Started process (PID=3326) to work on /opt/airflow/dags/etl.py
[2026-09-19T13:30:42.029+0000] {processor.py:830} INFO - Processing file /opt/airflow/dags/etl.py for tasks to queue
[2026-09-19T13:30:42.033+0000] {logging_mixin.py:188} INFO - [2026-09-19T13:30:42.032+0000] {dagbag.py:545} INFO - Filling up the DagBag from /opt/airflow/dags/etl.py
[2026-09-19T13:30:42.051+0000] {processor.py:840} INFO - DAG(s) 'ecommerce_data' retrieved from /opt/airflow/dags/etl.py
[2026-09-19T13:30:42.087+0000] {logging_mixin.py:188} INFO - [2026-09-19T13:30:42.086+0000] {dag.py:3096} INFO - Sync 1 DAGs
[2026-09-19T13:30:42.222+0000] {logging_mixin.py:188} INFO - [2026-09-19T13:30:42.222+0000] {dag.py:3954} INFO - Setting next_dagrun for ecommerce_data to 2019-10-02 00:00:00+00:00, run_after=2019-10-03 00:00:00+00:00
[2026-09-19T13:30:42.237+0000] {processor.py:183} INFO - Processing /opt/airflow/dags/etl.py took 0.219 seconds
[2026-09-19T13:31:12.478+0000] {processor.py:161} INFO - Started process (PID=3327) to work on /opt/airflow/dags/etl.py
[2026-09-19T13:31:12.481+0000] {processor.py:830} INFO - Processing file /opt/airflow/dags/etl.py for tasks to queue
[2026-09-19T13:31:12.484+0000] {logging_mixin.py:188} INFO - [2026-09-19T13:31:12.484+0000] {dagbag.py:545} INFO - Filling up the DagBag from /opt/airflow/dags/etl.py
[2026-09-19T13:31:12.502+0000] {processor.py:840} INFO - DAG(s) 'ecommerce_data' retrieved from /opt/airflow/dags/etl.py
[2026-09-19T13:31:12.654+0000] {logging_mixin.py:188} INFO - [2026-09-19T13:31:12.653+0000] {dag.py:3096} INFO - Sync 1 DAGs
[2026-09-19T13:31:12.668+0000] {logging_mixin.py:188} INFO - [2026-09-19T13:31:12.668+0000] {dag.py:3954} INFO - Setting next_dagrun for ecommerce_data to 2019-10-02 00:00:00+00:00, run_after=2019-10-03 00:00:00+00:00
[2026-09-19T13:31:12.684+0000] {processor.py:183} INFO - Processing /opt/airflow/dags/etl.py took 0.216 seconds
[2026-09-19T13:31:42.925+0000] {processor.py:161} INFO - Started process (PID=3328) to work on /opt/airflow/dags/etl.py
[2026-09-19T13:31:42.926+0000] {processor.py:830} INFO - Processing file /opt/airflow/dags/etl.py for tasks to queue
[2026-09-19T13:31:42.929+0000] {logging_mixin.py:188} INFO - [2026-09-19T13:31:42.928+0000] {dagbag.py:545} INFO - Filling up the DagBag from /opt/airflow/dags/etl.py
[2026-09-19T13:31:42.945+0000] {processor.py:840} INFO - DAG(s) 'ecommerce_data' retrieved from /opt/airflow/dags/etl.py
[2026-09-19T13:31:43.085+0000] {logging_mixin.py:188} INFO - [2026-09-19T13:31:43.085+0000] {dag.py:3096} INFO - Sync 1 DAGs
[2026-09-19T13:31:43.098+0000] {logging_mixin.py:188} INFO - [2026-09-19T13:31:43.098+0000] {dag.py:3954} INFO - Setting next_dagrun for ecommerce_data to 2019-10-02 00:00:00+00:00, run_after=2019-10-03 00:00:00+00:00
[2026-09-19T13:31:43.113+0000] {processor.py:183} INFO - Processing /opt/airflow/dags/etl.py took 0.197 seconds
[2026-09-19T13:32:13.366+0000] {processor.py:161} INFO - Started process (PID=3329) to work on /opt/airflow/dags/etl.py
[2026-09-19T13:32:13.370+0000] {processor.py:830} INFO - Processing file /opt/airflow/dags/etl.py for tasks to queue
[2026-09-19T13:32:13.373+0000] {logging_mixin.py:188} INFO - [2026-09-19T13:32:13.372+0000] {dagbag.py:545} INFO - Filling up the DagBag from /opt/airflow/dags/etl.py
[2026-09-19T13:32:13.523+0000] {processor.py:840} INFO - DAG(s) 'ecommerce_data' retrieved from /opt/airflow/dags/etl.py
[2026-09-19T13:32:13.537+0000] {logging_mixin.py:188} INFO - [2026-09-19T13:32:13.536+0000] {dag.py:3096} INFO - Sync 1 DAGs
[2026-09-19T13:32:13.548+0000] {logging_mixin.py:188} INFO - [2026-09-19T13:32:13.548+0000] {dag.py:3954} INFO - Setting next_dagrun for ecommerce_data to 2019-10-02 00:00:00+00:00, run_after=2019-10-03 00:00:00+00:00
[2026-09-19T13:32:13.564+0000] {processor.py:183} INFO - Processing /opt/airflow/dags/etl.py took 0.202 seconds
[2026-09-19T13:32:43.824+0000] {processor.py:161} INFO - Started process (PID=3330) to work on /opt/airflow/dags/etl.py
[2026-09-19T13:32:43.825+0000] {processor.py:830} INFO - Processing file /opt/airflow/dags/etl.py for tasks to queue
[2026-09-19T13:32:43.828+0000] {logging_mixin.py:188} INFO - [2026-09-19T13:32:43.827+0000] {dagbag.py:545} INFO - Filling up the DagBag from /opt/airflow/dags/etl.py
[2026-09-19T13:32:43.844+0000] {processor.py:840} INFO - DAG(s) 'ecommerce_data' retrieved from /opt/airflow/dags/etl.py
[2026-09-19T13:32:43.880+0000] {logging_mixin.py:188} INFO - [2026-09-19T13:32:43.879+0000] {dag.py:3096} INFO - Sync 1 DAGs
[2026-09-19T13:32:43.895+0000] {logging_mixin.py:188} INFO - [2026-09-19T13:32:43.895+0000] {dag.py:3954} INFO - Setting next_dagrun for ecommerce_data to 2019-10-02 00:00:00+00:00, run_after=2019-10-03 00:00:00+00:00
[2026-09-19T13:32:43.910+0000] {processor.py:183} INFO - Processing /opt/airflow/dags/etl.py took 0.097 seconds
[2026-09-19T13:33:14.171+0000] {processor.py:161} INFO - Started process (PID=3331) to work on /opt/airflow/dags/etl.py
[2026-09-19T13:33:14.180+0000] {processor.py:830} INFO - Processing file /opt/airflow/dags/etl.py for tasks to queue
[2026-09-19T13:33:14.183+0000] {logging_mixin.py:188} INFO - [2026-09-19T13:33:14.182+0000] {dagbag.py:545} INFO - Filling up the DagBag from /opt/airflow/dags/etl.py
[2026-09-19T13:33:14.201+0000] {processor.py:840} INFO - DAG(s) 'ecommerce_data' retrieved from /opt/airflow/dags/etl.py
[2026-09-19T13:33:14.237+0000] {logging_mixin.py:188} INFO - [2026-09-19T13:33:14.237+0000] {dag.py:3096} INFO - Sync 1 DAGs
[2026-09-19T13:33:14.253+0000] {logging_mixin.py:188} INFO - [2026-09-19T13:33:14.253+0000] {dag.py:3954} INFO - Setting next_dagrun for ecommerce_data to 2019-10-02 00:00:00+00:00, run_after=2019-10-03 00:00:00+00:00
[2026-09-19T13:33:14.269+0000] {processor.py:183} INFO - Processing /opt/airflow/dags/etl.py took 0.107 seconds
[2026-09-19T13:33:44.521+0000] {processor.py:161} INFO - Started process (PID=3332) to work on /opt/airflow/dags/etl.py
[2026-09-19T13:33:44.522+0000] {processor.py:830} INFO - Processing file /opt/airflow/dags/etl.py for tasks to queue
[2026-09-19T13:33:44.525+0000] {logging_mixin.py:188} INFO - [2026-09-19T13:33:44.524+0000] {dagbag.py:545} INFO - Filling up the DagBag from /opt/airflow/dags/etl.py
[2026-09-19T13:33:44.543+0000] {processor.py:840} INFO - DAG(s) 'ecommerce_data' retrieved from /opt/airflow/dags/etl.py
[2026-09-19T13:33:44.577+0000] {logging_mixin.py:188} INFO - [2026-09-19T13:33:44.576+0000] {dag.py:3096} INFO - Sync 1 DAGs
[2026-09-19T13:33:44.594+0000] {logging_mixin.py:188} INFO - [2026-09-19T13:33:44.593+0000] {dag.py:3954} INFO - Setting next_dagrun for ecommerce_data to 2019-10-02 00:00:00+00:00, run_after=2019-10-03 00:00:00+00:00
[2026-09-19T13:33:44.609+0000] {processor.py:183} INFO - Processing /opt/airflow/dags/etl.py took 0.098 seconds
[2026-09-19T13:34:14.869+0000] {processor.py:161} INFO - Started process (PID=3333) to work on /opt/airflow/dags/etl.py
[2026-09-19T13:34:14.878+0000] {processor.py:830} INFO - Processing file /opt/airflow/dags/etl.py for tasks to queue
[2026-09-19T13:34:14.881+0000] {logging_mixin.py:188} INFO - [2026-09-19T13:34:14.880+0000] {dagbag.py:545} INFO - Filling up the DagBag from /opt/airflow/dags/etl.py
[2026-09-19T13:34:14.899+0000] {processor.py:840} INFO - DAG(s) 'ecommerce_data' retrieved from /opt/airflow/dags/etl.py
[2026-09-19T13:34:14.934+0000] {logging_mixin.py:188} INFO - [2026-09-19T13:34:14.933+0000] {dag.py:3096} INFO - Sync 1 DAGs
[2026-09-19T13:34:14.951+0000] {logging_mixin.py:188} INFO - [2026-09-19T13:34:14.950+0000] {dag.py:3954} INFO - Setting next_dagrun for ecommerce_data to 2019-10-02 00:00:00+00:00, run_after=2019-10-03 00:00:00+00:00
[2026-09-19T13:34:14.966+0000] {processor.py:183} INFO - Processing /opt/airflow/dags/etl.py took 0.107 seconds
[2026-09-19T13:34:45.213+0000] {processor.py:161} INFO - Started process (PID=3334) to work on /opt/airflow/dags/etl.py
[2026-09-19T13:34:45.216+0000] {processor.py:830} INFO - Processing file /opt/airflow/dags/etl.py for tasks to queue
[2026-09-19T13:34:45.219+0000] {logging_mixin.py:188} INFO - [2026-09-19T13:34:45.218+0000] {dagbag.py:545} INFO - Filling up the DagBag from /opt/airflow/dags/etl.py
[2026-09-19T13:34:45.235+0000] {processor.py:840} INFO - DAG(s) 'ecommerce_data' retrieved from /opt/airflow/dags/etl.py
[2026-09-19T13:34:45.270+0000] {logging_mixin.py:188} INFO - [2026-09-19T13:34:45.270+0000] {dag.py:3096} INFO - Sync 1 DAGs
[2026-09-19T13:34:45.288+0000] {logging_mixin.py:188} INFO - [2026-09-19T13:34:45.287+0000] {dag.py:3954} INFO - Setting next_dagrun for ecommerce_data to 2019-10-02 00:00:00+00:00, run_after=2019-10-03 00:00:00+00:00
[2026-09-19T13:34:45.303+0000] {processor.py:183} INFO - Processing /opt/airflow/dags/etl.py took 0.099 seconds
[2026-09-19T13:35:15.562+0000] {processor.py:161} INFO - Started process (PID=3335) to work on /opt/airflow/dags/etl.py
[2026-09-19T13:35:15.563+0000] {processor.py:830} INFO - Processing file /opt/airflow/dags/etl.py for tasks to queue
[2026-09-19T13:35:15.566+0000] {logging_mixin.py:188} INFO - [2026-09-19T13:35:15.566+0000] {dagbag.py:545} INFO - Filling up the DagBag from /opt/airflow/dags/etl.py
[2026-09-19T13:35:15.583+0000] {processor.py:840} INFO - DAG(s) 'ecommerce_data' retrieved from /opt/airflow/dags/etl.py
[2026-09-19T13:35:15.619+0000] {logging_mixin.py:188} INFO - [2026-09-19T13:35:15.618+0000] {dag.py:3096} INFO - Sync 1 DAGs
[2026-09-19T13:35:15.634+0000] {logging_mixin.py:188} INFO - [2026-09-19T13:35:15.634+0000] {dag.py:3954} INFO - Setting next_dagrun for ecommerce_data to 2019-10-02 00:00:00+00:00, run_after=2019-10-03 00:00:00+00:00
[2026-09-19T13:35:15.650+0000] {processor.py:183} INFO - Processing /opt/airflow/dags/etl.py took 0.097 seconds
[2026-09-19T13:35:45.885+0000] {processor.py:161} INFO - Started process (PID=3336) to work on /opt/airflow/dags/etl.py
[2026-09-19T13:35:45.885+0000] {processor.py:830} INFO - Processing file /opt/airflow/dags/etl.py for tasks to queue
[2026-09-19T13:35:45.887+0000] {logging_mixin.py:188} INFO - [2026-09-19T13:35:45.887+0000] {dagbag.py:545} INFO - Filling up the DagBag from /opt/airflow/dags/etl.py
[2026-09-19T13:35:45.896+0000] {processor.py:840} INFO - DAG(s) 'ecommerce_data' retrieved from /opt/airflow/dags/etl.py
[2026-09-19T13:35:45.915+0000] {logging_mixin.py:188} INFO - [2026-09-19T13:35:45.914+0000] {dag.py:3096} INFO - Sync 1 DAGs
[2026-09-19T13:35:45.930+0000] {logging_mixin.py:188} INFO - [2026-09-19T13:35:45.930+0000] {dag.py:3954} INFO - Setting next_dagrun for ecommerce_data to 2019-10-02 00:00:00+00:00, run_after=2019-10-03 00:00:00+00:00
[2026-09-19T13:35:45.946+0000] {processor.py:183} INFO - Processing /opt/airflow/dags/etl.py took 0.066 seconds
[2026-09-19T13:36:13.023+0000] {processor.py:161} INFO - Started process (PID=51) to work on /opt/airflow/dags/etl.py
[2026-09-19T13:36:13.023+0000] {processor.py:830} INFO - Processing file /opt/airflow/dags/etl.py for tasks to queue
[2026-09-19T13:36:13.025+0000] {logging_mixin.py:188} INFO - [2026-09-19T13:36:13.025+0000] {dagbag.py:545} INFO - Filling up the DagBag from /opt/airflow/dags/etl.py
[2026-09-19T13:36:13.033+0000] {processor.py:840} INFO - DAG(s) 'ecommerce_data' retrieved from /opt/airflow/dags/etl.py
[2026-09-19T13:36:13.041+0000] {logging_mixin.py:188} INFO - [2026-09-19T13:36:13.041+0000] {dag.py:3096} INFO - Sync 1 DAGs
[2026-09-19T13:36:13.057+0000] {logging_mixin.py:188} INFO - [2026-09-19T13:36:13.056+0000] {dag.py:3954} INFO - Setting next_dagrun for ecommerce_data to 2019-10-02 00:00:00+00:00, run_after=2019-10-03 00:00:00+00:00
[2026-09-19T13:36:13.071+0000] {processor.py:183} INFO - Processing /opt/airflow/dags/etl.py took 0.053 seconds
[2026-09-19T13:36:43.186+0000] {processor.py:161} INFO - Started process (PID=427) to work on /opt/airflow/dags/etl.py
[2026-09-19T13:36:43.189+0000] {processor.py:830} INFO - Processing file /opt/airflow/dags/etl.py for tasks to queue
[2026-09-19T13:36:43.192+0000] {logging_mixin.py:188} INFO - [2026-09-19T13:36:43.191+0000] {dagbag.py:545} INFO - Filling up the DagBag from /opt/airflow/dags/etl.py
[2026-09-19T13:36:43.208+0000] {processor.py:840} INFO - DAG(s) 'ecommerce_data' retrieved from /opt/airflow/dags/etl.py
[2026-09-19T13:36:43.302+0000] {logging_mixin.py:188} INFO - [2026-09-19T13:36:43.302+0000] {dag.py:3096} INFO - Sync 1 DAGs
[2026-09-19T13:36:43.330+0000] {processor.py:183} INFO - Processing /opt/airflow/dags/etl.py took 0.152 seconds
[2026-09-19T13:37:14.050+0000] {processor.py:161} INFO - Started process (PID=791) to work on /opt/airflow/dags/etl.py
[2026-09-19T13:37:14.053+0000] {processor.py:830} INFO - Processing file /opt/airflow/dags/etl.py for tasks to queue
[2026-09-19T13:37:14.056+0000] {logging_mixin.py:188} INFO - [2026-09-19T13:37:14.055+0000] {dagbag.py:545} INFO - Filling up the DagBag from /opt/airflow/dags/etl.py
[2026-09-19T13:37:14.072+0000] {processor.py:840} INFO - DAG(s) 'ecommerce_data' retrieved from /opt/airflow/dags/etl.py
[2026-09-19T13:37:14.107+0000] {logging_mixin.py:188} INFO - [2026-09-19T13:37:14.107+0000] {dag.py:3096} INFO - Sync 1 DAGs
[2026-09-19T13:37:14.124+0000] {logging_mixin.py:188} INFO - [2026-09-19T13:37:14.123+0000] {dag.py:3954} INFO - Setting next_dagrun for ecommerce_data to 2019-10-03 00:00:00+00:00, run_after=2019-10-04 00:00:00+00:00
[2026-09-19T13:37:14.139+0000] {processor.py:183} INFO - Processing /opt/airflow/dags/etl.py took 0.098 seconds
[2026-09-19T13:37:44.509+0000] {processor.py:161} INFO - Started process (PID=1334) to work on /opt/airflow/dags/etl.py
[2026-09-19T13:37:44.510+0000] {processor.py:830} INFO - Processing file /opt/airflow/dags/etl.py for tasks to queue
[2026-09-19T13:37:44.512+0000] {logging_mixin.py:188} INFO - [2026-09-19T13:37:44.512+0000] {dagbag.py:545} INFO - Filling up the DagBag from /opt/airflow/dags/etl.py
[2026-09-19T13:37:44.527+0000] {processor.py:840} INFO - DAG(s) 'ecommerce_data' retrieved from /opt/airflow/dags/etl.py
[2026-09-19T13:37:44.549+0000] {logging_mixin.py:188} INFO - [2026-09-19T13:37:44.548+0000] {dag.py:3096} INFO - Sync 1 DAGs
[2026-09-19T13:37:44.578+0000] {processor.py:183} INFO - Processing /opt/airflow/dags/etl.py took 0.079 seconds
[2026-09-19T13:38:14.991+0000] {processor.py:161} INFO - Started process (PID=1515) to work on /opt/airflow/dags/etl.py
[2026-09-19T13:38:14.994+0000] {processor.py:830} INFO - Processing file /opt/airflow/dags/etl.py for tasks to queue
[2026-09-19T13:38:14.996+0000] {logging_mixin.py:188} INFO - [2026-09-19T13:38:14.996+0000] {dagbag.py:545} INFO - Filling up the DagBag from /opt/airflow/dags/etl.py
[2026-09-19T13:38:15.015+0000] {processor.py:840} INFO - DAG(s) 'ecommerce_data' retrieved from /opt/airflow/dags/etl.py
[2026-09-19T13:38:15.046+0000] {logging_mixin.py:188} INFO - [2026-09-19T13:38:15.046+0000] {dag.py:3096} INFO - Sync 1 DAGs
[2026-09-19T13:38:15.062+0000] {logging_mixin.py:188} INFO - [2026-09-19T13:38:15.062+0000] {dag.py:3954} INFO - Setting next_dagrun for ecommerce_data to 2019-10-04 00:00:00+00:00, run_after=2019-10-05 00:00:00+00:00
[2026-09-19T13:38:15.080+0000] {processor.py:183} INFO - Processing /opt/airflow/dags/etl.py took 0.099 seconds
[2026-09-19T13:38:45.350+0000] {processor.py:161} INFO - Started process (PID=2060) to work on /opt/airflow/dags/etl.py
[2026-09-19T13:38:45.352+0000] {processor.py:830} INFO - Processing file /opt/airflow/dags/etl.py for tasks to queue
[2026-09-19T13:38:45.355+0000] {logging_mixin.py:188} INFO - [2026-09-19T13:38:45.355+0000] {dagbag.py:545} INFO - Filling up the DagBag from /opt/airflow/dags/etl.py
[2026-09-19T13:38:45.371+0000] {processor.py:840} INFO - DAG(s) 'ecommerce_data' retrieved from /opt/airflow/dags/etl.py
[2026-09-19T13:38:45.405+0000] {logging_mixin.py:188} INFO - [2026-09-19T13:38:45.405+0000] {dag.py:3096} INFO - Sync 1 DAGs
[2026-09-19T13:38:45.436+0000] {processor.py:183} INFO - Processing /opt/airflow/dags/etl.py took 0.094 seconds
[2026-09-19T13:39:18.469+0000] {processor.py:161} INFO - Started process (PID=2600) to work on /opt/airflow/dags/etl.py
[2026-09-19T13:39:18.472+0000] {processor.py:830} INFO - Processing file /opt/airflow/dags/etl.py for tasks to queue
[2026-09-19T13:39:18.475+0000] {logging_mixin.py:188} INFO - [2026-09-19T13:39:18.474+0000] {dagbag.py:545} INFO - Filling up the DagBag from /opt/airflow/dags/etl.py
[2026-09-19T13:39:18.491+0000] {processor.py:840} INFO - DAG(s) 'ecommerce_data' retrieved from /opt/airflow/dags/etl.py
[2026-09-19T13:39:18.525+0000] {logging_mixin.py:188} INFO - [2026-09-19T13:39:18.525+0000] {dag.py:3096} INFO - Sync 1 DAGs
[2026-09-19T13:39:18.556+0000] {processor.py:183} INFO - Processing /opt/airflow/dags/etl.py took 0.094 seconds
[2026-09-19T13:39:52.297+0000] {processor.py:161} INFO - Started process (PID=3138) to work on /opt/airflow/dags/etl.py
[2026-09-19T13:39:52.299+0000] {processor.py:830} INFO - Processing file /opt/airflow/dags/etl.py for tasks to queue
[2026-09-19T13:39:52.302+0000] {logging_mixin.py:188} INFO - [2026-09-19T13:39:52.302+0000] {dagbag.py:545} INFO - Filling up the DagBag from /opt/airflow/dags/etl.py
[2026-09-19T13:39:52.318+0000] {processor.py:840} INFO - DAG(s) 'ecommerce_data' retrieved from /opt/airflow/dags/etl.py
[2026-09-19T13:39:52.353+0000] {logging_mixin.py:188} INFO - [2026-09-19T13:39:52.353+0000] {dag.py:3096} INFO - Sync 1 DAGs
[2026-09-19T13:39:52.383+0000] {processor.py:183} INFO - Processing /opt/airflow/dags/etl.py took 0.094 seconds
[2026-09-19T13:40:28.431+0000] {processor.py:161} INFO - Started process (PID=3679) to work on /opt/airflow/dags/etl.py
[2026-09-19T13:40:28.432+0000] {processor.py:830} INFO - Processing file /opt/airflow/dags/etl.py for tasks to queue
[2026-09-19T13:40:28.434+0000] {logging_mixin.py:188} INFO - [2026-09-19T13:40:28.433+0000] {dagbag.py:545} INFO - Filling up the DagBag from /opt/airflow/dags/etl.py
[2026-09-19T13:40:28.450+0000] {processor.py:840} INFO - DAG(s) 'ecommerce_data' retrieved from /opt/airflow/dags/etl.py
[2026-09-19T13:40:28.486+0000] {logging_mixin.py:188} INFO - [2026-09-19T13:40:28.485+0000] {dag.py:3096} INFO - Sync 1 DAGs
[2026-09-19T13:40:28.518+0000] {processor.py:183} INFO - Processing /opt/airflow/dags/etl.py took 0.094 seconds
[2026-09-19T13:41:00.381+0000] {processor.py:161} INFO - Started process (PID=4215) to work on /opt/airflow/dags/etl.py
[2026-09-19T13:41:00.382+0000] {processor.py:830} INFO - Processing file /opt/airflow/dags/etl.py for tasks to queue
[2026-09-19T13:41:00.385+0000] {logging_mixin.py:188} INFO - [2026-09-19T13:41:00.385+0000] {dagbag.py:545} INFO - Filling up the DagBag from /opt/airflow/dags/etl.py
[2026-09-19T13:41:00.402+0000] {processor.py:840} INFO - DAG(s) 'ecommerce_data' retrieved from /opt/airflow/dags/etl.py
[2026-09-19T13:41:00.437+0000] {logging_mixin.py:188} INFO - [2026-09-19T13:41:00.436+0000] {dag.py:3096} INFO - Sync 1 DAGs
[2026-09-19T13:41:00.468+0000] {processor.py:183} INFO - Processing /opt/airflow/dags/etl.py took 0.093 seconds
[2026-09-19T13:41:30.657+0000] {processor.py:161} INFO - Started process (PID=4396) to work on /opt/airflow/dags/etl.py
[2026-09-19T13:41:30.658+0000] {processor.py:830} INFO - Processing file /opt/airflow/dags/etl.py for tasks to queue
[2026-09-19T13:41:30.661+0000] {logging_mixin.py:188} INFO - [2026-09-19T13:41:30.660+0000] {dagbag.py:545} INFO - Filling up the DagBag from /opt/airflow/dags/etl.py
[2026-09-19T13:41:30.677+0000] {processor.py:840} INFO - DAG(s) 'ecommerce_data' retrieved from /opt/airflow/dags/etl.py
[2026-09-19T13:41:30.713+0000] {logging_mixin.py:188} INFO - [2026-09-19T13:41:30.712+0000] {dag.py:3096} INFO - Sync 1 DAGs
[2026-09-19T13:41:30.729+0000] {logging_mixin.py:188} INFO - [2026-09-19T13:41:30.729+0000] {dag.py:3954} INFO - Setting next_dagrun for ecommerce_data to 2019-10-08 00:00:00+00:00, run_after=2019-10-09 00:00:00+00:00
[2026-09-19T13:41:30.745+0000] {processor.py:183} INFO - Processing /opt/airflow/dags/etl.py took 0.098 seconds
[2026-09-19T13:42:01.183+0000] {processor.py:161} INFO - Started process (PID=4936) to work on /opt/airflow/dags/etl.py
[2026-09-19T13:42:01.186+0000] {processor.py:830} INFO - Processing file /opt/airflow/dags/etl.py for tasks to queue
[2026-09-19T13:42:01.189+0000] {logging_mixin.py:188} INFO - [2026-09-19T13:42:01.189+0000] {dagbag.py:545} INFO - Filling up the DagBag from /opt/airflow/dags/etl.py
[2026-09-19T13:42:01.207+0000] {processor.py:840} INFO - DAG(s) 'ecommerce_data' retrieved from /opt/airflow/dags/etl.py
[2026-09-19T13:42:01.240+0000] {logging_mixin.py:188} INFO - [2026-09-19T13:42:01.240+0000] {dag.py:3096} INFO - Sync 1 DAGs
[2026-09-19T13:42:01.270+0000] {processor.py:183} INFO - Processing /opt/airflow/dags/etl.py took 0.096 seconds
[2026-09-19T13:42:31.505+0000] {processor.py:161} INFO - Started process (PID=5117) to work on /opt/airflow/dags/etl.py
[2026-09-19T13:42:31.508+0000] {processor.py:830} INFO - Processing file /opt/airflow/dags/etl.py for tasks to queue
[2026-09-19T13:42:31.511+0000] {logging_mixin.py:188} INFO - [2026-09-19T13:42:31.510+0000] {dagbag.py:545} INFO - Filling up the DagBag from /opt/airflow/dags/etl.py
[2026-09-19T13:42:31.529+0000] {processor.py:840} INFO - DAG(s) 'ecommerce_data' retrieved from /opt/airflow/dags/etl.py
[2026-09-19T13:42:31.554+0000] {logging_mixin.py:188} INFO - [2026-09-19T13:42:31.554+0000] {dag.py:3096} INFO - Sync 1 DAGs
[2026-09-19T13:42:31.571+0000] {logging_mixin.py:188} INFO - [2026-09-19T13:42:31.571+0000] {dag.py:3954} INFO - Setting next_dagrun for ecommerce_data to 2019-10-09 00:00:00+00:00, run_after=2019-10-10 00:00:00+00:00
[2026-09-19T13:42:31.589+0000] {processor.py:183} INFO - Processing /opt/airflow/dags/etl.py took 0.095 seconds
[2026-09-19T13:43:01.855+0000] {processor.py:161} INFO - Started process (PID=5118) to work on /opt/airflow/dags/etl.py
[2026-09-19T13:43:01.857+0000] {processor.py:830} INFO - Processing file /opt/airflow/dags/etl.py for tasks to queue
[2026-09-19T13:43:01.862+0000] {logging_mixin.py:188} INFO - [2026-09-19T13:43:01.861+0000] {dagbag.py:545} INFO - Filling up the DagBag from /opt/airflow/dags/etl.py
[2026-09-19T13:43:01.880+0000] {processor.py:840} INFO - DAG(s) 'ecommerce_data' retrieved from /opt/airflow/dags/etl.py
[2026-09-19T13:43:01.912+0000] {logging_mixin.py:188} INFO - [2026-09-19T13:43:01.912+0000] {dag.py:3096} INFO - Sync 1 DAGs
[2026-09-19T13:43:01.926+0000] {logging_mixin.py:188} INFO - [2026-09-19T13:43:01.926+0000] {dag.py:3954} INFO - Setting next_dagrun for ecommerce_data to 2019-10-09 00:00:00+00:00, run_after=2019-10-10 00:00:00+00:00
[2026-09-19T13:43:01.943+0000] {processor.py:183} INFO - Processing /opt/airflow/dags/etl.py took 0.101 seconds
[2026-09-19T13:43:32.178+0000] {processor.py:161} INFO - Started process (PID=5119) to work on /opt/airflow/dags/etl.py
[2026-09-19T13:43:32.181+0000] {processor.py:830} INFO - Processing file /opt/airflow/dags/etl.py for tasks to queue
[2026-09-19T13:43:32.184+0000] {logging_mixin.py:188} INFO - [2026-09-19T13:43:32.183+0000] {dagbag.py:545} INFO - Filling up the DagBag from /opt/airflow/dags/etl.py
[2026-09-19T13:43:32.202+0000] {processor.py:840} INFO - DAG(s) 'ecommerce_data' retrieved from /opt/airflow/dags/etl.py
[2026-09-19T13:43:32.236+0000] {logging_mixin.py:188} INFO - [2026-09-19T13:43:32.235+0000] {dag.py:3096} INFO - Sync 1 DAGs
[2026-09-19T13:43:32.251+0000] {logging_mixin.py:188} INFO - [2026-09-19T13:43:32.251+0000] {dag.py:3954} INFO - Setting next_dagrun for ecommerce_data to 2019-10-09 00:00:00+00:00, run_after=2019-10-10 00:00:00+00:00
[2026-09-19T13:43:32.267+0000] {processor.py:183} INFO - Processing /opt/airflow/dags/etl.py took 0.098 seconds
[2026-09-19T13:44:02.520+0000] {processor.py:161} INFO - Started process (PID=5120) to work on /opt/airflow/dags/etl.py
[2026-09-19T13:44:02.521+0000] {processor.py:830} INFO - Processing file /opt/airflow/dags/etl.py for tasks to queue
[2026-09-19T13:44:02.524+0000] {logging_mixin.py:188} INFO - [2026-09-19T13:44:02.523+0000] {dagbag.py:545} INFO - Filling up the DagBag from /opt/airflow/dags/etl.py
[2026-09-19T13:44:02.541+0000] {processor.py:840} INFO - DAG(s) 'ecommerce_data' retrieved from /opt/airflow/dags/etl.py
[2026-09-19T13:44:02.575+0000] {logging_mixin.py:188} INFO - [2026-09-19T13:44:02.575+0000] {dag.py:3096} INFO - Sync 1 DAGs
[2026-09-19T13:44:02.592+0000] {logging_mixin.py:188} INFO - [2026-09-19T13:44:02.592+0000] {dag.py:3954} INFO - Setting next_dagrun for ecommerce_data to 2019-10-09 00:00:00+00:00, run_after=2019-10-10 00:00:00+00:00
[2026-09-19T13:44:02.607+0000] {processor.py:183} INFO - Processing /opt/airflow/dags/etl.py took 0.096 seconds
[2026-09-19T13:44:32.804+0000] {processor.py:161} INFO - Started process (PID=5121) to work on /opt/airflow/dags/etl.py
[2026-09-19T13:44:32.807+0000] {processor.py:830} INFO - Processing file /opt/airflow/dags/etl.py for tasks to queue
[2026-09-19T13:44:32.811+0000] {logging_mixin.py:188} INFO - [2026-09-19T13:44:32.810+0000] {dagbag.py:545} INFO - Filling up the DagBag from /opt/airflow/dags/etl.py
[2026-09-19T13:44:32.828+0000] {processor.py:840} INFO - DAG(s) 'ecommerce_data' retrieved from /opt/airflow/dags/etl.py
[2026-09-19T13:44:32.864+0000] {logging_mixin.py:188} INFO - [2026-09-19T13:44:32.863+0000] {dag.py:3096} INFO - Sync 1 DAGs
[2026-09-19T13:44:32.879+0000] {logging_mixin.py:188} INFO - [2026-09-19T13:44:32.879+0000] {dag.py:3954} INFO - Setting next_dagrun for ecommerce_data to 2019-10-09 00:00:00+00:00, run_after=2019-10-10 00:00:00+00:00
[2026-09-19T13:44:32.894+0000] {processor.py:183} INFO - Processing /opt/airflow/dags/etl.py took 0.099 seconds
[2026-09-19T13:45:03.103+0000] {processor.py:161} INFO - Started process (PID=5295) to work on /opt/airflow/dags/etl.py
[2026-09-19T13:45:03.104+0000] {processor.py:830} INFO - Processing file /opt/airflow/dags/etl.py for tasks to queue
[2026-09-19T13:45:03.107+0000] {logging_mixin.py:188} INFO - [2026-09-19T13:45:03.106+0000] {dagbag.py:545} INFO - Filling up the DagBag from /opt/airflow/dags/etl.py
[2026-09-19T13:45:03.123+0000] {processor.py:840} INFO - DAG(s) 'ecommerce_data' retrieved from /opt/airflow/dags/etl.py
[2026-09-19T13:45:03.158+0000] {logging_mixin.py:188} INFO - [2026-09-19T13:45:03.158+0000] {dag.py:3096} INFO - Sync 1 DAGs
[2026-09-19T13:45:03.175+0000] {logging_mixin.py:188} INFO - [2026-09-19T13:45:03.174+0000] {dag.py:3954} INFO - Setting next_dagrun for ecommerce_data to 2019-10-09 00:00:00+00:00, run_after=2019-10-10 00:00:00+00:00
[2026-09-19T13:45:03.191+0000] {processor.py:183} INFO - Processing /opt/airflow/dags/etl.py took 0.097 seconds
[2026-09-19T13:45:33.407+0000] {processor.py:161} INFO - Started process (PID=5296) to work on /opt/airflow/dags/etl.py
[2026-09-19T13:45:33.410+0000] {processor.py:830} INFO - Processing file /opt/airflow/dags/etl.py for tasks to queue
[2026-09-19T13:45:33.413+0000] {logging_mixin.py:188} INFO - [2026-09-19T13:45:33.413+0000] {dagbag.py:545} INFO - Filling up the DagBag from /opt/airflow/dags/etl.py
[2026-09-19T13:45:33.432+0000] {processor.py:840} INFO - DAG(s) 'ecommerce_data' retrieved from /opt/airflow/dags/etl.py
[2026-09-19T13:45:33.463+0000] {logging_mixin.py:188} INFO - [2026-09-19T13:45:33.463+0000] {dag.py:3096} INFO - Sync 1 DAGs
[2026-09-19T13:45:33.479+0000] {logging_mixin.py:188} INFO - [2026-09-19T13:45:33.479+0000] {dag.py:3954} INFO - Setting next_dagrun for ecommerce_data to 2019-10-09 00:00:00+00:00, run_after=2019-10-10 00:00:00+00:00
[2026-09-19T13:45:33.496+0000] {processor.py:183} INFO - Processing /opt/airflow/dags/etl.py took 0.099 seconds
[2026-09-19T13:46:03.711+0000] {processor.py:161} INFO - Started process (PID=5297) to work on /opt/airflow/dags/etl.py
[2026-09-19T13:46:03.713+0000] {processor.py:830} INFO - Processing file /opt/airflow/dags/etl.py for tasks to queue
[2026-09-19T13:46:03.715+0000] {logging_mixin.py:188} INFO - [2026-09-19T13:46:03.715+0000] {dagbag.py:545} INFO - Filling up the DagBag from /opt/airflow/dags/etl.py
[2026-09-19T13:46:03.732+0000] {processor.py:840} INFO - DAG(s) 'ecommerce_data' retrieved from /opt/airflow/dags/etl.py
[2026-09-19T13:46:03.765+0000] {logging_mixin.py:188} INFO - [2026-09-19T13:46:03.765+0000] {dag.py:3096} INFO - Sync 1 DAGs
[2026-09-19T13:46:03.781+0000] {logging_mixin.py:188} INFO - [2026-09-19T13:46:03.781+0000] {dag.py:3954} INFO - Setting next_dagrun for ecommerce_data to 2019-10-09 00:00:00+00:00, run_after=2019-10-10 00:00:00+00:00
[2026-09-19T13:46:03.907+0000] {processor.py:183} INFO - Processing /opt/airflow/dags/etl.py took 0.206 seconds
[2026-09-19T13:46:34.111+0000] {processor.py:161} INFO - Started process (PID=5298) to work on /opt/airflow/dags/etl.py
[2026-09-19T13:46:34.114+0000] {processor.py:830} INFO - Processing file /opt/airflow/dags/etl.py for tasks to queue
[2026-09-19T13:46:34.117+0000] {logging_mixin.py:188} INFO - [2026-09-19T13:46:34.116+0000] {dagbag.py:545} INFO - Filling up the DagBag from /opt/airflow/dags/etl.py
[2026-09-19T13:46:34.136+0000] {processor.py:840} INFO - DAG(s) 'ecommerce_data' retrieved from /opt/airflow/dags/etl.py
[2026-09-19T13:46:34.170+0000] {logging_mixin.py:188} INFO - [2026-09-19T13:46:34.170+0000] {dag.py:3096} INFO - Sync 1 DAGs
[2026-09-19T13:46:34.295+0000] {logging_mixin.py:188} INFO - [2026-09-19T13:46:34.295+0000] {dag.py:3954} INFO - Setting next_dagrun for ecommerce_data to 2019-10-09 00:00:00+00:00, run_after=2019-10-10 00:00:00+00:00
[2026-09-19T13:46:34.311+0000] {processor.py:183} INFO - Processing /opt/airflow/dags/etl.py took 0.210 seconds
[2026-09-19T13:47:04.513+0000] {processor.py:161} INFO - Started process (PID=5299) to work on /opt/airflow/dags/etl.py
[2026-09-19T13:47:04.514+0000] {processor.py:830} INFO - Processing file /opt/airflow/dags/etl.py for tasks to queue
[2026-09-19T13:47:04.517+0000] {logging_mixin.py:188} INFO - [2026-09-19T13:47:04.516+0000] {dagbag.py:545} INFO - Filling up the DagBag from /opt/airflow/dags/etl.py
[2026-09-19T13:47:04.534+0000] {processor.py:840} INFO - DAG(s) 'ecommerce_data' retrieved from /opt/airflow/dags/etl.py
[2026-09-19T13:47:04.568+0000] {logging_mixin.py:188} INFO - [2026-09-19T13:47:04.568+0000] {dag.py:3096} INFO - Sync 1 DAGs
[2026-09-19T13:47:04.697+0000] {logging_mixin.py:188} INFO - [2026-09-19T13:47:04.697+0000] {dag.py:3954} INFO - Setting next_dagrun for ecommerce_data to 2019-10-09 00:00:00+00:00, run_after=2019-10-10 00:00:00+00:00
[2026-09-19T13:47:04.711+0000] {processor.py:183} INFO - Processing /opt/airflow/dags/etl.py took 0.209 seconds
[2026-09-19T13:47:34.886+0000] {processor.py:161} INFO - Started process (PID=5300) to work on /opt/airflow/dags/etl.py
[2026-09-19T13:47:34.889+0000] {processor.py:830} INFO - Processing file /opt/airflow/dags/etl.py for tasks to queue
[2026-09-19T13:47:34.892+0000] {logging_mixin.py:188} INFO - [2026-09-19T13:47:34.891+0000] {dagbag.py:545} INFO - Filling up the DagBag from /opt/airflow/dags/etl.py
[2026-09-19T13:47:34.912+0000] {processor.py:840} INFO - DAG(s) 'ecommerce_data' retrieved from /opt/airflow/dags/etl.py
[2026-09-19T13:47:35.063+0000] {logging_mixin.py:188} INFO - [2026-09-19T13:47:35.063+0000] {dag.py:3096} INFO - Sync 1 DAGs
[2026-09-19T13:47:35.078+0000] {logging_mixin.py:188} INFO - [2026-09-19T13:47:35.077+0000] {dag.py:3954} INFO - Setting next_dagrun for ecommerce_data to 2019-10-09 00:00:00+00:00, run_after=2019-10-10 00:00:00+00:00
[2026-09-19T13:47:35.093+0000] {processor.py:183} INFO - Processing /opt/airflow/dags/etl.py took 0.216 seconds
[2026-09-19T13:48:05.202+0000] {processor.py:161} INFO - Started process (PID=5301) to work on /opt/airflow/dags/etl.py
[2026-09-19T13:48:05.203+0000] {processor.py:830} INFO - Processing file /opt/airflow/dags/etl.py for tasks to queue
[2026-09-19T13:48:05.206+0000] {logging_mixin.py:188} INFO - [2026-09-19T13:48:05.205+0000] {dagbag.py:545} INFO - Filling up the DagBag from /opt/airflow/dags/etl.py
[2026-09-19T13:48:05.223+0000] {processor.py:840} INFO - DAG(s) 'ecommerce_data' retrieved from /opt/airflow/dags/etl.py
[2026-09-19T13:48:05.367+0000] {logging_mixin.py:188} INFO - [2026-09-19T13:48:05.367+0000] {dag.py:3096} INFO - Sync 1 DAGs
[2026-09-19T13:48:05.380+0000] {logging_mixin.py:188} INFO - [2026-09-19T13:48:05.380+0000] {dag.py:3954} INFO - Setting next_dagrun for ecommerce_data to 2019-10-09 00:00:00+00:00, run_after=2019-10-10 00:00:00+00:00
[2026-09-19T13:48:05.396+0000] {processor.py:183} INFO - Processing /opt/airflow/dags/etl.py took 0.202 seconds
[2026-09-19T13:48:35.517+0000] {processor.py:161} INFO - Started process (PID=5302) to work on /opt/airflow/dags/etl.py
[2026-09-19T13:48:35.520+0000] {processor.py:830} INFO - Processing file /opt/airflow/dags/etl.py for tasks to queue
[2026-09-19T13:48:35.523+0000] {logging_mixin.py:188} INFO - [2026-09-19T13:48:35.523+0000] {dagbag.py:545} INFO - Filling up the DagBag from /opt/airflow/dags/etl.py
[2026-09-19T13:48:35.541+0000] {processor.py:840} INFO - DAG(s) 'ecommerce_data' retrieved from /opt/airflow/dags/etl.py
[2026-09-19T13:48:35.686+0000] {logging_mixin.py:188} INFO - [2026-09-19T13:48:35.686+0000] {dag.py:3096} INFO - Sync 1 DAGs
[2026-09-19T13:48:35.698+0000] {logging_mixin.py:188} INFO - [2026-09-19T13:48:35.698+0000] {dag.py:3954} INFO - Setting next_dagrun for ecommerce_data to 2019-10-09 00:00:00+00:00, run_after=2019-10-10 00:00:00+00:00
[2026-09-19T13:48:35.713+0000] {processor.py:183} INFO - Processing /opt/airflow/dags/etl.py took 0.206 seconds
[2026-09-19T13:49:05.914+0000] {processor.py:161} INFO - Started process (PID=5303) to work on /opt/airflow/dags/etl.py
[2026-09-19T13:49:05.916+0000] {processor.py:830} INFO - Processing file /opt/airflow/dags/etl.py for tasks to queue
[2026-09-19T13:49:05.918+0000] {logging_mixin.py:188} INFO - [2026-09-19T13:49:05.918+0000] {dagbag.py:545} INFO - Filling up the DagBag from /opt/airflow/dags/etl.py
[2026-09-19T13:49:05.930+0000] {processor.py:840} INFO - DAG(s) 'ecommerce_data' retrieved from /opt/airflow/dags/etl.py
[2026-09-19T13:49:05.959+0000] {logging_mixin.py:188} INFO - [2026-09-19T13:49:05.959+0000] {dag.py:3096} INFO - Sync 1 DAGs
[2026-09-19T13:49:05.974+0000] {logging_mixin.py:188} INFO - [2026-09-19T13:49:05.974+0000] {dag.py:3954} INFO - Setting next_dagrun for ecommerce_data to 2019-10-09 00:00:00+00:00, run_after=2019-10-10 00:00:00+00:00
[2026-09-19T13:49:05.988+0000] {processor.py:183} INFO - Processing /opt/airflow/dags/etl.py took 0.083 seconds
[2026-09-19T13:49:36.092+0000] {processor.py:161} INFO - Started process (PID=5304) to work on /opt/airflow/dags/etl.py
[2026-09-19T13:49:36.093+0000] {processor.py:830} INFO - Processing file /opt/airflow/dags/etl.py for tasks to queue
[2026-09-19T13:49:36.097+0000] {logging_mixin.py:188} INFO - [2026-09-19T13:49:36.096+0000] {dagbag.py:545} INFO - Filling up the DagBag from /opt/airflow/dags/etl.py
[2026-09-19T13:49:36.114+0000] {processor.py:840} INFO - DAG(s) 'ecommerce_data' retrieved from /opt/airflow/dags/etl.py
[2026-09-19T13:49:36.150+0000] {logging_mixin.py:188} INFO - [2026-09-19T13:49:36.150+0000] {dag.py:3096} INFO - Sync 1 DAGs
[2026-09-19T13:49:36.166+0000] {logging_mixin.py:188} INFO - [2026-09-19T13:49:36.165+0000] {dag.py:3954} INFO - Setting next_dagrun for ecommerce_data to 2019-10-09 00:00:00+00:00, run_after=2019-10-10 00:00:00+00:00
[2026-09-19T13:49:36.182+0000] {processor.py:183} INFO - Processing /opt/airflow/dags/etl.py took 0.100 seconds
[2026-09-19T13:50:06.367+0000] {processor.py:161} INFO - Started process (PID=5305) to work on /opt/airflow/dags/etl.py
[2026-09-19T13:50:06.375+0000] {processor.py:830} INFO - Processing file /opt/airflow/dags/etl.py for tasks to queue
[2026-09-19T13:50:06.378+0000] {logging_mixin.py:188} INFO - [2026-09-19T13:50:06.377+0000] {dagbag.py:545} INFO - Filling up the DagBag from /opt/airflow/dags/etl.py
[2026-09-19T13:50:06.394+0000] {processor.py:840} INFO - DAG(s) 'ecommerce_data' retrieved from /opt/airflow/dags/etl.py
[2026-09-19T13:50:06.429+0000] {logging_mixin.py:188} INFO - [2026-09-19T13:50:06.429+0000] {dag.py:3096} INFO - Sync 1 DAGs
[2026-09-19T13:50:06.445+0000] {logging_mixin.py:188} INFO - [2026-09-19T13:50:06.445+0000] {dag.py:3954} INFO - Setting next_dagrun for ecommerce_data to 2019-10-09 00:00:00+00:00, run_after=2019-10-10 00:00:00+00:00
[2026-09-19T13:50:06.461+0000] {processor.py:183} INFO - Processing /opt/airflow/dags/etl.py took 0.103 seconds
[2026-09-19T13:50:24.434+0000] {processor.py:161} INFO - Started process (PID=50) to work on /opt/airflow/dags/etl.py
[2026-09-19T13:50:24.434+0000] {processor.py:830} INFO - Processing file /opt/airflow/dags/etl.py for tasks to queue
[2026-09-19T13:50:24.436+0000] {logging_mixin.py:188} INFO - [2026-09-19T13:50:24.436+0000] {dagbag.py:545} INFO - Filling up the DagBag from /opt/airflow/dags/etl.py
[2026-09-19T13:50:24.443+0000] {processor.py:840} INFO - DAG(s) 'ecommerce_data' retrieved from /opt/airflow/dags/etl.py
[2026-09-19T13:50:24.452+0000] {logging_mixin.py:188} INFO - [2026-09-19T13:50:24.452+0000] {dag.py:3096} INFO - Sync 1 DAGs
[2026-09-19T13:50:24.467+0000] {logging_mixin.py:188} INFO - [2026-09-19T13:50:24.467+0000] {dag.py:3954} INFO - Setting next_dagrun for ecommerce_data to 2019-10-09 00:00:00+00:00, run_after=2019-10-10 00:00:00+00:00
[2026-09-19T13:50:24.482+0000] {processor.py:183} INFO - Processing /opt/airflow/dags/etl.py took 0.052 seconds
[2026-09-19T13:50:54.642+0000] {processor.py:161} INFO - Started process (PID=71) to work on /opt/airflow/dags/etl.py
[2026-09-19T13:50:54.646+0000] {processor.py:830} INFO - Processing file /opt/airflow/dags/etl.py for tasks to queue
[2026-09-19T13:50:54.649+0000] {logging_mixin.py:188} INFO - [2026-09-19T13:50:54.649+0000] {dagbag.py:545} INFO - Filling up the DagBag from /opt/airflow/dags/etl.py
[2026-09-19T13:50:54.668+0000] {processor.py:840} INFO - DAG(s) 'ecommerce_data' retrieved from /opt/airflow/dags/etl.py
[2026-09-19T13:50:54.759+0000] {logging_mixin.py:188} INFO - [2026-09-19T13:50:54.759+0000] {dag.py:3096} INFO - Sync 1 DAGs
[2026-09-19T13:50:54.771+0000] {logging_mixin.py:188} INFO - [2026-09-19T13:50:54.771+0000] {dag.py:3954} INFO - Setting next_dagrun for ecommerce_data to 2019-10-09 00:00:00+00:00, run_after=2019-10-10 00:00:00+00:00
[2026-09-19T13:50:54.788+0000] {processor.py:183} INFO - Processing /opt/airflow/dags/etl.py took 0.155 seconds
[2026-09-19T13:51:25.189+0000] {processor.py:161} INFO - Started process (PID=72) to work on /opt/airflow/dags/etl.py
[2026-09-19T13:51:25.190+0000] {processor.py:830} INFO - Processing file /opt/airflow/dags/etl.py for tasks to queue
[2026-09-19T13:51:25.193+0000] {logging_mixin.py:188} INFO - [2026-09-19T13:51:25.192+0000] {dagbag.py:545} INFO - Filling up the DagBag from /opt/airflow/dags/etl.py
[2026-09-19T13:51:25.208+0000] {processor.py:840} INFO - DAG(s) 'ecommerce_data' retrieved from /opt/airflow/dags/etl.py
[2026-09-19T13:51:25.243+0000] {logging_mixin.py:188} INFO - [2026-09-19T13:51:25.243+0000] {dag.py:3096} INFO - Sync 1 DAGs
[2026-09-19T13:51:25.259+0000] {logging_mixin.py:188} INFO - [2026-09-19T13:51:25.259+0000] {dag.py:3954} INFO - Setting next_dagrun for ecommerce_data to 2019-10-09 00:00:00+00:00, run_after=2019-10-10 00:00:00+00:00
[2026-09-19T13:51:25.275+0000] {processor.py:183} INFO - Processing /opt/airflow/dags/etl.py took 0.096 seconds
[2026-09-19T13:51:55.755+0000] {processor.py:161} INFO - Started process (PID=73) to work on /opt/airflow/dags/etl.py
[2026-09-19T13:51:55.762+0000] {processor.py:830} INFO - Processing file /opt/airflow/dags/etl.py for tasks to queue
[2026-09-19T13:51:55.764+0000] {logging_mixin.py:188} INFO - [2026-09-19T13:51:55.764+0000] {dagbag.py:545} INFO - Filling up the DagBag from /opt/airflow/dags/etl.py
[2026-09-19T13:51:55.778+0000] {processor.py:840} INFO - DAG(s) 'ecommerce_data' retrieved from /opt/airflow/dags/etl.py
[2026-09-19T13:51:55.815+0000] {logging_mixin.py:188} INFO - [2026-09-19T13:51:55.815+0000] {dag.py:3096} INFO - Sync 1 DAGs
[2026-09-19T13:51:55.834+0000] {logging_mixin.py:188} INFO - [2026-09-19T13:51:55.834+0000] {dag.py:3954} INFO - Setting next_dagrun for ecommerce_data to 2019-10-09 00:00:00+00:00, run_after=2019-10-10 00:00:00+00:00
[2026-09-19T13:51:55.850+0000] {processor.py:183} INFO - Processing /opt/airflow/dags/etl.py took 0.101 seconds
[2026-09-19T13:52:26.339+0000] {processor.py:161} INFO - Started process (PID=74) to work on /opt/airflow/dags/etl.py
[2026-09-19T13:52:26.340+0000] {processor.py:830} INFO - Processing file /opt/airflow/dags/etl.py for tasks to queue
[2026-09-19T13:52:26.344+0000] {logging_mixin.py:188} INFO - [2026-09-19T13:52:26.343+0000] {dagbag.py:545} INFO - Filling up the DagBag from /opt/airflow/dags/etl.py
[2026-09-19T13:52:26.360+0000] {processor.py:840} INFO - DAG(s) 'ecommerce_data' retrieved from /opt/airflow/dags/etl.py
[2026-09-19T13:52:26.395+0000] {logging_mixin.py:188} INFO - [2026-09-19T13:52:26.394+0000] {dag.py:3096} INFO - Sync 1 DAGs
[2026-09-19T13:52:26.411+0000] {logging_mixin.py:188} INFO - [2026-09-19T13:52:26.411+0000] {dag.py:3954} INFO - Setting next_dagrun for ecommerce_data to 2019-10-09 00:00:00+00:00, run_after=2019-10-10 00:00:00+00:00
[2026-09-19T13:52:26.426+0000] {processor.py:183} INFO - Processing /opt/airflow/dags/etl.py took 0.097 seconds
[2026-09-19T13:52:56.893+0000] {processor.py:161} INFO - Started process (PID=75) to work on /opt/airflow/dags/etl.py
[2026-09-19T13:52:56.895+0000] {processor.py:830} INFO - Processing file /opt/airflow/dags/etl.py for tasks to queue
[2026-09-19T13:52:56.897+0000] {logging_mixin.py:188} INFO - [2026-09-19T13:52:56.897+0000] {dagbag.py:545} INFO - Filling up the DagBag from /opt/airflow/dags/etl.py
[2026-09-19T13:52:56.916+0000] {processor.py:840} INFO - DAG(s) 'ecommerce_data' retrieved from /opt/airflow/dags/etl.py
[2026-09-19T13:52:56.953+0000] {logging_mixin.py:188} INFO - [2026-09-19T13:52:56.952+0000] {dag.py:3096} INFO - Sync 1 DAGs
[2026-09-19T13:52:56.970+0000] {logging_mixin.py:188} INFO - [2026-09-19T13:52:56.970+0000] {dag.py:3954} INFO - Setting next_dagrun for ecommerce_data to 2019-10-09 00:00:00+00:00, run_after=2019-10-10 00:00:00+00:00
[2026-09-19T13:52:56.985+0000] {processor.py:183} INFO - Processing /opt/airflow/dags/etl.py took 0.096 seconds
[2026-09-19T13:53:27.254+0000] {processor.py:161} INFO - Started process (PID=76) to work on /opt/airflow/dags/etl.py
[2026-09-19T13:53:27.255+0000] {processor.py:830} INFO - Processing file /opt/airflow/dags/etl.py for tasks to queue
[2026-09-19T13:53:27.257+0000] {logging_mixin.py:188} INFO - [2026-09-19T13:53:27.256+0000] {dagbag.py:545} INFO - Filling up the DagBag from /opt/airflow/dags/etl.py
[2026-09-19T13:53:27.265+0000] {processor.py:840} INFO - DAG(s) 'ecommerce_data' retrieved from /opt/airflow/dags/etl.py
[2026-09-19T13:53:27.282+0000] {logging_mixin.py:188} INFO - [2026-09-19T13:53:27.282+0000] {dag.py:3096} INFO - Sync 1 DAGs
[2026-09-19T13:53:27.303+0000] {logging_mixin.py:188} INFO - [2026-09-19T13:53:27.302+0000] {dag.py:3954} INFO - Setting next_dagrun for ecommerce_data to 2019-10-09 00:00:00+00:00, run_after=2019-10-10 00:00:00+00:00
[2026-09-19T13:53:27.321+0000] {processor.py:183} INFO - Processing /opt/airflow/dags/etl.py took 0.071 seconds
[2026-09-19T13:53:57.390+0000] {processor.py:161} INFO - Started process (PID=77) to work on /opt/airflow/dags/etl.py
[2026-09-19T13:53:57.392+0000] {processor.py:830} INFO - Processing file /opt/airflow/dags/etl.py for tasks to queue
[2026-09-19T13:53:57.395+0000] {logging_mixin.py:188} INFO - [2026-09-19T13:53:57.394+0000] {dagbag.py:545} INFO - Filling up the DagBag from /opt/airflow/dags/etl.py
[2026-09-19T13:53:57.413+0000] {processor.py:840} INFO - DAG(s) 'ecommerce_data' retrieved from /opt/airflow/dags/etl.py
[2026-09-19T13:53:57.450+0000] {logging_mixin.py:188} INFO - [2026-09-19T13:53:57.449+0000] {dag.py:3096} INFO - Sync 1 DAGs
[2026-09-19T13:53:57.466+0000] {logging_mixin.py:188} INFO - [2026-09-19T13:53:57.466+0000] {dag.py:3954} INFO - Setting next_dagrun for ecommerce_data to 2019-10-09 00:00:00+00:00, run_after=2019-10-10 00:00:00+00:00
[2026-09-19T13:53:57.483+0000] {processor.py:183} INFO - Processing /opt/airflow/dags/etl.py took 0.098 seconds
[2026-09-19T13:54:28.171+0000] {processor.py:161} INFO - Started process (PID=78) to work on /opt/airflow/dags/etl.py
[2026-09-19T13:54:28.172+0000] {processor.py:830} INFO - Processing file /opt/airflow/dags/etl.py for tasks to queue
[2026-09-19T13:54:28.174+0000] {logging_mixin.py:188} INFO - [2026-09-19T13:54:28.173+0000] {dagbag.py:545} INFO - Filling up the DagBag from /opt/airflow/dags/etl.py
[2026-09-19T13:54:28.189+0000] {processor.py:840} INFO - DAG(s) 'ecommerce_data' retrieved from /opt/airflow/dags/etl.py
[2026-09-19T13:54:28.227+0000] {logging_mixin.py:188} INFO - [2026-09-19T13:54:28.227+0000] {dag.py:3096} INFO - Sync 1 DAGs
[2026-09-19T13:54:28.244+0000] {logging_mixin.py:188} INFO - [2026-09-19T13:54:28.244+0000] {dag.py:3954} INFO - Setting next_dagrun for ecommerce_data to 2019-10-09 00:00:00+00:00, run_after=2019-10-10 00:00:00+00:00
[2026-09-19T13:54:28.259+0000] {processor.py:183} INFO - Processing /opt/airflow/dags/etl.py took 0.092 seconds
[2026-09-19T13:54:58.633+0000] {processor.py:161} INFO - Started process (PID=79) to work on /opt/airflow/dags/etl.py
[2026-09-19T13:54:58.641+0000] {processor.py:830} INFO - Processing file /opt/airflow/dags/etl.py for tasks to queue
[2026-09-19T13:54:58.642+0000] {logging_mixin.py:188} INFO - [2026-09-19T13:54:58.642+0000] {dagbag.py:545} INFO - Filling up the DagBag from /opt/airflow/dags/etl.py
[2026-09-19T13:54:58.650+0000] {processor.py:840} INFO - DAG(s) 'ecommerce_data' retrieved from /opt/airflow/dags/etl.py
[2026-09-19T13:54:58.669+0000] {logging_mixin.py:188} INFO - [2026-09-19T13:54:58.669+0000] {dag.py:3096} INFO - Sync 1 DAGs
[2026-09-19T13:54:58.684+0000] {logging_mixin.py:188} INFO - [2026-09-19T13:54:58.684+0000] {dag.py:3954} INFO - Setting next_dagrun for ecommerce_data to 2019-10-09 00:00:00+00:00, run_after=2019-10-10 00:00:00+00:00
[2026-09-19T13:54:58.699+0000] {processor.py:183} INFO - Processing /opt/airflow/dags/etl.py took 0.070 seconds
[2026-09-19T13:55:28.825+0000] {processor.py:161} INFO - Started process (PID=80) to work on /opt/airflow/dags/etl.py
[2026-09-19T13:55:28.827+0000] {processor.py:830} INFO - Processing file /opt/airflow/dags/etl.py for tasks to queue
[2026-09-19T13:55:28.830+0000] {logging_mixin.py:188} INFO - [2026-09-19T13:55:28.829+0000] {dagbag.py:545} INFO - Filling up the DagBag from /opt/airflow/dags/etl.py
[2026-09-19T13:55:28.847+0000] {processor.py:840} INFO - DAG(s) 'ecommerce_data' retrieved from /opt/airflow/dags/etl.py
[2026-09-19T13:55:28.875+0000] {logging_mixin.py:188} INFO - [2026-09-19T13:55:28.875+0000] {dag.py:3096} INFO - Sync 1 DAGs
[2026-09-19T13:55:28.890+0000] {logging_mixin.py:188} INFO - [2026-09-19T13:55:28.890+0000] {dag.py:3954} INFO - Setting next_dagrun for ecommerce_data to 2019-10-01 00:00:00+00:00, run_after=2019-10-02 00:00:00+00:00
[2026-09-19T13:55:28.906+0000] {processor.py:183} INFO - Processing /opt/airflow/dags/etl.py took 0.090 seconds
[2026-09-19T13:56:05.788+0000] {processor.py:161} INFO - Started process (PID=625) to work on /opt/airflow/dags/etl.py
[2026-09-19T13:56:05.789+0000] {processor.py:830} INFO - Processing file /opt/airflow/dags/etl.py for tasks to queue
[2026-09-19T13:56:05.792+0000] {logging_mixin.py:188} INFO - [2026-09-19T13:56:05.791+0000] {dagbag.py:545} INFO - Filling up the DagBag from /opt/airflow/dags/etl.py
[2026-09-19T13:56:05.809+0000] {processor.py:840} INFO - DAG(s) 'ecommerce_data' retrieved from /opt/airflow/dags/etl.py
[2026-09-19T13:56:05.843+0000] {logging_mixin.py:188} INFO - [2026-09-19T13:56:05.843+0000] {dag.py:3096} INFO - Sync 1 DAGs
[2026-09-19T13:56:05.874+0000] {processor.py:183} INFO - Processing /opt/airflow/dags/etl.py took 0.092 seconds
[2026-09-19T13:56:36.888+0000] {processor.py:161} INFO - Started process (PID=804) to work on /opt/airflow/dags/etl.py
[2026-09-19T13:56:36.889+0000] {processor.py:830} INFO - Processing file /opt/airflow/dags/etl.py for tasks to queue
[2026-09-19T13:56:36.891+0000] {logging_mixin.py:188} INFO - [2026-09-19T13:56:36.891+0000] {dagbag.py:545} INFO - Filling up the DagBag from /opt/airflow/dags/etl.py
[2026-09-19T13:56:36.909+0000] {processor.py:840} INFO - DAG(s) 'ecommerce_data' retrieved from /opt/airflow/dags/etl.py
[2026-09-19T13:56:36.934+0000] {logging_mixin.py:188} INFO - [2026-09-19T13:56:36.934+0000] {dag.py:3096} INFO - Sync 1 DAGs
[2026-09-19T13:56:36.951+0000] {logging_mixin.py:188} INFO - [2026-09-19T13:56:36.950+0000] {dag.py:3954} INFO - Setting next_dagrun for ecommerce_data to 2019-10-02 00:00:00+00:00, run_after=2019-10-03 00:00:00+00:00
[2026-09-19T13:56:37.082+0000] {processor.py:183} INFO - Processing /opt/airflow/dags/etl.py took 0.203 seconds
[2026-09-19T13:57:08.020+0000] {processor.py:161} INFO - Started process (PID=805) to work on /opt/airflow/dags/etl.py
[2026-09-19T13:57:08.023+0000] {processor.py:830} INFO - Processing file /opt/airflow/dags/etl.py for tasks to queue
[2026-09-19T13:57:08.027+0000] {logging_mixin.py:188} INFO - [2026-09-19T13:57:08.026+0000] {dagbag.py:545} INFO - Filling up the DagBag from /opt/airflow/dags/etl.py
[2026-09-19T13:57:08.044+0000] {processor.py:840} INFO - DAG(s) 'ecommerce_data' retrieved from /opt/airflow/dags/etl.py
[2026-09-19T13:57:08.078+0000] {logging_mixin.py:188} INFO - [2026-09-19T13:57:08.077+0000] {dag.py:3096} INFO - Sync 1 DAGs
[2026-09-19T13:57:08.203+0000] {logging_mixin.py:188} INFO - [2026-09-19T13:57:08.203+0000] {dag.py:3954} INFO - Setting next_dagrun for ecommerce_data to 2019-10-02 00:00:00+00:00, run_after=2019-10-03 00:00:00+00:00
[2026-09-19T13:57:08.219+0000] {processor.py:183} INFO - Processing /opt/airflow/dags/etl.py took 0.207 seconds
[2026-09-19T13:57:39.123+0000] {processor.py:161} INFO - Started process (PID=806) to work on /opt/airflow/dags/etl.py
[2026-09-19T13:57:39.126+0000] {processor.py:830} INFO - Processing file /opt/airflow/dags/etl.py for tasks to queue
[2026-09-19T13:57:39.129+0000] {logging_mixin.py:188} INFO - [2026-09-19T13:57:39.128+0000] {dagbag.py:545} INFO - Filling up the DagBag from /opt/airflow/dags/etl.py
[2026-09-19T13:57:39.146+0000] {processor.py:840} INFO - DAG(s) 'ecommerce_data' retrieved from /opt/airflow/dags/etl.py
[2026-09-19T13:57:39.180+0000] {logging_mixin.py:188} INFO - [2026-09-19T13:57:39.180+0000] {dag.py:3096} INFO - Sync 1 DAGs
[2026-09-19T13:57:39.299+0000] {logging_mixin.py:188} INFO - [2026-09-19T13:57:39.298+0000] {dag.py:3954} INFO - Setting next_dagrun for ecommerce_data to 2019-10-02 00:00:00+00:00, run_after=2019-10-03 00:00:00+00:00
[2026-09-19T13:57:39.314+0000] {processor.py:183} INFO - Processing /opt/airflow/dags/etl.py took 0.200 seconds
[2026-09-19T13:57:45.042+0000] {processor.py:161} INFO - Started process (PID=807) to work on /opt/airflow/dags/etl.py
[2026-09-19T13:57:45.043+0000] {processor.py:830} INFO - Processing file /opt/airflow/dags/etl.py for tasks to queue
[2026-09-19T13:57:45.044+0000] {logging_mixin.py:188} INFO - [2026-09-19T13:57:45.044+0000] {dagbag.py:545} INFO - Filling up the DagBag from /opt/airflow/dags/etl.py
[2026-09-19T13:57:45.052+0000] {processor.py:840} INFO - DAG(s) 'ecommerce_data' retrieved from /opt/airflow/dags/etl.py
[2026-09-19T13:57:45.073+0000] {logging_mixin.py:188} INFO - [2026-09-19T13:57:45.073+0000] {dag.py:3096} INFO - Sync 1 DAGs
[2026-09-19T13:57:45.226+0000] {logging_mixin.py:188} INFO - [2026-09-19T13:57:45.226+0000] {dag.py:3954} INFO - Setting next_dagrun for ecommerce_data to 2019-10-02 00:00:00+00:00, run_after=2019-10-03 00:00:00+00:00
[2026-09-19T13:57:45.242+0000] {processor.py:183} INFO - Processing /opt/airflow/dags/etl.py took 0.204 seconds
[2026-09-19T13:58:15.666+0000] {processor.py:161} INFO - Started process (PID=988) to work on /opt/airflow/dags/etl.py
[2026-09-19T13:58:15.668+0000] {processor.py:830} INFO - Processing file /opt/airflow/dags/etl.py for tasks to queue
[2026-09-19T13:58:15.670+0000] {logging_mixin.py:188} INFO - [2026-09-19T13:58:15.670+0000] {dagbag.py:545} INFO - Filling up the DagBag from /opt/airflow/dags/etl.py
[2026-09-19T13:58:15.679+0000] {processor.py:840} INFO - DAG(s) 'ecommerce_data' retrieved from /opt/airflow/dags/etl.py
[2026-09-19T13:58:15.698+0000] {logging_mixin.py:188} INFO - [2026-09-19T13:58:15.698+0000] {dag.py:3096} INFO - Sync 1 DAGs
[2026-09-19T13:58:15.848+0000] {processor.py:183} INFO - Processing /opt/airflow/dags/etl.py took 0.188 seconds
[2026-09-19T13:58:46.056+0000] {processor.py:161} INFO - Started process (PID=1167) to work on /opt/airflow/dags/etl.py
[2026-09-19T13:58:46.057+0000] {processor.py:830} INFO - Processing file /opt/airflow/dags/etl.py for tasks to queue
[2026-09-19T13:58:46.060+0000] {logging_mixin.py:188} INFO - [2026-09-19T13:58:46.059+0000] {dagbag.py:545} INFO - Filling up the DagBag from /opt/airflow/dags/etl.py
[2026-09-19T13:58:46.077+0000] {processor.py:840} INFO - DAG(s) 'ecommerce_data' retrieved from /opt/airflow/dags/etl.py
[2026-09-19T13:58:46.227+0000] {logging_mixin.py:188} INFO - [2026-09-19T13:58:46.227+0000] {dag.py:3096} INFO - Sync 1 DAGs
[2026-09-19T13:58:46.256+0000] {processor.py:183} INFO - Processing /opt/airflow/dags/etl.py took 0.209 seconds
[2026-09-19T13:59:16.437+0000] {processor.py:161} INFO - Started process (PID=1168) to work on /opt/airflow/dags/etl.py
[2026-09-19T13:59:16.440+0000] {processor.py:830} INFO - Processing file /opt/airflow/dags/etl.py for tasks to queue
[2026-09-19T13:59:16.443+0000] {logging_mixin.py:188} INFO - [2026-09-19T13:59:16.442+0000] {dagbag.py:545} INFO - Filling up the DagBag from /opt/airflow/dags/etl.py
[2026-09-19T13:59:16.459+0000] {processor.py:840} INFO - DAG(s) 'ecommerce_data' retrieved from /opt/airflow/dags/etl.py
[2026-09-19T13:59:16.603+0000] {logging_mixin.py:188} INFO - [2026-09-19T13:59:16.603+0000] {dag.py:3096} INFO - Sync 1 DAGs
[2026-09-19T13:59:16.632+0000] {processor.py:183} INFO - Processing /opt/airflow/dags/etl.py took 0.203 seconds
[2026-09-19T13:59:47.736+0000] {processor.py:161} INFO - Started process (PID=1350) to work on /opt/airflow/dags/etl.py
[2026-09-19T13:59:47.740+0000] {processor.py:830} INFO - Processing file /opt/airflow/dags/etl.py for tasks to queue
[2026-09-19T13:59:47.742+0000] {logging_mixin.py:188} INFO - [2026-09-19T13:59:47.742+0000] {dagbag.py:545} INFO - Filling up the DagBag from /opt/airflow/dags/etl.py
[2026-09-19T13:59:47.759+0000] {processor.py:840} INFO - DAG(s) 'ecommerce_data' retrieved from /opt/airflow/dags/etl.py
[2026-09-19T13:59:47.909+0000] {logging_mixin.py:188} INFO - [2026-09-19T13:59:47.909+0000] {dag.py:3096} INFO - Sync 1 DAGs
[2026-09-19T13:59:47.935+0000] {processor.py:183} INFO - Processing /opt/airflow/dags/etl.py took 0.208 seconds
[2026-09-19T14:00:18.126+0000] {processor.py:161} INFO - Started process (PID=1351) to work on /opt/airflow/dags/etl.py
[2026-09-19T14:00:18.127+0000] {processor.py:830} INFO - Processing file /opt/airflow/dags/etl.py for tasks to queue
[2026-09-19T14:00:18.130+0000] {logging_mixin.py:188} INFO - [2026-09-19T14:00:18.129+0000] {dagbag.py:545} INFO - Filling up the DagBag from /opt/airflow/dags/etl.py
[2026-09-19T14:00:18.147+0000] {processor.py:840} INFO - DAG(s) 'ecommerce_data' retrieved from /opt/airflow/dags/etl.py
[2026-09-19T14:00:18.180+0000] {logging_mixin.py:188} INFO - [2026-09-19T14:00:18.180+0000] {dag.py:3096} INFO - Sync 1 DAGs
[2026-09-19T14:00:18.210+0000] {processor.py:183} INFO - Processing /opt/airflow/dags/etl.py took 0.094 seconds
[2026-09-19T14:00:49.034+0000] {processor.py:161} INFO - Started process (PID=1712) to work on /opt/airflow/dags/etl.py
[2026-09-19T14:00:49.036+0000] {processor.py:830} INFO - Processing file /opt/airflow/dags/etl.py for tasks to queue
[2026-09-19T14:00:49.038+0000] {logging_mixin.py:188} INFO - [2026-09-19T14:00:49.038+0000] {dagbag.py:545} INFO - Filling up the DagBag from /opt/airflow/dags/etl.py
[2026-09-19T14:00:49.051+0000] {processor.py:840} INFO - DAG(s) 'ecommerce_data' retrieved from /opt/airflow/dags/etl.py
[2026-09-19T14:00:49.072+0000] {logging_mixin.py:188} INFO - [2026-09-19T14:00:49.072+0000] {dag.py:3096} INFO - Sync 1 DAGs
[2026-09-19T14:00:49.102+0000] {processor.py:183} INFO - Processing /opt/airflow/dags/etl.py took 0.077 seconds
[2026-09-19T14:01:19.672+0000] {processor.py:161} INFO - Started process (PID=2068) to work on /opt/airflow/dags/etl.py
[2026-09-19T14:01:19.673+0000] {processor.py:830} INFO - Processing file /opt/airflow/dags/etl.py for tasks to queue
[2026-09-19T14:01:19.676+0000] {logging_mixin.py:188} INFO - [2026-09-19T14:01:19.675+0000] {dagbag.py:545} INFO - Filling up the DagBag from /opt/airflow/dags/etl.py
[2026-09-19T14:01:19.693+0000] {processor.py:840} INFO - DAG(s) 'ecommerce_data' retrieved from /opt/airflow/dags/etl.py
[2026-09-19T14:01:19.729+0000] {logging_mixin.py:188} INFO - [2026-09-19T14:01:19.728+0000] {dag.py:3096} INFO - Sync 1 DAGs
[2026-09-19T14:01:19.760+0000] {processor.py:183} INFO - Processing /opt/airflow/dags/etl.py took 0.098 seconds
[2026-09-19T14:01:49.960+0000] {processor.py:161} INFO - Started process (PID=2069) to work on /opt/airflow/dags/etl.py
[2026-09-19T14:01:49.970+0000] {processor.py:830} INFO - Processing file /opt/airflow/dags/etl.py for tasks to queue
[2026-09-19T14:01:49.973+0000] {logging_mixin.py:188} INFO - [2026-09-19T14:01:49.973+0000] {dagbag.py:545} INFO - Filling up the DagBag from /opt/airflow/dags/etl.py
[2026-09-19T14:01:49.991+0000] {processor.py:840} INFO - DAG(s) 'ecommerce_data' retrieved from /opt/airflow/dags/etl.py
[2026-09-19T14:01:50.026+0000] {logging_mixin.py:188} INFO - [2026-09-19T14:01:50.026+0000] {dag.py:3096} INFO - Sync 1 DAGs
[2026-09-19T14:01:50.058+0000] {processor.py:183} INFO - Processing /opt/airflow/dags/etl.py took 0.107 seconds
[2026-09-19T14:02:20.274+0000] {processor.py:161} INFO - Started process (PID=2070) to work on /opt/airflow/dags/etl.py
[2026-09-19T14:02:20.277+0000] {processor.py:830} INFO - Processing file /opt/airflow/dags/etl.py for tasks to queue
[2026-09-19T14:02:20.280+0000] {logging_mixin.py:188} INFO - [2026-09-19T14:02:20.279+0000] {dagbag.py:545} INFO - Filling up the DagBag from /opt/airflow/dags/etl.py
[2026-09-19T14:02:20.297+0000] {processor.py:840} INFO - DAG(s) 'ecommerce_data' retrieved from /opt/airflow/dags/etl.py
[2026-09-19T14:02:20.332+0000] {logging_mixin.py:188} INFO - [2026-09-19T14:02:20.331+0000] {dag.py:3096} INFO - Sync 1 DAGs
[2026-09-19T14:02:20.363+0000] {processor.py:183} INFO - Processing /opt/airflow/dags/etl.py took 0.098 seconds
[2026-09-19T14:02:50.609+0000] {processor.py:161} INFO - Started process (PID=2071) to work on /opt/airflow/dags/etl.py
[2026-09-19T14:02:50.611+0000] {processor.py:830} INFO - Processing file /opt/airflow/dags/etl.py for tasks to queue
[2026-09-19T14:02:50.614+0000] {logging_mixin.py:188} INFO - [2026-09-19T14:02:50.613+0000] {dagbag.py:545} INFO - Filling up the DagBag from /opt/airflow/dags/etl.py
[2026-09-19T14:02:50.633+0000] {processor.py:840} INFO - DAG(s) 'ecommerce_data' retrieved from /opt/airflow/dags/etl.py
[2026-09-19T14:02:50.667+0000] {logging_mixin.py:188} INFO - [2026-09-19T14:02:50.667+0000] {dag.py:3096} INFO - Sync 1 DAGs
[2026-09-19T14:02:50.696+0000] {processor.py:183} INFO - Processing /opt/airflow/dags/etl.py took 0.097 seconds
[2026-09-19T14:03:20.934+0000] {processor.py:161} INFO - Started process (PID=2072) to work on /opt/airflow/dags/etl.py
[2026-09-19T14:03:20.937+0000] {processor.py:830} INFO - Processing file /opt/airflow/dags/etl.py for tasks to queue
[2026-09-19T14:03:20.940+0000] {logging_mixin.py:188} INFO - [2026-09-19T14:03:20.940+0000] {dagbag.py:545} INFO - Filling up the DagBag from /opt/airflow/dags/etl.py
[2026-09-19T14:03:20.959+0000] {processor.py:840} INFO - DAG(s) 'ecommerce_data' retrieved from /opt/airflow/dags/etl.py
[2026-09-19T14:03:20.987+0000] {logging_mixin.py:188} INFO - [2026-09-19T14:03:20.986+0000] {dag.py:3096} INFO - Sync 1 DAGs
[2026-09-19T14:03:21.019+0000] {processor.py:183} INFO - Processing /opt/airflow/dags/etl.py took 0.097 seconds
[2026-09-19T14:03:51.275+0000] {processor.py:161} INFO - Started process (PID=2073) to work on /opt/airflow/dags/etl.py
[2026-09-19T14:03:51.277+0000] {processor.py:830} INFO - Processing file /opt/airflow/dags/etl.py for tasks to queue
[2026-09-19T14:03:51.280+0000] {logging_mixin.py:188} INFO - [2026-09-19T14:03:51.279+0000] {dagbag.py:545} INFO - Filling up the DagBag from /opt/airflow/dags/etl.py
[2026-09-19T14:03:51.296+0000] {processor.py:840} INFO - DAG(s) 'ecommerce_data' retrieved from /opt/airflow/dags/etl.py
[2026-09-19T14:03:51.329+0000] {logging_mixin.py:188} INFO - [2026-09-19T14:03:51.329+0000] {dag.py:3096} INFO - Sync 1 DAGs
[2026-09-19T14:03:51.358+0000] {processor.py:183} INFO - Processing /opt/airflow/dags/etl.py took 0.093 seconds
[2026-09-19T14:04:21.527+0000] {processor.py:161} INFO - Started process (PID=2074) to work on /opt/airflow/dags/etl.py
[2026-09-19T14:04:21.536+0000] {processor.py:830} INFO - Processing file /opt/airflow/dags/etl.py for tasks to queue
[2026-09-19T14:04:21.540+0000] {logging_mixin.py:188} INFO - [2026-09-19T14:04:21.540+0000] {dagbag.py:545} INFO - Filling up the DagBag from /opt/airflow/dags/etl.py
[2026-09-19T14:04:21.557+0000] {processor.py:840} INFO - DAG(s) 'ecommerce_data' retrieved from /opt/airflow/dags/etl.py
[2026-09-19T14:04:21.593+0000] {logging_mixin.py:188} INFO - [2026-09-19T14:04:21.593+0000] {dag.py:3096} INFO - Sync 1 DAGs
[2026-09-19T14:04:21.622+0000] {processor.py:183} INFO - Processing /opt/airflow/dags/etl.py took 0.106 seconds
[2026-09-19T14:04:51.876+0000] {processor.py:161} INFO - Started process (PID=2075) to work on /opt/airflow/dags/etl.py
[2026-09-19T14:04:51.877+0000] {processor.py:830} INFO - Processing file /opt/airflow/dags/etl.py for tasks to queue
[2026-09-19T14:04:51.880+0000] {logging_mixin.py:188} INFO - [2026-09-19T14:04:51.879+0000] {dagbag.py:545} INFO - Filling up the DagBag from /opt/airflow/dags/etl.py
[2026-09-19T14:04:51.896+0000] {processor.py:840} INFO - DAG(s) 'ecommerce_data' retrieved from /opt/airflow/dags/etl.py
[2026-09-19T14:04:51.929+0000] {logging_mixin.py:188} INFO - [2026-09-19T14:04:51.929+0000] {dag.py:3096} INFO - Sync 1 DAGs
[2026-09-19T14:04:51.958+0000] {processor.py:183} INFO - Processing /opt/airflow/dags/etl.py took 0.092 seconds
[2026-09-19T14:05:22.082+0000] {processor.py:161} INFO - Started process (PID=2076) to work on /opt/airflow/dags/etl.py
[2026-09-19T14:05:22.085+0000] {processor.py:830} INFO - Processing file /opt/airflow/dags/etl.py for tasks to queue
[2026-09-19T14:05:22.089+0000] {logging_mixin.py:188} INFO - [2026-09-19T14:05:22.088+0000] {dagbag.py:545} INFO - Filling up the DagBag from /opt/airflow/dags/etl.py
[2026-09-19T14:05:22.107+0000] {processor.py:840} INFO - DAG(s) 'ecommerce_data' retrieved from /opt/airflow/dags/etl.py
[2026-09-19T14:05:22.142+0000] {logging_mixin.py:188} INFO - [2026-09-19T14:05:22.142+0000] {dag.py:3096} INFO - Sync 1 DAGs
[2026-09-19T14:05:22.174+0000] {processor.py:183} INFO - Processing /opt/airflow/dags/etl.py took 0.103 seconds
[2026-09-19T14:05:35.340+0000] {processor.py:161} INFO - Started process (PID=2077) to work on /opt/airflow/dags/etl.py
[2026-09-19T14:05:35.341+0000] {processor.py:830} INFO - Processing file /opt/airflow/dags/etl.py for tasks to queue
[2026-09-19T14:05:35.343+0000] {logging_mixin.py:188} INFO - [2026-09-19T14:05:35.343+0000] {dagbag.py:545} INFO - Filling up the DagBag from /opt/airflow/dags/etl.py
[2026-09-19T14:05:35.356+0000] {processor.py:840} INFO - DAG(s) 'ecommerce_data' retrieved from /opt/airflow/dags/etl.py
[2026-09-19T14:05:35.379+0000] {logging_mixin.py:188} INFO - [2026-09-19T14:05:35.379+0000] {dag.py:3096} INFO - Sync 1 DAGs
[2026-09-19T14:05:35.411+0000] {processor.py:183} INFO - Processing /opt/airflow/dags/etl.py took 0.078 seconds
[2026-09-19T14:06:05.633+0000] {processor.py:161} INFO - Started process (PID=2078) to work on /opt/airflow/dags/etl.py
[2026-09-19T14:06:05.636+0000] {processor.py:830} INFO - Processing file /opt/airflow/dags/etl.py for tasks to queue
[2026-09-19T14:06:05.639+0000] {logging_mixin.py:188} INFO - [2026-09-19T14:06:05.638+0000] {dagbag.py:545} INFO - Filling up the DagBag from /opt/airflow/dags/etl.py
[2026-09-19T14:06:05.656+0000] {processor.py:840} INFO - DAG(s) 'ecommerce_data' retrieved from /opt/airflow/dags/etl.py
[2026-09-19T14:06:05.690+0000] {logging_mixin.py:188} INFO - [2026-09-19T14:06:05.690+0000] {dag.py:3096} INFO - Sync 1 DAGs
[2026-09-19T14:06:05.720+0000] {processor.py:183} INFO - Processing /opt/airflow/dags/etl.py took 0.096 seconds
[2026-09-19T14:06:35.982+0000] {processor.py:161} INFO - Started process (PID=2079) to work on /opt/airflow/dags/etl.py
[2026-09-19T14:06:35.983+0000] {processor.py:830} INFO - Processing file /opt/airflow/dags/etl.py for tasks to queue
[2026-09-19T14:06:35.985+0000] {logging_mixin.py:188} INFO - [2026-09-19T14:06:35.985+0000] {dagbag.py:545} INFO - Filling up the DagBag from /opt/airflow/dags/etl.py
[2026-09-19T14:06:36.002+0000] {processor.py:840} INFO - DAG(s) 'ecommerce_data' retrieved from /opt/airflow/dags/etl.py
[2026-09-19T14:06:36.037+0000] {logging_mixin.py:188} INFO - [2026-09-19T14:06:36.036+0000] {dag.py:3096} INFO - Sync 1 DAGs
[2026-09-19T14:06:36.054+0000] {logging_mixin.py:188} INFO - [2026-09-19T14:06:36.053+0000] {dag.py:3954} INFO - Setting next_dagrun for ecommerce_data to 2019-10-01 00:00:00+00:00, run_after=2019-10-02 00:00:00+00:00
[2026-09-19T14:06:36.069+0000] {processor.py:183} INFO - Processing /opt/airflow/dags/etl.py took 0.098 seconds
[2026-09-19T14:07:07.827+0000] {processor.py:161} INFO - Started process (PID=2665) to work on /opt/airflow/dags/etl.py
[2026-09-19T14:07:07.829+0000] {processor.py:830} INFO - Processing file /opt/airflow/dags/etl.py for tasks to queue
[2026-09-19T14:07:07.832+0000] {logging_mixin.py:188} INFO - [2026-09-19T14:07:07.831+0000] {dagbag.py:545} INFO - Filling up the DagBag from /opt/airflow/dags/etl.py
[2026-09-19T14:07:07.845+0000] {processor.py:840} INFO - DAG(s) 'ecommerce_data' retrieved from /opt/airflow/dags/etl.py
[2026-09-19T14:07:07.867+0000] {logging_mixin.py:188} INFO - [2026-09-19T14:07:07.866+0000] {dag.py:3096} INFO - Sync 1 DAGs
[2026-09-19T14:07:07.899+0000] {processor.py:183} INFO - Processing /opt/airflow/dags/etl.py took 0.082 seconds
[2026-09-19T14:07:42.314+0000] {processor.py:161} INFO - Started process (PID=3249) to work on /opt/airflow/dags/etl.py
[2026-09-19T14:07:42.315+0000] {processor.py:830} INFO - Processing file /opt/airflow/dags/etl.py for tasks to queue
[2026-09-19T14:07:42.318+0000] {logging_mixin.py:188} INFO - [2026-09-19T14:07:42.317+0000] {dagbag.py:545} INFO - Filling up the DagBag from /opt/airflow/dags/etl.py
[2026-09-19T14:07:42.335+0000] {processor.py:840} INFO - DAG(s) 'ecommerce_data' retrieved from /opt/airflow/dags/etl.py
[2026-09-19T14:07:42.371+0000] {logging_mixin.py:188} INFO - [2026-09-19T14:07:42.371+0000] {dag.py:3096} INFO - Sync 1 DAGs
[2026-09-19T14:07:42.401+0000] {processor.py:183} INFO - Processing /opt/airflow/dags/etl.py took 0.095 seconds
[2026-09-19T14:08:20.370+0000] {processor.py:161} INFO - Started process (PID=3835) to work on /opt/airflow/dags/etl.py
[2026-09-19T14:08:20.372+0000] {processor.py:830} INFO - Processing file /opt/airflow/dags/etl.py for tasks to queue
[2026-09-19T14:08:20.374+0000] {logging_mixin.py:188} INFO - [2026-09-19T14:08:20.374+0000] {dagbag.py:545} INFO - Filling up the DagBag from /opt/airflow/dags/etl.py
[2026-09-19T14:08:20.391+0000] {processor.py:840} INFO - DAG(s) 'ecommerce_data' retrieved from /opt/airflow/dags/etl.py
[2026-09-19T14:08:20.426+0000] {logging_mixin.py:188} INFO - [2026-09-19T14:08:20.426+0000] {dag.py:3096} INFO - Sync 1 DAGs
[2026-09-19T14:08:20.482+0000] {processor.py:183} INFO - Processing /opt/airflow/dags/etl.py took 0.120 seconds
[2026-09-19T14:08:57.429+0000] {processor.py:161} INFO - Started process (PID=4425) to work on /opt/airflow/dags/etl.py
[2026-09-19T14:08:57.432+0000] {processor.py:830} INFO - Processing file /opt/airflow/dags/etl.py for tasks to queue
[2026-09-19T14:08:57.435+0000] {logging_mixin.py:188} INFO - [2026-09-19T14:08:57.434+0000] {dagbag.py:545} INFO - Filling up the DagBag from /opt/airflow/dags/etl.py
[2026-09-19T14:08:57.453+0000] {processor.py:840} INFO - DAG(s) 'ecommerce_data' retrieved from /opt/airflow/dags/etl.py
[2026-09-19T14:08:57.487+0000] {logging_mixin.py:188} INFO - [2026-09-19T14:08:57.487+0000] {dag.py:3096} INFO - Sync 1 DAGs
[2026-09-19T14:08:57.519+0000] {processor.py:183} INFO - Processing /opt/airflow/dags/etl.py took 0.099 seconds
[2026-09-19T14:09:29.777+0000] {processor.py:161} INFO - Started process (PID=5007) to work on /opt/airflow/dags/etl.py
[2026-09-19T14:09:29.778+0000] {processor.py:830} INFO - Processing file /opt/airflow/dags/etl.py for tasks to queue
[2026-09-19T14:09:29.781+0000] {logging_mixin.py:188} INFO - [2026-09-19T14:09:29.780+0000] {dagbag.py:545} INFO - Filling up the DagBag from /opt/airflow/dags/etl.py
[2026-09-19T14:09:29.798+0000] {processor.py:840} INFO - DAG(s) 'ecommerce_data' retrieved from /opt/airflow/dags/etl.py
[2026-09-19T14:09:29.834+0000] {logging_mixin.py:188} INFO - [2026-09-19T14:09:29.833+0000] {dag.py:3096} INFO - Sync 1 DAGs
[2026-09-19T14:09:29.865+0000] {processor.py:183} INFO - Processing /opt/airflow/dags/etl.py took 0.100 seconds
[2026-09-19T14:10:00.744+0000] {processor.py:161} INFO - Started process (PID=5398) to work on /opt/airflow/dags/etl.py
[2026-09-19T14:10:00.747+0000] {processor.py:830} INFO - Processing file /opt/airflow/dags/etl.py for tasks to queue
[2026-09-19T14:10:00.750+0000] {logging_mixin.py:188} INFO - [2026-09-19T14:10:00.749+0000] {dagbag.py:545} INFO - Filling up the DagBag from /opt/airflow/dags/etl.py
[2026-09-19T14:10:00.767+0000] {processor.py:840} INFO - DAG(s) 'ecommerce_data' retrieved from /opt/airflow/dags/etl.py
[2026-09-19T14:10:00.802+0000] {logging_mixin.py:188} INFO - [2026-09-19T14:10:00.802+0000] {dag.py:3096} INFO - Sync 1 DAGs
[2026-09-19T14:10:00.834+0000] {processor.py:183} INFO - Processing /opt/airflow/dags/etl.py took 0.099 seconds
[2026-09-19T14:10:31.825+0000] {processor.py:161} INFO - Started process (PID=5399) to work on /opt/airflow/dags/etl.py
[2026-09-19T14:10:31.828+0000] {processor.py:830} INFO - Processing file /opt/airflow/dags/etl.py for tasks to queue
[2026-09-19T14:10:31.831+0000] {logging_mixin.py:188} INFO - [2026-09-19T14:10:31.830+0000] {dagbag.py:545} INFO - Filling up the DagBag from /opt/airflow/dags/etl.py
[2026-09-19T14:10:31.850+0000] {processor.py:840} INFO - DAG(s) 'ecommerce_data' retrieved from /opt/airflow/dags/etl.py
[2026-09-19T14:10:31.885+0000] {logging_mixin.py:188} INFO - [2026-09-19T14:10:31.885+0000] {dag.py:3096} INFO - Sync 1 DAGs
[2026-09-19T14:10:31.914+0000] {processor.py:183} INFO - Processing /opt/airflow/dags/etl.py took 0.099 seconds
[2026-09-19T14:11:02.458+0000] {processor.py:161} INFO - Started process (PID=5400) to work on /opt/airflow/dags/etl.py
[2026-09-19T14:11:02.459+0000] {processor.py:830} INFO - Processing file /opt/airflow/dags/etl.py for tasks to queue
[2026-09-19T14:11:02.463+0000] {logging_mixin.py:188} INFO - [2026-09-19T14:11:02.463+0000] {dagbag.py:545} INFO - Filling up the DagBag from /opt/airflow/dags/etl.py
[2026-09-19T14:11:02.480+0000] {processor.py:840} INFO - DAG(s) 'ecommerce_data' retrieved from /opt/airflow/dags/etl.py
[2026-09-19T14:11:02.506+0000] {logging_mixin.py:188} INFO - [2026-09-19T14:11:02.506+0000] {dag.py:3096} INFO - Sync 1 DAGs
[2026-09-19T14:11:02.538+0000] {processor.py:183} INFO - Processing /opt/airflow/dags/etl.py took 0.091 seconds
[2026-09-19T14:11:32.777+0000] {processor.py:161} INFO - Started process (PID=5401) to work on /opt/airflow/dags/etl.py
[2026-09-19T14:11:32.778+0000] {processor.py:830} INFO - Processing file /opt/airflow/dags/etl.py for tasks to queue
[2026-09-19T14:11:32.781+0000] {logging_mixin.py:188} INFO - [2026-09-19T14:11:32.780+0000] {dagbag.py:545} INFO - Filling up the DagBag from /opt/airflow/dags/etl.py
[2026-09-19T14:11:32.799+0000] {processor.py:840} INFO - DAG(s) 'ecommerce_data' retrieved from /opt/airflow/dags/etl.py
[2026-09-19T14:11:32.832+0000] {logging_mixin.py:188} INFO - [2026-09-19T14:11:32.831+0000] {dag.py:3096} INFO - Sync 1 DAGs
[2026-09-19T14:11:32.861+0000] {processor.py:183} INFO - Processing /opt/airflow/dags/etl.py took 0.095 seconds
[2026-09-19T14:12:03.113+0000] {processor.py:161} INFO - Started process (PID=5402) to work on /opt/airflow/dags/etl.py
[2026-09-19T14:12:03.116+0000] {processor.py:830} INFO - Processing file /opt/airflow/dags/etl.py for tasks to queue
[2026-09-19T14:12:03.119+0000] {logging_mixin.py:188} INFO - [2026-09-19T14:12:03.118+0000] {dagbag.py:545} INFO - Filling up the DagBag from /opt/airflow/dags/etl.py
[2026-09-19T14:12:03.136+0000] {processor.py:840} INFO - DAG(s) 'ecommerce_data' retrieved from /opt/airflow/dags/etl.py
[2026-09-19T14:12:03.171+0000] {logging_mixin.py:188} INFO - [2026-09-19T14:12:03.171+0000] {dag.py:3096} INFO - Sync 1 DAGs
[2026-09-19T14:12:03.202+0000] {processor.py:183} INFO - Processing /opt/airflow/dags/etl.py took 0.099 seconds
[2026-09-19T14:12:33.373+0000] {processor.py:161} INFO - Started process (PID=5594) to work on /opt/airflow/dags/etl.py
[2026-09-19T14:12:33.374+0000] {processor.py:830} INFO - Processing file /opt/airflow/dags/etl.py for tasks to queue
[2026-09-19T14:12:33.377+0000] {logging_mixin.py:188} INFO - [2026-09-19T14:12:33.376+0000] {dagbag.py:545} INFO - Filling up the DagBag from /opt/airflow/dags/etl.py
[2026-09-19T14:12:33.393+0000] {processor.py:840} INFO - DAG(s) 'ecommerce_data' retrieved from /opt/airflow/dags/etl.py
[2026-09-19T14:12:33.427+0000] {logging_mixin.py:188} INFO - [2026-09-19T14:12:33.427+0000] {dag.py:3096} INFO - Sync 1 DAGs
[2026-09-19T14:12:33.458+0000] {processor.py:183} INFO - Processing /opt/airflow/dags/etl.py took 0.096 seconds
[2026-09-19T14:13:03.646+0000] {processor.py:161} INFO - Started process (PID=5595) to work on /opt/airflow/dags/etl.py
[2026-09-19T14:13:03.649+0000] {processor.py:830} INFO - Processing file /opt/airflow/dags/etl.py for tasks to queue
[2026-09-19T14:13:03.653+0000] {logging_mixin.py:188} INFO - [2026-09-19T14:13:03.652+0000] {dagbag.py:545} INFO - Filling up the DagBag from /opt/airflow/dags/etl.py
[2026-09-19T14:13:03.674+0000] {processor.py:840} INFO - DAG(s) 'ecommerce_data' retrieved from /opt/airflow/dags/etl.py
[2026-09-19T14:13:03.710+0000] {logging_mixin.py:188} INFO - [2026-09-19T14:13:03.709+0000] {dag.py:3096} INFO - Sync 1 DAGs
[2026-09-19T14:13:03.745+0000] {processor.py:183} INFO - Processing /opt/airflow/dags/etl.py took 0.109 seconds
[2026-09-19T14:13:33.950+0000] {processor.py:161} INFO - Started process (PID=5596) to work on /opt/airflow/dags/etl.py
[2026-09-19T14:13:33.951+0000] {processor.py:830} INFO - Processing file /opt/airflow/dags/etl.py for tasks to queue
[2026-09-19T14:13:33.955+0000] {logging_mixin.py:188} INFO - [2026-09-19T14:13:33.955+0000] {dagbag.py:545} INFO - Filling up the DagBag from /opt/airflow/dags/etl.py
[2026-09-19T14:13:33.973+0000] {processor.py:840} INFO - DAG(s) 'ecommerce_data' retrieved from /opt/airflow/dags/etl.py
[2026-09-19T14:13:34.007+0000] {logging_mixin.py:188} INFO - [2026-09-19T14:13:34.007+0000] {dag.py:3096} INFO - Sync 1 DAGs
[2026-09-19T14:13:34.037+0000] {processor.py:183} INFO - Processing /opt/airflow/dags/etl.py took 0.097 seconds
[2026-09-19T14:14:04.319+0000] {processor.py:161} INFO - Started process (PID=5597) to work on /opt/airflow/dags/etl.py
[2026-09-19T14:14:04.322+0000] {processor.py:830} INFO - Processing file /opt/airflow/dags/etl.py for tasks to queue
[2026-09-19T14:14:04.325+0000] {logging_mixin.py:188} INFO - [2026-09-19T14:14:04.325+0000] {dagbag.py:545} INFO - Filling up the DagBag from /opt/airflow/dags/etl.py
[2026-09-19T14:14:04.344+0000] {processor.py:840} INFO - DAG(s) 'ecommerce_data' retrieved from /opt/airflow/dags/etl.py
[2026-09-19T14:14:04.379+0000] {logging_mixin.py:188} INFO - [2026-09-19T14:14:04.378+0000] {dag.py:3096} INFO - Sync 1 DAGs
[2026-09-19T14:14:04.407+0000] {processor.py:183} INFO - Processing /opt/airflow/dags/etl.py took 0.098 seconds
[2026-09-19T14:14:34.632+0000] {processor.py:161} INFO - Started process (PID=5598) to work on /opt/airflow/dags/etl.py
[2026-09-19T14:14:34.633+0000] {processor.py:830} INFO - Processing file /opt/airflow/dags/etl.py for tasks to queue
[2026-09-19T14:14:34.635+0000] {logging_mixin.py:188} INFO - [2026-09-19T14:14:34.634+0000] {dagbag.py:545} INFO - Filling up the DagBag from /opt/airflow/dags/etl.py
[2026-09-19T14:14:34.645+0000] {processor.py:840} INFO - DAG(s) 'ecommerce_data' retrieved from /opt/airflow/dags/etl.py
[2026-09-19T14:14:34.680+0000] {logging_mixin.py:188} INFO - [2026-09-19T14:14:34.680+0000] {dag.py:3096} INFO - Sync 1 DAGs
[2026-09-19T14:14:34.714+0000] {processor.py:183} INFO - Processing /opt/airflow/dags/etl.py took 0.087 seconds
[2026-09-19T14:15:05.006+0000] {processor.py:161} INFO - Started process (PID=5599) to work on /opt/airflow/dags/etl.py
[2026-09-19T14:15:05.009+0000] {processor.py:830} INFO - Processing file /opt/airflow/dags/etl.py for tasks to queue
[2026-09-19T14:15:05.012+0000] {logging_mixin.py:188} INFO - [2026-09-19T14:15:05.011+0000] {dagbag.py:545} INFO - Filling up the DagBag from /opt/airflow/dags/etl.py
[2026-09-19T14:15:05.029+0000] {processor.py:840} INFO - DAG(s) 'ecommerce_data' retrieved from /opt/airflow/dags/etl.py
[2026-09-19T14:15:05.062+0000] {logging_mixin.py:188} INFO - [2026-09-19T14:15:05.061+0000] {dag.py:3096} INFO - Sync 1 DAGs
[2026-09-19T14:15:05.091+0000] {processor.py:183} INFO - Processing /opt/airflow/dags/etl.py took 0.094 seconds
[2026-09-19T14:15:35.345+0000] {processor.py:161} INFO - Started process (PID=5600) to work on /opt/airflow/dags/etl.py
[2026-09-19T14:15:35.346+0000] {processor.py:830} INFO - Processing file /opt/airflow/dags/etl.py for tasks to queue
[2026-09-19T14:15:35.349+0000] {logging_mixin.py:188} INFO - [2026-09-19T14:15:35.349+0000] {dagbag.py:545} INFO - Filling up the DagBag from /opt/airflow/dags/etl.py
[2026-09-19T14:15:35.367+0000] {processor.py:840} INFO - DAG(s) 'ecommerce_data' retrieved from /opt/airflow/dags/etl.py
[2026-09-19T14:15:35.401+0000] {logging_mixin.py:188} INFO - [2026-09-19T14:15:35.401+0000] {dag.py:3096} INFO - Sync 1 DAGs
[2026-09-19T14:15:35.416+0000] {logging_mixin.py:188} INFO - [2026-09-19T14:15:35.416+0000] {dag.py:3954} INFO - Setting next_dagrun for ecommerce_data to 2019-10-01 00:00:00+00:00, run_after=2019-10-02 00:00:00+00:00
[2026-09-19T14:15:35.431+0000] {processor.py:183} INFO - Processing /opt/airflow/dags/etl.py took 0.096 seconds
[2026-09-19T14:16:06.227+0000] {processor.py:161} INFO - Started process (PID=5826) to work on /opt/airflow/dags/etl.py
[2026-09-19T14:16:06.230+0000] {processor.py:830} INFO - Processing file /opt/airflow/dags/etl.py for tasks to queue
[2026-09-19T14:16:06.233+0000] {logging_mixin.py:188} INFO - [2026-09-19T14:16:06.233+0000] {dagbag.py:545} INFO - Filling up the DagBag from /opt/airflow/dags/etl.py
[2026-09-19T14:16:06.250+0000] {processor.py:840} INFO - DAG(s) 'ecommerce_data' retrieved from /opt/airflow/dags/etl.py
[2026-09-19T14:16:06.287+0000] {logging_mixin.py:188} INFO - [2026-09-19T14:16:06.287+0000] {dag.py:3096} INFO - Sync 1 DAGs
[2026-09-19T14:16:06.303+0000] {logging_mixin.py:188} INFO - [2026-09-19T14:16:06.303+0000] {dag.py:3954} INFO - Setting next_dagrun for ecommerce_data to 2019-10-02 00:00:00+00:00, run_after=2019-10-03 00:00:00+00:00
[2026-09-19T14:16:06.318+0000] {processor.py:183} INFO - Processing /opt/airflow/dags/etl.py took 0.100 seconds
[2026-09-19T14:16:41.822+0000] {processor.py:161} INFO - Started process (PID=6281) to work on /opt/airflow/dags/etl.py
[2026-09-19T14:16:41.825+0000] {processor.py:830} INFO - Processing file /opt/airflow/dags/etl.py for tasks to queue
[2026-09-19T14:16:41.827+0000] {logging_mixin.py:188} INFO - [2026-09-19T14:16:41.827+0000] {dagbag.py:545} INFO - Filling up the DagBag from /opt/airflow/dags/etl.py
[2026-09-19T14:16:41.847+0000] {processor.py:840} INFO - DAG(s) 'ecommerce_data' retrieved from /opt/airflow/dags/etl.py
[2026-09-19T14:16:41.876+0000] {logging_mixin.py:188} INFO - [2026-09-19T14:16:41.876+0000] {dag.py:3096} INFO - Sync 1 DAGs
[2026-09-19T14:16:41.908+0000] {processor.py:183} INFO - Processing /opt/airflow/dags/etl.py took 0.096 seconds
[2026-09-19T14:17:18.725+0000] {processor.py:161} INFO - Started process (PID=6743) to work on /opt/airflow/dags/etl.py
[2026-09-19T14:17:18.728+0000] {processor.py:830} INFO - Processing file /opt/airflow/dags/etl.py for tasks to queue
[2026-09-19T14:17:18.731+0000] {logging_mixin.py:188} INFO - [2026-09-19T14:17:18.730+0000] {dagbag.py:545} INFO - Filling up the DagBag from /opt/airflow/dags/etl.py
[2026-09-19T14:17:18.748+0000] {processor.py:840} INFO - DAG(s) 'ecommerce_data' retrieved from /opt/airflow/dags/etl.py
[2026-09-19T14:17:18.781+0000] {logging_mixin.py:188} INFO - [2026-09-19T14:17:18.781+0000] {dag.py:3096} INFO - Sync 1 DAGs
[2026-09-19T14:17:18.814+0000] {processor.py:183} INFO - Processing /opt/airflow/dags/etl.py took 0.097 seconds
[2026-09-19T14:17:56.563+0000] {processor.py:161} INFO - Started process (PID=7198) to work on /opt/airflow/dags/etl.py
[2026-09-19T14:17:56.564+0000] {processor.py:830} INFO - Processing file /opt/airflow/dags/etl.py for tasks to queue
[2026-09-19T14:17:56.565+0000] {logging_mixin.py:188} INFO - [2026-09-19T14:17:56.565+0000] {dagbag.py:545} INFO - Filling up the DagBag from /opt/airflow/dags/etl.py
[2026-09-19T14:17:56.577+0000] {processor.py:840} INFO - DAG(s) 'ecommerce_data' retrieved from /opt/airflow/dags/etl.py
[2026-09-19T14:17:56.597+0000] {logging_mixin.py:188} INFO - [2026-09-19T14:17:56.597+0000] {dag.py:3096} INFO - Sync 1 DAGs
[2026-09-19T14:17:56.626+0000] {processor.py:183} INFO - Processing /opt/airflow/dags/etl.py took 0.070 seconds
[2026-09-19T14:18:32.516+0000] {processor.py:161} INFO - Started process (PID=7654) to work on /opt/airflow/dags/etl.py
[2026-09-19T14:18:32.518+0000] {processor.py:830} INFO - Processing file /opt/airflow/dags/etl.py for tasks to queue
[2026-09-19T14:18:32.521+0000] {logging_mixin.py:188} INFO - [2026-09-19T14:18:32.521+0000] {dagbag.py:545} INFO - Filling up the DagBag from /opt/airflow/dags/etl.py
[2026-09-19T14:18:32.537+0000] {processor.py:840} INFO - DAG(s) 'ecommerce_data' retrieved from /opt/airflow/dags/etl.py
[2026-09-19T14:18:32.573+0000] {logging_mixin.py:188} INFO - [2026-09-19T14:18:32.573+0000] {dag.py:3096} INFO - Sync 1 DAGs
[2026-09-19T14:18:32.610+0000] {processor.py:183} INFO - Processing /opt/airflow/dags/etl.py took 0.100 seconds
[2026-09-19T14:19:08.699+0000] {processor.py:161} INFO - Started process (PID=8110) to work on /opt/airflow/dags/etl.py
[2026-09-19T14:19:08.701+0000] {processor.py:830} INFO - Processing file /opt/airflow/dags/etl.py for tasks to queue
[2026-09-19T14:19:08.704+0000] {logging_mixin.py:188} INFO - [2026-09-19T14:19:08.703+0000] {dagbag.py:545} INFO - Filling up the DagBag from /opt/airflow/dags/etl.py
[2026-09-19T14:19:08.719+0000] {processor.py:840} INFO - DAG(s) 'ecommerce_data' retrieved from /opt/airflow/dags/etl.py
[2026-09-19T14:19:08.754+0000] {logging_mixin.py:188} INFO - [2026-09-19T14:19:08.754+0000] {dag.py:3096} INFO - Sync 1 DAGs
[2026-09-19T14:19:08.783+0000] {processor.py:183} INFO - Processing /opt/airflow/dags/etl.py took 0.094 seconds
[2026-09-19T14:19:46.098+0000] {processor.py:161} INFO - Started process (PID=8574) to work on /opt/airflow/dags/etl.py
[2026-09-19T14:19:46.100+0000] {processor.py:830} INFO - Processing file /opt/airflow/dags/etl.py for tasks to queue
[2026-09-19T14:19:46.103+0000] {logging_mixin.py:188} INFO - [2026-09-19T14:19:46.102+0000] {dagbag.py:545} INFO - Filling up the DagBag from /opt/airflow/dags/etl.py
[2026-09-19T14:19:46.120+0000] {processor.py:840} INFO - DAG(s) 'ecommerce_data' retrieved from /opt/airflow/dags/etl.py
[2026-09-19T14:19:46.155+0000] {logging_mixin.py:188} INFO - [2026-09-19T14:19:46.155+0000] {dag.py:3096} INFO - Sync 1 DAGs
[2026-09-19T14:19:46.191+0000] {processor.py:183} INFO - Processing /opt/airflow/dags/etl.py took 0.102 seconds
[2026-09-19T14:20:23.792+0000] {processor.py:161} INFO - Started process (PID=9030) to work on /opt/airflow/dags/etl.py
[2026-09-19T14:20:23.795+0000] {processor.py:830} INFO - Processing file /opt/airflow/dags/etl.py for tasks to queue
[2026-09-19T14:20:23.797+0000] {logging_mixin.py:188} INFO - [2026-09-19T14:20:23.797+0000] {dagbag.py:545} INFO - Filling up the DagBag from /opt/airflow/dags/etl.py
[2026-09-19T14:20:23.815+0000] {processor.py:840} INFO - DAG(s) 'ecommerce_data' retrieved from /opt/airflow/dags/etl.py
[2026-09-19T14:20:23.845+0000] {logging_mixin.py:188} INFO - [2026-09-19T14:20:23.844+0000] {dag.py:3096} INFO - Sync 1 DAGs
[2026-09-19T14:20:23.874+0000] {processor.py:183} INFO - Processing /opt/airflow/dags/etl.py took 0.091 seconds
