[2026-09-18T12:31:45.805+0000] {local_task_job_runner.py:120} INFO - ::group::Pre task execution logs
[2026-09-18T12:31:45.818+0000] {taskinstance.py:2076} INFO - Dependencies all met for dep_context=non-requeueable deps ti=<TaskInstance: ecommerce_data.extract scheduled__2019-10-01T00:00:00+00:00 [queued]>
[2026-09-18T12:31:45.820+0000] {taskinstance.py:2076} INFO - Dependencies all met for dep_context=requeueable deps ti=<TaskInstance: ecommerce_data.extract scheduled__2019-10-01T00:00:00+00:00 [queued]>
[2026-09-18T12:31:45.820+0000] {taskinstance.py:2306} INFO - Starting attempt 3 of 4
[2026-09-18T12:31:45.826+0000] {taskinstance.py:2330} INFO - Executing <Task(_PythonDecoratedOperator): extract> on 2019-10-01 00:00:00+00:00
[2026-09-18T12:31:45.829+0000] {standard_task_runner.py:63} INFO - Started process 397 to run task
[2026-09-18T12:31:45.830+0000] {standard_task_runner.py:90} INFO - Running: ['airflow', 'tasks', 'run', 'ecommerce_data', 'extract', 'scheduled__2019-10-01T00:00:00+00:00', '--job-id', '7', '--raw', '--subdir', 'DAGS_FOLDER/etl.py', '--cfg-path', '/tmp/tmpvus155mc']
[2026-09-18T12:31:45.831+0000] {standard_task_runner.py:91} INFO - Job 7: Subtask extract
[2026-09-18T12:31:45.848+0000] {task_command.py:426} INFO - Running <TaskInstance: ecommerce_data.extract scheduled__2019-10-01T00:00:00+00:00 [running]> on host ac3d43ca2f24
[2026-09-18T12:31:45.874+0000] {taskinstance.py:2648} INFO - Exporting env vars: AIRFLOW_CTX_DAG_OWNER='airflow' AIRFLOW_CTX_DAG_ID='ecommerce_data' AIRFLOW_CTX_TASK_ID='extract' AIRFLOW_CTX_EXECUTION_DATE='2019-10-01T00:00:00+00:00' AIRFLOW_CTX_TRY_NUMBER='3' AIRFLOW_CTX_DAG_RUN_ID='scheduled__2019-10-01T00:00:00+00:00'
[2026-09-18T12:31:45.874+0000] {taskinstance.py:430} INFO - ::endgroup::
[2026-09-18T12:31:46.851+0000] {taskinstance.py:441} INFO - ::group::Post task execution logs
[2026-09-18T12:31:46.851+0000] {taskinstance.py:2905} ERROR - Task failed with exception
Traceback (most recent call last):
  File "/home/airflow/.local/lib/python3.11/site-packages/airflow/models/taskinstance.py", line 465, in _execute_task
    result = _execute_callable(context=context, **execute_callable_kwargs)
             ^^^^^^^^^^^^^^^^^^^^^^^^^^^^^^^^^^^^^^^^^^^^^^^^^^^^^^^^^^^^^
  File "/home/airflow/.local/lib/python3.11/site-packages/airflow/models/taskinstance.py", line 432, in _execute_callable
    return execute_callable(context=context, **execute_callable_kwargs)
           ^^^^^^^^^^^^^^^^^^^^^^^^^^^^^^^^^^^^^^^^^^^^^^^^^^^^^^^^^^^^
  File "/home/airflow/.local/lib/python3.11/site-packages/airflow/models/baseoperator.py", line 401, in wrapper
    return func(self, *args, **kwargs)
           ^^^^^^^^^^^^^^^^^^^^^^^^^^^
  File "/home/airflow/.local/lib/python3.11/site-packages/airflow/decorators/base.py", line 265, in execute
    return_value = super().execute(context)
                   ^^^^^^^^^^^^^^^^^^^^^^^^
  File "/home/airflow/.local/lib/python3.11/site-packages/airflow/models/baseoperator.py", line 401, in wrapper
    return func(self, *args, **kwargs)
           ^^^^^^^^^^^^^^^^^^^^^^^^^^^
  File "/home/airflow/.local/lib/python3.11/site-packages/airflow/operators/python.py", line 235, in execute
    return_value = self.execute_callable()
                   ^^^^^^^^^^^^^^^^^^^^^^^
  File "/home/airflow/.local/lib/python3.11/site-packages/airflow/operators/python.py", line 252, in execute_callable
    return self.python_callable(*self.op_args, **self.op_kwargs)
           ^^^^^^^^^^^^^^^^^^^^^^^^^^^^^^^^^^^^^^^^^^^^^^^^^^^^^
  File "/opt/airflow/dags/etl.py", line 26, in extract
    script_run = subprocess.run(["spark-submit", "daily_etl.py", ds], check=True)
                 ^^^^^^^^^^^^^^^^^^^^^^^^^^^^^^^^^^^^^^^^^^^^^^^^^^^^^^^^^^^^^^^^
  File "/usr/local/lib/python3.11/subprocess.py", line 571, in run
    raise CalledProcessError(retcode, process.args,
subprocess.CalledProcessError: Command '['spark-submit', 'daily_etl.py', '2019-10-01']' returned non-zero exit status 2.
[2026-09-18T12:31:46.855+0000] {taskinstance.py:1206} INFO - Marking task as UP_FOR_RETRY. dag_id=ecommerce_data, task_id=extract, run_id=scheduled__2019-10-01T00:00:00+00:00, execution_date=20191001T000000, start_date=20260918T123145, end_date=20260918T123146
[2026-09-18T12:31:46.863+0000] {standard_task_runner.py:110} ERROR - Failed to execute job 7 for task extract (Command '['spark-submit', 'daily_etl.py', '2019-10-01']' returned non-zero exit status 2.; 397)
[2026-09-18T12:31:46.885+0000] {local_task_job_runner.py:240} INFO - Task exited with return code 1
[2026-09-18T12:31:46.891+0000] {taskinstance.py:3503} INFO - 0 downstream tasks scheduled from follow-on schedule check
[2026-09-18T12:31:46.891+0000] {local_task_job_runner.py:222} INFO - ::endgroup::
[2026-09-19T13:11:10.073+0000] {local_task_job_runner.py:120} INFO - ::group::Pre task execution logs
[2026-09-19T13:11:10.093+0000] {taskinstance.py:2076} INFO - Dependencies all met for dep_context=non-requeueable deps ti=<TaskInstance: ecommerce_data.extract scheduled__2019-10-01T00:00:00+00:00 [queued]>
[2026-09-19T13:11:10.097+0000] {taskinstance.py:2076} INFO - Dependencies all met for dep_context=requeueable deps ti=<TaskInstance: ecommerce_data.extract scheduled__2019-10-01T00:00:00+00:00 [queued]>
[2026-09-19T13:11:10.098+0000] {taskinstance.py:2306} INFO - Starting attempt 3 of 4
[2026-09-19T13:11:10.108+0000] {taskinstance.py:2330} INFO - Executing <Task(_PythonDecoratedOperator): extract> on 2019-10-01 00:00:00+00:00
[2026-09-19T13:11:10.113+0000] {standard_task_runner.py:63} INFO - Started process 806 to run task
[2026-09-19T13:11:10.115+0000] {standard_task_runner.py:90} INFO - Running: ['airflow', 'tasks', 'run', 'ecommerce_data', 'extract', 'scheduled__2019-10-01T00:00:00+00:00', '--job-id', '9', '--raw', '--subdir', 'DAGS_FOLDER/etl.py', '--cfg-path', '/tmp/tmpvxq5ob4p']
[2026-09-19T13:11:10.116+0000] {standard_task_runner.py:91} INFO - Job 9: Subtask extract
[2026-09-19T13:11:10.147+0000] {task_command.py:426} INFO - Running <TaskInstance: ecommerce_data.extract scheduled__2019-10-01T00:00:00+00:00 [running]> on host 8e73891b263a
[2026-09-19T13:11:10.205+0000] {taskinstance.py:2648} INFO - Exporting env vars: AIRFLOW_CTX_DAG_OWNER='airflow' AIRFLOW_CTX_DAG_ID='ecommerce_data' AIRFLOW_CTX_TASK_ID='extract' AIRFLOW_CTX_EXECUTION_DATE='2019-10-01T00:00:00+00:00' AIRFLOW_CTX_TRY_NUMBER='3' AIRFLOW_CTX_DAG_RUN_ID='scheduled__2019-10-01T00:00:00+00:00'
[2026-09-19T13:11:10.205+0000] {taskinstance.py:430} INFO - ::endgroup::
[2026-09-19T13:11:16.395+0000] {taskinstance.py:441} INFO - ::group::Post task execution logs
[2026-09-19T13:11:16.396+0000] {taskinstance.py:2905} ERROR - Task failed with exception
Traceback (most recent call last):
  File "/home/airflow/.local/lib/python3.11/site-packages/airflow/models/taskinstance.py", line 465, in _execute_task
    result = _execute_callable(context=context, **execute_callable_kwargs)
             ^^^^^^^^^^^^^^^^^^^^^^^^^^^^^^^^^^^^^^^^^^^^^^^^^^^^^^^^^^^^^
  File "/home/airflow/.local/lib/python3.11/site-packages/airflow/models/taskinstance.py", line 432, in _execute_callable
    return execute_callable(context=context, **execute_callable_kwargs)
           ^^^^^^^^^^^^^^^^^^^^^^^^^^^^^^^^^^^^^^^^^^^^^^^^^^^^^^^^^^^^
  File "/home/airflow/.local/lib/python3.11/site-packages/airflow/models/baseoperator.py", line 401, in wrapper
    return func(self, *args, **kwargs)
           ^^^^^^^^^^^^^^^^^^^^^^^^^^^
  File "/home/airflow/.local/lib/python3.11/site-packages/airflow/decorators/base.py", line 265, in execute
    return_value = super().execute(context)
                   ^^^^^^^^^^^^^^^^^^^^^^^^
  File "/home/airflow/.local/lib/python3.11/site-packages/airflow/models/baseoperator.py", line 401, in wrapper
    return func(self, *args, **kwargs)
           ^^^^^^^^^^^^^^^^^^^^^^^^^^^
  File "/home/airflow/.local/lib/python3.11/site-packages/airflow/operators/python.py", line 235, in execute
    return_value = self.execute_callable()
                   ^^^^^^^^^^^^^^^^^^^^^^^
  File "/home/airflow/.local/lib/python3.11/site-packages/airflow/operators/python.py", line 252, in execute_callable
    return self.python_callable(*self.op_args, **self.op_kwargs)
           ^^^^^^^^^^^^^^^^^^^^^^^^^^^^^^^^^^^^^^^^^^^^^^^^^^^^^
  File "/opt/airflow/dags/etl.py", line 27, in extract
    script_run = subprocess.run(["spark-submit", "/opt/airflow/dags/daily_etl.py", ds], check=True)
                 ^^^^^^^^^^^^^^^^^^^^^^^^^^^^^^^^^^^^^^^^^^^^^^^^^^^^^^^^^^^^^^^^^^^^^^^^^^^^^^^^^^
  File "/usr/local/lib/python3.11/subprocess.py", line 571, in run
    raise CalledProcessError(retcode, process.args,
subprocess.CalledProcessError: Command '['spark-submit', '/opt/airflow/dags/daily_etl.py', '2019-10-01']' returned non-zero exit status 1.
[2026-09-19T13:11:16.406+0000] {taskinstance.py:1206} INFO - Marking task as UP_FOR_RETRY. dag_id=ecommerce_data, task_id=extract, run_id=scheduled__2019-10-01T00:00:00+00:00, execution_date=20191001T000000, start_date=20260919T131110, end_date=20260919T131116
[2026-09-19T13:11:16.418+0000] {standard_task_runner.py:110} ERROR - Failed to execute job 9 for task extract (Command '['spark-submit', '/opt/airflow/dags/daily_etl.py', '2019-10-01']' returned non-zero exit status 1.; 806)
[2026-09-19T13:11:16.454+0000] {local_task_job_runner.py:240} INFO - Task exited with return code 1
[2026-09-19T13:11:16.468+0000] {taskinstance.py:3503} INFO - 0 downstream tasks scheduled from follow-on schedule check
[2026-09-19T13:11:16.469+0000] {local_task_job_runner.py:222} INFO - ::endgroup::
[2026-09-19T13:28:02.054+0000] {local_task_job_runner.py:120} INFO - ::group::Pre task execution logs
[2026-09-19T13:28:02.082+0000] {taskinstance.py:2076} INFO - Dependencies all met for dep_context=non-requeueable deps ti=<TaskInstance: ecommerce_data.extract scheduled__2019-10-01T00:00:00+00:00 [queued]>
[2026-09-19T13:28:02.090+0000] {taskinstance.py:2076} INFO - Dependencies all met for dep_context=requeueable deps ti=<TaskInstance: ecommerce_data.extract scheduled__2019-10-01T00:00:00+00:00 [queued]>
[2026-09-19T13:28:02.090+0000] {taskinstance.py:2306} INFO - Starting attempt 3 of 4
[2026-09-19T13:28:02.104+0000] {taskinstance.py:2330} INFO - Executing <Task(_PythonDecoratedOperator): extract> on 2019-10-01 00:00:00+00:00
[2026-09-19T13:28:02.110+0000] {standard_task_runner.py:63} INFO - Started process 2970 to run task
[2026-09-19T13:28:02.113+0000] {standard_task_runner.py:90} INFO - Running: ['airflow', 'tasks', 'run', 'ecommerce_data', 'extract', 'scheduled__2019-10-01T00:00:00+00:00', '--job-id', '46', '--raw', '--subdir', 'DAGS_FOLDER/etl.py', '--cfg-path', '/tmp/tmp5qpwdrm7']
[2026-09-19T13:28:02.114+0000] {standard_task_runner.py:91} INFO - Job 46: Subtask extract
[2026-09-19T13:28:02.160+0000] {task_command.py:426} INFO - Running <TaskInstance: ecommerce_data.extract scheduled__2019-10-01T00:00:00+00:00 [running]> on host 8e73891b263a
[2026-09-19T13:28:02.209+0000] {taskinstance.py:2648} INFO - Exporting env vars: AIRFLOW_CTX_DAG_OWNER='airflow' AIRFLOW_CTX_DAG_ID='ecommerce_data' AIRFLOW_CTX_TASK_ID='extract' AIRFLOW_CTX_EXECUTION_DATE='2019-10-01T00:00:00+00:00' AIRFLOW_CTX_TRY_NUMBER='3' AIRFLOW_CTX_DAG_RUN_ID='scheduled__2019-10-01T00:00:00+00:00'
[2026-09-19T13:28:02.210+0000] {taskinstance.py:430} INFO - ::endgroup::
[2026-09-19T13:28:08.237+0000] {taskinstance.py:441} INFO - ::group::Post task execution logs
[2026-09-19T13:28:08.237+0000] {taskinstance.py:2905} ERROR - Task failed with exception
Traceback (most recent call last):
  File "/home/airflow/.local/lib/python3.11/site-packages/airflow/models/taskinstance.py", line 465, in _execute_task
    result = _execute_callable(context=context, **execute_callable_kwargs)
             ^^^^^^^^^^^^^^^^^^^^^^^^^^^^^^^^^^^^^^^^^^^^^^^^^^^^^^^^^^^^^
  File "/home/airflow/.local/lib/python3.11/site-packages/airflow/models/taskinstance.py", line 432, in _execute_callable
    return execute_callable(context=context, **execute_callable_kwargs)
           ^^^^^^^^^^^^^^^^^^^^^^^^^^^^^^^^^^^^^^^^^^^^^^^^^^^^^^^^^^^^
  File "/home/airflow/.local/lib/python3.11/site-packages/airflow/models/baseoperator.py", line 401, in wrapper
    return func(self, *args, **kwargs)
           ^^^^^^^^^^^^^^^^^^^^^^^^^^^
  File "/home/airflow/.local/lib/python3.11/site-packages/airflow/decorators/base.py", line 265, in execute
    return_value = super().execute(context)
                   ^^^^^^^^^^^^^^^^^^^^^^^^
  File "/home/airflow/.local/lib/python3.11/site-packages/airflow/models/baseoperator.py", line 401, in wrapper
    return func(self, *args, **kwargs)
           ^^^^^^^^^^^^^^^^^^^^^^^^^^^
  File "/home/airflow/.local/lib/python3.11/site-packages/airflow/operators/python.py", line 235, in execute
    return_value = self.execute_callable()
                   ^^^^^^^^^^^^^^^^^^^^^^^
  File "/home/airflow/.local/lib/python3.11/site-packages/airflow/operators/python.py", line 252, in execute_callable
    return self.python_callable(*self.op_args, **self.op_kwargs)
           ^^^^^^^^^^^^^^^^^^^^^^^^^^^^^^^^^^^^^^^^^^^^^^^^^^^^^
  File "/opt/airflow/dags/etl.py", line 27, in extract
    script_run = subprocess.run(["spark-submit", "/opt/airflow/dags/daily_etl.py", ds], check=True)
                 ^^^^^^^^^^^^^^^^^^^^^^^^^^^^^^^^^^^^^^^^^^^^^^^^^^^^^^^^^^^^^^^^^^^^^^^^^^^^^^^^^^
  File "/usr/local/lib/python3.11/subprocess.py", line 571, in run
    raise CalledProcessError(retcode, process.args,
subprocess.CalledProcessError: Command '['spark-submit', '/opt/airflow/dags/daily_etl.py', '2019-10-01']' returned non-zero exit status 1.
[2026-09-19T13:28:08.244+0000] {taskinstance.py:1206} INFO - Marking task as UP_FOR_RETRY. dag_id=ecommerce_data, task_id=extract, run_id=scheduled__2019-10-01T00:00:00+00:00, execution_date=20191001T000000, start_date=20260919T132802, end_date=20260919T132808
[2026-09-19T13:28:08.254+0000] {standard_task_runner.py:110} ERROR - Failed to execute job 46 for task extract (Command '['spark-submit', '/opt/airflow/dags/daily_etl.py', '2019-10-01']' returned non-zero exit status 1.; 2970)
[2026-09-19T13:28:08.293+0000] {local_task_job_runner.py:240} INFO - Task exited with return code 1
[2026-09-19T13:28:08.307+0000] {taskinstance.py:3503} INFO - 0 downstream tasks scheduled from follow-on schedule check
[2026-09-19T13:28:08.308+0000] {local_task_job_runner.py:222} INFO - ::endgroup::
[2026-09-19T13:55:59.239+0000] {local_task_job_runner.py:120} INFO - ::group::Pre task execution logs
[2026-09-19T13:55:59.258+0000] {taskinstance.py:2076} INFO - Dependencies all met for dep_context=non-requeueable deps ti=<TaskInstance: ecommerce_data.extract scheduled__2019-10-01T00:00:00+00:00 [queued]>
[2026-09-19T13:55:59.263+0000] {taskinstance.py:2076} INFO - Dependencies all met for dep_context=requeueable deps ti=<TaskInstance: ecommerce_data.extract scheduled__2019-10-01T00:00:00+00:00 [queued]>
[2026-09-19T13:55:59.263+0000] {taskinstance.py:2306} INFO - Starting attempt 3 of 4
[2026-09-19T13:55:59.272+0000] {taskinstance.py:2330} INFO - Executing <Task(_PythonDecoratedOperator): extract> on 2019-10-01 00:00:00+00:00
[2026-09-19T13:55:59.277+0000] {standard_task_runner.py:63} INFO - Started process 449 to run task
[2026-09-19T13:55:59.279+0000] {standard_task_runner.py:90} INFO - Running: ['airflow', 'tasks', 'run', 'ecommerce_data', 'extract', 'scheduled__2019-10-01T00:00:00+00:00', '--job-id', '82', '--raw', '--subdir', 'DAGS_FOLDER/etl.py', '--cfg-path', '/tmp/tmp6twc79im']
[2026-09-19T13:55:59.280+0000] {standard_task_runner.py:91} INFO - Job 82: Subtask extract
[2026-09-19T13:55:59.310+0000] {task_command.py:426} INFO - Running <TaskInstance: ecommerce_data.extract scheduled__2019-10-01T00:00:00+00:00 [running]> on host 8e73891b263a
[2026-09-19T13:55:59.364+0000] {taskinstance.py:2648} INFO - Exporting env vars: AIRFLOW_CTX_DAG_OWNER='airflow' AIRFLOW_CTX_DAG_ID='ecommerce_data' AIRFLOW_CTX_TASK_ID='extract' AIRFLOW_CTX_EXECUTION_DATE='2019-10-01T00:00:00+00:00' AIRFLOW_CTX_TRY_NUMBER='3' AIRFLOW_CTX_DAG_RUN_ID='scheduled__2019-10-01T00:00:00+00:00'
[2026-09-19T13:55:59.365+0000] {taskinstance.py:430} INFO - ::endgroup::
[2026-09-19T13:56:05.290+0000] {taskinstance.py:441} INFO - ::group::Post task execution logs
[2026-09-19T13:56:05.291+0000] {taskinstance.py:2905} ERROR - Task failed with exception
Traceback (most recent call last):
  File "/home/airflow/.local/lib/python3.11/site-packages/airflow/models/taskinstance.py", line 465, in _execute_task
    result = _execute_callable(context=context, **execute_callable_kwargs)
             ^^^^^^^^^^^^^^^^^^^^^^^^^^^^^^^^^^^^^^^^^^^^^^^^^^^^^^^^^^^^^
  File "/home/airflow/.local/lib/python3.11/site-packages/airflow/models/taskinstance.py", line 432, in _execute_callable
    return execute_callable(context=context, **execute_callable_kwargs)
           ^^^^^^^^^^^^^^^^^^^^^^^^^^^^^^^^^^^^^^^^^^^^^^^^^^^^^^^^^^^^
  File "/home/airflow/.local/lib/python3.11/site-packages/airflow/models/baseoperator.py", line 401, in wrapper
    return func(self, *args, **kwargs)
           ^^^^^^^^^^^^^^^^^^^^^^^^^^^
  File "/home/airflow/.local/lib/python3.11/site-packages/airflow/decorators/base.py", line 265, in execute
    return_value = super().execute(context)
                   ^^^^^^^^^^^^^^^^^^^^^^^^
  File "/home/airflow/.local/lib/python3.11/site-packages/airflow/models/baseoperator.py", line 401, in wrapper
    return func(self, *args, **kwargs)
           ^^^^^^^^^^^^^^^^^^^^^^^^^^^
  File "/home/airflow/.local/lib/python3.11/site-packages/airflow/operators/python.py", line 235, in execute
    return_value = self.execute_callable()
                   ^^^^^^^^^^^^^^^^^^^^^^^
  File "/home/airflow/.local/lib/python3.11/site-packages/airflow/operators/python.py", line 252, in execute_callable
    return self.python_callable(*self.op_args, **self.op_kwargs)
           ^^^^^^^^^^^^^^^^^^^^^^^^^^^^^^^^^^^^^^^^^^^^^^^^^^^^^
  File "/opt/airflow/dags/etl.py", line 27, in extract
    script_run = subprocess.run(["spark-submit", "/opt/airflow/dags/daily_etl.py", ds], check=True)
                 ^^^^^^^^^^^^^^^^^^^^^^^^^^^^^^^^^^^^^^^^^^^^^^^^^^^^^^^^^^^^^^^^^^^^^^^^^^^^^^^^^^
  File "/usr/local/lib/python3.11/subprocess.py", line 571, in run
    raise CalledProcessError(retcode, process.args,
subprocess.CalledProcessError: Command '['spark-submit', '/opt/airflow/dags/daily_etl.py', '2019-10-01']' returned non-zero exit status 1.
[2026-09-19T13:56:05.300+0000] {taskinstance.py:1206} INFO - Marking task as UP_FOR_RETRY. dag_id=ecommerce_data, task_id=extract, run_id=scheduled__2019-10-01T00:00:00+00:00, execution_date=20191001T000000, start_date=20260919T135559, end_date=20260919T135605
[2026-09-19T13:56:05.313+0000] {standard_task_runner.py:110} ERROR - Failed to execute job 82 for task extract (Command '['spark-submit', '/opt/airflow/dags/daily_etl.py', '2019-10-01']' returned non-zero exit status 1.; 449)
[2026-09-19T13:56:05.336+0000] {local_task_job_runner.py:240} INFO - Task exited with return code 1
[2026-09-19T13:56:05.350+0000] {taskinstance.py:3503} INFO - 0 downstream tasks scheduled from follow-on schedule check
[2026-09-19T13:56:05.351+0000] {local_task_job_runner.py:222} INFO - ::endgroup::
[2026-09-19T14:07:00.857+0000] {local_task_job_runner.py:120} INFO - ::group::Pre task execution logs
[2026-09-19T14:07:00.889+0000] {taskinstance.py:2076} INFO - Dependencies all met for dep_context=non-requeueable deps ti=<TaskInstance: ecommerce_data.extract scheduled__2019-10-01T00:00:00+00:00 [queued]>
[2026-09-19T14:07:00.897+0000] {taskinstance.py:2076} INFO - Dependencies all met for dep_context=requeueable deps ti=<TaskInstance: ecommerce_data.extract scheduled__2019-10-01T00:00:00+00:00 [queued]>
[2026-09-19T14:07:00.897+0000] {taskinstance.py:2306} INFO - Starting attempt 3 of 4
[2026-09-19T14:07:00.909+0000] {taskinstance.py:2330} INFO - Executing <Task(_PythonDecoratedOperator): extract> on 2019-10-01 00:00:00+00:00
[2026-09-19T14:07:00.915+0000] {standard_task_runner.py:63} INFO - Started process 2478 to run task
[2026-09-19T14:07:00.917+0000] {standard_task_runner.py:90} INFO - Running: ['airflow', 'tasks', 'run', 'ecommerce_data', 'extract', 'scheduled__2019-10-01T00:00:00+00:00', '--job-id', '93', '--raw', '--subdir', 'DAGS_FOLDER/etl.py', '--cfg-path', '/tmp/tmp89vb0p_s']
[2026-09-19T14:07:00.919+0000] {standard_task_runner.py:91} INFO - Job 93: Subtask extract
[2026-09-19T14:07:00.963+0000] {task_command.py:426} INFO - Running <TaskInstance: ecommerce_data.extract scheduled__2019-10-01T00:00:00+00:00 [running]> on host 8e73891b263a
[2026-09-19T14:07:01.013+0000] {taskinstance.py:2648} INFO - Exporting env vars: AIRFLOW_CTX_DAG_OWNER='airflow' AIRFLOW_CTX_DAG_ID='ecommerce_data' AIRFLOW_CTX_TASK_ID='extract' AIRFLOW_CTX_EXECUTION_DATE='2019-10-01T00:00:00+00:00' AIRFLOW_CTX_TRY_NUMBER='3' AIRFLOW_CTX_DAG_RUN_ID='scheduled__2019-10-01T00:00:00+00:00'
[2026-09-19T14:07:01.013+0000] {taskinstance.py:430} INFO - ::endgroup::
[2026-09-19T14:07:07.329+0000] {taskinstance.py:441} INFO - ::group::Post task execution logs
[2026-09-19T14:07:07.329+0000] {taskinstance.py:2905} ERROR - Task failed with exception
Traceback (most recent call last):
  File "/home/airflow/.local/lib/python3.11/site-packages/airflow/models/taskinstance.py", line 465, in _execute_task
    result = _execute_callable(context=context, **execute_callable_kwargs)
             ^^^^^^^^^^^^^^^^^^^^^^^^^^^^^^^^^^^^^^^^^^^^^^^^^^^^^^^^^^^^^
  File "/home/airflow/.local/lib/python3.11/site-packages/airflow/models/taskinstance.py", line 432, in _execute_callable
    return execute_callable(context=context, **execute_callable_kwargs)
           ^^^^^^^^^^^^^^^^^^^^^^^^^^^^^^^^^^^^^^^^^^^^^^^^^^^^^^^^^^^^
  File "/home/airflow/.local/lib/python3.11/site-packages/airflow/models/baseoperator.py", line 401, in wrapper
    return func(self, *args, **kwargs)
           ^^^^^^^^^^^^^^^^^^^^^^^^^^^
  File "/home/airflow/.local/lib/python3.11/site-packages/airflow/decorators/base.py", line 265, in execute
    return_value = super().execute(context)
                   ^^^^^^^^^^^^^^^^^^^^^^^^
  File "/home/airflow/.local/lib/python3.11/site-packages/airflow/models/baseoperator.py", line 401, in wrapper
    return func(self, *args, **kwargs)
           ^^^^^^^^^^^^^^^^^^^^^^^^^^^
  File "/home/airflow/.local/lib/python3.11/site-packages/airflow/operators/python.py", line 235, in execute
    return_value = self.execute_callable()
                   ^^^^^^^^^^^^^^^^^^^^^^^
  File "/home/airflow/.local/lib/python3.11/site-packages/airflow/operators/python.py", line 252, in execute_callable
    return self.python_callable(*self.op_args, **self.op_kwargs)
           ^^^^^^^^^^^^^^^^^^^^^^^^^^^^^^^^^^^^^^^^^^^^^^^^^^^^^
  File "/opt/airflow/dags/etl.py", line 27, in extract
    script_run = subprocess.run([
                 ^^^^^^^^^^^^^^^^
  File "/usr/local/lib/python3.11/subprocess.py", line 571, in run
    raise CalledProcessError(retcode, process.args,
subprocess.CalledProcessError: Command '['spark-submit', '--packages', 'org.postgresql:postgresql:42.6.0', '/opt/airflow/dags/daily_etl.py', '2019-10-01']' returned non-zero exit status 1.
[2026-09-19T14:07:07.338+0000] {taskinstance.py:1206} INFO - Marking task as UP_FOR_RETRY. dag_id=ecommerce_data, task_id=extract, run_id=scheduled__2019-10-01T00:00:00+00:00, execution_date=20191001T000000, start_date=20260919T140700, end_date=20260919T140707
[2026-09-19T14:07:07.350+0000] {standard_task_runner.py:110} ERROR - Failed to execute job 93 for task extract (Command '['spark-submit', '--packages', 'org.postgresql:postgresql:42.6.0', '/opt/airflow/dags/daily_etl.py', '2019-10-01']' returned non-zero exit status 1.; 2478)
[2026-09-19T14:07:07.373+0000] {local_task_job_runner.py:240} INFO - Task exited with return code 1
[2026-09-19T14:07:07.387+0000] {taskinstance.py:3503} INFO - 0 downstream tasks scheduled from follow-on schedule check
[2026-09-19T14:07:07.387+0000] {local_task_job_runner.py:222} INFO - ::endgroup::
[2026-09-21T21:07:47.579+0000] {local_task_job_runner.py:120} INFO - ::group::Pre task execution logs
[2026-09-21T21:07:47.592+0000] {taskinstance.py:2076} INFO - Dependencies all met for dep_context=non-requeueable deps ti=<TaskInstance: ecommerce_data.extract scheduled__2019-10-01T00:00:00+00:00 [queued]>
[2026-09-21T21:07:47.596+0000] {taskinstance.py:2076} INFO - Dependencies all met for dep_context=requeueable deps ti=<TaskInstance: ecommerce_data.extract scheduled__2019-10-01T00:00:00+00:00 [queued]>
[2026-09-21T21:07:47.596+0000] {taskinstance.py:2306} INFO - Starting attempt 3 of 4
[2026-09-21T21:07:47.602+0000] {taskinstance.py:2330} INFO - Executing <Task(_PythonDecoratedOperator): extract> on 2019-10-01 00:00:00+00:00
[2026-09-21T21:07:47.606+0000] {standard_task_runner.py:63} INFO - Started process 4058 to run task
[2026-09-21T21:07:47.607+0000] {standard_task_runner.py:90} INFO - Running: ['airflow', 'tasks', 'run', 'ecommerce_data', 'extract', 'scheduled__2019-10-01T00:00:00+00:00', '--job-id', '52', '--raw', '--subdir', 'DAGS_FOLDER/etl.py', '--cfg-path', '/tmp/tmpoek8yax8']
[2026-09-21T21:07:47.608+0000] {standard_task_runner.py:91} INFO - Job 52: Subtask extract
[2026-09-21T21:07:47.628+0000] {task_command.py:426} INFO - Running <TaskInstance: ecommerce_data.extract scheduled__2019-10-01T00:00:00+00:00 [running]> on host e6c3ac7e1715
[2026-09-21T21:07:47.657+0000] {taskinstance.py:2648} INFO - Exporting env vars: AIRFLOW_CTX_DAG_OWNER='airflow' AIRFLOW_CTX_DAG_ID='ecommerce_data' AIRFLOW_CTX_TASK_ID='extract' AIRFLOW_CTX_EXECUTION_DATE='2019-10-01T00:00:00+00:00' AIRFLOW_CTX_TRY_NUMBER='3' AIRFLOW_CTX_DAG_RUN_ID='scheduled__2019-10-01T00:00:00+00:00'
[2026-09-21T21:07:47.657+0000] {taskinstance.py:430} INFO - ::endgroup::
[2026-09-21T21:07:47.660+0000] {base.py:84} INFO - Using connection ID 'postgres_conn_id' for task execution.
[2026-09-21T21:07:53.803+0000] {etl.py:68} ERROR - === СПРАВЖНЯ ПОМИЛКА ВІД SPARK ===
[2026-09-21T21:07:53.803+0000] {etl.py:69} ERROR - /home/airflow/.local/lib/python3.11/site-packages/pyspark/bin/load-spark-env.sh: line 68: ps: command not found
Ivy Default Cache set to: /home/airflow/.ivy2/cache
The jars for the packages stored in: /home/airflow/.ivy2/jars
org.postgresql#postgresql added as a dependency
:: resolving dependencies :: org.apache.spark#spark-submit-parent-6f039542-07ec-4749-9f83-ff10e27ce534;1.0
	confs: [default]
	found org.postgresql#postgresql;42.6.0 in central
	found org.checkerframework#checker-qual;3.31.0 in central
:: resolution report :: resolve 80ms :: artifacts dl 3ms
	:: modules in use:
	org.checkerframework#checker-qual;3.31.0 from central in [default]
	org.postgresql#postgresql;42.6.0 from central in [default]
	---------------------------------------------------------------------
	|                  |            modules            ||   artifacts   |
	|       conf       | number| search|dwnlded|evicted|| number|dwnlded|
	---------------------------------------------------------------------
	|      default     |   2   |   0   |   0   |   0   ||   2   |   0   |
	---------------------------------------------------------------------
:: retrieving :: org.apache.spark#spark-submit-parent-6f039542-07ec-4749-9f83-ff10e27ce534
	confs: [default]
	0 artifacts copied, 2 already retrieved (0kB/3ms)
26/09/21 21:07:48 WARN NativeCodeLoader: Unable to load native-hadoop library for your platform... using builtin-java classes where applicable
26/09/21 21:07:49 INFO SparkContext: Running Spark version 3.5.1
26/09/21 21:07:49 INFO SparkContext: OS info Linux, 7.0.0-31-generic, amd64
26/09/21 21:07:49 INFO SparkContext: Java version 17.0.20.1
26/09/21 21:07:49 INFO ResourceUtils: ==============================================================
26/09/21 21:07:49 INFO ResourceUtils: No custom resources configured for spark.driver.
26/09/21 21:07:49 INFO ResourceUtils: ==============================================================
26/09/21 21:07:49 INFO SparkContext: Submitted application: Daily_ecommerce
26/09/21 21:07:49 INFO ResourceProfile: Default ResourceProfile created, executor resources: Map(cores -> name: cores, amount: 1, script: , vendor: , memory -> name: memory, amount: 1024, script: , vendor: , offHeap -> name: offHeap, amount: 0, script: , vendor: ), task resources: Map(cpus -> name: cpus, amount: 1.0)
26/09/21 21:07:49 INFO ResourceProfile: Limiting resource is cpu
26/09/21 21:07:49 INFO ResourceProfileManager: Added ResourceProfile id: 0
26/09/21 21:07:49 INFO SecurityManager: Changing view acls to: airflow
26/09/21 21:07:49 INFO SecurityManager: Changing modify acls to: airflow
26/09/21 21:07:49 INFO SecurityManager: Changing view acls groups to: 
26/09/21 21:07:49 INFO SecurityManager: Changing modify acls groups to: 
26/09/21 21:07:49 INFO SecurityManager: SecurityManager: authentication disabled; ui acls disabled; users with view permissions: airflow; groups with view permissions: EMPTY; users with modify permissions: airflow; groups with modify permissions: EMPTY
26/09/21 21:07:49 INFO Utils: Successfully started service 'sparkDriver' on port 39455.
26/09/21 21:07:49 INFO SparkEnv: Registering MapOutputTracker
26/09/21 21:07:49 INFO SparkEnv: Registering BlockManagerMaster
26/09/21 21:07:49 INFO BlockManagerMasterEndpoint: Using org.apache.spark.storage.DefaultTopologyMapper for getting topology information
26/09/21 21:07:49 INFO BlockManagerMasterEndpoint: BlockManagerMasterEndpoint up
26/09/21 21:07:49 INFO SparkEnv: Registering BlockManagerMasterHeartbeat
26/09/21 21:07:49 INFO DiskBlockManager: Created local directory at /tmp/blockmgr-35bf1678-51e3-453f-8d5f-46204db066e6
26/09/21 21:07:49 INFO MemoryStore: MemoryStore started with capacity 434.4 MiB
26/09/21 21:07:49 INFO SparkEnv: Registering OutputCommitCoordinator
26/09/21 21:07:49 INFO JettyUtils: Start Jetty 0.0.0.0:4040 for SparkUI
26/09/21 21:07:49 INFO Utils: Successfully started service 'SparkUI' on port 4040.
26/09/21 21:07:49 INFO SparkContext: Added JAR file:///home/airflow/.ivy2/jars/org.postgresql_postgresql-42.6.0.jar at spark://e6c3ac7e1715:39455/jars/org.postgresql_postgresql-42.6.0.jar with timestamp 1790024869515
26/09/21 21:07:49 INFO SparkContext: Added JAR file:///home/airflow/.ivy2/jars/org.checkerframework_checker-qual-3.31.0.jar at spark://e6c3ac7e1715:39455/jars/org.checkerframework_checker-qual-3.31.0.jar with timestamp 1790024869515
26/09/21 21:07:49 INFO SparkContext: Added file file:///home/airflow/.ivy2/jars/org.postgresql_postgresql-42.6.0.jar at file:///home/airflow/.ivy2/jars/org.postgresql_postgresql-42.6.0.jar with timestamp 1790024869515
26/09/21 21:07:49 INFO Utils: Copying /home/airflow/.ivy2/jars/org.postgresql_postgresql-42.6.0.jar to /tmp/spark-e9cea6a4-46df-4daa-993b-283f0dfface0/userFiles-be059f04-a070-4d5a-b385-61d989eb114a/org.postgresql_postgresql-42.6.0.jar
26/09/21 21:07:49 INFO SparkContext: Added file file:///home/airflow/.ivy2/jars/org.checkerframework_checker-qual-3.31.0.jar at file:///home/airflow/.ivy2/jars/org.checkerframework_checker-qual-3.31.0.jar with timestamp 1790024869515
26/09/21 21:07:49 INFO Utils: Copying /home/airflow/.ivy2/jars/org.checkerframework_checker-qual-3.31.0.jar to /tmp/spark-e9cea6a4-46df-4daa-993b-283f0dfface0/userFiles-be059f04-a070-4d5a-b385-61d989eb114a/org.checkerframework_checker-qual-3.31.0.jar
26/09/21 21:07:49 INFO Executor: Starting executor ID driver on host e6c3ac7e1715
26/09/21 21:07:49 INFO Executor: OS info Linux, 7.0.0-31-generic, amd64
26/09/21 21:07:49 INFO Executor: Java version 17.0.20.1
26/09/21 21:07:50 INFO Executor: Starting executor with user classpath (userClassPathFirst = false): ''
26/09/21 21:07:50 INFO Executor: Created or updated repl class loader org.apache.spark.util.MutableURLClassLoader@1c4997a4 for default.
26/09/21 21:07:50 INFO Executor: Fetching file:///home/airflow/.ivy2/jars/org.checkerframework_checker-qual-3.31.0.jar with timestamp 1790024869515
26/09/21 21:07:50 INFO Utils: /home/airflow/.ivy2/jars/org.checkerframework_checker-qual-3.31.0.jar has been previously copied to /tmp/spark-e9cea6a4-46df-4daa-993b-283f0dfface0/userFiles-be059f04-a070-4d5a-b385-61d989eb114a/org.checkerframework_checker-qual-3.31.0.jar
26/09/21 21:07:50 INFO Executor: Fetching file:///home/airflow/.ivy2/jars/org.postgresql_postgresql-42.6.0.jar with timestamp 1790024869515
26/09/21 21:07:50 INFO Utils: /home/airflow/.ivy2/jars/org.postgresql_postgresql-42.6.0.jar has been previously copied to /tmp/spark-e9cea6a4-46df-4daa-993b-283f0dfface0/userFiles-be059f04-a070-4d5a-b385-61d989eb114a/org.postgresql_postgresql-42.6.0.jar
26/09/21 21:07:50 INFO Executor: Fetching spark://e6c3ac7e1715:39455/jars/org.postgresql_postgresql-42.6.0.jar with timestamp 1790024869515
26/09/21 21:07:50 INFO TransportClientFactory: Successfully created connection to e6c3ac7e1715/172.21.0.3:39455 after 14 ms (0 ms spent in bootstraps)
26/09/21 21:07:50 INFO Utils: Fetching spark://e6c3ac7e1715:39455/jars/org.postgresql_postgresql-42.6.0.jar to /tmp/spark-e9cea6a4-46df-4daa-993b-283f0dfface0/userFiles-be059f04-a070-4d5a-b385-61d989eb114a/fetchFileTemp6200500304083827907.tmp
26/09/21 21:07:50 INFO Utils: /tmp/spark-e9cea6a4-46df-4daa-993b-283f0dfface0/userFiles-be059f04-a070-4d5a-b385-61d989eb114a/fetchFileTemp6200500304083827907.tmp has been previously copied to /tmp/spark-e9cea6a4-46df-4daa-993b-283f0dfface0/userFiles-be059f04-a070-4d5a-b385-61d989eb114a/org.postgresql_postgresql-42.6.0.jar
26/09/21 21:07:50 INFO Executor: Adding file:/tmp/spark-e9cea6a4-46df-4daa-993b-283f0dfface0/userFiles-be059f04-a070-4d5a-b385-61d989eb114a/org.postgresql_postgresql-42.6.0.jar to class loader default
26/09/21 21:07:50 INFO Executor: Fetching spark://e6c3ac7e1715:39455/jars/org.checkerframework_checker-qual-3.31.0.jar with timestamp 1790024869515
26/09/21 21:07:50 INFO Utils: Fetching spark://e6c3ac7e1715:39455/jars/org.checkerframework_checker-qual-3.31.0.jar to /tmp/spark-e9cea6a4-46df-4daa-993b-283f0dfface0/userFiles-be059f04-a070-4d5a-b385-61d989eb114a/fetchFileTemp3074959366707138734.tmp
26/09/21 21:07:50 INFO Utils: /tmp/spark-e9cea6a4-46df-4daa-993b-283f0dfface0/userFiles-be059f04-a070-4d5a-b385-61d989eb114a/fetchFileTemp3074959366707138734.tmp has been previously copied to /tmp/spark-e9cea6a4-46df-4daa-993b-283f0dfface0/userFiles-be059f04-a070-4d5a-b385-61d989eb114a/org.checkerframework_checker-qual-3.31.0.jar
26/09/21 21:07:50 INFO Executor: Adding file:/tmp/spark-e9cea6a4-46df-4daa-993b-283f0dfface0/userFiles-be059f04-a070-4d5a-b385-61d989eb114a/org.checkerframework_checker-qual-3.31.0.jar to class loader default
26/09/21 21:07:50 INFO Utils: Successfully started service 'org.apache.spark.network.netty.NettyBlockTransferService' on port 46295.
26/09/21 21:07:50 INFO NettyBlockTransferService: Server created on e6c3ac7e1715:46295
26/09/21 21:07:50 INFO BlockManager: Using org.apache.spark.storage.RandomBlockReplicationPolicy for block replication policy
26/09/21 21:07:50 INFO BlockManagerMaster: Registering BlockManager BlockManagerId(driver, e6c3ac7e1715, 46295, None)
26/09/21 21:07:50 INFO BlockManagerMasterEndpoint: Registering block manager e6c3ac7e1715:46295 with 434.4 MiB RAM, BlockManagerId(driver, e6c3ac7e1715, 46295, None)
26/09/21 21:07:50 INFO BlockManagerMaster: Registered BlockManager BlockManagerId(driver, e6c3ac7e1715, 46295, None)
26/09/21 21:07:50 INFO BlockManager: Initialized BlockManager: BlockManagerId(driver, e6c3ac7e1715, 46295, None)
26/09/21 21:07:50 INFO SharedState: Setting hive.metastore.warehouse.dir ('null') to the value of spark.sql.warehouse.dir.
26/09/21 21:07:50 INFO SharedState: Warehouse path is 'file:/opt/airflow/spark-warehouse'.
26/09/21 21:07:50 INFO InMemoryFileIndex: It took 21 ms to list leaf files for 1 paths.
26/09/21 21:07:51 INFO SparkContext: Starting job: parquet at NativeMethodAccessorImpl.java:0
26/09/21 21:07:51 INFO DAGScheduler: Got job 0 (parquet at NativeMethodAccessorImpl.java:0) with 1 output partitions
26/09/21 21:07:51 INFO DAGScheduler: Final stage: ResultStage 0 (parquet at NativeMethodAccessorImpl.java:0)
26/09/21 21:07:51 INFO DAGScheduler: Parents of final stage: List()
26/09/21 21:07:51 INFO DAGScheduler: Missing parents: List()
26/09/21 21:07:51 INFO DAGScheduler: Submitting ResultStage 0 (MapPartitionsRDD[1] at parquet at NativeMethodAccessorImpl.java:0), which has no missing parents
26/09/21 21:07:51 INFO MemoryStore: Block broadcast_0 stored as values in memory (estimated size 104.5 KiB, free 434.3 MiB)
26/09/21 21:07:51 INFO MemoryStore: Block broadcast_0_piece0 stored as bytes in memory (estimated size 37.6 KiB, free 434.3 MiB)
26/09/21 21:07:51 INFO BlockManagerInfo: Added broadcast_0_piece0 in memory on e6c3ac7e1715:46295 (size: 37.6 KiB, free: 434.4 MiB)
26/09/21 21:07:51 INFO SparkContext: Created broadcast 0 from broadcast at DAGScheduler.scala:1585
26/09/21 21:07:51 INFO DAGScheduler: Submitting 1 missing tasks from ResultStage 0 (MapPartitionsRDD[1] at parquet at NativeMethodAccessorImpl.java:0) (first 15 tasks are for partitions Vector(0))
26/09/21 21:07:51 INFO TaskSchedulerImpl: Adding task set 0.0 with 1 tasks resource profile 0
26/09/21 21:07:51 INFO TaskSetManager: Starting task 0.0 in stage 0.0 (TID 0) (e6c3ac7e1715, executor driver, partition 0, PROCESS_LOCAL, 8303 bytes) 
26/09/21 21:07:51 INFO Executor: Running task 0.0 in stage 0.0 (TID 0)
26/09/21 21:07:51 INFO Executor: Finished task 0.0 in stage 0.0 (TID 0). 2034 bytes result sent to driver
26/09/21 21:07:51 INFO TaskSetManager: Finished task 0.0 in stage 0.0 (TID 0) in 230 ms on e6c3ac7e1715 (executor driver) (1/1)
26/09/21 21:07:51 INFO TaskSchedulerImpl: Removed TaskSet 0.0, whose tasks have all completed, from pool 
26/09/21 21:07:51 INFO DAGScheduler: ResultStage 0 (parquet at NativeMethodAccessorImpl.java:0) finished in 0.319 s
26/09/21 21:07:51 INFO DAGScheduler: Job 0 is finished. Cancelling potential speculative or zombie tasks for this job
26/09/21 21:07:51 INFO TaskSchedulerImpl: Killing all running tasks in stage 0: Stage finished
26/09/21 21:07:51 INFO DAGScheduler: Job 0 finished: parquet at NativeMethodAccessorImpl.java:0, took 0.342616 s
26/09/21 21:07:51 INFO BlockManagerInfo: Removed broadcast_0_piece0 on e6c3ac7e1715:46295 in memory (size: 37.6 KiB, free: 434.4 MiB)
26/09/21 21:07:52 INFO FileSourceStrategy: Pushed Filters: 
26/09/21 21:07:52 INFO FileSourceStrategy: Post-Scan Filters: (((isnull(user_id#7) OR (cast(price#6 as int) <= 0)) OR isnull(event_type#1)) OR (event_type#1 = ))
26/09/21 21:07:52 INFO ParquetUtils: Using default output committer for Parquet: org.apache.parquet.hadoop.ParquetOutputCommitter
26/09/21 21:07:52 INFO FileOutputCommitter: File Output Committer Algorithm version is 1
26/09/21 21:07:52 INFO FileOutputCommitter: FileOutputCommitter skip cleanup _temporary folders under output directory:false, ignore cleanup failures: false
26/09/21 21:07:52 INFO SQLHadoopMapReduceCommitProtocol: Using user defined output committer class org.apache.parquet.hadoop.ParquetOutputCommitter
26/09/21 21:07:52 INFO FileOutputCommitter: File Output Committer Algorithm version is 1
26/09/21 21:07:52 INFO FileOutputCommitter: FileOutputCommitter skip cleanup _temporary folders under output directory:false, ignore cleanup failures: false
26/09/21 21:07:52 INFO SQLHadoopMapReduceCommitProtocol: Using output committer class org.apache.parquet.hadoop.ParquetOutputCommitter
26/09/21 21:07:52 INFO CodeGenerator: Code generated in 119.896805 ms
26/09/21 21:07:52 INFO MemoryStore: Block broadcast_1 stored as values in memory (estimated size 203.8 KiB, free 434.2 MiB)
26/09/21 21:07:52 INFO MemoryStore: Block broadcast_1_piece0 stored as bytes in memory (estimated size 35.7 KiB, free 434.2 MiB)
26/09/21 21:07:52 INFO BlockManagerInfo: Added broadcast_1_piece0 in memory on e6c3ac7e1715:46295 (size: 35.7 KiB, free: 434.4 MiB)
26/09/21 21:07:52 INFO SparkContext: Created broadcast 1 from parquet at NativeMethodAccessorImpl.java:0
26/09/21 21:07:52 INFO FileSourceScanExec: Planning scan with bin packing, max size: 6397935 bytes, open cost is considered as scanning 4194304 bytes.
26/09/21 21:07:52 INFO SparkContext: Starting job: parquet at NativeMethodAccessorImpl.java:0
26/09/21 21:07:52 INFO DAGScheduler: Got job 1 (parquet at NativeMethodAccessorImpl.java:0) with 7 output partitions
26/09/21 21:07:52 INFO DAGScheduler: Final stage: ResultStage 1 (parquet at NativeMethodAccessorImpl.java:0)
26/09/21 21:07:52 INFO DAGScheduler: Parents of final stage: List()
26/09/21 21:07:52 INFO DAGScheduler: Missing parents: List()
26/09/21 21:07:52 INFO DAGScheduler: Submitting ResultStage 1 (MapPartitionsRDD[5] at parquet at NativeMethodAccessorImpl.java:0), which has no missing parents
26/09/21 21:07:52 INFO MemoryStore: Block broadcast_2 stored as values in memory (estimated size 225.2 KiB, free 433.9 MiB)
26/09/21 21:07:52 INFO MemoryStore: Block broadcast_2_piece0 stored as bytes in memory (estimated size 79.3 KiB, free 433.9 MiB)
26/09/21 21:07:52 INFO BlockManagerInfo: Added broadcast_2_piece0 in memory on e6c3ac7e1715:46295 (size: 79.3 KiB, free: 434.3 MiB)
26/09/21 21:07:52 INFO SparkContext: Created broadcast 2 from broadcast at DAGScheduler.scala:1585
26/09/21 21:07:52 INFO DAGScheduler: Submitting 7 missing tasks from ResultStage 1 (MapPartitionsRDD[5] at parquet at NativeMethodAccessorImpl.java:0) (first 15 tasks are for partitions Vector(0, 1, 2, 3, 4, 5, 6))
26/09/21 21:07:52 INFO TaskSchedulerImpl: Adding task set 1.0 with 7 tasks resource profile 0
26/09/21 21:07:52 INFO TaskSetManager: Starting task 0.0 in stage 1.0 (TID 1) (e6c3ac7e1715, executor driver, partition 0, PROCESS_LOCAL, 8810 bytes) 
26/09/21 21:07:52 INFO TaskSetManager: Starting task 1.0 in stage 1.0 (TID 2) (e6c3ac7e1715, executor driver, partition 1, PROCESS_LOCAL, 8810 bytes) 
26/09/21 21:07:52 INFO TaskSetManager: Starting task 2.0 in stage 1.0 (TID 3) (e6c3ac7e1715, executor driver, partition 2, PROCESS_LOCAL, 8810 bytes) 
26/09/21 21:07:52 INFO TaskSetManager: Starting task 3.0 in stage 1.0 (TID 4) (e6c3ac7e1715, executor driver, partition 3, PROCESS_LOCAL, 8810 bytes) 
26/09/21 21:07:52 INFO TaskSetManager: Starting task 4.0 in stage 1.0 (TID 5) (e6c3ac7e1715, executor driver, partition 4, PROCESS_LOCAL, 8810 bytes) 
26/09/21 21:07:52 INFO TaskSetManager: Starting task 5.0 in stage 1.0 (TID 6) (e6c3ac7e1715, executor driver, partition 5, PROCESS_LOCAL, 8810 bytes) 
26/09/21 21:07:52 INFO TaskSetManager: Starting task 6.0 in stage 1.0 (TID 7) (e6c3ac7e1715, executor driver, partition 6, PROCESS_LOCAL, 8810 bytes) 
26/09/21 21:07:52 INFO Executor: Running task 1.0 in stage 1.0 (TID 2)
26/09/21 21:07:52 INFO Executor: Running task 2.0 in stage 1.0 (TID 3)
26/09/21 21:07:52 INFO Executor: Running task 0.0 in stage 1.0 (TID 1)
26/09/21 21:07:52 INFO Executor: Running task 3.0 in stage 1.0 (TID 4)
26/09/21 21:07:52 INFO Executor: Running task 5.0 in stage 1.0 (TID 6)
26/09/21 21:07:52 INFO Executor: Running task 6.0 in stage 1.0 (TID 7)
26/09/21 21:07:52 INFO Executor: Running task 4.0 in stage 1.0 (TID 5)
26/09/21 21:07:52 INFO CodeGenerator: Code generated in 29.044935 ms
26/09/21 21:07:52 INFO FileOutputCommitter: File Output Committer Algorithm version is 1
26/09/21 21:07:52 INFO FileOutputCommitter: FileOutputCommitter skip cleanup _temporary folders under output directory:false, ignore cleanup failures: false
26/09/21 21:07:52 INFO SQLHadoopMapReduceCommitProtocol: Using user defined output committer class org.apache.parquet.hadoop.ParquetOutputCommitter
26/09/21 21:07:52 INFO FileOutputCommitter: File Output Committer Algorithm version is 1
26/09/21 21:07:52 INFO FileOutputCommitter: FileOutputCommitter skip cleanup _temporary folders under output directory:false, ignore cleanup failures: false
26/09/21 21:07:52 INFO FileOutputCommitter: File Output Committer Algorithm version is 1
26/09/21 21:07:52 INFO FileOutputCommitter: File Output Committer Algorithm version is 1
26/09/21 21:07:52 INFO FileOutputCommitter: FileOutputCommitter skip cleanup _temporary folders under output directory:false, ignore cleanup failures: false
26/09/21 21:07:52 INFO FileOutputCommitter: File Output Committer Algorithm version is 1
26/09/21 21:07:52 INFO FileOutputCommitter: FileOutputCommitter skip cleanup _temporary folders under output directory:false, ignore cleanup failures: false
26/09/21 21:07:52 INFO FileOutputCommitter: FileOutputCommitter skip cleanup _temporary folders under output directory:false, ignore cleanup failures: false
26/09/21 21:07:52 INFO SQLHadoopMapReduceCommitProtocol: Using output committer class org.apache.parquet.hadoop.ParquetOutputCommitter
26/09/21 21:07:52 INFO SQLHadoopMapReduceCommitProtocol: Using user defined output committer class org.apache.parquet.hadoop.ParquetOutputCommitter
26/09/21 21:07:52 INFO FileOutputCommitter: File Output Committer Algorithm version is 1
26/09/21 21:07:52 INFO FileOutputCommitter: File Output Committer Algorithm version is 1
26/09/21 21:07:52 INFO FileOutputCommitter: FileOutputCommitter skip cleanup _temporary folders under output directory:false, ignore cleanup failures: false
26/09/21 21:07:52 INFO FileOutputCommitter: FileOutputCommitter skip cleanup _temporary folders under output directory:false, ignore cleanup failures: false
26/09/21 21:07:52 INFO SQLHadoopMapReduceCommitProtocol: Using user defined output committer class org.apache.parquet.hadoop.ParquetOutputCommitter
26/09/21 21:07:52 INFO SQLHadoopMapReduceCommitProtocol: Using user defined output committer class org.apache.parquet.hadoop.ParquetOutputCommitter
26/09/21 21:07:52 INFO FileOutputCommitter: File Output Committer Algorithm version is 1
26/09/21 21:07:52 INFO FileOutputCommitter: File Output Committer Algorithm version is 1
26/09/21 21:07:52 INFO FileOutputCommitter: FileOutputCommitter skip cleanup _temporary folders under output directory:false, ignore cleanup failures: false
26/09/21 21:07:52 INFO FileOutputCommitter: File Output Committer Algorithm version is 1
26/09/21 21:07:52 INFO FileOutputCommitter: FileOutputCommitter skip cleanup _temporary folders under output directory:false, ignore cleanup failures: false
26/09/21 21:07:52 INFO FileOutputCommitter: FileOutputCommitter skip cleanup _temporary folders under output directory:false, ignore cleanup failures: false
26/09/21 21:07:52 INFO SQLHadoopMapReduceCommitProtocol: Using user defined output committer class org.apache.parquet.hadoop.ParquetOutputCommitter
26/09/21 21:07:52 INFO FileScanRDD: Reading File path: file:///opt/airflow/data/lake/raw/events/2019-Oct/event_date=2019-10-01/part-00000-e6dbecb7-a75e-4a1e-be16-8089c329fa2c.c000.snappy.parquet, range: 19193805-25591740, partition values: [empty row]
26/09/21 21:07:52 INFO FileOutputCommitter: File Output Committer Algorithm version is 1
26/09/21 21:07:52 INFO FileOutputCommitter: FileOutputCommitter skip cleanup _temporary folders under output directory:false, ignore cleanup failures: false
26/09/21 21:07:52 INFO SQLHadoopMapReduceCommitProtocol: Using output committer class org.apache.parquet.hadoop.ParquetOutputCommitter
26/09/21 21:07:52 INFO SQLHadoopMapReduceCommitProtocol: Using user defined output committer class org.apache.parquet.hadoop.ParquetOutputCommitter
26/09/21 21:07:52 INFO FileOutputCommitter: File Output Committer Algorithm version is 1
26/09/21 21:07:52 INFO FileScanRDD: Reading File path: file:///opt/airflow/data/lake/raw/events/2019-Oct/event_date=2019-10-01/part-00000-e6dbecb7-a75e-4a1e-be16-8089c329fa2c.c000.snappy.parquet, range: 25591740-31989675, partition values: [empty row]
26/09/21 21:07:52 INFO SQLHadoopMapReduceCommitProtocol: Using output committer class org.apache.parquet.hadoop.ParquetOutputCommitter
26/09/21 21:07:52 INFO FileOutputCommitter: FileOutputCommitter skip cleanup _temporary folders under output directory:false, ignore cleanup failures: false
26/09/21 21:07:52 INFO FileScanRDD: Reading File path: file:///opt/airflow/data/lake/raw/events/2019-Oct/event_date=2019-10-01/part-00001-e6dbecb7-a75e-4a1e-be16-8089c329fa2c.c000.snappy.parquet, range: 0-6024092, partition values: [empty row]
26/09/21 21:07:52 INFO SQLHadoopMapReduceCommitProtocol: Using output committer class org.apache.parquet.hadoop.ParquetOutputCommitter
26/09/21 21:07:52 INFO FileScanRDD: Reading File path: file:///opt/airflow/data/lake/raw/events/2019-Oct/event_date=2019-10-01/part-00000-e6dbecb7-a75e-4a1e-be16-8089c329fa2c.c000.snappy.parquet, range: 31989675-36770786, partition values: [empty row]
26/09/21 21:07:52 INFO SQLHadoopMapReduceCommitProtocol: Using output committer class org.apache.parquet.hadoop.ParquetOutputCommitter
26/09/21 21:07:52 INFO SQLHadoopMapReduceCommitProtocol: Using output committer class org.apache.parquet.hadoop.ParquetOutputCommitter
26/09/21 21:07:52 INFO FileScanRDD: Reading File path: file:///opt/airflow/data/lake/raw/events/2019-Oct/event_date=2019-10-01/part-00000-e6dbecb7-a75e-4a1e-be16-8089c329fa2c.c000.snappy.parquet, range: 12795870-19193805, partition values: [empty row]
26/09/21 21:07:52 INFO FileScanRDD: Reading File path: file:///opt/airflow/data/lake/raw/events/2019-Oct/event_date=2019-10-01/part-00000-e6dbecb7-a75e-4a1e-be16-8089c329fa2c.c000.snappy.parquet, range: 6397935-12795870, partition values: [empty row]
26/09/21 21:07:52 INFO FileOutputCommitter: File Output Committer Algorithm version is 1
26/09/21 21:07:52 INFO FileOutputCommitter: FileOutputCommitter skip cleanup _temporary folders under output directory:false, ignore cleanup failures: false
26/09/21 21:07:52 INFO SQLHadoopMapReduceCommitProtocol: Using user defined output committer class org.apache.parquet.hadoop.ParquetOutputCommitter
26/09/21 21:07:52 INFO FileOutputCommitter: File Output Committer Algorithm version is 1
26/09/21 21:07:52 INFO FileOutputCommitter: FileOutputCommitter skip cleanup _temporary folders under output directory:false, ignore cleanup failures: false
26/09/21 21:07:52 INFO SQLHadoopMapReduceCommitProtocol: Using output committer class org.apache.parquet.hadoop.ParquetOutputCommitter
26/09/21 21:07:52 INFO CodecConfig: Compression: SNAPPY
26/09/21 21:07:52 INFO CodecConfig: Compression: SNAPPY
26/09/21 21:07:52 INFO ParquetOutputFormat: ParquetRecordWriter [block size: 134217728b, row group padding size: 8388608b, validating: false]
26/09/21 21:07:52 INFO ParquetWriteSupport: Initialized Parquet WriteSupport with Catalyst schema:
{
  "type" : "struct",
  "fields" : [ {
    "name" : "event_time",
    "type" : "string",
    "nullable" : true,
    "metadata" : { }
  }, {
    "name" : "event_type",
    "type" : "string",
    "nullable" : true,
    "metadata" : { }
  }, {
    "name" : "product_id",
    "type" : "string",
    "nullable" : true,
    "metadata" : { }
  }, {
    "name" : "category_id",
    "type" : "string",
    "nullable" : true,
    "metadata" : { }
  }, {
    "name" : "category_code",
    "type" : "string",
    "nullable" : true,
    "metadata" : { }
  }, {
    "name" : "brand",
    "type" : "string",
    "nullable" : true,
    "metadata" : { }
  }, {
    "name" : "price",
    "type" : "string",
    "nullable" : true,
    "metadata" : { }
  }, {
    "name" : "user_id",
    "type" : "string",
    "nullable" : true,
    "metadata" : { }
  }, {
    "name" : "user_session",
    "type" : "string",
    "nullable" : true,
    "metadata" : { }
  } ]
}
and corresponding Parquet message type:
message spark_schema {
  optional binary event_time (STRING);
  optional binary event_type (STRING);
  optional binary product_id (STRING);
  optional binary category_id (STRING);
  optional binary category_code (STRING);
  optional binary brand (STRING);
  optional binary price (STRING);
  optional binary user_id (STRING);
  optional binary user_session (STRING);
}

       
26/09/21 21:07:52 INFO SparkHadoopMapRedUtil: No need to commit output of task because needsTaskCommit=false: attempt_202609212107526189554987063856777_0001_m_000003_4
26/09/21 21:07:52 INFO SparkHadoopMapRedUtil: No need to commit output of task because needsTaskCommit=false: attempt_202609212107526189554987063856777_0001_m_000004_5
26/09/21 21:07:52 INFO SparkHadoopMapRedUtil: No need to commit output of task because needsTaskCommit=false: attempt_202609212107526189554987063856777_0001_m_000001_2
26/09/21 21:07:52 INFO SparkHadoopMapRedUtil: No need to commit output of task because needsTaskCommit=false: attempt_202609212107526189554987063856777_0001_m_000006_7
26/09/21 21:07:52 INFO Executor: Finished task 4.0 in stage 1.0 (TID 5). 2748 bytes result sent to driver
26/09/21 21:07:52 INFO Executor: Finished task 3.0 in stage 1.0 (TID 4). 2748 bytes result sent to driver
26/09/21 21:07:52 INFO Executor: Finished task 6.0 in stage 1.0 (TID 7). 2748 bytes result sent to driver
26/09/21 21:07:52 INFO TaskSetManager: Finished task 4.0 in stage 1.0 (TID 5) in 233 ms on e6c3ac7e1715 (executor driver) (1/7)
26/09/21 21:07:52 INFO Executor: Finished task 1.0 in stage 1.0 (TID 2). 2748 bytes result sent to driver
26/09/21 21:07:52 INFO CodecPool: Got brand-new compressor [.snappy]
26/09/21 21:07:52 INFO TaskSetManager: Finished task 3.0 in stage 1.0 (TID 4) in 235 ms on e6c3ac7e1715 (executor driver) (2/7)
26/09/21 21:07:52 INFO TaskSetManager: Finished task 1.0 in stage 1.0 (TID 2) in 237 ms on e6c3ac7e1715 (executor driver) (3/7)
26/09/21 21:07:52 INFO TaskSetManager: Finished task 6.0 in stage 1.0 (TID 7) in 234 ms on e6c3ac7e1715 (executor driver) (4/7)
26/09/21 21:07:52 INFO CodecPool: Got brand-new decompressor [.snappy]
26/09/21 21:07:52 INFO CodecPool: Got brand-new decompressor [.snappy]
26/09/21 21:07:52 INFO FileScanRDD: Reading File path: file:///opt/airflow/data/lake/raw/events/2019-Oct/event_date=2019-10-01/part-00000-e6dbecb7-a75e-4a1e-be16-8089c329fa2c.c000.snappy.parquet, range: 0-6397935, partition values: [empty row]
26/09/21 21:07:52 INFO CodecConfig: Compression: SNAPPY
26/09/21 21:07:52 INFO CodecConfig: Compression: SNAPPY
26/09/21 21:07:52 INFO ParquetOutputFormat: ParquetRecordWriter [block size: 134217728b, row group padding size: 8388608b, validating: false]
26/09/21 21:07:52 INFO CodecConfig: Compression: SNAPPY
26/09/21 21:07:52 INFO ParquetWriteSupport: Initialized Parquet WriteSupport with Catalyst schema:
{
  "type" : "struct",
  "fields" : [ {
    "name" : "event_time",
    "type" : "string",
    "nullable" : true,
    "metadata" : { }
  }, {
    "name" : "event_type",
    "type" : "string",
    "nullable" : true,
    "metadata" : { }
  }, {
    "name" : "product_id",
    "type" : "string",
    "nullable" : true,
    "metadata" : { }
  }, {
    "name" : "category_id",
    "type" : "string",
    "nullable" : true,
    "metadata" : { }
  }, {
    "name" : "category_code",
    "type" : "string",
    "nullable" : true,
    "metadata" : { }
  }, {
    "name" : "brand",
    "type" : "string",
    "nullable" : true,
    "metadata" : { }
  }, {
    "name" : "price",
    "type" : "string",
    "nullable" : true,
    "metadata" : { }
  }, {
    "name" : "user_id",
    "type" : "string",
    "nullable" : true,
    "metadata" : { }
  }, {
    "name" : "user_session",
    "type" : "string",
    "nullable" : true,
    "metadata" : { }
  } ]
}
and corresponding Parquet message type:
message spark_schema {
  optional binary event_time (STRING);
  optional binary event_type (STRING);
  optional binary product_id (STRING);
  optional binary category_id (STRING);
  optional binary category_code (STRING);
  optional binary brand (STRING);
  optional binary price (STRING);
  optional binary user_id (STRING);
  optional binary user_session (STRING);
}

       
26/09/21 21:07:52 INFO CodecConfig: Compression: SNAPPY
26/09/21 21:07:52 INFO ParquetOutputFormat: ParquetRecordWriter [block size: 134217728b, row group padding size: 8388608b, validating: false]
26/09/21 21:07:52 INFO ParquetWriteSupport: Initialized Parquet WriteSupport with Catalyst schema:
{
  "type" : "struct",
  "fields" : [ {
    "name" : "event_time",
    "type" : "string",
    "nullable" : true,
    "metadata" : { }
  }, {
    "name" : "event_type",
    "type" : "string",
    "nullable" : true,
    "metadata" : { }
  }, {
    "name" : "product_id",
    "type" : "string",
    "nullable" : true,
    "metadata" : { }
  }, {
    "name" : "category_id",
    "type" : "string",
    "nullable" : true,
    "metadata" : { }
  }, {
    "name" : "category_code",
    "type" : "string",
    "nullable" : true,
    "metadata" : { }
  }, {
    "name" : "brand",
    "type" : "string",
    "nullable" : true,
    "metadata" : { }
  }, {
    "name" : "price",
    "type" : "string",
    "nullable" : true,
    "metadata" : { }
  }, {
    "name" : "user_id",
    "type" : "string",
    "nullable" : true,
    "metadata" : { }
  }, {
    "name" : "user_session",
    "type" : "string",
    "nullable" : true,
    "metadata" : { }
  } ]
}
and corresponding Parquet message type:
message spark_schema {
  optional binary event_time (STRING);
  optional binary event_type (STRING);
  optional binary product_id (STRING);
  optional binary category_id (STRING);
  optional binary category_code (STRING);
  optional binary brand (STRING);
  optional binary price (STRING);
  optional binary user_id (STRING);
  optional binary user_session (STRING);
}

       
26/09/21 21:07:52 INFO FileOutputCommitter: Saved output of task 'attempt_202609212107526189554987063856777_0001_m_000000_1' to file:/opt/airflow/data/lake/rejected/events/2019-10-01/_temporary/0/task_202609212107526189554987063856777_0001_m_000000
26/09/21 21:07:52 INFO SparkHadoopMapRedUtil: attempt_202609212107526189554987063856777_0001_m_000000_1: Committed. Elapsed time: 0 ms.
26/09/21 21:07:52 INFO Executor: Finished task 0.0 in stage 1.0 (TID 1). 2748 bytes result sent to driver
26/09/21 21:07:52 INFO TaskSetManager: Finished task 0.0 in stage 1.0 (TID 1) in 394 ms on e6c3ac7e1715 (executor driver) (5/7)
26/09/21 21:07:52 INFO CodecPool: Got brand-new compressor [.snappy]
26/09/21 21:07:53 INFO FileOutputCommitter: Saved output of task 'attempt_202609212107526189554987063856777_0001_m_000005_6' to file:/opt/airflow/data/lake/rejected/events/2019-10-01/_temporary/0/task_202609212107526189554987063856777_0001_m_000005
26/09/21 21:07:53 INFO SparkHadoopMapRedUtil: attempt_202609212107526189554987063856777_0001_m_000005_6: Committed. Elapsed time: 0 ms.
26/09/21 21:07:53 INFO Executor: Finished task 5.0 in stage 1.0 (TID 6). 2877 bytes result sent to driver
26/09/21 21:07:53 INFO TaskSetManager: Finished task 5.0 in stage 1.0 (TID 6) in 602 ms on e6c3ac7e1715 (executor driver) (6/7)
26/09/21 21:07:53 INFO FileOutputCommitter: Saved output of task 'attempt_202609212107526189554987063856777_0001_m_000002_3' to file:/opt/airflow/data/lake/rejected/events/2019-10-01/_temporary/0/task_202609212107526189554987063856777_0001_m_000002
26/09/21 21:07:53 INFO SparkHadoopMapRedUtil: attempt_202609212107526189554987063856777_0001_m_000002_3: Committed. Elapsed time: 0 ms.
26/09/21 21:07:53 INFO Executor: Finished task 2.0 in stage 1.0 (TID 3). 2834 bytes result sent to driver
26/09/21 21:07:53 INFO TaskSetManager: Finished task 2.0 in stage 1.0 (TID 3) in 897 ms on e6c3ac7e1715 (executor driver) (7/7)
26/09/21 21:07:53 INFO TaskSchedulerImpl: Removed TaskSet 1.0, whose tasks have all completed, from pool 
26/09/21 21:07:53 INFO DAGScheduler: ResultStage 1 (parquet at NativeMethodAccessorImpl.java:0) finished in 0.943 s
26/09/21 21:07:53 INFO DAGScheduler: Job 1 is finished. Cancelling potential speculative or zombie tasks for this job
26/09/21 21:07:53 INFO TaskSchedulerImpl: Killing all running tasks in stage 1: Stage finished
26/09/21 21:07:53 INFO DAGScheduler: Job 1 finished: parquet at NativeMethodAccessorImpl.java:0, took 0.947870 s
26/09/21 21:07:53 INFO FileFormatWriter: Start to commit write Job 62ea54f3-c68a-438f-8d55-b574b7219943.
26/09/21 21:07:53 INFO FileFormatWriter: Write Job 62ea54f3-c68a-438f-8d55-b574b7219943 committed. Elapsed time: 10 ms.
26/09/21 21:07:53 INFO FileFormatWriter: Finished processing stats for write job 62ea54f3-c68a-438f-8d55-b574b7219943.
26/09/21 21:07:53 INFO SparkContext: Invoking stop() from shutdown hook
26/09/21 21:07:53 INFO SparkContext: SparkContext is stopping with exitCode 0.
26/09/21 21:07:53 INFO SparkUI: Stopped Spark web UI at http://e6c3ac7e1715:4040
26/09/21 21:07:53 INFO MapOutputTrackerMasterEndpoint: MapOutputTrackerMasterEndpoint stopped!
26/09/21 21:07:53 INFO MemoryStore: MemoryStore cleared
26/09/21 21:07:53 INFO BlockManager: BlockManager stopped
26/09/21 21:07:53 INFO BlockManagerMaster: BlockManagerMaster stopped
26/09/21 21:07:53 INFO OutputCommitCoordinator$OutputCommitCoordinatorEndpoint: OutputCommitCoordinator stopped!
26/09/21 21:07:53 INFO SparkContext: Successfully stopped SparkContext
26/09/21 21:07:53 INFO ShutdownHookManager: Shutdown hook called
26/09/21 21:07:53 INFO ShutdownHookManager: Deleting directory /tmp/spark-1111dcc2-c565-40a2-9c3d-5e0a70eadb86
26/09/21 21:07:53 INFO ShutdownHookManager: Deleting directory /tmp/spark-e9cea6a4-46df-4daa-993b-283f0dfface0/pyspark-8504a149-d48e-4ade-9147-af3825f08e94
26/09/21 21:07:53 INFO ShutdownHookManager: Deleting directory /tmp/spark-e9cea6a4-46df-4daa-993b-283f0dfface0

[2026-09-21T21:07:53.804+0000] {taskinstance.py:441} INFO - ::group::Post task execution logs
[2026-09-21T21:07:53.804+0000] {taskinstance.py:2905} ERROR - Task failed with exception
Traceback (most recent call last):
  File "/home/airflow/.local/lib/python3.11/site-packages/airflow/models/taskinstance.py", line 465, in _execute_task
    result = _execute_callable(context=context, **execute_callable_kwargs)
             ^^^^^^^^^^^^^^^^^^^^^^^^^^^^^^^^^^^^^^^^^^^^^^^^^^^^^^^^^^^^^
  File "/home/airflow/.local/lib/python3.11/site-packages/airflow/models/taskinstance.py", line 432, in _execute_callable
    return execute_callable(context=context, **execute_callable_kwargs)
           ^^^^^^^^^^^^^^^^^^^^^^^^^^^^^^^^^^^^^^^^^^^^^^^^^^^^^^^^^^^^
  File "/home/airflow/.local/lib/python3.11/site-packages/airflow/models/baseoperator.py", line 401, in wrapper
    return func(self, *args, **kwargs)
           ^^^^^^^^^^^^^^^^^^^^^^^^^^^
  File "/home/airflow/.local/lib/python3.11/site-packages/airflow/decorators/base.py", line 265, in execute
    return_value = super().execute(context)
                   ^^^^^^^^^^^^^^^^^^^^^^^^
  File "/home/airflow/.local/lib/python3.11/site-packages/airflow/models/baseoperator.py", line 401, in wrapper
    return func(self, *args, **kwargs)
           ^^^^^^^^^^^^^^^^^^^^^^^^^^^
  File "/home/airflow/.local/lib/python3.11/site-packages/airflow/operators/python.py", line 235, in execute
    return_value = self.execute_callable()
                   ^^^^^^^^^^^^^^^^^^^^^^^
  File "/home/airflow/.local/lib/python3.11/site-packages/airflow/operators/python.py", line 252, in execute_callable
    return self.python_callable(*self.op_args, **self.op_kwargs)
           ^^^^^^^^^^^^^^^^^^^^^^^^^^^^^^^^^^^^^^^^^^^^^^^^^^^^^
  File "/opt/airflow/dags/etl.py", line 70, in extract
    raise e
  File "/opt/airflow/dags/etl.py", line 59, in extract
    script_run = subprocess.run([
                 ^^^^^^^^^^^^^^^^
  File "/usr/local/lib/python3.11/subprocess.py", line 571, in run
    raise CalledProcessError(retcode, process.args,
subprocess.CalledProcessError: Command '['spark-submit', '--packages', 'org.postgresql:postgresql:42.6.0', '/opt/airflow/dags/daily_etl.py', '2019-10-01']' returned non-zero exit status 1.
[2026-09-21T21:07:53.807+0000] {taskinstance.py:1206} INFO - Marking task as UP_FOR_RETRY. dag_id=ecommerce_data, task_id=extract, run_id=scheduled__2019-10-01T00:00:00+00:00, execution_date=20191001T000000, start_date=20260921T210747, end_date=20260921T210753
[2026-09-21T21:07:53.812+0000] {standard_task_runner.py:110} ERROR - Failed to execute job 52 for task extract (Command '['spark-submit', '--packages', 'org.postgresql:postgresql:42.6.0', '/opt/airflow/dags/daily_etl.py', '2019-10-01']' returned non-zero exit status 1.; 4058)
[2026-09-21T21:07:53.834+0000] {local_task_job_runner.py:240} INFO - Task exited with return code 1
[2026-09-21T21:07:53.839+0000] {taskinstance.py:3503} INFO - 0 downstream tasks scheduled from follow-on schedule check
[2026-09-21T21:07:53.839+0000] {local_task_job_runner.py:222} INFO - ::endgroup::
[2026-09-21T21:12:32.005+0000] {local_task_job_runner.py:120} INFO - ::group::Pre task execution logs
[2026-09-21T21:12:32.020+0000] {taskinstance.py:2076} INFO - Dependencies all met for dep_context=non-requeueable deps ti=<TaskInstance: ecommerce_data.extract scheduled__2019-10-01T00:00:00+00:00 [queued]>
[2026-09-21T21:12:32.023+0000] {taskinstance.py:2076} INFO - Dependencies all met for dep_context=requeueable deps ti=<TaskInstance: ecommerce_data.extract scheduled__2019-10-01T00:00:00+00:00 [queued]>
[2026-09-21T21:12:32.023+0000] {taskinstance.py:2306} INFO - Starting attempt 3 of 4
[2026-09-21T21:12:32.029+0000] {taskinstance.py:2330} INFO - Executing <Task(_PythonDecoratedOperator): extract> on 2019-10-01 00:00:00+00:00
[2026-09-21T21:12:32.033+0000] {standard_task_runner.py:63} INFO - Started process 5791 to run task
[2026-09-21T21:12:32.035+0000] {standard_task_runner.py:90} INFO - Running: ['airflow', 'tasks', 'run', 'ecommerce_data', 'extract', 'scheduled__2019-10-01T00:00:00+00:00', '--job-id', '65', '--raw', '--subdir', 'DAGS_FOLDER/etl.py', '--cfg-path', '/tmp/tmp4d43y_z0']
[2026-09-21T21:12:32.036+0000] {standard_task_runner.py:91} INFO - Job 65: Subtask extract
[2026-09-21T21:12:32.055+0000] {task_command.py:426} INFO - Running <TaskInstance: ecommerce_data.extract scheduled__2019-10-01T00:00:00+00:00 [running]> on host e6c3ac7e1715
[2026-09-21T21:12:32.084+0000] {taskinstance.py:2648} INFO - Exporting env vars: AIRFLOW_CTX_DAG_OWNER='airflow' AIRFLOW_CTX_DAG_ID='ecommerce_data' AIRFLOW_CTX_TASK_ID='extract' AIRFLOW_CTX_EXECUTION_DATE='2019-10-01T00:00:00+00:00' AIRFLOW_CTX_TRY_NUMBER='3' AIRFLOW_CTX_DAG_RUN_ID='scheduled__2019-10-01T00:00:00+00:00'
[2026-09-21T21:12:32.085+0000] {taskinstance.py:430} INFO - ::endgroup::
[2026-09-21T21:12:32.087+0000] {base.py:84} INFO - Using connection ID 'postgres_conn_id' for task execution.
[2026-09-21T21:12:38.580+0000] {etl.py:68} ERROR - === СПРАВЖНЯ ПОМИЛКА ВІД SPARK ===
[2026-09-21T21:12:38.581+0000] {etl.py:69} ERROR - /home/airflow/.local/lib/python3.11/site-packages/pyspark/bin/load-spark-env.sh: line 68: ps: command not found
Ivy Default Cache set to: /home/airflow/.ivy2/cache
The jars for the packages stored in: /home/airflow/.ivy2/jars
org.postgresql#postgresql added as a dependency
:: resolving dependencies :: org.apache.spark#spark-submit-parent-913b5cd8-4ac8-4cf8-96ea-d364a72c4309;1.0
	confs: [default]
	found org.postgresql#postgresql;42.6.0 in central
	found org.checkerframework#checker-qual;3.31.0 in central
:: resolution report :: resolve 88ms :: artifacts dl 5ms
	:: modules in use:
	org.checkerframework#checker-qual;3.31.0 from central in [default]
	org.postgresql#postgresql;42.6.0 from central in [default]
	---------------------------------------------------------------------
	|                  |            modules            ||   artifacts   |
	|       conf       | number| search|dwnlded|evicted|| number|dwnlded|
	---------------------------------------------------------------------
	|      default     |   2   |   0   |   0   |   0   ||   2   |   0   |
	---------------------------------------------------------------------
:: retrieving :: org.apache.spark#spark-submit-parent-913b5cd8-4ac8-4cf8-96ea-d364a72c4309
	confs: [default]
	0 artifacts copied, 2 already retrieved (0kB/4ms)
26/09/21 21:12:33 WARN NativeCodeLoader: Unable to load native-hadoop library for your platform... using builtin-java classes where applicable
26/09/21 21:12:34 INFO SparkContext: Running Spark version 3.5.1
26/09/21 21:12:34 INFO SparkContext: OS info Linux, 7.0.0-31-generic, amd64
26/09/21 21:12:34 INFO SparkContext: Java version 17.0.20.1
26/09/21 21:12:34 INFO ResourceUtils: ==============================================================
26/09/21 21:12:34 INFO ResourceUtils: No custom resources configured for spark.driver.
26/09/21 21:12:34 INFO ResourceUtils: ==============================================================
26/09/21 21:12:34 INFO SparkContext: Submitted application: Daily_ecommerce
26/09/21 21:12:34 INFO ResourceProfile: Default ResourceProfile created, executor resources: Map(cores -> name: cores, amount: 1, script: , vendor: , memory -> name: memory, amount: 1024, script: , vendor: , offHeap -> name: offHeap, amount: 0, script: , vendor: ), task resources: Map(cpus -> name: cpus, amount: 1.0)
26/09/21 21:12:34 INFO ResourceProfile: Limiting resource is cpu
26/09/21 21:12:34 INFO ResourceProfileManager: Added ResourceProfile id: 0
26/09/21 21:12:34 INFO SecurityManager: Changing view acls to: airflow
26/09/21 21:12:34 INFO SecurityManager: Changing modify acls to: airflow
26/09/21 21:12:34 INFO SecurityManager: Changing view acls groups to: 
26/09/21 21:12:34 INFO SecurityManager: Changing modify acls groups to: 
26/09/21 21:12:34 INFO SecurityManager: SecurityManager: authentication disabled; ui acls disabled; users with view permissions: airflow; groups with view permissions: EMPTY; users with modify permissions: airflow; groups with modify permissions: EMPTY
26/09/21 21:12:34 INFO Utils: Successfully started service 'sparkDriver' on port 37283.
26/09/21 21:12:34 INFO SparkEnv: Registering MapOutputTracker
26/09/21 21:12:34 INFO SparkEnv: Registering BlockManagerMaster
26/09/21 21:12:34 INFO BlockManagerMasterEndpoint: Using org.apache.spark.storage.DefaultTopologyMapper for getting topology information
26/09/21 21:12:34 INFO BlockManagerMasterEndpoint: BlockManagerMasterEndpoint up
26/09/21 21:12:34 INFO SparkEnv: Registering BlockManagerMasterHeartbeat
26/09/21 21:12:34 INFO DiskBlockManager: Created local directory at /tmp/blockmgr-04ed808f-fc8a-4ab1-8506-0b6088245cd2
26/09/21 21:12:34 INFO MemoryStore: MemoryStore started with capacity 434.4 MiB
26/09/21 21:12:34 INFO SparkEnv: Registering OutputCommitCoordinator
26/09/21 21:12:34 INFO JettyUtils: Start Jetty 0.0.0.0:4040 for SparkUI
26/09/21 21:12:34 INFO Utils: Successfully started service 'SparkUI' on port 4040.
26/09/21 21:12:34 INFO SparkContext: Added JAR file:///home/airflow/.ivy2/jars/org.postgresql_postgresql-42.6.0.jar at spark://e6c3ac7e1715:37283/jars/org.postgresql_postgresql-42.6.0.jar with timestamp 1790025154050
26/09/21 21:12:34 INFO SparkContext: Added JAR file:///home/airflow/.ivy2/jars/org.checkerframework_checker-qual-3.31.0.jar at spark://e6c3ac7e1715:37283/jars/org.checkerframework_checker-qual-3.31.0.jar with timestamp 1790025154050
26/09/21 21:12:34 INFO SparkContext: Added file file:///home/airflow/.ivy2/jars/org.postgresql_postgresql-42.6.0.jar at file:///home/airflow/.ivy2/jars/org.postgresql_postgresql-42.6.0.jar with timestamp 1790025154050
26/09/21 21:12:34 INFO Utils: Copying /home/airflow/.ivy2/jars/org.postgresql_postgresql-42.6.0.jar to /tmp/spark-f6fee79a-51cb-4dda-9027-36b2795a5622/userFiles-437742b3-2202-44fb-acc9-290bf9e8392c/org.postgresql_postgresql-42.6.0.jar
26/09/21 21:12:34 INFO SparkContext: Added file file:///home/airflow/.ivy2/jars/org.checkerframework_checker-qual-3.31.0.jar at file:///home/airflow/.ivy2/jars/org.checkerframework_checker-qual-3.31.0.jar with timestamp 1790025154050
26/09/21 21:12:34 INFO Utils: Copying /home/airflow/.ivy2/jars/org.checkerframework_checker-qual-3.31.0.jar to /tmp/spark-f6fee79a-51cb-4dda-9027-36b2795a5622/userFiles-437742b3-2202-44fb-acc9-290bf9e8392c/org.checkerframework_checker-qual-3.31.0.jar
26/09/21 21:12:34 INFO Executor: Starting executor ID driver on host e6c3ac7e1715
26/09/21 21:12:34 INFO Executor: OS info Linux, 7.0.0-31-generic, amd64
26/09/21 21:12:34 INFO Executor: Java version 17.0.20.1
26/09/21 21:12:34 INFO Executor: Starting executor with user classpath (userClassPathFirst = false): ''
26/09/21 21:12:34 INFO Executor: Created or updated repl class loader org.apache.spark.util.MutableURLClassLoader@1c4997a4 for default.
26/09/21 21:12:34 INFO Executor: Fetching file:///home/airflow/.ivy2/jars/org.checkerframework_checker-qual-3.31.0.jar with timestamp 1790025154050
26/09/21 21:12:34 INFO Utils: /home/airflow/.ivy2/jars/org.checkerframework_checker-qual-3.31.0.jar has been previously copied to /tmp/spark-f6fee79a-51cb-4dda-9027-36b2795a5622/userFiles-437742b3-2202-44fb-acc9-290bf9e8392c/org.checkerframework_checker-qual-3.31.0.jar
26/09/21 21:12:34 INFO Executor: Fetching file:///home/airflow/.ivy2/jars/org.postgresql_postgresql-42.6.0.jar with timestamp 1790025154050
26/09/21 21:12:34 INFO Utils: /home/airflow/.ivy2/jars/org.postgresql_postgresql-42.6.0.jar has been previously copied to /tmp/spark-f6fee79a-51cb-4dda-9027-36b2795a5622/userFiles-437742b3-2202-44fb-acc9-290bf9e8392c/org.postgresql_postgresql-42.6.0.jar
26/09/21 21:12:34 INFO Executor: Fetching spark://e6c3ac7e1715:37283/jars/org.checkerframework_checker-qual-3.31.0.jar with timestamp 1790025154050
26/09/21 21:12:34 INFO TransportClientFactory: Successfully created connection to e6c3ac7e1715/172.21.0.3:37283 after 14 ms (0 ms spent in bootstraps)
26/09/21 21:12:34 INFO Utils: Fetching spark://e6c3ac7e1715:37283/jars/org.checkerframework_checker-qual-3.31.0.jar to /tmp/spark-f6fee79a-51cb-4dda-9027-36b2795a5622/userFiles-437742b3-2202-44fb-acc9-290bf9e8392c/fetchFileTemp4938892241822801442.tmp
26/09/21 21:12:34 INFO Utils: /tmp/spark-f6fee79a-51cb-4dda-9027-36b2795a5622/userFiles-437742b3-2202-44fb-acc9-290bf9e8392c/fetchFileTemp4938892241822801442.tmp has been previously copied to /tmp/spark-f6fee79a-51cb-4dda-9027-36b2795a5622/userFiles-437742b3-2202-44fb-acc9-290bf9e8392c/org.checkerframework_checker-qual-3.31.0.jar
26/09/21 21:12:34 INFO Executor: Adding file:/tmp/spark-f6fee79a-51cb-4dda-9027-36b2795a5622/userFiles-437742b3-2202-44fb-acc9-290bf9e8392c/org.checkerframework_checker-qual-3.31.0.jar to class loader default
26/09/21 21:12:34 INFO Executor: Fetching spark://e6c3ac7e1715:37283/jars/org.postgresql_postgresql-42.6.0.jar with timestamp 1790025154050
26/09/21 21:12:34 INFO Utils: Fetching spark://e6c3ac7e1715:37283/jars/org.postgresql_postgresql-42.6.0.jar to /tmp/spark-f6fee79a-51cb-4dda-9027-36b2795a5622/userFiles-437742b3-2202-44fb-acc9-290bf9e8392c/fetchFileTemp18384602036150910858.tmp
26/09/21 21:12:34 INFO Utils: /tmp/spark-f6fee79a-51cb-4dda-9027-36b2795a5622/userFiles-437742b3-2202-44fb-acc9-290bf9e8392c/fetchFileTemp18384602036150910858.tmp has been previously copied to /tmp/spark-f6fee79a-51cb-4dda-9027-36b2795a5622/userFiles-437742b3-2202-44fb-acc9-290bf9e8392c/org.postgresql_postgresql-42.6.0.jar
26/09/21 21:12:34 INFO Executor: Adding file:/tmp/spark-f6fee79a-51cb-4dda-9027-36b2795a5622/userFiles-437742b3-2202-44fb-acc9-290bf9e8392c/org.postgresql_postgresql-42.6.0.jar to class loader default
26/09/21 21:12:34 INFO Utils: Successfully started service 'org.apache.spark.network.netty.NettyBlockTransferService' on port 34941.
26/09/21 21:12:34 INFO NettyBlockTransferService: Server created on e6c3ac7e1715:34941
26/09/21 21:12:34 INFO BlockManager: Using org.apache.spark.storage.RandomBlockReplicationPolicy for block replication policy
26/09/21 21:12:34 INFO BlockManagerMaster: Registering BlockManager BlockManagerId(driver, e6c3ac7e1715, 34941, None)
26/09/21 21:12:34 INFO BlockManagerMasterEndpoint: Registering block manager e6c3ac7e1715:34941 with 434.4 MiB RAM, BlockManagerId(driver, e6c3ac7e1715, 34941, None)
26/09/21 21:12:34 INFO BlockManagerMaster: Registered BlockManager BlockManagerId(driver, e6c3ac7e1715, 34941, None)
26/09/21 21:12:34 INFO BlockManager: Initialized BlockManager: BlockManagerId(driver, e6c3ac7e1715, 34941, None)
26/09/21 21:12:34 INFO SharedState: Setting hive.metastore.warehouse.dir ('null') to the value of spark.sql.warehouse.dir.
26/09/21 21:12:34 INFO SharedState: Warehouse path is 'file:/opt/airflow/spark-warehouse'.
26/09/21 21:12:35 INFO InMemoryFileIndex: It took 23 ms to list leaf files for 1 paths.
26/09/21 21:12:35 INFO SparkContext: Starting job: parquet at NativeMethodAccessorImpl.java:0
26/09/21 21:12:35 INFO DAGScheduler: Got job 0 (parquet at NativeMethodAccessorImpl.java:0) with 1 output partitions
26/09/21 21:12:35 INFO DAGScheduler: Final stage: ResultStage 0 (parquet at NativeMethodAccessorImpl.java:0)
26/09/21 21:12:35 INFO DAGScheduler: Parents of final stage: List()
26/09/21 21:12:35 INFO DAGScheduler: Missing parents: List()
26/09/21 21:12:35 INFO DAGScheduler: Submitting ResultStage 0 (MapPartitionsRDD[1] at parquet at NativeMethodAccessorImpl.java:0), which has no missing parents
26/09/21 21:12:35 INFO MemoryStore: Block broadcast_0 stored as values in memory (estimated size 104.5 KiB, free 434.3 MiB)
26/09/21 21:12:35 INFO MemoryStore: Block broadcast_0_piece0 stored as bytes in memory (estimated size 37.6 KiB, free 434.3 MiB)
26/09/21 21:12:35 INFO BlockManagerInfo: Added broadcast_0_piece0 in memory on e6c3ac7e1715:34941 (size: 37.6 KiB, free: 434.4 MiB)
26/09/21 21:12:35 INFO SparkContext: Created broadcast 0 from broadcast at DAGScheduler.scala:1585
26/09/21 21:12:35 INFO DAGScheduler: Submitting 1 missing tasks from ResultStage 0 (MapPartitionsRDD[1] at parquet at NativeMethodAccessorImpl.java:0) (first 15 tasks are for partitions Vector(0))
26/09/21 21:12:35 INFO TaskSchedulerImpl: Adding task set 0.0 with 1 tasks resource profile 0
26/09/21 21:12:35 INFO TaskSetManager: Starting task 0.0 in stage 0.0 (TID 0) (e6c3ac7e1715, executor driver, partition 0, PROCESS_LOCAL, 8303 bytes) 
26/09/21 21:12:35 INFO Executor: Running task 0.0 in stage 0.0 (TID 0)
26/09/21 21:12:35 INFO Executor: Finished task 0.0 in stage 0.0 (TID 0). 2034 bytes result sent to driver
26/09/21 21:12:35 INFO TaskSetManager: Finished task 0.0 in stage 0.0 (TID 0) in 228 ms on e6c3ac7e1715 (executor driver) (1/1)
26/09/21 21:12:35 INFO TaskSchedulerImpl: Removed TaskSet 0.0, whose tasks have all completed, from pool 
26/09/21 21:12:35 INFO DAGScheduler: ResultStage 0 (parquet at NativeMethodAccessorImpl.java:0) finished in 0.321 s
26/09/21 21:12:35 INFO DAGScheduler: Job 0 is finished. Cancelling potential speculative or zombie tasks for this job
26/09/21 21:12:35 INFO TaskSchedulerImpl: Killing all running tasks in stage 0: Stage finished
26/09/21 21:12:35 INFO DAGScheduler: Job 0 finished: parquet at NativeMethodAccessorImpl.java:0, took 0.341959 s
26/09/21 21:12:36 INFO BlockManagerInfo: Removed broadcast_0_piece0 on e6c3ac7e1715:34941 in memory (size: 37.6 KiB, free: 434.4 MiB)
26/09/21 21:12:36 INFO FileSourceStrategy: Pushed Filters: 
26/09/21 21:12:36 INFO FileSourceStrategy: Post-Scan Filters: (((isnull(user_id#7) OR (cast(price#6 as int) <= 0)) OR isnull(event_type#1)) OR (event_type#1 = ))
26/09/21 21:12:36 INFO ParquetUtils: Using default output committer for Parquet: org.apache.parquet.hadoop.ParquetOutputCommitter
26/09/21 21:12:36 INFO FileOutputCommitter: File Output Committer Algorithm version is 1
26/09/21 21:12:36 INFO FileOutputCommitter: FileOutputCommitter skip cleanup _temporary folders under output directory:false, ignore cleanup failures: false
26/09/21 21:12:36 INFO SQLHadoopMapReduceCommitProtocol: Using user defined output committer class org.apache.parquet.hadoop.ParquetOutputCommitter
26/09/21 21:12:36 INFO FileOutputCommitter: File Output Committer Algorithm version is 1
26/09/21 21:12:36 INFO FileOutputCommitter: FileOutputCommitter skip cleanup _temporary folders under output directory:false, ignore cleanup failures: false
26/09/21 21:12:36 INFO SQLHadoopMapReduceCommitProtocol: Using output committer class org.apache.parquet.hadoop.ParquetOutputCommitter
26/09/21 21:12:37 INFO CodeGenerator: Code generated in 164.063758 ms
26/09/21 21:12:37 INFO MemoryStore: Block broadcast_1 stored as values in memory (estimated size 203.8 KiB, free 434.2 MiB)
26/09/21 21:12:37 INFO MemoryStore: Block broadcast_1_piece0 stored as bytes in memory (estimated size 35.7 KiB, free 434.2 MiB)
26/09/21 21:12:37 INFO BlockManagerInfo: Added broadcast_1_piece0 in memory on e6c3ac7e1715:34941 (size: 35.7 KiB, free: 434.4 MiB)
26/09/21 21:12:37 INFO SparkContext: Created broadcast 1 from parquet at NativeMethodAccessorImpl.java:0
26/09/21 21:12:37 INFO FileSourceScanExec: Planning scan with bin packing, max size: 6397935 bytes, open cost is considered as scanning 4194304 bytes.
26/09/21 21:12:37 INFO SparkContext: Starting job: parquet at NativeMethodAccessorImpl.java:0
26/09/21 21:12:37 INFO DAGScheduler: Got job 1 (parquet at NativeMethodAccessorImpl.java:0) with 7 output partitions
26/09/21 21:12:37 INFO DAGScheduler: Final stage: ResultStage 1 (parquet at NativeMethodAccessorImpl.java:0)
26/09/21 21:12:37 INFO DAGScheduler: Parents of final stage: List()
26/09/21 21:12:37 INFO DAGScheduler: Missing parents: List()
26/09/21 21:12:37 INFO DAGScheduler: Submitting ResultStage 1 (MapPartitionsRDD[5] at parquet at NativeMethodAccessorImpl.java:0), which has no missing parents
26/09/21 21:12:37 INFO MemoryStore: Block broadcast_2 stored as values in memory (estimated size 225.2 KiB, free 433.9 MiB)
26/09/21 21:12:37 INFO MemoryStore: Block broadcast_2_piece0 stored as bytes in memory (estimated size 79.3 KiB, free 433.9 MiB)
26/09/21 21:12:37 INFO BlockManagerInfo: Added broadcast_2_piece0 in memory on e6c3ac7e1715:34941 (size: 79.3 KiB, free: 434.3 MiB)
26/09/21 21:12:37 INFO SparkContext: Created broadcast 2 from broadcast at DAGScheduler.scala:1585
26/09/21 21:12:37 INFO DAGScheduler: Submitting 7 missing tasks from ResultStage 1 (MapPartitionsRDD[5] at parquet at NativeMethodAccessorImpl.java:0) (first 15 tasks are for partitions Vector(0, 1, 2, 3, 4, 5, 6))
26/09/21 21:12:37 INFO TaskSchedulerImpl: Adding task set 1.0 with 7 tasks resource profile 0
26/09/21 21:12:37 INFO TaskSetManager: Starting task 0.0 in stage 1.0 (TID 1) (e6c3ac7e1715, executor driver, partition 0, PROCESS_LOCAL, 8810 bytes) 
26/09/21 21:12:37 INFO TaskSetManager: Starting task 1.0 in stage 1.0 (TID 2) (e6c3ac7e1715, executor driver, partition 1, PROCESS_LOCAL, 8810 bytes) 
26/09/21 21:12:37 INFO TaskSetManager: Starting task 2.0 in stage 1.0 (TID 3) (e6c3ac7e1715, executor driver, partition 2, PROCESS_LOCAL, 8810 bytes) 
26/09/21 21:12:37 INFO TaskSetManager: Starting task 3.0 in stage 1.0 (TID 4) (e6c3ac7e1715, executor driver, partition 3, PROCESS_LOCAL, 8810 bytes) 
26/09/21 21:12:37 INFO TaskSetManager: Starting task 4.0 in stage 1.0 (TID 5) (e6c3ac7e1715, executor driver, partition 4, PROCESS_LOCAL, 8810 bytes) 
26/09/21 21:12:37 INFO TaskSetManager: Starting task 5.0 in stage 1.0 (TID 6) (e6c3ac7e1715, executor driver, partition 5, PROCESS_LOCAL, 8810 bytes) 
26/09/21 21:12:37 INFO TaskSetManager: Starting task 6.0 in stage 1.0 (TID 7) (e6c3ac7e1715, executor driver, partition 6, PROCESS_LOCAL, 8810 bytes) 
26/09/21 21:12:37 INFO Executor: Running task 0.0 in stage 1.0 (TID 1)
26/09/21 21:12:37 INFO Executor: Running task 2.0 in stage 1.0 (TID 3)
26/09/21 21:12:37 INFO Executor: Running task 1.0 in stage 1.0 (TID 2)
26/09/21 21:12:37 INFO Executor: Running task 3.0 in stage 1.0 (TID 4)
26/09/21 21:12:37 INFO Executor: Running task 6.0 in stage 1.0 (TID 7)
26/09/21 21:12:37 INFO Executor: Running task 4.0 in stage 1.0 (TID 5)
26/09/21 21:12:37 INFO Executor: Running task 5.0 in stage 1.0 (TID 6)
26/09/21 21:12:37 INFO CodeGenerator: Code generated in 34.380205 ms
26/09/21 21:12:37 INFO FileOutputCommitter: File Output Committer Algorithm version is 1
26/09/21 21:12:37 INFO FileOutputCommitter: File Output Committer Algorithm version is 1
26/09/21 21:12:37 INFO FileOutputCommitter: FileOutputCommitter skip cleanup _temporary folders under output directory:false, ignore cleanup failures: false
26/09/21 21:12:37 INFO FileOutputCommitter: File Output Committer Algorithm version is 1
26/09/21 21:12:37 INFO FileOutputCommitter: FileOutputCommitter skip cleanup _temporary folders under output directory:false, ignore cleanup failures: false
26/09/21 21:12:37 INFO FileOutputCommitter: FileOutputCommitter skip cleanup _temporary folders under output directory:false, ignore cleanup failures: false
26/09/21 21:12:37 INFO FileOutputCommitter: File Output Committer Algorithm version is 1
26/09/21 21:12:37 INFO FileOutputCommitter: FileOutputCommitter skip cleanup _temporary folders under output directory:false, ignore cleanup failures: false
26/09/21 21:12:37 INFO SQLHadoopMapReduceCommitProtocol: Using user defined output committer class org.apache.parquet.hadoop.ParquetOutputCommitter
26/09/21 21:12:37 INFO SQLHadoopMapReduceCommitProtocol: Using user defined output committer class org.apache.parquet.hadoop.ParquetOutputCommitter
26/09/21 21:12:37 INFO SQLHadoopMapReduceCommitProtocol: Using user defined output committer class org.apache.parquet.hadoop.ParquetOutputCommitter
26/09/21 21:12:37 INFO SQLHadoopMapReduceCommitProtocol: Using user defined output committer class org.apache.parquet.hadoop.ParquetOutputCommitter
26/09/21 21:12:37 INFO FileOutputCommitter: File Output Committer Algorithm version is 1
26/09/21 21:12:37 INFO FileOutputCommitter: FileOutputCommitter skip cleanup _temporary folders under output directory:false, ignore cleanup failures: false
26/09/21 21:12:37 INFO FileOutputCommitter: File Output Committer Algorithm version is 1
26/09/21 21:12:37 INFO FileOutputCommitter: FileOutputCommitter skip cleanup _temporary folders under output directory:false, ignore cleanup failures: false
26/09/21 21:12:37 INFO SQLHadoopMapReduceCommitProtocol: Using output committer class org.apache.parquet.hadoop.ParquetOutputCommitter
26/09/21 21:12:37 INFO SQLHadoopMapReduceCommitProtocol: Using output committer class org.apache.parquet.hadoop.ParquetOutputCommitter
26/09/21 21:12:37 INFO FileOutputCommitter: File Output Committer Algorithm version is 1
26/09/21 21:12:37 INFO FileOutputCommitter: FileOutputCommitter skip cleanup _temporary folders under output directory:false, ignore cleanup failures: false
26/09/21 21:12:37 INFO FileOutputCommitter: File Output Committer Algorithm version is 1
26/09/21 21:12:37 INFO FileOutputCommitter: FileOutputCommitter skip cleanup _temporary folders under output directory:false, ignore cleanup failures: false
26/09/21 21:12:37 INFO FileOutputCommitter: File Output Committer Algorithm version is 1
26/09/21 21:12:37 INFO FileOutputCommitter: FileOutputCommitter skip cleanup _temporary folders under output directory:false, ignore cleanup failures: false
26/09/21 21:12:37 INFO SQLHadoopMapReduceCommitProtocol: Using output committer class org.apache.parquet.hadoop.ParquetOutputCommitter
26/09/21 21:12:37 INFO SQLHadoopMapReduceCommitProtocol: Using user defined output committer class org.apache.parquet.hadoop.ParquetOutputCommitter
26/09/21 21:12:37 INFO FileScanRDD: Reading File path: file:///opt/airflow/data/lake/raw/events/2019-Oct/event_date=2019-10-01/part-00001-e6dbecb7-a75e-4a1e-be16-8089c329fa2c.c000.snappy.parquet, range: 0-6024092, partition values: [empty row]
26/09/21 21:12:37 INFO FileOutputCommitter: File Output Committer Algorithm version is 1
26/09/21 21:12:37 INFO FileScanRDD: Reading File path: file:///opt/airflow/data/lake/raw/events/2019-Oct/event_date=2019-10-01/part-00000-e6dbecb7-a75e-4a1e-be16-8089c329fa2c.c000.snappy.parquet, range: 6397935-12795870, partition values: [empty row]
26/09/21 21:12:37 INFO FileOutputCommitter: FileOutputCommitter skip cleanup _temporary folders under output directory:false, ignore cleanup failures: false
26/09/21 21:12:37 INFO SQLHadoopMapReduceCommitProtocol: Using user defined output committer class org.apache.parquet.hadoop.ParquetOutputCommitter
26/09/21 21:12:37 INFO FileOutputCommitter: File Output Committer Algorithm version is 1
26/09/21 21:12:37 INFO FileOutputCommitter: FileOutputCommitter skip cleanup _temporary folders under output directory:false, ignore cleanup failures: false
26/09/21 21:12:37 INFO SQLHadoopMapReduceCommitProtocol: Using output committer class org.apache.parquet.hadoop.ParquetOutputCommitter
26/09/21 21:12:37 INFO FileScanRDD: Reading File path: file:///opt/airflow/data/lake/raw/events/2019-Oct/event_date=2019-10-01/part-00000-e6dbecb7-a75e-4a1e-be16-8089c329fa2c.c000.snappy.parquet, range: 25591740-31989675, partition values: [empty row]
26/09/21 21:12:37 INFO SQLHadoopMapReduceCommitProtocol: Using output committer class org.apache.parquet.hadoop.ParquetOutputCommitter
26/09/21 21:12:37 INFO FileScanRDD: Reading File path: file:///opt/airflow/data/lake/raw/events/2019-Oct/event_date=2019-10-01/part-00000-e6dbecb7-a75e-4a1e-be16-8089c329fa2c.c000.snappy.parquet, range: 12795870-19193805, partition values: [empty row]
26/09/21 21:12:37 INFO FileOutputCommitter: File Output Committer Algorithm version is 1
26/09/21 21:12:37 INFO FileOutputCommitter: FileOutputCommitter skip cleanup _temporary folders under output directory:false, ignore cleanup failures: false
26/09/21 21:12:37 INFO FileScanRDD: Reading File path: file:///opt/airflow/data/lake/raw/events/2019-Oct/event_date=2019-10-01/part-00000-e6dbecb7-a75e-4a1e-be16-8089c329fa2c.c000.snappy.parquet, range: 19193805-25591740, partition values: [empty row]
26/09/21 21:12:37 INFO FileOutputCommitter: File Output Committer Algorithm version is 1
26/09/21 21:12:37 INFO FileOutputCommitter: FileOutputCommitter skip cleanup _temporary folders under output directory:false, ignore cleanup failures: false
26/09/21 21:12:37 INFO SQLHadoopMapReduceCommitProtocol: Using user defined output committer class org.apache.parquet.hadoop.ParquetOutputCommitter
26/09/21 21:12:37 INFO FileOutputCommitter: File Output Committer Algorithm version is 1
26/09/21 21:12:37 INFO SQLHadoopMapReduceCommitProtocol: Using output committer class org.apache.parquet.hadoop.ParquetOutputCommitter
26/09/21 21:12:37 INFO FileOutputCommitter: FileOutputCommitter skip cleanup _temporary folders under output directory:false, ignore cleanup failures: false
26/09/21 21:12:37 INFO FileScanRDD: Reading File path: file:///opt/airflow/data/lake/raw/events/2019-Oct/event_date=2019-10-01/part-00000-e6dbecb7-a75e-4a1e-be16-8089c329fa2c.c000.snappy.parquet, range: 31989675-36770786, partition values: [empty row]
26/09/21 21:12:37 INFO SQLHadoopMapReduceCommitProtocol: Using output committer class org.apache.parquet.hadoop.ParquetOutputCommitter
26/09/21 21:12:37 INFO CodecConfig: Compression: SNAPPY
26/09/21 21:12:37 INFO CodecConfig: Compression: SNAPPY
26/09/21 21:12:37 INFO ParquetOutputFormat: ParquetRecordWriter [block size: 134217728b, row group padding size: 8388608b, validating: false]
26/09/21 21:12:37 INFO ParquetWriteSupport: Initialized Parquet WriteSupport with Catalyst schema:
{
  "type" : "struct",
  "fields" : [ {
    "name" : "event_time",
    "type" : "string",
    "nullable" : true,
    "metadata" : { }
  }, {
    "name" : "event_type",
    "type" : "string",
    "nullable" : true,
    "metadata" : { }
  }, {
    "name" : "product_id",
    "type" : "string",
    "nullable" : true,
    "metadata" : { }
  }, {
    "name" : "category_id",
    "type" : "string",
    "nullable" : true,
    "metadata" : { }
  }, {
    "name" : "category_code",
    "type" : "string",
    "nullable" : true,
    "metadata" : { }
  }, {
    "name" : "brand",
    "type" : "string",
    "nullable" : true,
    "metadata" : { }
  }, {
    "name" : "price",
    "type" : "string",
    "nullable" : true,
    "metadata" : { }
  }, {
    "name" : "user_id",
    "type" : "string",
    "nullable" : true,
    "metadata" : { }
  }, {
    "name" : "user_session",
    "type" : "string",
    "nullable" : true,
    "metadata" : { }
  } ]
}
and corresponding Parquet message type:
message spark_schema {
  optional binary event_time (STRING);
  optional binary event_type (STRING);
  optional binary product_id (STRING);
  optional binary category_id (STRING);
  optional binary category_code (STRING);
  optional binary brand (STRING);
  optional binary price (STRING);
  optional binary user_id (STRING);
  optional binary user_session (STRING);
}

       
26/09/21 21:12:37 INFO CodecPool: Got brand-new compressor [.snappy]
26/09/21 21:12:37 INFO SparkHadoopMapRedUtil: No need to commit output of task because needsTaskCommit=false: attempt_202609212112374491103834918707034_0001_m_000006_7
26/09/21 21:12:37 INFO SparkHadoopMapRedUtil: No need to commit output of task because needsTaskCommit=false: attempt_202609212112374491103834918707034_0001_m_000003_4
26/09/21 21:12:37 INFO SparkHadoopMapRedUtil: No need to commit output of task because needsTaskCommit=false: attempt_202609212112374491103834918707034_0001_m_000004_5
26/09/21 21:12:37 INFO SparkHadoopMapRedUtil: No need to commit output of task because needsTaskCommit=false: attempt_202609212112374491103834918707034_0001_m_000001_2
26/09/21 21:12:37 INFO Executor: Finished task 3.0 in stage 1.0 (TID 4). 2748 bytes result sent to driver
26/09/21 21:12:37 INFO Executor: Finished task 4.0 in stage 1.0 (TID 5). 2748 bytes result sent to driver
26/09/21 21:12:37 INFO Executor: Finished task 1.0 in stage 1.0 (TID 2). 2748 bytes result sent to driver
26/09/21 21:12:37 INFO CodecPool: Got brand-new decompressor [.snappy]
26/09/21 21:12:37 INFO Executor: Finished task 6.0 in stage 1.0 (TID 7). 2748 bytes result sent to driver
26/09/21 21:12:37 INFO CodecPool: Got brand-new decompressor [.snappy]
26/09/21 21:12:37 INFO TaskSetManager: Finished task 1.0 in stage 1.0 (TID 2) in 338 ms on e6c3ac7e1715 (executor driver) (1/7)
26/09/21 21:12:37 INFO TaskSetManager: Finished task 4.0 in stage 1.0 (TID 5) in 333 ms on e6c3ac7e1715 (executor driver) (2/7)
26/09/21 21:12:37 INFO TaskSetManager: Finished task 3.0 in stage 1.0 (TID 4) in 335 ms on e6c3ac7e1715 (executor driver) (3/7)
26/09/21 21:12:37 INFO TaskSetManager: Finished task 6.0 in stage 1.0 (TID 7) in 335 ms on e6c3ac7e1715 (executor driver) (4/7)
26/09/21 21:12:37 INFO CodecConfig: Compression: SNAPPY
26/09/21 21:12:37 INFO FileScanRDD: Reading File path: file:///opt/airflow/data/lake/raw/events/2019-Oct/event_date=2019-10-01/part-00000-e6dbecb7-a75e-4a1e-be16-8089c329fa2c.c000.snappy.parquet, range: 0-6397935, partition values: [empty row]
26/09/21 21:12:37 INFO CodecConfig: Compression: SNAPPY
26/09/21 21:12:37 INFO ParquetOutputFormat: ParquetRecordWriter [block size: 134217728b, row group padding size: 8388608b, validating: false]
26/09/21 21:12:37 INFO ParquetWriteSupport: Initialized Parquet WriteSupport with Catalyst schema:
{
  "type" : "struct",
  "fields" : [ {
    "name" : "event_time",
    "type" : "string",
    "nullable" : true,
    "metadata" : { }
  }, {
    "name" : "event_type",
    "type" : "string",
    "nullable" : true,
    "metadata" : { }
  }, {
    "name" : "product_id",
    "type" : "string",
    "nullable" : true,
    "metadata" : { }
  }, {
    "name" : "category_id",
    "type" : "string",
    "nullable" : true,
    "metadata" : { }
  }, {
    "name" : "category_code",
    "type" : "string",
    "nullable" : true,
    "metadata" : { }
  }, {
    "name" : "brand",
    "type" : "string",
    "nullable" : true,
    "metadata" : { }
  }, {
    "name" : "price",
    "type" : "string",
    "nullable" : true,
    "metadata" : { }
  }, {
    "name" : "user_id",
    "type" : "string",
    "nullable" : true,
    "metadata" : { }
  }, {
    "name" : "user_session",
    "type" : "string",
    "nullable" : true,
    "metadata" : { }
  } ]
}
and corresponding Parquet message type:
message spark_schema {
  optional binary event_time (STRING);
  optional binary event_type (STRING);
  optional binary product_id (STRING);
  optional binary category_id (STRING);
  optional binary category_code (STRING);
  optional binary brand (STRING);
  optional binary price (STRING);
  optional binary user_id (STRING);
  optional binary user_session (STRING);
}

       
26/09/21 21:12:37 INFO CodecConfig: Compression: SNAPPY
26/09/21 21:12:37 INFO CodecConfig: Compression: SNAPPY
26/09/21 21:12:37 INFO ParquetOutputFormat: ParquetRecordWriter [block size: 134217728b, row group padding size: 8388608b, validating: false]
26/09/21 21:12:37 INFO ParquetWriteSupport: Initialized Parquet WriteSupport with Catalyst schema:
{
  "type" : "struct",
  "fields" : [ {
    "name" : "event_time",
    "type" : "string",
    "nullable" : true,
    "metadata" : { }
  }, {
    "name" : "event_type",
    "type" : "string",
    "nullable" : true,
    "metadata" : { }
  }, {
    "name" : "product_id",
    "type" : "string",
    "nullable" : true,
    "metadata" : { }
  }, {
    "name" : "category_id",
    "type" : "string",
    "nullable" : true,
    "metadata" : { }
  }, {
    "name" : "category_code",
    "type" : "string",
    "nullable" : true,
    "metadata" : { }
  }, {
    "name" : "brand",
    "type" : "string",
    "nullable" : true,
    "metadata" : { }
  }, {
    "name" : "price",
    "type" : "string",
    "nullable" : true,
    "metadata" : { }
  }, {
    "name" : "user_id",
    "type" : "string",
    "nullable" : true,
    "metadata" : { }
  }, {
    "name" : "user_session",
    "type" : "string",
    "nullable" : true,
    "metadata" : { }
  } ]
}
and corresponding Parquet message type:
message spark_schema {
  optional binary event_time (STRING);
  optional binary event_type (STRING);
  optional binary product_id (STRING);
  optional binary category_id (STRING);
  optional binary category_code (STRING);
  optional binary brand (STRING);
  optional binary price (STRING);
  optional binary user_id (STRING);
  optional binary user_session (STRING);
}

       
26/09/21 21:12:37 INFO FileOutputCommitter: Saved output of task 'attempt_202609212112374491103834918707034_0001_m_000000_1' to file:/opt/airflow/data/lake/rejected/events/2019-10-01/_temporary/0/task_202609212112374491103834918707034_0001_m_000000
26/09/21 21:12:37 INFO SparkHadoopMapRedUtil: attempt_202609212112374491103834918707034_0001_m_000000_1: Committed. Elapsed time: 0 ms.
26/09/21 21:12:37 INFO Executor: Finished task 0.0 in stage 1.0 (TID 1). 2748 bytes result sent to driver
26/09/21 21:12:37 INFO TaskSetManager: Finished task 0.0 in stage 1.0 (TID 1) in 463 ms on e6c3ac7e1715 (executor driver) (5/7)
26/09/21 21:12:37 INFO CodecPool: Got brand-new compressor [.snappy]
26/09/21 21:12:37 INFO FileOutputCommitter: Saved output of task 'attempt_202609212112374491103834918707034_0001_m_000005_6' to file:/opt/airflow/data/lake/rejected/events/2019-10-01/_temporary/0/task_202609212112374491103834918707034_0001_m_000005
26/09/21 21:12:37 INFO SparkHadoopMapRedUtil: attempt_202609212112374491103834918707034_0001_m_000005_6: Committed. Elapsed time: 0 ms.
26/09/21 21:12:37 INFO Executor: Finished task 5.0 in stage 1.0 (TID 6). 2834 bytes result sent to driver
26/09/21 21:12:37 INFO TaskSetManager: Finished task 5.0 in stage 1.0 (TID 6) in 676 ms on e6c3ac7e1715 (executor driver) (6/7)
26/09/21 21:12:38 INFO FileOutputCommitter: Saved output of task 'attempt_202609212112374491103834918707034_0001_m_000002_3' to file:/opt/airflow/data/lake/rejected/events/2019-10-01/_temporary/0/task_202609212112374491103834918707034_0001_m_000002
26/09/21 21:12:38 INFO SparkHadoopMapRedUtil: attempt_202609212112374491103834918707034_0001_m_000002_3: Committed. Elapsed time: 0 ms.
26/09/21 21:12:38 INFO Executor: Finished task 2.0 in stage 1.0 (TID 3). 2834 bytes result sent to driver
26/09/21 21:12:38 INFO TaskSetManager: Finished task 2.0 in stage 1.0 (TID 3) in 944 ms on e6c3ac7e1715 (executor driver) (7/7)
26/09/21 21:12:38 INFO TaskSchedulerImpl: Removed TaskSet 1.0, whose tasks have all completed, from pool 
26/09/21 21:12:38 INFO DAGScheduler: ResultStage 1 (parquet at NativeMethodAccessorImpl.java:0) finished in 0.990 s
26/09/21 21:12:38 INFO DAGScheduler: Job 1 is finished. Cancelling potential speculative or zombie tasks for this job
26/09/21 21:12:38 INFO TaskSchedulerImpl: Killing all running tasks in stage 1: Stage finished
26/09/21 21:12:38 INFO DAGScheduler: Job 1 finished: parquet at NativeMethodAccessorImpl.java:0, took 0.994783 s
26/09/21 21:12:38 INFO FileFormatWriter: Start to commit write Job c6ca4aad-7d75-4b38-aa5c-325c404104dd.
26/09/21 21:12:38 INFO FileFormatWriter: Write Job c6ca4aad-7d75-4b38-aa5c-325c404104dd committed. Elapsed time: 8 ms.
26/09/21 21:12:38 INFO FileFormatWriter: Finished processing stats for write job c6ca4aad-7d75-4b38-aa5c-325c404104dd.
26/09/21 21:12:38 INFO SparkContext: Invoking stop() from shutdown hook
26/09/21 21:12:38 INFO SparkContext: SparkContext is stopping with exitCode 0.
26/09/21 21:12:38 INFO SparkUI: Stopped Spark web UI at http://e6c3ac7e1715:4040
26/09/21 21:12:38 INFO MapOutputTrackerMasterEndpoint: MapOutputTrackerMasterEndpoint stopped!
26/09/21 21:12:38 INFO MemoryStore: MemoryStore cleared
26/09/21 21:12:38 INFO BlockManager: BlockManager stopped
26/09/21 21:12:38 INFO BlockManagerMaster: BlockManagerMaster stopped
26/09/21 21:12:38 INFO OutputCommitCoordinator$OutputCommitCoordinatorEndpoint: OutputCommitCoordinator stopped!
26/09/21 21:12:38 INFO SparkContext: Successfully stopped SparkContext
26/09/21 21:12:38 INFO ShutdownHookManager: Shutdown hook called
26/09/21 21:12:38 INFO ShutdownHookManager: Deleting directory /tmp/spark-f6fee79a-51cb-4dda-9027-36b2795a5622/pyspark-62e29ec4-6883-44a4-b5c2-695e0876c4f4
26/09/21 21:12:38 INFO ShutdownHookManager: Deleting directory /tmp/spark-ad61d544-a8e7-443e-ba47-2af16e824890
26/09/21 21:12:38 INFO ShutdownHookManager: Deleting directory /tmp/spark-f6fee79a-51cb-4dda-9027-36b2795a5622

[2026-09-21T21:12:38.581+0000] {taskinstance.py:441} INFO - ::group::Post task execution logs
[2026-09-21T21:12:38.581+0000] {taskinstance.py:2905} ERROR - Task failed with exception
Traceback (most recent call last):
  File "/home/airflow/.local/lib/python3.11/site-packages/airflow/models/taskinstance.py", line 465, in _execute_task
    result = _execute_callable(context=context, **execute_callable_kwargs)
             ^^^^^^^^^^^^^^^^^^^^^^^^^^^^^^^^^^^^^^^^^^^^^^^^^^^^^^^^^^^^^
  File "/home/airflow/.local/lib/python3.11/site-packages/airflow/models/taskinstance.py", line 432, in _execute_callable
    return execute_callable(context=context, **execute_callable_kwargs)
           ^^^^^^^^^^^^^^^^^^^^^^^^^^^^^^^^^^^^^^^^^^^^^^^^^^^^^^^^^^^^
  File "/home/airflow/.local/lib/python3.11/site-packages/airflow/models/baseoperator.py", line 401, in wrapper
    return func(self, *args, **kwargs)
           ^^^^^^^^^^^^^^^^^^^^^^^^^^^
  File "/home/airflow/.local/lib/python3.11/site-packages/airflow/decorators/base.py", line 265, in execute
    return_value = super().execute(context)
                   ^^^^^^^^^^^^^^^^^^^^^^^^
  File "/home/airflow/.local/lib/python3.11/site-packages/airflow/models/baseoperator.py", line 401, in wrapper
    return func(self, *args, **kwargs)
           ^^^^^^^^^^^^^^^^^^^^^^^^^^^
  File "/home/airflow/.local/lib/python3.11/site-packages/airflow/operators/python.py", line 235, in execute
    return_value = self.execute_callable()
                   ^^^^^^^^^^^^^^^^^^^^^^^
  File "/home/airflow/.local/lib/python3.11/site-packages/airflow/operators/python.py", line 252, in execute_callable
    return self.python_callable(*self.op_args, **self.op_kwargs)
           ^^^^^^^^^^^^^^^^^^^^^^^^^^^^^^^^^^^^^^^^^^^^^^^^^^^^^
  File "/opt/airflow/dags/etl.py", line 70, in extract
    raise e
  File "/opt/airflow/dags/etl.py", line 59, in extract
    script_run = subprocess.run([
                 ^^^^^^^^^^^^^^^^
  File "/usr/local/lib/python3.11/subprocess.py", line 571, in run
    raise CalledProcessError(retcode, process.args,
subprocess.CalledProcessError: Command '['spark-submit', '--packages', 'org.postgresql:postgresql:42.6.0', '/opt/airflow/dags/daily_etl.py', '2019-10-01']' returned non-zero exit status 1.
[2026-09-21T21:12:38.585+0000] {taskinstance.py:1206} INFO - Marking task as UP_FOR_RETRY. dag_id=ecommerce_data, task_id=extract, run_id=scheduled__2019-10-01T00:00:00+00:00, execution_date=20191001T000000, start_date=20260921T211232, end_date=20260921T211238
[2026-09-21T21:12:38.590+0000] {standard_task_runner.py:110} ERROR - Failed to execute job 65 for task extract (Command '['spark-submit', '--packages', 'org.postgresql:postgresql:42.6.0', '/opt/airflow/dags/daily_etl.py', '2019-10-01']' returned non-zero exit status 1.; 5791)
[2026-09-21T21:12:38.623+0000] {local_task_job_runner.py:240} INFO - Task exited with return code 1
[2026-09-21T21:12:38.632+0000] {taskinstance.py:3503} INFO - 0 downstream tasks scheduled from follow-on schedule check
[2026-09-21T21:12:38.633+0000] {local_task_job_runner.py:222} INFO - ::endgroup::
[2026-09-21T22:10:03.483+0000] {local_task_job_runner.py:120} INFO - ::group::Pre task execution logs
[2026-09-21T22:10:03.501+0000] {taskinstance.py:2076} INFO - Dependencies all met for dep_context=non-requeueable deps ti=<TaskInstance: ecommerce_data.extract scheduled__2019-10-01T00:00:00+00:00 [queued]>
[2026-09-21T22:10:03.506+0000] {taskinstance.py:2076} INFO - Dependencies all met for dep_context=requeueable deps ti=<TaskInstance: ecommerce_data.extract scheduled__2019-10-01T00:00:00+00:00 [queued]>
[2026-09-21T22:10:03.506+0000] {taskinstance.py:2306} INFO - Starting attempt 3 of 4
[2026-09-21T22:10:03.515+0000] {taskinstance.py:2330} INFO - Executing <Task(_PythonDecoratedOperator): extract> on 2019-10-01 00:00:00+00:00
[2026-09-21T22:10:03.521+0000] {standard_task_runner.py:63} INFO - Started process 22652 to run task
[2026-09-21T22:10:03.523+0000] {standard_task_runner.py:90} INFO - Running: ['airflow', 'tasks', 'run', 'ecommerce_data', 'extract', 'scheduled__2019-10-01T00:00:00+00:00', '--job-id', '208', '--raw', '--subdir', 'DAGS_FOLDER/etl.py', '--cfg-path', '/tmp/tmpmkof4_jn']
[2026-09-21T22:10:03.524+0000] {standard_task_runner.py:91} INFO - Job 208: Subtask extract
[2026-09-21T22:10:03.558+0000] {task_command.py:426} INFO - Running <TaskInstance: ecommerce_data.extract scheduled__2019-10-01T00:00:00+00:00 [running]> on host e6c3ac7e1715
[2026-09-21T22:10:03.610+0000] {taskinstance.py:2648} INFO - Exporting env vars: AIRFLOW_CTX_DAG_OWNER='airflow' AIRFLOW_CTX_DAG_ID='ecommerce_data' AIRFLOW_CTX_TASK_ID='extract' AIRFLOW_CTX_EXECUTION_DATE='2019-10-01T00:00:00+00:00' AIRFLOW_CTX_TRY_NUMBER='3' AIRFLOW_CTX_DAG_RUN_ID='scheduled__2019-10-01T00:00:00+00:00'
[2026-09-21T22:10:03.611+0000] {taskinstance.py:430} INFO - ::endgroup::
[2026-09-21T22:10:03.614+0000] {base.py:84} INFO - Using connection ID 'postgres_conn_id' for task execution.
[2026-09-21T22:10:12.498+0000] {etl.py:68} ERROR - === СПРАВЖНЯ ПОМИЛКА ВІД SPARK ===
[2026-09-21T22:10:12.498+0000] {etl.py:69} ERROR - /home/airflow/.local/lib/python3.11/site-packages/pyspark/bin/load-spark-env.sh: line 68: ps: command not found
Ivy Default Cache set to: /home/airflow/.ivy2/cache
The jars for the packages stored in: /home/airflow/.ivy2/jars
org.postgresql#postgresql added as a dependency
:: resolving dependencies :: org.apache.spark#spark-submit-parent-7d8c0b34-ed25-4dbe-8737-a9eade7a8694;1.0
	confs: [default]
	found org.postgresql#postgresql;42.6.0 in central
	found org.checkerframework#checker-qual;3.31.0 in central
:: resolution report :: resolve 110ms :: artifacts dl 5ms
	:: modules in use:
	org.checkerframework#checker-qual;3.31.0 from central in [default]
	org.postgresql#postgresql;42.6.0 from central in [default]
	---------------------------------------------------------------------
	|                  |            modules            ||   artifacts   |
	|       conf       | number| search|dwnlded|evicted|| number|dwnlded|
	---------------------------------------------------------------------
	|      default     |   2   |   0   |   0   |   0   ||   2   |   0   |
	---------------------------------------------------------------------
:: retrieving :: org.apache.spark#spark-submit-parent-7d8c0b34-ed25-4dbe-8737-a9eade7a8694
	confs: [default]
	0 artifacts copied, 2 already retrieved (0kB/4ms)
26/09/21 22:10:05 WARN NativeCodeLoader: Unable to load native-hadoop library for your platform... using builtin-java classes where applicable
26/09/21 22:10:06 INFO SparkContext: Running Spark version 3.5.1
26/09/21 22:10:06 INFO SparkContext: OS info Linux, 7.0.0-31-generic, amd64
26/09/21 22:10:06 INFO SparkContext: Java version 17.0.20.1
26/09/21 22:10:06 INFO ResourceUtils: ==============================================================
26/09/21 22:10:06 INFO ResourceUtils: No custom resources configured for spark.driver.
26/09/21 22:10:06 INFO ResourceUtils: ==============================================================
26/09/21 22:10:06 INFO SparkContext: Submitted application: Daily_ecommerce
26/09/21 22:10:06 INFO ResourceProfile: Default ResourceProfile created, executor resources: Map(cores -> name: cores, amount: 1, script: , vendor: , memory -> name: memory, amount: 1024, script: , vendor: , offHeap -> name: offHeap, amount: 0, script: , vendor: ), task resources: Map(cpus -> name: cpus, amount: 1.0)
26/09/21 22:10:06 INFO ResourceProfile: Limiting resource is cpu
26/09/21 22:10:06 INFO ResourceProfileManager: Added ResourceProfile id: 0
26/09/21 22:10:06 INFO SecurityManager: Changing view acls to: airflow
26/09/21 22:10:06 INFO SecurityManager: Changing modify acls to: airflow
26/09/21 22:10:06 INFO SecurityManager: Changing view acls groups to: 
26/09/21 22:10:06 INFO SecurityManager: Changing modify acls groups to: 
26/09/21 22:10:06 INFO SecurityManager: SecurityManager: authentication disabled; ui acls disabled; users with view permissions: airflow; groups with view permissions: EMPTY; users with modify permissions: airflow; groups with modify permissions: EMPTY
26/09/21 22:10:06 INFO Utils: Successfully started service 'sparkDriver' on port 35233.
26/09/21 22:10:06 INFO SparkEnv: Registering MapOutputTracker
26/09/21 22:10:06 INFO SparkEnv: Registering BlockManagerMaster
26/09/21 22:10:06 INFO BlockManagerMasterEndpoint: Using org.apache.spark.storage.DefaultTopologyMapper for getting topology information
26/09/21 22:10:06 INFO BlockManagerMasterEndpoint: BlockManagerMasterEndpoint up
26/09/21 22:10:06 INFO SparkEnv: Registering BlockManagerMasterHeartbeat
26/09/21 22:10:06 INFO DiskBlockManager: Created local directory at /tmp/blockmgr-642835ed-c343-4322-983f-d7e9e97db289
26/09/21 22:10:06 INFO MemoryStore: MemoryStore started with capacity 434.4 MiB
26/09/21 22:10:06 INFO SparkEnv: Registering OutputCommitCoordinator
26/09/21 22:10:06 INFO JettyUtils: Start Jetty 0.0.0.0:4040 for SparkUI
26/09/21 22:10:06 INFO Utils: Successfully started service 'SparkUI' on port 4040.
26/09/21 22:10:06 INFO SparkContext: Added JAR file:///home/airflow/.ivy2/jars/org.postgresql_postgresql-42.6.0.jar at spark://e6c3ac7e1715:35233/jars/org.postgresql_postgresql-42.6.0.jar with timestamp 1790028606308
26/09/21 22:10:06 INFO SparkContext: Added JAR file:///home/airflow/.ivy2/jars/org.checkerframework_checker-qual-3.31.0.jar at spark://e6c3ac7e1715:35233/jars/org.checkerframework_checker-qual-3.31.0.jar with timestamp 1790028606308
26/09/21 22:10:06 INFO SparkContext: Added file file:///home/airflow/.ivy2/jars/org.postgresql_postgresql-42.6.0.jar at file:///home/airflow/.ivy2/jars/org.postgresql_postgresql-42.6.0.jar with timestamp 1790028606308
26/09/21 22:10:06 INFO Utils: Copying /home/airflow/.ivy2/jars/org.postgresql_postgresql-42.6.0.jar to /tmp/spark-b33c5475-137a-477b-b39a-59b5aecf7c63/userFiles-434876c8-a31f-40df-b337-ac6c5eb7f58c/org.postgresql_postgresql-42.6.0.jar
26/09/21 22:10:06 INFO SparkContext: Added file file:///home/airflow/.ivy2/jars/org.checkerframework_checker-qual-3.31.0.jar at file:///home/airflow/.ivy2/jars/org.checkerframework_checker-qual-3.31.0.jar with timestamp 1790028606308
26/09/21 22:10:06 INFO Utils: Copying /home/airflow/.ivy2/jars/org.checkerframework_checker-qual-3.31.0.jar to /tmp/spark-b33c5475-137a-477b-b39a-59b5aecf7c63/userFiles-434876c8-a31f-40df-b337-ac6c5eb7f58c/org.checkerframework_checker-qual-3.31.0.jar
26/09/21 22:10:06 INFO Executor: Starting executor ID driver on host e6c3ac7e1715
26/09/21 22:10:06 INFO Executor: OS info Linux, 7.0.0-31-generic, amd64
26/09/21 22:10:06 INFO Executor: Java version 17.0.20.1
26/09/21 22:10:06 INFO Executor: Starting executor with user classpath (userClassPathFirst = false): ''
26/09/21 22:10:06 INFO Executor: Created or updated repl class loader org.apache.spark.util.MutableURLClassLoader@1c4997a4 for default.
26/09/21 22:10:07 INFO Executor: Fetching file:///home/airflow/.ivy2/jars/org.checkerframework_checker-qual-3.31.0.jar with timestamp 1790028606308
26/09/21 22:10:07 INFO Utils: /home/airflow/.ivy2/jars/org.checkerframework_checker-qual-3.31.0.jar has been previously copied to /tmp/spark-b33c5475-137a-477b-b39a-59b5aecf7c63/userFiles-434876c8-a31f-40df-b337-ac6c5eb7f58c/org.checkerframework_checker-qual-3.31.0.jar
26/09/21 22:10:07 INFO Executor: Fetching file:///home/airflow/.ivy2/jars/org.postgresql_postgresql-42.6.0.jar with timestamp 1790028606308
26/09/21 22:10:07 INFO Utils: /home/airflow/.ivy2/jars/org.postgresql_postgresql-42.6.0.jar has been previously copied to /tmp/spark-b33c5475-137a-477b-b39a-59b5aecf7c63/userFiles-434876c8-a31f-40df-b337-ac6c5eb7f58c/org.postgresql_postgresql-42.6.0.jar
26/09/21 22:10:07 INFO Executor: Fetching spark://e6c3ac7e1715:35233/jars/org.checkerframework_checker-qual-3.31.0.jar with timestamp 1790028606308
26/09/21 22:10:07 INFO TransportClientFactory: Successfully created connection to e6c3ac7e1715/172.21.0.3:35233 after 30 ms (0 ms spent in bootstraps)
26/09/21 22:10:07 INFO Utils: Fetching spark://e6c3ac7e1715:35233/jars/org.checkerframework_checker-qual-3.31.0.jar to /tmp/spark-b33c5475-137a-477b-b39a-59b5aecf7c63/userFiles-434876c8-a31f-40df-b337-ac6c5eb7f58c/fetchFileTemp10018811927569063848.tmp
26/09/21 22:10:07 INFO Utils: /tmp/spark-b33c5475-137a-477b-b39a-59b5aecf7c63/userFiles-434876c8-a31f-40df-b337-ac6c5eb7f58c/fetchFileTemp10018811927569063848.tmp has been previously copied to /tmp/spark-b33c5475-137a-477b-b39a-59b5aecf7c63/userFiles-434876c8-a31f-40df-b337-ac6c5eb7f58c/org.checkerframework_checker-qual-3.31.0.jar
26/09/21 22:10:07 INFO Executor: Adding file:/tmp/spark-b33c5475-137a-477b-b39a-59b5aecf7c63/userFiles-434876c8-a31f-40df-b337-ac6c5eb7f58c/org.checkerframework_checker-qual-3.31.0.jar to class loader default
26/09/21 22:10:07 INFO Executor: Fetching spark://e6c3ac7e1715:35233/jars/org.postgresql_postgresql-42.6.0.jar with timestamp 1790028606308
26/09/21 22:10:07 INFO Utils: Fetching spark://e6c3ac7e1715:35233/jars/org.postgresql_postgresql-42.6.0.jar to /tmp/spark-b33c5475-137a-477b-b39a-59b5aecf7c63/userFiles-434876c8-a31f-40df-b337-ac6c5eb7f58c/fetchFileTemp7075804240872997853.tmp
26/09/21 22:10:07 INFO Utils: /tmp/spark-b33c5475-137a-477b-b39a-59b5aecf7c63/userFiles-434876c8-a31f-40df-b337-ac6c5eb7f58c/fetchFileTemp7075804240872997853.tmp has been previously copied to /tmp/spark-b33c5475-137a-477b-b39a-59b5aecf7c63/userFiles-434876c8-a31f-40df-b337-ac6c5eb7f58c/org.postgresql_postgresql-42.6.0.jar
26/09/21 22:10:07 INFO Executor: Adding file:/tmp/spark-b33c5475-137a-477b-b39a-59b5aecf7c63/userFiles-434876c8-a31f-40df-b337-ac6c5eb7f58c/org.postgresql_postgresql-42.6.0.jar to class loader default
26/09/21 22:10:07 INFO Utils: Successfully started service 'org.apache.spark.network.netty.NettyBlockTransferService' on port 45935.
26/09/21 22:10:07 INFO NettyBlockTransferService: Server created on e6c3ac7e1715:45935
26/09/21 22:10:07 INFO BlockManager: Using org.apache.spark.storage.RandomBlockReplicationPolicy for block replication policy
26/09/21 22:10:07 INFO BlockManagerMaster: Registering BlockManager BlockManagerId(driver, e6c3ac7e1715, 45935, None)
26/09/21 22:10:07 INFO BlockManagerMasterEndpoint: Registering block manager e6c3ac7e1715:45935 with 434.4 MiB RAM, BlockManagerId(driver, e6c3ac7e1715, 45935, None)
26/09/21 22:10:07 INFO BlockManagerMaster: Registered BlockManager BlockManagerId(driver, e6c3ac7e1715, 45935, None)
26/09/21 22:10:07 INFO BlockManager: Initialized BlockManager: BlockManagerId(driver, e6c3ac7e1715, 45935, None)
26/09/21 22:10:07 INFO SharedState: Setting hive.metastore.warehouse.dir ('null') to the value of spark.sql.warehouse.dir.
26/09/21 22:10:07 INFO SharedState: Warehouse path is 'file:/opt/airflow/spark-warehouse'.
26/09/21 22:10:08 INFO InMemoryFileIndex: It took 33 ms to list leaf files for 1 paths.
26/09/21 22:10:08 INFO SparkContext: Starting job: parquet at NativeMethodAccessorImpl.java:0
26/09/21 22:10:08 INFO DAGScheduler: Got job 0 (parquet at NativeMethodAccessorImpl.java:0) with 1 output partitions
26/09/21 22:10:08 INFO DAGScheduler: Final stage: ResultStage 0 (parquet at NativeMethodAccessorImpl.java:0)
26/09/21 22:10:08 INFO DAGScheduler: Parents of final stage: List()
26/09/21 22:10:08 INFO DAGScheduler: Missing parents: List()
26/09/21 22:10:08 INFO DAGScheduler: Submitting ResultStage 0 (MapPartitionsRDD[1] at parquet at NativeMethodAccessorImpl.java:0), which has no missing parents
26/09/21 22:10:08 INFO MemoryStore: Block broadcast_0 stored as values in memory (estimated size 104.5 KiB, free 434.3 MiB)
26/09/21 22:10:08 INFO MemoryStore: Block broadcast_0_piece0 stored as bytes in memory (estimated size 37.6 KiB, free 434.3 MiB)
26/09/21 22:10:08 INFO BlockManagerInfo: Added broadcast_0_piece0 in memory on e6c3ac7e1715:45935 (size: 37.6 KiB, free: 434.4 MiB)
26/09/21 22:10:08 INFO SparkContext: Created broadcast 0 from broadcast at DAGScheduler.scala:1585
26/09/21 22:10:08 INFO DAGScheduler: Submitting 1 missing tasks from ResultStage 0 (MapPartitionsRDD[1] at parquet at NativeMethodAccessorImpl.java:0) (first 15 tasks are for partitions Vector(0))
26/09/21 22:10:08 INFO TaskSchedulerImpl: Adding task set 0.0 with 1 tasks resource profile 0
26/09/21 22:10:08 INFO TaskSetManager: Starting task 0.0 in stage 0.0 (TID 0) (e6c3ac7e1715, executor driver, partition 0, PROCESS_LOCAL, 8303 bytes) 
26/09/21 22:10:08 INFO Executor: Running task 0.0 in stage 0.0 (TID 0)
26/09/21 22:10:08 INFO Executor: Finished task 0.0 in stage 0.0 (TID 0). 2034 bytes result sent to driver
26/09/21 22:10:08 INFO TaskSetManager: Finished task 0.0 in stage 0.0 (TID 0) in 301 ms on e6c3ac7e1715 (executor driver) (1/1)
26/09/21 22:10:08 INFO TaskSchedulerImpl: Removed TaskSet 0.0, whose tasks have all completed, from pool 
26/09/21 22:10:08 INFO DAGScheduler: ResultStage 0 (parquet at NativeMethodAccessorImpl.java:0) finished in 0.440 s
26/09/21 22:10:08 INFO DAGScheduler: Job 0 is finished. Cancelling potential speculative or zombie tasks for this job
26/09/21 22:10:08 INFO TaskSchedulerImpl: Killing all running tasks in stage 0: Stage finished
26/09/21 22:10:08 INFO DAGScheduler: Job 0 finished: parquet at NativeMethodAccessorImpl.java:0, took 0.487982 s
26/09/21 22:10:09 INFO BlockManagerInfo: Removed broadcast_0_piece0 on e6c3ac7e1715:45935 in memory (size: 37.6 KiB, free: 434.4 MiB)
26/09/21 22:10:10 INFO FileSourceStrategy: Pushed Filters: 
26/09/21 22:10:10 INFO FileSourceStrategy: Post-Scan Filters: (((isnull(user_id#7) OR (cast(price#6 as float) <= 0.0)) OR isnull(event_type#1)) OR (event_type#1 = ))
26/09/21 22:10:10 INFO ParquetUtils: Using default output committer for Parquet: org.apache.parquet.hadoop.ParquetOutputCommitter
26/09/21 22:10:10 INFO FileOutputCommitter: File Output Committer Algorithm version is 1
26/09/21 22:10:10 INFO FileOutputCommitter: FileOutputCommitter skip cleanup _temporary folders under output directory:false, ignore cleanup failures: false
26/09/21 22:10:10 INFO SQLHadoopMapReduceCommitProtocol: Using user defined output committer class org.apache.parquet.hadoop.ParquetOutputCommitter
26/09/21 22:10:10 INFO FileOutputCommitter: File Output Committer Algorithm version is 1
26/09/21 22:10:10 INFO FileOutputCommitter: FileOutputCommitter skip cleanup _temporary folders under output directory:false, ignore cleanup failures: false
26/09/21 22:10:10 INFO SQLHadoopMapReduceCommitProtocol: Using output committer class org.apache.parquet.hadoop.ParquetOutputCommitter
26/09/21 22:10:10 INFO CodeGenerator: Code generated in 171.089586 ms
26/09/21 22:10:10 INFO MemoryStore: Block broadcast_1 stored as values in memory (estimated size 203.8 KiB, free 434.2 MiB)
26/09/21 22:10:10 INFO MemoryStore: Block broadcast_1_piece0 stored as bytes in memory (estimated size 35.7 KiB, free 434.2 MiB)
26/09/21 22:10:10 INFO BlockManagerInfo: Added broadcast_1_piece0 in memory on e6c3ac7e1715:45935 (size: 35.7 KiB, free: 434.4 MiB)
26/09/21 22:10:10 INFO SparkContext: Created broadcast 1 from parquet at NativeMethodAccessorImpl.java:0
26/09/21 22:10:10 INFO FileSourceScanExec: Planning scan with bin packing, max size: 6397935 bytes, open cost is considered as scanning 4194304 bytes.
26/09/21 22:10:10 INFO SparkContext: Starting job: parquet at NativeMethodAccessorImpl.java:0
26/09/21 22:10:10 INFO DAGScheduler: Got job 1 (parquet at NativeMethodAccessorImpl.java:0) with 7 output partitions
26/09/21 22:10:10 INFO DAGScheduler: Final stage: ResultStage 1 (parquet at NativeMethodAccessorImpl.java:0)
26/09/21 22:10:10 INFO DAGScheduler: Parents of final stage: List()
26/09/21 22:10:10 INFO DAGScheduler: Missing parents: List()
26/09/21 22:10:10 INFO DAGScheduler: Submitting ResultStage 1 (MapPartitionsRDD[5] at parquet at NativeMethodAccessorImpl.java:0), which has no missing parents
26/09/21 22:10:10 INFO MemoryStore: Block broadcast_2 stored as values in memory (estimated size 225.4 KiB, free 433.9 MiB)
26/09/21 22:10:10 INFO MemoryStore: Block broadcast_2_piece0 stored as bytes in memory (estimated size 79.5 KiB, free 433.9 MiB)
26/09/21 22:10:10 INFO BlockManagerInfo: Added broadcast_2_piece0 in memory on e6c3ac7e1715:45935 (size: 79.5 KiB, free: 434.3 MiB)
26/09/21 22:10:10 INFO SparkContext: Created broadcast 2 from broadcast at DAGScheduler.scala:1585
26/09/21 22:10:10 INFO DAGScheduler: Submitting 7 missing tasks from ResultStage 1 (MapPartitionsRDD[5] at parquet at NativeMethodAccessorImpl.java:0) (first 15 tasks are for partitions Vector(0, 1, 2, 3, 4, 5, 6))
26/09/21 22:10:10 INFO TaskSchedulerImpl: Adding task set 1.0 with 7 tasks resource profile 0
26/09/21 22:10:10 INFO TaskSetManager: Starting task 0.0 in stage 1.0 (TID 1) (e6c3ac7e1715, executor driver, partition 0, PROCESS_LOCAL, 8810 bytes) 
26/09/21 22:10:10 INFO TaskSetManager: Starting task 1.0 in stage 1.0 (TID 2) (e6c3ac7e1715, executor driver, partition 1, PROCESS_LOCAL, 8810 bytes) 
26/09/21 22:10:10 INFO TaskSetManager: Starting task 2.0 in stage 1.0 (TID 3) (e6c3ac7e1715, executor driver, partition 2, PROCESS_LOCAL, 8810 bytes) 
26/09/21 22:10:10 INFO TaskSetManager: Starting task 3.0 in stage 1.0 (TID 4) (e6c3ac7e1715, executor driver, partition 3, PROCESS_LOCAL, 8810 bytes) 
26/09/21 22:10:10 INFO TaskSetManager: Starting task 4.0 in stage 1.0 (TID 5) (e6c3ac7e1715, executor driver, partition 4, PROCESS_LOCAL, 8810 bytes) 
26/09/21 22:10:10 INFO TaskSetManager: Starting task 5.0 in stage 1.0 (TID 6) (e6c3ac7e1715, executor driver, partition 5, PROCESS_LOCAL, 8810 bytes) 
26/09/21 22:10:10 INFO TaskSetManager: Starting task 6.0 in stage 1.0 (TID 7) (e6c3ac7e1715, executor driver, partition 6, PROCESS_LOCAL, 8810 bytes) 
26/09/21 22:10:10 INFO Executor: Running task 1.0 in stage 1.0 (TID 2)
26/09/21 22:10:10 INFO Executor: Running task 0.0 in stage 1.0 (TID 1)
26/09/21 22:10:10 INFO Executor: Running task 2.0 in stage 1.0 (TID 3)
26/09/21 22:10:10 INFO Executor: Running task 3.0 in stage 1.0 (TID 4)
26/09/21 22:10:10 INFO Executor: Running task 4.0 in stage 1.0 (TID 5)
26/09/21 22:10:10 INFO Executor: Running task 5.0 in stage 1.0 (TID 6)
26/09/21 22:10:10 INFO Executor: Running task 6.0 in stage 1.0 (TID 7)
26/09/21 22:10:10 INFO CodeGenerator: Code generated in 44.305115 ms
26/09/21 22:10:10 INFO FileOutputCommitter: File Output Committer Algorithm version is 1
26/09/21 22:10:10 INFO FileOutputCommitter: File Output Committer Algorithm version is 1
26/09/21 22:10:10 INFO FileOutputCommitter: FileOutputCommitter skip cleanup _temporary folders under output directory:false, ignore cleanup failures: false
26/09/21 22:10:10 INFO FileOutputCommitter: FileOutputCommitter skip cleanup _temporary folders under output directory:false, ignore cleanup failures: false
26/09/21 22:10:10 INFO FileOutputCommitter: File Output Committer Algorithm version is 1
26/09/21 22:10:10 INFO FileOutputCommitter: FileOutputCommitter skip cleanup _temporary folders under output directory:false, ignore cleanup failures: false
26/09/21 22:10:10 INFO FileOutputCommitter: File Output Committer Algorithm version is 1
26/09/21 22:10:10 INFO FileOutputCommitter: FileOutputCommitter skip cleanup _temporary folders under output directory:false, ignore cleanup failures: false
26/09/21 22:10:10 INFO SQLHadoopMapReduceCommitProtocol: Using user defined output committer class org.apache.parquet.hadoop.ParquetOutputCommitter
26/09/21 22:10:10 INFO FileOutputCommitter: File Output Committer Algorithm version is 1
26/09/21 22:10:10 INFO SQLHadoopMapReduceCommitProtocol: Using user defined output committer class org.apache.parquet.hadoop.ParquetOutputCommitter
26/09/21 22:10:10 INFO FileOutputCommitter: FileOutputCommitter skip cleanup _temporary folders under output directory:false, ignore cleanup failures: false
26/09/21 22:10:10 INFO FileOutputCommitter: File Output Committer Algorithm version is 1
26/09/21 22:10:10 INFO FileOutputCommitter: FileOutputCommitter skip cleanup _temporary folders under output directory:false, ignore cleanup failures: false
26/09/21 22:10:10 INFO FileOutputCommitter: File Output Committer Algorithm version is 1
26/09/21 22:10:10 INFO FileOutputCommitter: FileOutputCommitter skip cleanup _temporary folders under output directory:false, ignore cleanup failures: false
26/09/21 22:10:10 INFO SQLHadoopMapReduceCommitProtocol: Using output committer class org.apache.parquet.hadoop.ParquetOutputCommitter
26/09/21 22:10:10 INFO SQLHadoopMapReduceCommitProtocol: Using user defined output committer class org.apache.parquet.hadoop.ParquetOutputCommitter
26/09/21 22:10:10 INFO SQLHadoopMapReduceCommitProtocol: Using user defined output committer class org.apache.parquet.hadoop.ParquetOutputCommitter
26/09/21 22:10:10 INFO FileOutputCommitter: File Output Committer Algorithm version is 1
26/09/21 22:10:10 INFO FileOutputCommitter: File Output Committer Algorithm version is 1
26/09/21 22:10:10 INFO FileOutputCommitter: FileOutputCommitter skip cleanup _temporary folders under output directory:false, ignore cleanup failures: false
26/09/21 22:10:10 INFO FileOutputCommitter: FileOutputCommitter skip cleanup _temporary folders under output directory:false, ignore cleanup failures: false
26/09/21 22:10:10 INFO FileOutputCommitter: File Output Committer Algorithm version is 1
26/09/21 22:10:10 INFO FileOutputCommitter: FileOutputCommitter skip cleanup _temporary folders under output directory:false, ignore cleanup failures: false
26/09/21 22:10:10 INFO FileOutputCommitter: File Output Committer Algorithm version is 1
26/09/21 22:10:10 INFO SQLHadoopMapReduceCommitProtocol: Using output committer class org.apache.parquet.hadoop.ParquetOutputCommitter
26/09/21 22:10:10 INFO SQLHadoopMapReduceCommitProtocol: Using user defined output committer class org.apache.parquet.hadoop.ParquetOutputCommitter
26/09/21 22:10:10 INFO FileOutputCommitter: FileOutputCommitter skip cleanup _temporary folders under output directory:false, ignore cleanup failures: false
26/09/21 22:10:10 INFO FileScanRDD: Reading File path: file:///opt/airflow/data/lake/raw/events/2019-Oct/event_date=2019-10-01/part-00000-e6dbecb7-a75e-4a1e-be16-8089c329fa2c.c000.snappy.parquet, range: 12795870-19193805, partition values: [empty row]
26/09/21 22:10:10 INFO FileScanRDD: Reading File path: file:///opt/airflow/data/lake/raw/events/2019-Oct/event_date=2019-10-01/part-00000-e6dbecb7-a75e-4a1e-be16-8089c329fa2c.c000.snappy.parquet, range: 31989675-36770786, partition values: [empty row]
26/09/21 22:10:10 INFO SQLHadoopMapReduceCommitProtocol: Using user defined output committer class org.apache.parquet.hadoop.ParquetOutputCommitter
26/09/21 22:10:10 INFO FileOutputCommitter: File Output Committer Algorithm version is 1
26/09/21 22:10:10 INFO SQLHadoopMapReduceCommitProtocol: Using output committer class org.apache.parquet.hadoop.ParquetOutputCommitter
26/09/21 22:10:10 INFO FileOutputCommitter: FileOutputCommitter skip cleanup _temporary folders under output directory:false, ignore cleanup failures: false
26/09/21 22:10:10 INFO FileOutputCommitter: File Output Committer Algorithm version is 1
26/09/21 22:10:10 INFO FileOutputCommitter: FileOutputCommitter skip cleanup _temporary folders under output directory:false, ignore cleanup failures: false
26/09/21 22:10:10 INFO FileScanRDD: Reading File path: file:///opt/airflow/data/lake/raw/events/2019-Oct/event_date=2019-10-01/part-00001-e6dbecb7-a75e-4a1e-be16-8089c329fa2c.c000.snappy.parquet, range: 0-6024092, partition values: [empty row]
26/09/21 22:10:10 INFO SQLHadoopMapReduceCommitProtocol: Using output committer class org.apache.parquet.hadoop.ParquetOutputCommitter
26/09/21 22:10:10 INFO SQLHadoopMapReduceCommitProtocol: Using output committer class org.apache.parquet.hadoop.ParquetOutputCommitter
26/09/21 22:10:10 INFO FileScanRDD: Reading File path: file:///opt/airflow/data/lake/raw/events/2019-Oct/event_date=2019-10-01/part-00000-e6dbecb7-a75e-4a1e-be16-8089c329fa2c.c000.snappy.parquet, range: 19193805-25591740, partition values: [empty row]
26/09/21 22:10:10 INFO FileScanRDD: Reading File path: file:///opt/airflow/data/lake/raw/events/2019-Oct/event_date=2019-10-01/part-00000-e6dbecb7-a75e-4a1e-be16-8089c329fa2c.c000.snappy.parquet, range: 6397935-12795870, partition values: [empty row]
26/09/21 22:10:10 INFO SQLHadoopMapReduceCommitProtocol: Using user defined output committer class org.apache.parquet.hadoop.ParquetOutputCommitter
26/09/21 22:10:10 INFO FileOutputCommitter: File Output Committer Algorithm version is 1
26/09/21 22:10:10 INFO FileOutputCommitter: FileOutputCommitter skip cleanup _temporary folders under output directory:false, ignore cleanup failures: false
26/09/21 22:10:10 INFO SQLHadoopMapReduceCommitProtocol: Using output committer class org.apache.parquet.hadoop.ParquetOutputCommitter
26/09/21 22:10:10 INFO SQLHadoopMapReduceCommitProtocol: Using output committer class org.apache.parquet.hadoop.ParquetOutputCommitter
26/09/21 22:10:10 INFO FileScanRDD: Reading File path: file:///opt/airflow/data/lake/raw/events/2019-Oct/event_date=2019-10-01/part-00000-e6dbecb7-a75e-4a1e-be16-8089c329fa2c.c000.snappy.parquet, range: 25591740-31989675, partition values: [empty row]
26/09/21 22:10:10 INFO CodecConfig: Compression: SNAPPY
26/09/21 22:10:10 INFO CodecConfig: Compression: SNAPPY
26/09/21 22:10:10 INFO ParquetOutputFormat: ParquetRecordWriter [block size: 134217728b, row group padding size: 8388608b, validating: false]
26/09/21 22:10:10 INFO ParquetWriteSupport: Initialized Parquet WriteSupport with Catalyst schema:
{
  "type" : "struct",
  "fields" : [ {
    "name" : "event_time",
    "type" : "string",
    "nullable" : true,
    "metadata" : { }
  }, {
    "name" : "event_type",
    "type" : "string",
    "nullable" : true,
    "metadata" : { }
  }, {
    "name" : "product_id",
    "type" : "string",
    "nullable" : true,
    "metadata" : { }
  }, {
    "name" : "category_id",
    "type" : "string",
    "nullable" : true,
    "metadata" : { }
  }, {
    "name" : "category_code",
    "type" : "string",
    "nullable" : true,
    "metadata" : { }
  }, {
    "name" : "brand",
    "type" : "string",
    "nullable" : true,
    "metadata" : { }
  }, {
    "name" : "price",
    "type" : "string",
    "nullable" : true,
    "metadata" : { }
  }, {
    "name" : "user_id",
    "type" : "string",
    "nullable" : true,
    "metadata" : { }
  }, {
    "name" : "user_session",
    "type" : "string",
    "nullable" : true,
    "metadata" : { }
  } ]
}
and corresponding Parquet message type:
message spark_schema {
  optional binary event_time (STRING);
  optional binary event_type (STRING);
  optional binary product_id (STRING);
  optional binary category_id (STRING);
  optional binary category_code (STRING);
  optional binary brand (STRING);
  optional binary price (STRING);
  optional binary user_id (STRING);
  optional binary user_session (STRING);
}

       
26/09/21 22:10:10 INFO CodecPool: Got brand-new compressor [.snappy]
26/09/21 22:10:10 INFO SparkHadoopMapRedUtil: No need to commit output of task because needsTaskCommit=false: attempt_202609212210105649981455198380343_0001_m_000004_5
26/09/21 22:10:10 INFO SparkHadoopMapRedUtil: No need to commit output of task because needsTaskCommit=false: attempt_202609212210105649981455198380343_0001_m_000006_7
26/09/21 22:10:10 INFO SparkHadoopMapRedUtil: No need to commit output of task because needsTaskCommit=false: attempt_202609212210105649981455198380343_0001_m_000003_4
26/09/21 22:10:10 INFO SparkHadoopMapRedUtil: No need to commit output of task because needsTaskCommit=false: attempt_202609212210105649981455198380343_0001_m_000001_2
26/09/21 22:10:10 INFO Executor: Finished task 1.0 in stage 1.0 (TID 2). 2748 bytes result sent to driver
26/09/21 22:10:10 INFO Executor: Finished task 3.0 in stage 1.0 (TID 4). 2748 bytes result sent to driver
26/09/21 22:10:10 INFO Executor: Finished task 4.0 in stage 1.0 (TID 5). 2748 bytes result sent to driver
26/09/21 22:10:10 INFO TaskSetManager: Finished task 3.0 in stage 1.0 (TID 4) in 318 ms on e6c3ac7e1715 (executor driver) (1/7)
26/09/21 22:10:10 INFO TaskSetManager: Finished task 1.0 in stage 1.0 (TID 2) in 322 ms on e6c3ac7e1715 (executor driver) (2/7)
26/09/21 22:10:10 INFO Executor: Finished task 6.0 in stage 1.0 (TID 7). 2748 bytes result sent to driver
26/09/21 22:10:10 INFO TaskSetManager: Finished task 4.0 in stage 1.0 (TID 5) in 327 ms on e6c3ac7e1715 (executor driver) (3/7)
26/09/21 22:10:10 INFO TaskSetManager: Finished task 6.0 in stage 1.0 (TID 7) in 328 ms on e6c3ac7e1715 (executor driver) (4/7)
26/09/21 22:10:10 INFO CodecPool: Got brand-new decompressor [.snappy]
26/09/21 22:10:10 INFO CodecPool: Got brand-new decompressor [.snappy]
26/09/21 22:10:11 INFO FileScanRDD: Reading File path: file:///opt/airflow/data/lake/raw/events/2019-Oct/event_date=2019-10-01/part-00000-e6dbecb7-a75e-4a1e-be16-8089c329fa2c.c000.snappy.parquet, range: 0-6397935, partition values: [empty row]
26/09/21 22:10:11 INFO CodecConfig: Compression: SNAPPY
26/09/21 22:10:11 INFO CodecConfig: Compression: SNAPPY
26/09/21 22:10:11 INFO ParquetOutputFormat: ParquetRecordWriter [block size: 134217728b, row group padding size: 8388608b, validating: false]
26/09/21 22:10:11 INFO ParquetWriteSupport: Initialized Parquet WriteSupport with Catalyst schema:
{
  "type" : "struct",
  "fields" : [ {
    "name" : "event_time",
    "type" : "string",
    "nullable" : true,
    "metadata" : { }
  }, {
    "name" : "event_type",
    "type" : "string",
    "nullable" : true,
    "metadata" : { }
  }, {
    "name" : "product_id",
    "type" : "string",
    "nullable" : true,
    "metadata" : { }
  }, {
    "name" : "category_id",
    "type" : "string",
    "nullable" : true,
    "metadata" : { }
  }, {
    "name" : "category_code",
    "type" : "string",
    "nullable" : true,
    "metadata" : { }
  }, {
    "name" : "brand",
    "type" : "string",
    "nullable" : true,
    "metadata" : { }
  }, {
    "name" : "price",
    "type" : "string",
    "nullable" : true,
    "metadata" : { }
  }, {
    "name" : "user_id",
    "type" : "string",
    "nullable" : true,
    "metadata" : { }
  }, {
    "name" : "user_session",
    "type" : "string",
    "nullable" : true,
    "metadata" : { }
  } ]
}
and corresponding Parquet message type:
message spark_schema {
  optional binary event_time (STRING);
  optional binary event_type (STRING);
  optional binary product_id (STRING);
  optional binary category_id (STRING);
  optional binary category_code (STRING);
  optional binary brand (STRING);
  optional binary price (STRING);
  optional binary user_id (STRING);
  optional binary user_session (STRING);
}

       
26/09/21 22:10:11 INFO CodecConfig: Compression: SNAPPY
26/09/21 22:10:11 INFO CodecConfig: Compression: SNAPPY
26/09/21 22:10:11 INFO ParquetOutputFormat: ParquetRecordWriter [block size: 134217728b, row group padding size: 8388608b, validating: false]
26/09/21 22:10:11 INFO ParquetWriteSupport: Initialized Parquet WriteSupport with Catalyst schema:
{
  "type" : "struct",
  "fields" : [ {
    "name" : "event_time",
    "type" : "string",
    "nullable" : true,
    "metadata" : { }
  }, {
    "name" : "event_type",
    "type" : "string",
    "nullable" : true,
    "metadata" : { }
  }, {
    "name" : "product_id",
    "type" : "string",
    "nullable" : true,
    "metadata" : { }
  }, {
    "name" : "category_id",
    "type" : "string",
    "nullable" : true,
    "metadata" : { }
  }, {
    "name" : "category_code",
    "type" : "string",
    "nullable" : true,
    "metadata" : { }
  }, {
    "name" : "brand",
    "type" : "string",
    "nullable" : true,
    "metadata" : { }
  }, {
    "name" : "price",
    "type" : "string",
    "nullable" : true,
    "metadata" : { }
  }, {
    "name" : "user_id",
    "type" : "string",
    "nullable" : true,
    "metadata" : { }
  }, {
    "name" : "user_session",
    "type" : "string",
    "nullable" : true,
    "metadata" : { }
  } ]
}
and corresponding Parquet message type:
message spark_schema {
  optional binary event_time (STRING);
  optional binary event_type (STRING);
  optional binary product_id (STRING);
  optional binary category_id (STRING);
  optional binary category_code (STRING);
  optional binary brand (STRING);
  optional binary price (STRING);
  optional binary user_id (STRING);
  optional binary user_session (STRING);
}

       
26/09/21 22:10:11 INFO FileOutputCommitter: Saved output of task 'attempt_202609212210105649981455198380343_0001_m_000000_1' to file:/opt/airflow/data/lake/rejected/events/2019-10-01/_temporary/0/task_202609212210105649981455198380343_0001_m_000000
26/09/21 22:10:11 INFO SparkHadoopMapRedUtil: attempt_202609212210105649981455198380343_0001_m_000000_1: Committed. Elapsed time: 1 ms.
26/09/21 22:10:11 INFO Executor: Finished task 0.0 in stage 1.0 (TID 1). 2748 bytes result sent to driver
26/09/21 22:10:11 INFO TaskSetManager: Finished task 0.0 in stage 1.0 (TID 1) in 516 ms on e6c3ac7e1715 (executor driver) (5/7)
26/09/21 22:10:11 INFO CodecPool: Got brand-new compressor [.snappy]
26/09/21 22:10:11 INFO FileOutputCommitter: Saved output of task 'attempt_202609212210105649981455198380343_0001_m_000005_6' to file:/opt/airflow/data/lake/rejected/events/2019-10-01/_temporary/0/task_202609212210105649981455198380343_0001_m_000005
26/09/21 22:10:11 INFO SparkHadoopMapRedUtil: attempt_202609212210105649981455198380343_0001_m_000005_6: Committed. Elapsed time: 1 ms.
26/09/21 22:10:11 INFO Executor: Finished task 5.0 in stage 1.0 (TID 6). 2877 bytes result sent to driver
26/09/21 22:10:11 INFO TaskSetManager: Finished task 5.0 in stage 1.0 (TID 6) in 874 ms on e6c3ac7e1715 (executor driver) (6/7)
26/09/21 22:10:12 INFO FileOutputCommitter: Saved output of task 'attempt_202609212210105649981455198380343_0001_m_000002_3' to file:/opt/airflow/data/lake/rejected/events/2019-10-01/_temporary/0/task_202609212210105649981455198380343_0001_m_000002
26/09/21 22:10:12 INFO SparkHadoopMapRedUtil: attempt_202609212210105649981455198380343_0001_m_000002_3: Committed. Elapsed time: 0 ms.
26/09/21 22:10:12 INFO Executor: Finished task 2.0 in stage 1.0 (TID 3). 2834 bytes result sent to driver
26/09/21 22:10:12 INFO TaskSetManager: Finished task 2.0 in stage 1.0 (TID 3) in 1381 ms on e6c3ac7e1715 (executor driver) (7/7)
26/09/21 22:10:12 INFO TaskSchedulerImpl: Removed TaskSet 1.0, whose tasks have all completed, from pool 
26/09/21 22:10:12 INFO DAGScheduler: ResultStage 1 (parquet at NativeMethodAccessorImpl.java:0) finished in 1.461 s
26/09/21 22:10:12 INFO DAGScheduler: Job 1 is finished. Cancelling potential speculative or zombie tasks for this job
26/09/21 22:10:12 INFO TaskSchedulerImpl: Killing all running tasks in stage 1: Stage finished
26/09/21 22:10:12 INFO DAGScheduler: Job 1 finished: parquet at NativeMethodAccessorImpl.java:0, took 1.469965 s
26/09/21 22:10:12 INFO FileFormatWriter: Start to commit write Job 0cbef942-0ce9-434d-b256-7c32d3a0a204.
26/09/21 22:10:12 INFO FileFormatWriter: Write Job 0cbef942-0ce9-434d-b256-7c32d3a0a204 committed. Elapsed time: 14 ms.
26/09/21 22:10:12 INFO FileFormatWriter: Finished processing stats for write job 0cbef942-0ce9-434d-b256-7c32d3a0a204.
26/09/21 22:10:12 INFO SparkContext: Invoking stop() from shutdown hook
26/09/21 22:10:12 INFO SparkContext: SparkContext is stopping with exitCode 0.
26/09/21 22:10:12 INFO SparkUI: Stopped Spark web UI at http://e6c3ac7e1715:4040
26/09/21 22:10:12 INFO MapOutputTrackerMasterEndpoint: MapOutputTrackerMasterEndpoint stopped!
26/09/21 22:10:12 INFO MemoryStore: MemoryStore cleared
26/09/21 22:10:12 INFO BlockManager: BlockManager stopped
26/09/21 22:10:12 INFO BlockManagerMaster: BlockManagerMaster stopped
26/09/21 22:10:12 INFO OutputCommitCoordinator$OutputCommitCoordinatorEndpoint: OutputCommitCoordinator stopped!
26/09/21 22:10:12 INFO SparkContext: Successfully stopped SparkContext
26/09/21 22:10:12 INFO ShutdownHookManager: Shutdown hook called
26/09/21 22:10:12 INFO ShutdownHookManager: Deleting directory /tmp/spark-52bf54fd-23f1-4b16-ae3f-c97239d74a98
26/09/21 22:10:12 INFO ShutdownHookManager: Deleting directory /tmp/spark-b33c5475-137a-477b-b39a-59b5aecf7c63
26/09/21 22:10:12 INFO ShutdownHookManager: Deleting directory /tmp/spark-b33c5475-137a-477b-b39a-59b5aecf7c63/pyspark-13931ee1-05d9-4aed-b0b0-6962355c9150

[2026-09-21T22:10:12.499+0000] {taskinstance.py:441} INFO - ::group::Post task execution logs
[2026-09-21T22:10:12.499+0000] {taskinstance.py:2905} ERROR - Task failed with exception
Traceback (most recent call last):
  File "/home/airflow/.local/lib/python3.11/site-packages/airflow/models/taskinstance.py", line 465, in _execute_task
    result = _execute_callable(context=context, **execute_callable_kwargs)
             ^^^^^^^^^^^^^^^^^^^^^^^^^^^^^^^^^^^^^^^^^^^^^^^^^^^^^^^^^^^^^
  File "/home/airflow/.local/lib/python3.11/site-packages/airflow/models/taskinstance.py", line 432, in _execute_callable
    return execute_callable(context=context, **execute_callable_kwargs)
           ^^^^^^^^^^^^^^^^^^^^^^^^^^^^^^^^^^^^^^^^^^^^^^^^^^^^^^^^^^^^
  File "/home/airflow/.local/lib/python3.11/site-packages/airflow/models/baseoperator.py", line 401, in wrapper
    return func(self, *args, **kwargs)
           ^^^^^^^^^^^^^^^^^^^^^^^^^^^
  File "/home/airflow/.local/lib/python3.11/site-packages/airflow/decorators/base.py", line 265, in execute
    return_value = super().execute(context)
                   ^^^^^^^^^^^^^^^^^^^^^^^^
  File "/home/airflow/.local/lib/python3.11/site-packages/airflow/models/baseoperator.py", line 401, in wrapper
    return func(self, *args, **kwargs)
           ^^^^^^^^^^^^^^^^^^^^^^^^^^^
  File "/home/airflow/.local/lib/python3.11/site-packages/airflow/operators/python.py", line 235, in execute
    return_value = self.execute_callable()
                   ^^^^^^^^^^^^^^^^^^^^^^^
  File "/home/airflow/.local/lib/python3.11/site-packages/airflow/operators/python.py", line 252, in execute_callable
    return self.python_callable(*self.op_args, **self.op_kwargs)
           ^^^^^^^^^^^^^^^^^^^^^^^^^^^^^^^^^^^^^^^^^^^^^^^^^^^^^
  File "/opt/airflow/dags/etl.py", line 70, in extract
    raise e
  File "/opt/airflow/dags/etl.py", line 59, in extract
    script_run = subprocess.run([
                 ^^^^^^^^^^^^^^^^
  File "/usr/local/lib/python3.11/subprocess.py", line 571, in run
    raise CalledProcessError(retcode, process.args,
subprocess.CalledProcessError: Command '['spark-submit', '--packages', 'org.postgresql:postgresql:42.6.0', '/opt/airflow/dags/daily_etl.py', '2019-10-01']' returned non-zero exit status 1.
[2026-09-21T22:10:12.505+0000] {taskinstance.py:1206} INFO - Marking task as UP_FOR_RETRY. dag_id=ecommerce_data, task_id=extract, run_id=scheduled__2019-10-01T00:00:00+00:00, execution_date=20191001T000000, start_date=20260921T221003, end_date=20260921T221012
[2026-09-21T22:10:12.513+0000] {standard_task_runner.py:110} ERROR - Failed to execute job 208 for task extract (Command '['spark-submit', '--packages', 'org.postgresql:postgresql:42.6.0', '/opt/airflow/dags/daily_etl.py', '2019-10-01']' returned non-zero exit status 1.; 22652)
[2026-09-21T22:10:12.556+0000] {local_task_job_runner.py:240} INFO - Task exited with return code 1
[2026-09-21T22:10:12.570+0000] {taskinstance.py:3503} INFO - 0 downstream tasks scheduled from follow-on schedule check
[2026-09-21T22:10:12.571+0000] {local_task_job_runner.py:222} INFO - ::endgroup::
[2026-09-21T22:19:23.475+0000] {local_task_job_runner.py:120} INFO - ::group::Pre task execution logs
[2026-09-21T22:19:23.492+0000] {taskinstance.py:2076} INFO - Dependencies all met for dep_context=non-requeueable deps ti=<TaskInstance: ecommerce_data.extract scheduled__2019-10-01T00:00:00+00:00 [queued]>
[2026-09-21T22:19:23.496+0000] {taskinstance.py:2076} INFO - Dependencies all met for dep_context=requeueable deps ti=<TaskInstance: ecommerce_data.extract scheduled__2019-10-01T00:00:00+00:00 [queued]>
[2026-09-21T22:19:23.497+0000] {taskinstance.py:2306} INFO - Starting attempt 3 of 4
[2026-09-21T22:19:23.504+0000] {taskinstance.py:2330} INFO - Executing <Task(_PythonDecoratedOperator): extract> on 2019-10-01 00:00:00+00:00
[2026-09-21T22:19:23.510+0000] {standard_task_runner.py:63} INFO - Started process 23573 to run task
[2026-09-21T22:19:23.512+0000] {standard_task_runner.py:90} INFO - Running: ['airflow', 'tasks', 'run', 'ecommerce_data', 'extract', 'scheduled__2019-10-01T00:00:00+00:00', '--job-id', '215', '--raw', '--subdir', 'DAGS_FOLDER/etl.py', '--cfg-path', '/tmp/tmpl9eznvf1']
[2026-09-21T22:19:23.513+0000] {standard_task_runner.py:91} INFO - Job 215: Subtask extract
[2026-09-21T22:19:23.544+0000] {task_command.py:426} INFO - Running <TaskInstance: ecommerce_data.extract scheduled__2019-10-01T00:00:00+00:00 [running]> on host e6c3ac7e1715
[2026-09-21T22:19:23.600+0000] {taskinstance.py:2648} INFO - Exporting env vars: AIRFLOW_CTX_DAG_OWNER='airflow' AIRFLOW_CTX_DAG_ID='ecommerce_data' AIRFLOW_CTX_TASK_ID='extract' AIRFLOW_CTX_EXECUTION_DATE='2019-10-01T00:00:00+00:00' AIRFLOW_CTX_TRY_NUMBER='3' AIRFLOW_CTX_DAG_RUN_ID='scheduled__2019-10-01T00:00:00+00:00'
[2026-09-21T22:19:23.601+0000] {taskinstance.py:430} INFO - ::endgroup::
[2026-09-21T22:19:23.605+0000] {base.py:84} INFO - Using connection ID 'postgres_conn_id' for task execution.
[2026-09-21T22:19:30.730+0000] {etl.py:68} ERROR - === СПРАВЖНЯ ПОМИЛКА ВІД SPARK ===
[2026-09-21T22:19:30.730+0000] {etl.py:69} ERROR - /home/airflow/.local/lib/python3.11/site-packages/pyspark/bin/load-spark-env.sh: line 68: ps: command not found
Ivy Default Cache set to: /home/airflow/.ivy2/cache
The jars for the packages stored in: /home/airflow/.ivy2/jars
org.postgresql#postgresql added as a dependency
:: resolving dependencies :: org.apache.spark#spark-submit-parent-522c6fb9-6e28-4bb9-9519-8eaaa15bfa25;1.0
	confs: [default]
	found org.postgresql#postgresql;42.6.0 in central
	found org.checkerframework#checker-qual;3.31.0 in central
:: resolution report :: resolve 122ms :: artifacts dl 6ms
	:: modules in use:
	org.checkerframework#checker-qual;3.31.0 from central in [default]
	org.postgresql#postgresql;42.6.0 from central in [default]
	---------------------------------------------------------------------
	|                  |            modules            ||   artifacts   |
	|       conf       | number| search|dwnlded|evicted|| number|dwnlded|
	---------------------------------------------------------------------
	|      default     |   2   |   0   |   0   |   0   ||   2   |   0   |
	---------------------------------------------------------------------
:: retrieving :: org.apache.spark#spark-submit-parent-522c6fb9-6e28-4bb9-9519-8eaaa15bfa25
	confs: [default]
	0 artifacts copied, 2 already retrieved (0kB/4ms)
26/09/21 22:19:25 WARN NativeCodeLoader: Unable to load native-hadoop library for your platform... using builtin-java classes where applicable
26/09/21 22:19:26 INFO SparkContext: Running Spark version 3.5.1
26/09/21 22:19:26 INFO SparkContext: OS info Linux, 7.0.0-31-generic, amd64
26/09/21 22:19:26 INFO SparkContext: Java version 17.0.20.1
26/09/21 22:19:26 INFO ResourceUtils: ==============================================================
26/09/21 22:19:26 INFO ResourceUtils: No custom resources configured for spark.driver.
26/09/21 22:19:26 INFO ResourceUtils: ==============================================================
26/09/21 22:19:26 INFO SparkContext: Submitted application: Daily_ecommerce
26/09/21 22:19:26 INFO ResourceProfile: Default ResourceProfile created, executor resources: Map(cores -> name: cores, amount: 1, script: , vendor: , memory -> name: memory, amount: 1024, script: , vendor: , offHeap -> name: offHeap, amount: 0, script: , vendor: ), task resources: Map(cpus -> name: cpus, amount: 1.0)
26/09/21 22:19:26 INFO ResourceProfile: Limiting resource is cpu
26/09/21 22:19:26 INFO ResourceProfileManager: Added ResourceProfile id: 0
26/09/21 22:19:26 INFO SecurityManager: Changing view acls to: airflow
26/09/21 22:19:26 INFO SecurityManager: Changing modify acls to: airflow
26/09/21 22:19:26 INFO SecurityManager: Changing view acls groups to: 
26/09/21 22:19:26 INFO SecurityManager: Changing modify acls groups to: 
26/09/21 22:19:26 INFO SecurityManager: SecurityManager: authentication disabled; ui acls disabled; users with view permissions: airflow; groups with view permissions: EMPTY; users with modify permissions: airflow; groups with modify permissions: EMPTY
26/09/21 22:19:26 INFO Utils: Successfully started service 'sparkDriver' on port 39581.
26/09/21 22:19:26 INFO SparkEnv: Registering MapOutputTracker
26/09/21 22:19:26 INFO SparkEnv: Registering BlockManagerMaster
26/09/21 22:19:26 INFO BlockManagerMasterEndpoint: Using org.apache.spark.storage.DefaultTopologyMapper for getting topology information
26/09/21 22:19:26 INFO BlockManagerMasterEndpoint: BlockManagerMasterEndpoint up
26/09/21 22:19:26 INFO SparkEnv: Registering BlockManagerMasterHeartbeat
26/09/21 22:19:26 INFO DiskBlockManager: Created local directory at /tmp/blockmgr-778fc65a-d3eb-45fe-bfca-f78d2b419884
26/09/21 22:19:26 INFO MemoryStore: MemoryStore started with capacity 434.4 MiB
26/09/21 22:19:26 INFO SparkEnv: Registering OutputCommitCoordinator
26/09/21 22:19:26 INFO JettyUtils: Start Jetty 0.0.0.0:4040 for SparkUI
26/09/21 22:19:26 INFO Utils: Successfully started service 'SparkUI' on port 4040.
26/09/21 22:19:27 INFO SparkContext: Added JAR file:///home/airflow/.ivy2/jars/org.postgresql_postgresql-42.6.0.jar at spark://e6c3ac7e1715:39581/jars/org.postgresql_postgresql-42.6.0.jar with timestamp 1790029166417
26/09/21 22:19:27 INFO SparkContext: Added JAR file:///home/airflow/.ivy2/jars/org.checkerframework_checker-qual-3.31.0.jar at spark://e6c3ac7e1715:39581/jars/org.checkerframework_checker-qual-3.31.0.jar with timestamp 1790029166417
26/09/21 22:19:27 INFO SparkContext: Added file file:///home/airflow/.ivy2/jars/org.postgresql_postgresql-42.6.0.jar at file:///home/airflow/.ivy2/jars/org.postgresql_postgresql-42.6.0.jar with timestamp 1790029166417
26/09/21 22:19:27 INFO Utils: Copying /home/airflow/.ivy2/jars/org.postgresql_postgresql-42.6.0.jar to /tmp/spark-db876097-5361-48a9-be03-df83a3a442fd/userFiles-09699ac1-cc7d-40be-9055-2b53cc94c4b5/org.postgresql_postgresql-42.6.0.jar
26/09/21 22:19:27 INFO SparkContext: Added file file:///home/airflow/.ivy2/jars/org.checkerframework_checker-qual-3.31.0.jar at file:///home/airflow/.ivy2/jars/org.checkerframework_checker-qual-3.31.0.jar with timestamp 1790029166417
26/09/21 22:19:27 INFO Utils: Copying /home/airflow/.ivy2/jars/org.checkerframework_checker-qual-3.31.0.jar to /tmp/spark-db876097-5361-48a9-be03-df83a3a442fd/userFiles-09699ac1-cc7d-40be-9055-2b53cc94c4b5/org.checkerframework_checker-qual-3.31.0.jar
26/09/21 22:19:27 INFO Executor: Starting executor ID driver on host e6c3ac7e1715
26/09/21 22:19:27 INFO Executor: OS info Linux, 7.0.0-31-generic, amd64
26/09/21 22:19:27 INFO Executor: Java version 17.0.20.1
26/09/21 22:19:27 INFO Executor: Starting executor with user classpath (userClassPathFirst = false): ''
26/09/21 22:19:27 INFO Executor: Created or updated repl class loader org.apache.spark.util.MutableURLClassLoader@4e870ecc for default.
26/09/21 22:19:27 INFO Executor: Fetching file:///home/airflow/.ivy2/jars/org.checkerframework_checker-qual-3.31.0.jar with timestamp 1790029166417
26/09/21 22:19:27 INFO Utils: /home/airflow/.ivy2/jars/org.checkerframework_checker-qual-3.31.0.jar has been previously copied to /tmp/spark-db876097-5361-48a9-be03-df83a3a442fd/userFiles-09699ac1-cc7d-40be-9055-2b53cc94c4b5/org.checkerframework_checker-qual-3.31.0.jar
26/09/21 22:19:27 INFO Executor: Fetching file:///home/airflow/.ivy2/jars/org.postgresql_postgresql-42.6.0.jar with timestamp 1790029166417
26/09/21 22:19:27 INFO Utils: /home/airflow/.ivy2/jars/org.postgresql_postgresql-42.6.0.jar has been previously copied to /tmp/spark-db876097-5361-48a9-be03-df83a3a442fd/userFiles-09699ac1-cc7d-40be-9055-2b53cc94c4b5/org.postgresql_postgresql-42.6.0.jar
26/09/21 22:19:27 INFO Executor: Fetching spark://e6c3ac7e1715:39581/jars/org.postgresql_postgresql-42.6.0.jar with timestamp 1790029166417
26/09/21 22:19:27 INFO TransportClientFactory: Successfully created connection to e6c3ac7e1715/172.21.0.3:39581 after 20 ms (0 ms spent in bootstraps)
26/09/21 22:19:27 INFO Utils: Fetching spark://e6c3ac7e1715:39581/jars/org.postgresql_postgresql-42.6.0.jar to /tmp/spark-db876097-5361-48a9-be03-df83a3a442fd/userFiles-09699ac1-cc7d-40be-9055-2b53cc94c4b5/fetchFileTemp11386561926257337048.tmp
26/09/21 22:19:27 INFO Utils: /tmp/spark-db876097-5361-48a9-be03-df83a3a442fd/userFiles-09699ac1-cc7d-40be-9055-2b53cc94c4b5/fetchFileTemp11386561926257337048.tmp has been previously copied to /tmp/spark-db876097-5361-48a9-be03-df83a3a442fd/userFiles-09699ac1-cc7d-40be-9055-2b53cc94c4b5/org.postgresql_postgresql-42.6.0.jar
26/09/21 22:19:27 INFO Executor: Adding file:/tmp/spark-db876097-5361-48a9-be03-df83a3a442fd/userFiles-09699ac1-cc7d-40be-9055-2b53cc94c4b5/org.postgresql_postgresql-42.6.0.jar to class loader default
26/09/21 22:19:27 INFO Executor: Fetching spark://e6c3ac7e1715:39581/jars/org.checkerframework_checker-qual-3.31.0.jar with timestamp 1790029166417
26/09/21 22:19:27 INFO Utils: Fetching spark://e6c3ac7e1715:39581/jars/org.checkerframework_checker-qual-3.31.0.jar to /tmp/spark-db876097-5361-48a9-be03-df83a3a442fd/userFiles-09699ac1-cc7d-40be-9055-2b53cc94c4b5/fetchFileTemp11998655698098167329.tmp
26/09/21 22:19:27 INFO Utils: /tmp/spark-db876097-5361-48a9-be03-df83a3a442fd/userFiles-09699ac1-cc7d-40be-9055-2b53cc94c4b5/fetchFileTemp11998655698098167329.tmp has been previously copied to /tmp/spark-db876097-5361-48a9-be03-df83a3a442fd/userFiles-09699ac1-cc7d-40be-9055-2b53cc94c4b5/org.checkerframework_checker-qual-3.31.0.jar
26/09/21 22:19:27 INFO Executor: Adding file:/tmp/spark-db876097-5361-48a9-be03-df83a3a442fd/userFiles-09699ac1-cc7d-40be-9055-2b53cc94c4b5/org.checkerframework_checker-qual-3.31.0.jar to class loader default
26/09/21 22:19:27 INFO Utils: Successfully started service 'org.apache.spark.network.netty.NettyBlockTransferService' on port 46301.
26/09/21 22:19:27 INFO NettyBlockTransferService: Server created on e6c3ac7e1715:46301
26/09/21 22:19:27 INFO BlockManager: Using org.apache.spark.storage.RandomBlockReplicationPolicy for block replication policy
26/09/21 22:19:27 INFO BlockManagerMaster: Registering BlockManager BlockManagerId(driver, e6c3ac7e1715, 46301, None)
26/09/21 22:19:27 INFO BlockManagerMasterEndpoint: Registering block manager e6c3ac7e1715:46301 with 434.4 MiB RAM, BlockManagerId(driver, e6c3ac7e1715, 46301, None)
26/09/21 22:19:27 INFO BlockManagerMaster: Registered BlockManager BlockManagerId(driver, e6c3ac7e1715, 46301, None)
26/09/21 22:19:27 INFO BlockManager: Initialized BlockManager: BlockManagerId(driver, e6c3ac7e1715, 46301, None)
26/09/21 22:19:27 INFO SharedState: Setting hive.metastore.warehouse.dir ('null') to the value of spark.sql.warehouse.dir.
26/09/21 22:19:27 INFO SharedState: Warehouse path is 'file:/opt/airflow/spark-warehouse'.
26/09/21 22:19:28 INFO InMemoryFileIndex: It took 30 ms to list leaf files for 1 paths.
26/09/21 22:19:28 INFO SparkContext: Starting job: parquet at NativeMethodAccessorImpl.java:0
26/09/21 22:19:28 INFO DAGScheduler: Got job 0 (parquet at NativeMethodAccessorImpl.java:0) with 1 output partitions
26/09/21 22:19:28 INFO DAGScheduler: Final stage: ResultStage 0 (parquet at NativeMethodAccessorImpl.java:0)
26/09/21 22:19:28 INFO DAGScheduler: Parents of final stage: List()
26/09/21 22:19:28 INFO DAGScheduler: Missing parents: List()
26/09/21 22:19:28 INFO DAGScheduler: Submitting ResultStage 0 (MapPartitionsRDD[1] at parquet at NativeMethodAccessorImpl.java:0), which has no missing parents
26/09/21 22:19:28 INFO MemoryStore: Block broadcast_0 stored as values in memory (estimated size 104.5 KiB, free 434.3 MiB)
26/09/21 22:19:28 INFO MemoryStore: Block broadcast_0_piece0 stored as bytes in memory (estimated size 37.6 KiB, free 434.3 MiB)
26/09/21 22:19:28 INFO BlockManagerInfo: Added broadcast_0_piece0 in memory on e6c3ac7e1715:46301 (size: 37.6 KiB, free: 434.4 MiB)
26/09/21 22:19:28 INFO SparkContext: Created broadcast 0 from broadcast at DAGScheduler.scala:1585
26/09/21 22:19:28 INFO DAGScheduler: Submitting 1 missing tasks from ResultStage 0 (MapPartitionsRDD[1] at parquet at NativeMethodAccessorImpl.java:0) (first 15 tasks are for partitions Vector(0))
26/09/21 22:19:28 INFO TaskSchedulerImpl: Adding task set 0.0 with 1 tasks resource profile 0
26/09/21 22:19:28 INFO TaskSetManager: Starting task 0.0 in stage 0.0 (TID 0) (e6c3ac7e1715, executor driver, partition 0, PROCESS_LOCAL, 8303 bytes) 
26/09/21 22:19:28 INFO Executor: Running task 0.0 in stage 0.0 (TID 0)
26/09/21 22:19:29 INFO Executor: Finished task 0.0 in stage 0.0 (TID 0). 2034 bytes result sent to driver
26/09/21 22:19:29 INFO TaskSetManager: Finished task 0.0 in stage 0.0 (TID 0) in 400 ms on e6c3ac7e1715 (executor driver) (1/1)
26/09/21 22:19:29 INFO TaskSchedulerImpl: Removed TaskSet 0.0, whose tasks have all completed, from pool 
26/09/21 22:19:29 INFO DAGScheduler: ResultStage 0 (parquet at NativeMethodAccessorImpl.java:0) finished in 0.523 s
26/09/21 22:19:29 INFO DAGScheduler: Job 0 is finished. Cancelling potential speculative or zombie tasks for this job
26/09/21 22:19:29 INFO TaskSchedulerImpl: Killing all running tasks in stage 0: Stage finished
26/09/21 22:19:29 INFO DAGScheduler: Job 0 finished: parquet at NativeMethodAccessorImpl.java:0, took 0.561450 s
26/09/21 22:19:29 INFO BlockManagerInfo: Removed broadcast_0_piece0 on e6c3ac7e1715:46301 in memory (size: 37.6 KiB, free: 434.4 MiB)
26/09/21 22:19:30 INFO SparkContext: Invoking stop() from shutdown hook
26/09/21 22:19:30 INFO SparkContext: SparkContext is stopping with exitCode 0.
26/09/21 22:19:30 INFO SparkUI: Stopped Spark web UI at http://e6c3ac7e1715:4040
26/09/21 22:19:30 INFO MapOutputTrackerMasterEndpoint: MapOutputTrackerMasterEndpoint stopped!
26/09/21 22:19:30 INFO MemoryStore: MemoryStore cleared
26/09/21 22:19:30 INFO BlockManager: BlockManager stopped
26/09/21 22:19:30 INFO BlockManagerMaster: BlockManagerMaster stopped
26/09/21 22:19:30 INFO OutputCommitCoordinator$OutputCommitCoordinatorEndpoint: OutputCommitCoordinator stopped!
26/09/21 22:19:30 INFO SparkContext: Successfully stopped SparkContext
26/09/21 22:19:30 INFO ShutdownHookManager: Shutdown hook called
26/09/21 22:19:30 INFO ShutdownHookManager: Deleting directory /tmp/spark-db876097-5361-48a9-be03-df83a3a442fd/pyspark-51800af3-eab1-4951-acd5-bb534b360309
26/09/21 22:19:30 INFO ShutdownHookManager: Deleting directory /tmp/spark-92b3a12f-53df-41ae-8610-471e5490ab37
26/09/21 22:19:30 INFO ShutdownHookManager: Deleting directory /tmp/spark-db876097-5361-48a9-be03-df83a3a442fd

[2026-09-21T22:19:30.731+0000] {taskinstance.py:441} INFO - ::group::Post task execution logs
[2026-09-21T22:19:30.731+0000] {taskinstance.py:2905} ERROR - Task failed with exception
Traceback (most recent call last):
  File "/home/airflow/.local/lib/python3.11/site-packages/airflow/models/taskinstance.py", line 465, in _execute_task
    result = _execute_callable(context=context, **execute_callable_kwargs)
             ^^^^^^^^^^^^^^^^^^^^^^^^^^^^^^^^^^^^^^^^^^^^^^^^^^^^^^^^^^^^^
  File "/home/airflow/.local/lib/python3.11/site-packages/airflow/models/taskinstance.py", line 432, in _execute_callable
    return execute_callable(context=context, **execute_callable_kwargs)
           ^^^^^^^^^^^^^^^^^^^^^^^^^^^^^^^^^^^^^^^^^^^^^^^^^^^^^^^^^^^^
  File "/home/airflow/.local/lib/python3.11/site-packages/airflow/models/baseoperator.py", line 401, in wrapper
    return func(self, *args, **kwargs)
           ^^^^^^^^^^^^^^^^^^^^^^^^^^^
  File "/home/airflow/.local/lib/python3.11/site-packages/airflow/decorators/base.py", line 265, in execute
    return_value = super().execute(context)
                   ^^^^^^^^^^^^^^^^^^^^^^^^
  File "/home/airflow/.local/lib/python3.11/site-packages/airflow/models/baseoperator.py", line 401, in wrapper
    return func(self, *args, **kwargs)
           ^^^^^^^^^^^^^^^^^^^^^^^^^^^
  File "/home/airflow/.local/lib/python3.11/site-packages/airflow/operators/python.py", line 235, in execute
    return_value = self.execute_callable()
                   ^^^^^^^^^^^^^^^^^^^^^^^
  File "/home/airflow/.local/lib/python3.11/site-packages/airflow/operators/python.py", line 252, in execute_callable
    return self.python_callable(*self.op_args, **self.op_kwargs)
           ^^^^^^^^^^^^^^^^^^^^^^^^^^^^^^^^^^^^^^^^^^^^^^^^^^^^^
  File "/opt/airflow/dags/etl.py", line 70, in extract
    raise e
  File "/opt/airflow/dags/etl.py", line 59, in extract
    script_run = subprocess.run([
                 ^^^^^^^^^^^^^^^^
  File "/usr/local/lib/python3.11/subprocess.py", line 571, in run
    raise CalledProcessError(retcode, process.args,
subprocess.CalledProcessError: Command '['spark-submit', '--packages', 'org.postgresql:postgresql:42.6.0', '/opt/airflow/dags/daily_etl.py', '2019-10-01']' returned non-zero exit status 1.
[2026-09-21T22:19:30.741+0000] {taskinstance.py:1206} INFO - Marking task as UP_FOR_RETRY. dag_id=ecommerce_data, task_id=extract, run_id=scheduled__2019-10-01T00:00:00+00:00, execution_date=20191001T000000, start_date=20260921T221923, end_date=20260921T221930
[2026-09-21T22:19:30.752+0000] {standard_task_runner.py:110} ERROR - Failed to execute job 215 for task extract (Command '['spark-submit', '--packages', 'org.postgresql:postgresql:42.6.0', '/opt/airflow/dags/daily_etl.py', '2019-10-01']' returned non-zero exit status 1.; 23573)
[2026-09-21T22:19:30.779+0000] {local_task_job_runner.py:240} INFO - Task exited with return code 1
[2026-09-21T22:19:30.794+0000] {taskinstance.py:3503} INFO - 0 downstream tasks scheduled from follow-on schedule check
[2026-09-21T22:19:30.794+0000] {local_task_job_runner.py:222} INFO - ::endgroup::
[2026-09-22T17:28:59.111+0000] {local_task_job_runner.py:120} INFO - ::group::Pre task execution logs
[2026-09-22T17:28:59.130+0000] {taskinstance.py:2076} INFO - Dependencies all met for dep_context=non-requeueable deps ti=<TaskInstance: ecommerce_data.extract scheduled__2019-10-01T00:00:00+00:00 [queued]>
[2026-09-22T17:28:59.135+0000] {taskinstance.py:2076} INFO - Dependencies all met for dep_context=requeueable deps ti=<TaskInstance: ecommerce_data.extract scheduled__2019-10-01T00:00:00+00:00 [queued]>
[2026-09-22T17:28:59.135+0000] {taskinstance.py:2306} INFO - Starting attempt 3 of 4
[2026-09-22T17:28:59.144+0000] {taskinstance.py:2330} INFO - Executing <Task(_PythonDecoratedOperator): extract> on 2019-10-01 00:00:00+00:00
[2026-09-22T17:28:59.149+0000] {standard_task_runner.py:63} INFO - Started process 1665 to run task
[2026-09-22T17:28:59.152+0000] {standard_task_runner.py:90} INFO - Running: ['airflow', 'tasks', 'run', 'ecommerce_data', 'extract', 'scheduled__2019-10-01T00:00:00+00:00', '--job-id', '16', '--raw', '--subdir', 'DAGS_FOLDER/etl.py', '--cfg-path', '/tmp/tmpt1nw5ea1']
[2026-09-22T17:28:59.153+0000] {standard_task_runner.py:91} INFO - Job 16: Subtask extract
[2026-09-22T17:28:59.191+0000] {task_command.py:426} INFO - Running <TaskInstance: ecommerce_data.extract scheduled__2019-10-01T00:00:00+00:00 [running]> on host 398971961f28
[2026-09-22T17:28:59.245+0000] {taskinstance.py:2648} INFO - Exporting env vars: AIRFLOW_CTX_DAG_OWNER='airflow' AIRFLOW_CTX_DAG_ID='ecommerce_data' AIRFLOW_CTX_TASK_ID='extract' AIRFLOW_CTX_EXECUTION_DATE='2019-10-01T00:00:00+00:00' AIRFLOW_CTX_TRY_NUMBER='3' AIRFLOW_CTX_DAG_RUN_ID='scheduled__2019-10-01T00:00:00+00:00'
[2026-09-22T17:28:59.246+0000] {taskinstance.py:430} INFO - ::endgroup::
[2026-09-22T17:28:59.249+0000] {base.py:84} INFO - Using connection ID 'postgres_conn_id' for task execution.
[2026-09-22T17:29:08.313+0000] {taskinstance.py:441} INFO - ::group::Post task execution logs
[2026-09-22T17:29:08.314+0000] {taskinstance.py:2905} ERROR - Task failed with exception
Traceback (most recent call last):
  File "/home/airflow/.local/lib/python3.11/site-packages/airflow/models/taskinstance.py", line 465, in _execute_task
    result = _execute_callable(context=context, **execute_callable_kwargs)
             ^^^^^^^^^^^^^^^^^^^^^^^^^^^^^^^^^^^^^^^^^^^^^^^^^^^^^^^^^^^^^
  File "/home/airflow/.local/lib/python3.11/site-packages/airflow/models/taskinstance.py", line 432, in _execute_callable
    return execute_callable(context=context, **execute_callable_kwargs)
           ^^^^^^^^^^^^^^^^^^^^^^^^^^^^^^^^^^^^^^^^^^^^^^^^^^^^^^^^^^^^
  File "/home/airflow/.local/lib/python3.11/site-packages/airflow/models/baseoperator.py", line 401, in wrapper
    return func(self, *args, **kwargs)
           ^^^^^^^^^^^^^^^^^^^^^^^^^^^
  File "/home/airflow/.local/lib/python3.11/site-packages/airflow/decorators/base.py", line 265, in execute
    return_value = super().execute(context)
                   ^^^^^^^^^^^^^^^^^^^^^^^^
  File "/home/airflow/.local/lib/python3.11/site-packages/airflow/models/baseoperator.py", line 401, in wrapper
    return func(self, *args, **kwargs)
           ^^^^^^^^^^^^^^^^^^^^^^^^^^^
  File "/home/airflow/.local/lib/python3.11/site-packages/airflow/operators/python.py", line 235, in execute
    return_value = self.execute_callable()
                   ^^^^^^^^^^^^^^^^^^^^^^^
  File "/home/airflow/.local/lib/python3.11/site-packages/airflow/operators/python.py", line 252, in execute_callable
    return self.python_callable(*self.op_args, **self.op_kwargs)
           ^^^^^^^^^^^^^^^^^^^^^^^^^^^^^^^^^^^^^^^^^^^^^^^^^^^^^
  File "/opt/airflow/dags/etl.py", line 58, in extract
    script_run = subprocess.run([
                 ^^^^^^^^^^^^^^^^
  File "/usr/local/lib/python3.11/subprocess.py", line 571, in run
    raise CalledProcessError(retcode, process.args,
subprocess.CalledProcessError: Command '['spark-submit', '--packages', 'org.postgresql:postgresql:42.6.0', '/opt/airflow/dags/daily_etl.py', '2019-10-01']' returned non-zero exit status 1.
[2026-09-22T17:29:08.319+0000] {taskinstance.py:1206} INFO - Marking task as UP_FOR_RETRY. dag_id=ecommerce_data, task_id=extract, run_id=scheduled__2019-10-01T00:00:00+00:00, execution_date=20191001T000000, start_date=20260922T172859, end_date=20260922T172908
[2026-09-22T17:29:08.325+0000] {standard_task_runner.py:110} ERROR - Failed to execute job 16 for task extract (Command '['spark-submit', '--packages', 'org.postgresql:postgresql:42.6.0', '/opt/airflow/dags/daily_etl.py', '2019-10-01']' returned non-zero exit status 1.; 1665)
[2026-09-22T17:29:08.345+0000] {local_task_job_runner.py:240} INFO - Task exited with return code 1
[2026-09-22T17:29:08.357+0000] {taskinstance.py:3503} INFO - 0 downstream tasks scheduled from follow-on schedule check
[2026-09-22T17:29:08.357+0000] {local_task_job_runner.py:222} INFO - ::endgroup::
[2026-09-22T17:33:19.548+0000] {local_task_job_runner.py:120} INFO - ::group::Pre task execution logs
[2026-09-22T17:33:19.576+0000] {taskinstance.py:2076} INFO - Dependencies all met for dep_context=non-requeueable deps ti=<TaskInstance: ecommerce_data.extract scheduled__2019-10-01T00:00:00+00:00 [queued]>
[2026-09-22T17:33:19.584+0000] {taskinstance.py:2076} INFO - Dependencies all met for dep_context=requeueable deps ti=<TaskInstance: ecommerce_data.extract scheduled__2019-10-01T00:00:00+00:00 [queued]>
[2026-09-22T17:33:19.585+0000] {taskinstance.py:2306} INFO - Starting attempt 3 of 4
[2026-09-22T17:33:19.597+0000] {taskinstance.py:2330} INFO - Executing <Task(_PythonDecoratedOperator): extract> on 2019-10-01 00:00:00+00:00
[2026-09-22T17:33:19.603+0000] {standard_task_runner.py:63} INFO - Started process 2946 to run task
[2026-09-22T17:33:19.605+0000] {standard_task_runner.py:90} INFO - Running: ['airflow', 'tasks', 'run', 'ecommerce_data', 'extract', 'scheduled__2019-10-01T00:00:00+00:00', '--job-id', '27', '--raw', '--subdir', 'DAGS_FOLDER/etl.py', '--cfg-path', '/tmp/tmpqj2ifhvy']
[2026-09-22T17:33:19.607+0000] {standard_task_runner.py:91} INFO - Job 27: Subtask extract
[2026-09-22T17:33:19.650+0000] {task_command.py:426} INFO - Running <TaskInstance: ecommerce_data.extract scheduled__2019-10-01T00:00:00+00:00 [running]> on host 398971961f28
[2026-09-22T17:33:19.712+0000] {taskinstance.py:2648} INFO - Exporting env vars: AIRFLOW_CTX_DAG_OWNER='airflow' AIRFLOW_CTX_DAG_ID='ecommerce_data' AIRFLOW_CTX_TASK_ID='extract' AIRFLOW_CTX_EXECUTION_DATE='2019-10-01T00:00:00+00:00' AIRFLOW_CTX_TRY_NUMBER='3' AIRFLOW_CTX_DAG_RUN_ID='scheduled__2019-10-01T00:00:00+00:00'
[2026-09-22T17:33:19.713+0000] {taskinstance.py:430} INFO - ::endgroup::
[2026-09-22T17:33:19.717+0000] {base.py:84} INFO - Using connection ID 'postgres_conn_id' for task execution.
[2026-09-22T17:33:28.596+0000] {etl.py:66} ERROR - === STDOUT ===
:: loading settings :: url = jar:file:/home/airflow/.local/lib/python3.11/site-packages/pyspark/jars/ivy-2.5.1.jar!/org/apache/ivy/core/settings/ivysettings.xml
Traceback (most recent call last):
  File "/opt/airflow/dags/daily_etl.py", line 69, in <module>
    .save()
     ^^^^^^
  File "/home/airflow/.local/lib/python3.11/site-packages/pyspark/python/lib/pyspark.zip/pyspark/sql/readwriter.py", line 1461, in save
  File "/home/airflow/.local/lib/python3.11/site-packages/pyspark/python/lib/py4j-0.10.9.7-src.zip/py4j/java_gateway.py", line 1322, in __call__
  File "/home/airflow/.local/lib/python3.11/site-packages/pyspark/python/lib/pyspark.zip/pyspark/errors/exceptions/captured.py", line 185, in deco
pyspark.errors.exceptions.captured.AnalysisException: Column total_views not found in schema Some(StructType(StructField(user_id,StringType,true),StructField(total_events,LongType,false),StructField(total_spent,DoubleType,true),StructField(country,StringType,true),StructField(event_date,DateType,true))).

[2026-09-22T17:33:28.596+0000] {etl.py:67} ERROR - === STDERR ===
/home/airflow/.local/lib/python3.11/site-packages/pyspark/bin/load-spark-env.sh: line 68: ps: command not found
Ivy Default Cache set to: /home/airflow/.ivy2/cache
The jars for the packages stored in: /home/airflow/.ivy2/jars
org.postgresql#postgresql added as a dependency
:: resolving dependencies :: org.apache.spark#spark-submit-parent-e44a1b7b-4d55-4995-8592-efc13d896120;1.0
	confs: [default]
	found org.postgresql#postgresql;42.6.0 in central
	found org.checkerframework#checker-qual;3.31.0 in central
:: resolution report :: resolve 126ms :: artifacts dl 5ms
	:: modules in use:
	org.checkerframework#checker-qual;3.31.0 from central in [default]
	org.postgresql#postgresql;42.6.0 from central in [default]
	---------------------------------------------------------------------
	|                  |            modules            ||   artifacts   |
	|       conf       | number| search|dwnlded|evicted|| number|dwnlded|
	---------------------------------------------------------------------
	|      default     |   2   |   0   |   0   |   0   ||   2   |   0   |
	---------------------------------------------------------------------
:: retrieving :: org.apache.spark#spark-submit-parent-e44a1b7b-4d55-4995-8592-efc13d896120
	confs: [default]
	0 artifacts copied, 2 already retrieved (0kB/3ms)
26/09/22 17:33:21 WARN NativeCodeLoader: Unable to load native-hadoop library for your platform... using builtin-java classes where applicable
26/09/22 17:33:22 INFO SparkContext: Running Spark version 3.5.1
26/09/22 17:33:22 INFO SparkContext: OS info Linux, 7.0.0-31-generic, amd64
26/09/22 17:33:22 INFO SparkContext: Java version 17.0.20.1
26/09/22 17:33:22 INFO ResourceUtils: ==============================================================
26/09/22 17:33:22 INFO ResourceUtils: No custom resources configured for spark.driver.
26/09/22 17:33:22 INFO ResourceUtils: ==============================================================
26/09/22 17:33:22 INFO SparkContext: Submitted application: Daily_ecommerce
26/09/22 17:33:22 INFO ResourceProfile: Default ResourceProfile created, executor resources: Map(cores -> name: cores, amount: 1, script: , vendor: , memory -> name: memory, amount: 1024, script: , vendor: , offHeap -> name: offHeap, amount: 0, script: , vendor: ), task resources: Map(cpus -> name: cpus, amount: 1.0)
26/09/22 17:33:22 INFO ResourceProfile: Limiting resource is cpu
26/09/22 17:33:22 INFO ResourceProfileManager: Added ResourceProfile id: 0
26/09/22 17:33:22 INFO SecurityManager: Changing view acls to: airflow
26/09/22 17:33:22 INFO SecurityManager: Changing modify acls to: airflow
26/09/22 17:33:22 INFO SecurityManager: Changing view acls groups to: 
26/09/22 17:33:22 INFO SecurityManager: Changing modify acls groups to: 
26/09/22 17:33:22 INFO SecurityManager: SecurityManager: authentication disabled; ui acls disabled; users with view permissions: airflow; groups with view permissions: EMPTY; users with modify permissions: airflow; groups with modify permissions: EMPTY
26/09/22 17:33:22 INFO Utils: Successfully started service 'sparkDriver' on port 35689.
26/09/22 17:33:22 INFO SparkEnv: Registering MapOutputTracker
26/09/22 17:33:22 INFO SparkEnv: Registering BlockManagerMaster
26/09/22 17:33:22 INFO BlockManagerMasterEndpoint: Using org.apache.spark.storage.DefaultTopologyMapper for getting topology information
26/09/22 17:33:22 INFO BlockManagerMasterEndpoint: BlockManagerMasterEndpoint up
26/09/22 17:33:22 INFO SparkEnv: Registering BlockManagerMasterHeartbeat
26/09/22 17:33:22 INFO DiskBlockManager: Created local directory at /tmp/blockmgr-2efad855-c33a-44ba-8434-a3c2fd5970e3
26/09/22 17:33:22 INFO MemoryStore: MemoryStore started with capacity 434.4 MiB
26/09/22 17:33:22 INFO SparkEnv: Registering OutputCommitCoordinator
26/09/22 17:33:22 INFO JettyUtils: Start Jetty 0.0.0.0:4040 for SparkUI
26/09/22 17:33:22 INFO Utils: Successfully started service 'SparkUI' on port 4040.
26/09/22 17:33:22 INFO SparkContext: Added JAR file:///home/airflow/.ivy2/jars/org.postgresql_postgresql-42.6.0.jar at spark://398971961f28:35689/jars/org.postgresql_postgresql-42.6.0.jar with timestamp 1790098402380
26/09/22 17:33:22 INFO SparkContext: Added JAR file:///home/airflow/.ivy2/jars/org.checkerframework_checker-qual-3.31.0.jar at spark://398971961f28:35689/jars/org.checkerframework_checker-qual-3.31.0.jar with timestamp 1790098402380
26/09/22 17:33:22 INFO SparkContext: Added file file:///home/airflow/.ivy2/jars/org.postgresql_postgresql-42.6.0.jar at file:///home/airflow/.ivy2/jars/org.postgresql_postgresql-42.6.0.jar with timestamp 1790098402380
26/09/22 17:33:22 INFO Utils: Copying /home/airflow/.ivy2/jars/org.postgresql_postgresql-42.6.0.jar to /tmp/spark-6e78af6f-386f-4de4-8544-c4c1347f659c/userFiles-b6ba7006-230d-48e9-ace2-ddbaa28326c1/org.postgresql_postgresql-42.6.0.jar
26/09/22 17:33:22 INFO SparkContext: Added file file:///home/airflow/.ivy2/jars/org.checkerframework_checker-qual-3.31.0.jar at file:///home/airflow/.ivy2/jars/org.checkerframework_checker-qual-3.31.0.jar with timestamp 1790098402380
26/09/22 17:33:22 INFO Utils: Copying /home/airflow/.ivy2/jars/org.checkerframework_checker-qual-3.31.0.jar to /tmp/spark-6e78af6f-386f-4de4-8544-c4c1347f659c/userFiles-b6ba7006-230d-48e9-ace2-ddbaa28326c1/org.checkerframework_checker-qual-3.31.0.jar
26/09/22 17:33:23 INFO Executor: Starting executor ID driver on host 398971961f28
26/09/22 17:33:23 INFO Executor: OS info Linux, 7.0.0-31-generic, amd64
26/09/22 17:33:23 INFO Executor: Java version 17.0.20.1
26/09/22 17:33:23 INFO Executor: Starting executor with user classpath (userClassPathFirst = false): ''
26/09/22 17:33:23 INFO Executor: Created or updated repl class loader org.apache.spark.util.MutableURLClassLoader@12f4a203 for default.
26/09/22 17:33:23 INFO Executor: Fetching file:///home/airflow/.ivy2/jars/org.checkerframework_checker-qual-3.31.0.jar with timestamp 1790098402380
26/09/22 17:33:23 INFO Utils: /home/airflow/.ivy2/jars/org.checkerframework_checker-qual-3.31.0.jar has been previously copied to /tmp/spark-6e78af6f-386f-4de4-8544-c4c1347f659c/userFiles-b6ba7006-230d-48e9-ace2-ddbaa28326c1/org.checkerframework_checker-qual-3.31.0.jar
26/09/22 17:33:23 INFO Executor: Fetching file:///home/airflow/.ivy2/jars/org.postgresql_postgresql-42.6.0.jar with timestamp 1790098402380
26/09/22 17:33:23 INFO Utils: /home/airflow/.ivy2/jars/org.postgresql_postgresql-42.6.0.jar has been previously copied to /tmp/spark-6e78af6f-386f-4de4-8544-c4c1347f659c/userFiles-b6ba7006-230d-48e9-ace2-ddbaa28326c1/org.postgresql_postgresql-42.6.0.jar
26/09/22 17:33:23 INFO Executor: Fetching spark://398971961f28:35689/jars/org.postgresql_postgresql-42.6.0.jar with timestamp 1790098402380
26/09/22 17:33:23 INFO TransportClientFactory: Successfully created connection to 398971961f28/172.21.0.3:35689 after 21 ms (0 ms spent in bootstraps)
26/09/22 17:33:23 INFO Utils: Fetching spark://398971961f28:35689/jars/org.postgresql_postgresql-42.6.0.jar to /tmp/spark-6e78af6f-386f-4de4-8544-c4c1347f659c/userFiles-b6ba7006-230d-48e9-ace2-ddbaa28326c1/fetchFileTemp12400241358117949301.tmp
26/09/22 17:33:23 INFO Utils: /tmp/spark-6e78af6f-386f-4de4-8544-c4c1347f659c/userFiles-b6ba7006-230d-48e9-ace2-ddbaa28326c1/fetchFileTemp12400241358117949301.tmp has been previously copied to /tmp/spark-6e78af6f-386f-4de4-8544-c4c1347f659c/userFiles-b6ba7006-230d-48e9-ace2-ddbaa28326c1/org.postgresql_postgresql-42.6.0.jar
26/09/22 17:33:23 INFO Executor: Adding file:/tmp/spark-6e78af6f-386f-4de4-8544-c4c1347f659c/userFiles-b6ba7006-230d-48e9-ace2-ddbaa28326c1/org.postgresql_postgresql-42.6.0.jar to class loader default
26/09/22 17:33:23 INFO Executor: Fetching spark://398971961f28:35689/jars/org.checkerframework_checker-qual-3.31.0.jar with timestamp 1790098402380
26/09/22 17:33:23 INFO Utils: Fetching spark://398971961f28:35689/jars/org.checkerframework_checker-qual-3.31.0.jar to /tmp/spark-6e78af6f-386f-4de4-8544-c4c1347f659c/userFiles-b6ba7006-230d-48e9-ace2-ddbaa28326c1/fetchFileTemp4424976579646698015.tmp
26/09/22 17:33:23 INFO Utils: /tmp/spark-6e78af6f-386f-4de4-8544-c4c1347f659c/userFiles-b6ba7006-230d-48e9-ace2-ddbaa28326c1/fetchFileTemp4424976579646698015.tmp has been previously copied to /tmp/spark-6e78af6f-386f-4de4-8544-c4c1347f659c/userFiles-b6ba7006-230d-48e9-ace2-ddbaa28326c1/org.checkerframework_checker-qual-3.31.0.jar
26/09/22 17:33:23 INFO Executor: Adding file:/tmp/spark-6e78af6f-386f-4de4-8544-c4c1347f659c/userFiles-b6ba7006-230d-48e9-ace2-ddbaa28326c1/org.checkerframework_checker-qual-3.31.0.jar to class loader default
26/09/22 17:33:23 INFO Utils: Successfully started service 'org.apache.spark.network.netty.NettyBlockTransferService' on port 36059.
26/09/22 17:33:23 INFO NettyBlockTransferService: Server created on 398971961f28:36059
26/09/22 17:33:23 INFO BlockManager: Using org.apache.spark.storage.RandomBlockReplicationPolicy for block replication policy
26/09/22 17:33:23 INFO BlockManagerMaster: Registering BlockManager BlockManagerId(driver, 398971961f28, 36059, None)
26/09/22 17:33:23 INFO BlockManagerMasterEndpoint: Registering block manager 398971961f28:36059 with 434.4 MiB RAM, BlockManagerId(driver, 398971961f28, 36059, None)
26/09/22 17:33:23 INFO BlockManagerMaster: Registered BlockManager BlockManagerId(driver, 398971961f28, 36059, None)
26/09/22 17:33:23 INFO BlockManager: Initialized BlockManager: BlockManagerId(driver, 398971961f28, 36059, None)
26/09/22 17:33:23 INFO SharedState: Setting hive.metastore.warehouse.dir ('null') to the value of spark.sql.warehouse.dir.
26/09/22 17:33:23 INFO SharedState: Warehouse path is 'file:/opt/airflow/spark-warehouse'.
26/09/22 17:33:24 INFO InMemoryFileIndex: It took 36 ms to list leaf files for 1 paths.
26/09/22 17:33:24 INFO SparkContext: Starting job: parquet at NativeMethodAccessorImpl.java:0
26/09/22 17:33:24 INFO DAGScheduler: Got job 0 (parquet at NativeMethodAccessorImpl.java:0) with 1 output partitions
26/09/22 17:33:24 INFO DAGScheduler: Final stage: ResultStage 0 (parquet at NativeMethodAccessorImpl.java:0)
26/09/22 17:33:24 INFO DAGScheduler: Parents of final stage: List()
26/09/22 17:33:24 INFO DAGScheduler: Missing parents: List()
26/09/22 17:33:24 INFO DAGScheduler: Submitting ResultStage 0 (MapPartitionsRDD[1] at parquet at NativeMethodAccessorImpl.java:0), which has no missing parents
26/09/22 17:33:24 INFO MemoryStore: Block broadcast_0 stored as values in memory (estimated size 104.5 KiB, free 434.3 MiB)
26/09/22 17:33:24 INFO MemoryStore: Block broadcast_0_piece0 stored as bytes in memory (estimated size 37.6 KiB, free 434.3 MiB)
26/09/22 17:33:24 INFO BlockManagerInfo: Added broadcast_0_piece0 in memory on 398971961f28:36059 (size: 37.6 KiB, free: 434.4 MiB)
26/09/22 17:33:24 INFO SparkContext: Created broadcast 0 from broadcast at DAGScheduler.scala:1585
26/09/22 17:33:24 INFO DAGScheduler: Submitting 1 missing tasks from ResultStage 0 (MapPartitionsRDD[1] at parquet at NativeMethodAccessorImpl.java:0) (first 15 tasks are for partitions Vector(0))
26/09/22 17:33:24 INFO TaskSchedulerImpl: Adding task set 0.0 with 1 tasks resource profile 0
26/09/22 17:33:24 INFO TaskSetManager: Starting task 0.0 in stage 0.0 (TID 0) (398971961f28, executor driver, partition 0, PROCESS_LOCAL, 8303 bytes) 
26/09/22 17:33:24 INFO Executor: Running task 0.0 in stage 0.0 (TID 0)
26/09/22 17:33:25 INFO Executor: Finished task 0.0 in stage 0.0 (TID 0). 2034 bytes result sent to driver
26/09/22 17:33:25 INFO TaskSetManager: Finished task 0.0 in stage 0.0 (TID 0) in 334 ms on 398971961f28 (executor driver) (1/1)
26/09/22 17:33:25 INFO TaskSchedulerImpl: Removed TaskSet 0.0, whose tasks have all completed, from pool 
26/09/22 17:33:25 INFO DAGScheduler: ResultStage 0 (parquet at NativeMethodAccessorImpl.java:0) finished in 0.474 s
26/09/22 17:33:25 INFO DAGScheduler: Job 0 is finished. Cancelling potential speculative or zombie tasks for this job
26/09/22 17:33:25 INFO TaskSchedulerImpl: Killing all running tasks in stage 0: Stage finished
26/09/22 17:33:25 INFO DAGScheduler: Job 0 finished: parquet at NativeMethodAccessorImpl.java:0, took 0.519946 s
26/09/22 17:33:25 INFO BlockManagerInfo: Removed broadcast_0_piece0 on 398971961f28:36059 in memory (size: 37.6 KiB, free: 434.4 MiB)
26/09/22 17:33:26 INFO FileSourceStrategy: Pushed Filters: 
26/09/22 17:33:26 INFO FileSourceStrategy: Post-Scan Filters: (((isnull(user_id#7) OR (cast(price#6 as float) <= 0.0)) OR isnull(event_type#1)) OR (event_type#1 = ))
26/09/22 17:33:26 INFO ParquetUtils: Using default output committer for Parquet: org.apache.parquet.hadoop.ParquetOutputCommitter
26/09/22 17:33:26 INFO FileOutputCommitter: File Output Committer Algorithm version is 1
26/09/22 17:33:26 INFO FileOutputCommitter: FileOutputCommitter skip cleanup _temporary folders under output directory:false, ignore cleanup failures: false
26/09/22 17:33:26 INFO SQLHadoopMapReduceCommitProtocol: Using user defined output committer class org.apache.parquet.hadoop.ParquetOutputCommitter
26/09/22 17:33:26 INFO FileOutputCommitter: File Output Committer Algorithm version is 1
26/09/22 17:33:26 INFO FileOutputCommitter: FileOutputCommitter skip cleanup _temporary folders under output directory:false, ignore cleanup failures: false
26/09/22 17:33:26 INFO SQLHadoopMapReduceCommitProtocol: Using output committer class org.apache.parquet.hadoop.ParquetOutputCommitter
26/09/22 17:33:26 INFO CodeGenerator: Code generated in 185.597412 ms
26/09/22 17:33:26 INFO MemoryStore: Block broadcast_1 stored as values in memory (estimated size 203.8 KiB, free 434.2 MiB)
26/09/22 17:33:26 INFO MemoryStore: Block broadcast_1_piece0 stored as bytes in memory (estimated size 35.7 KiB, free 434.2 MiB)
26/09/22 17:33:26 INFO BlockManagerInfo: Added broadcast_1_piece0 in memory on 398971961f28:36059 (size: 35.7 KiB, free: 434.4 MiB)
26/09/22 17:33:26 INFO SparkContext: Created broadcast 1 from parquet at NativeMethodAccessorImpl.java:0
26/09/22 17:33:26 INFO FileSourceScanExec: Planning scan with bin packing, max size: 6397935 bytes, open cost is considered as scanning 4194304 bytes.
26/09/22 17:33:26 INFO SparkContext: Starting job: parquet at NativeMethodAccessorImpl.java:0
26/09/22 17:33:26 INFO DAGScheduler: Got job 1 (parquet at NativeMethodAccessorImpl.java:0) with 7 output partitions
26/09/22 17:33:26 INFO DAGScheduler: Final stage: ResultStage 1 (parquet at NativeMethodAccessorImpl.java:0)
26/09/22 17:33:26 INFO DAGScheduler: Parents of final stage: List()
26/09/22 17:33:26 INFO DAGScheduler: Missing parents: List()
26/09/22 17:33:26 INFO DAGScheduler: Submitting ResultStage 1 (MapPartitionsRDD[5] at parquet at NativeMethodAccessorImpl.java:0), which has no missing parents
26/09/22 17:33:26 INFO MemoryStore: Block broadcast_2 stored as values in memory (estimated size 225.4 KiB, free 433.9 MiB)
26/09/22 17:33:26 INFO MemoryStore: Block broadcast_2_piece0 stored as bytes in memory (estimated size 79.5 KiB, free 433.9 MiB)
26/09/22 17:33:26 INFO BlockManagerInfo: Added broadcast_2_piece0 in memory on 398971961f28:36059 (size: 79.5 KiB, free: 434.3 MiB)
26/09/22 17:33:26 INFO SparkContext: Created broadcast 2 from broadcast at DAGScheduler.scala:1585
26/09/22 17:33:26 INFO DAGScheduler: Submitting 7 missing tasks from ResultStage 1 (MapPartitionsRDD[5] at parquet at NativeMethodAccessorImpl.java:0) (first 15 tasks are for partitions Vector(0, 1, 2, 3, 4, 5, 6))
26/09/22 17:33:26 INFO TaskSchedulerImpl: Adding task set 1.0 with 7 tasks resource profile 0
26/09/22 17:33:26 INFO TaskSetManager: Starting task 0.0 in stage 1.0 (TID 1) (398971961f28, executor driver, partition 0, PROCESS_LOCAL, 8810 bytes) 
26/09/22 17:33:26 INFO TaskSetManager: Starting task 1.0 in stage 1.0 (TID 2) (398971961f28, executor driver, partition 1, PROCESS_LOCAL, 8810 bytes) 
26/09/22 17:33:26 INFO TaskSetManager: Starting task 2.0 in stage 1.0 (TID 3) (398971961f28, executor driver, partition 2, PROCESS_LOCAL, 8810 bytes) 
26/09/22 17:33:26 INFO TaskSetManager: Starting task 3.0 in stage 1.0 (TID 4) (398971961f28, executor driver, partition 3, PROCESS_LOCAL, 8810 bytes) 
26/09/22 17:33:26 INFO TaskSetManager: Starting task 4.0 in stage 1.0 (TID 5) (398971961f28, executor driver, partition 4, PROCESS_LOCAL, 8810 bytes) 
26/09/22 17:33:26 INFO TaskSetManager: Starting task 5.0 in stage 1.0 (TID 6) (398971961f28, executor driver, partition 5, PROCESS_LOCAL, 8810 bytes) 
26/09/22 17:33:26 INFO TaskSetManager: Starting task 6.0 in stage 1.0 (TID 7) (398971961f28, executor driver, partition 6, PROCESS_LOCAL, 8810 bytes) 
26/09/22 17:33:26 INFO Executor: Running task 0.0 in stage 1.0 (TID 1)
26/09/22 17:33:26 INFO Executor: Running task 1.0 in stage 1.0 (TID 2)
26/09/22 17:33:26 INFO Executor: Running task 2.0 in stage 1.0 (TID 3)
26/09/22 17:33:26 INFO Executor: Running task 4.0 in stage 1.0 (TID 5)
26/09/22 17:33:26 INFO Executor: Running task 5.0 in stage 1.0 (TID 6)
26/09/22 17:33:26 INFO Executor: Running task 3.0 in stage 1.0 (TID 4)
26/09/22 17:33:26 INFO Executor: Running task 6.0 in stage 1.0 (TID 7)
26/09/22 17:33:26 INFO CodeGenerator: Code generated in 42.615213 ms
26/09/22 17:33:26 INFO FileOutputCommitter: File Output Committer Algorithm version is 1
26/09/22 17:33:26 INFO FileOutputCommitter: File Output Committer Algorithm version is 1
26/09/22 17:33:26 INFO FileOutputCommitter: File Output Committer Algorithm version is 1
26/09/22 17:33:26 INFO FileOutputCommitter: File Output Committer Algorithm version is 1
26/09/22 17:33:26 INFO FileOutputCommitter: FileOutputCommitter skip cleanup _temporary folders under output directory:false, ignore cleanup failures: false
26/09/22 17:33:26 INFO FileOutputCommitter: FileOutputCommitter skip cleanup _temporary folders under output directory:false, ignore cleanup failures: false
26/09/22 17:33:26 INFO FileOutputCommitter: FileOutputCommitter skip cleanup _temporary folders under output directory:false, ignore cleanup failures: false
26/09/22 17:33:26 INFO FileOutputCommitter: File Output Committer Algorithm version is 1
26/09/22 17:33:26 INFO FileOutputCommitter: FileOutputCommitter skip cleanup _temporary folders under output directory:false, ignore cleanup failures: false
26/09/22 17:33:26 INFO SQLHadoopMapReduceCommitProtocol: Using user defined output committer class org.apache.parquet.hadoop.ParquetOutputCommitter
26/09/22 17:33:26 INFO FileOutputCommitter: File Output Committer Algorithm version is 1
26/09/22 17:33:26 INFO FileOutputCommitter: FileOutputCommitter skip cleanup _temporary folders under output directory:false, ignore cleanup failures: false
26/09/22 17:33:26 INFO FileOutputCommitter: File Output Committer Algorithm version is 1
26/09/22 17:33:26 INFO SQLHadoopMapReduceCommitProtocol: Using user defined output committer class org.apache.parquet.hadoop.ParquetOutputCommitter
26/09/22 17:33:26 INFO SQLHadoopMapReduceCommitProtocol: Using user defined output committer class org.apache.parquet.hadoop.ParquetOutputCommitter
26/09/22 17:33:26 INFO FileOutputCommitter: FileOutputCommitter skip cleanup _temporary folders under output directory:false, ignore cleanup failures: false
26/09/22 17:33:26 INFO SQLHadoopMapReduceCommitProtocol: Using user defined output committer class org.apache.parquet.hadoop.ParquetOutputCommitter
26/09/22 17:33:26 INFO FileOutputCommitter: File Output Committer Algorithm version is 1
26/09/22 17:33:26 INFO FileOutputCommitter: FileOutputCommitter skip cleanup _temporary folders under output directory:false, ignore cleanup failures: false
26/09/22 17:33:26 INFO FileOutputCommitter: File Output Committer Algorithm version is 1
26/09/22 17:33:26 INFO FileOutputCommitter: FileOutputCommitter skip cleanup _temporary folders under output directory:false, ignore cleanup failures: false
26/09/22 17:33:26 INFO SQLHadoopMapReduceCommitProtocol: Using user defined output committer class org.apache.parquet.hadoop.ParquetOutputCommitter
26/09/22 17:33:26 INFO FileOutputCommitter: File Output Committer Algorithm version is 1
26/09/22 17:33:26 INFO FileOutputCommitter: File Output Committer Algorithm version is 1
26/09/22 17:33:26 INFO SQLHadoopMapReduceCommitProtocol: Using output committer class org.apache.parquet.hadoop.ParquetOutputCommitter
26/09/22 17:33:26 INFO FileOutputCommitter: FileOutputCommitter skip cleanup _temporary folders under output directory:false, ignore cleanup failures: false
26/09/22 17:33:26 INFO FileOutputCommitter: FileOutputCommitter skip cleanup _temporary folders under output directory:false, ignore cleanup failures: false
26/09/22 17:33:26 INFO SQLHadoopMapReduceCommitProtocol: Using output committer class org.apache.parquet.hadoop.ParquetOutputCommitter
26/09/22 17:33:26 INFO SQLHadoopMapReduceCommitProtocol: Using output committer class org.apache.parquet.hadoop.ParquetOutputCommitter
26/09/22 17:33:26 INFO FileOutputCommitter: FileOutputCommitter skip cleanup _temporary folders under output directory:false, ignore cleanup failures: false
26/09/22 17:33:26 INFO SQLHadoopMapReduceCommitProtocol: Using output committer class org.apache.parquet.hadoop.ParquetOutputCommitter
26/09/22 17:33:26 INFO SQLHadoopMapReduceCommitProtocol: Using user defined output committer class org.apache.parquet.hadoop.ParquetOutputCommitter
26/09/22 17:33:26 INFO FileScanRDD: Reading File path: file:///opt/airflow/data/lake/raw/events/2019-Oct/event_date=2019-10-01/part-00000-e6dbecb7-a75e-4a1e-be16-8089c329fa2c.c000.snappy.parquet, range: 6397935-12795870, partition values: [empty row]
26/09/22 17:33:26 INFO SQLHadoopMapReduceCommitProtocol: Using user defined output committer class org.apache.parquet.hadoop.ParquetOutputCommitter
26/09/22 17:33:26 INFO FileOutputCommitter: File Output Committer Algorithm version is 1
26/09/22 17:33:26 INFO FileOutputCommitter: File Output Committer Algorithm version is 1
26/09/22 17:33:26 INFO FileOutputCommitter: FileOutputCommitter skip cleanup _temporary folders under output directory:false, ignore cleanup failures: false
26/09/22 17:33:26 INFO FileScanRDD: Reading File path: file:///opt/airflow/data/lake/raw/events/2019-Oct/event_date=2019-10-01/part-00000-e6dbecb7-a75e-4a1e-be16-8089c329fa2c.c000.snappy.parquet, range: 19193805-25591740, partition values: [empty row]
26/09/22 17:33:26 INFO FileScanRDD: Reading File path: file:///opt/airflow/data/lake/raw/events/2019-Oct/event_date=2019-10-01/part-00000-e6dbecb7-a75e-4a1e-be16-8089c329fa2c.c000.snappy.parquet, range: 25591740-31989675, partition values: [empty row]
26/09/22 17:33:26 INFO FileOutputCommitter: File Output Committer Algorithm version is 1
26/09/22 17:33:26 INFO FileOutputCommitter: FileOutputCommitter skip cleanup _temporary folders under output directory:false, ignore cleanup failures: false
26/09/22 17:33:26 INFO SQLHadoopMapReduceCommitProtocol: Using output committer class org.apache.parquet.hadoop.ParquetOutputCommitter
26/09/22 17:33:26 INFO FileScanRDD: Reading File path: file:///opt/airflow/data/lake/raw/events/2019-Oct/event_date=2019-10-01/part-00000-e6dbecb7-a75e-4a1e-be16-8089c329fa2c.c000.snappy.parquet, range: 12795870-19193805, partition values: [empty row]
26/09/22 17:33:26 INFO FileOutputCommitter: FileOutputCommitter skip cleanup _temporary folders under output directory:false, ignore cleanup failures: false
26/09/22 17:33:26 INFO SQLHadoopMapReduceCommitProtocol: Using output committer class org.apache.parquet.hadoop.ParquetOutputCommitter
26/09/22 17:33:26 INFO FileScanRDD: Reading File path: file:///opt/airflow/data/lake/raw/events/2019-Oct/event_date=2019-10-01/part-00001-e6dbecb7-a75e-4a1e-be16-8089c329fa2c.c000.snappy.parquet, range: 0-6024092, partition values: [empty row]
26/09/22 17:33:26 INFO SQLHadoopMapReduceCommitProtocol: Using output committer class org.apache.parquet.hadoop.ParquetOutputCommitter
26/09/22 17:33:26 INFO FileScanRDD: Reading File path: file:///opt/airflow/data/lake/raw/events/2019-Oct/event_date=2019-10-01/part-00000-e6dbecb7-a75e-4a1e-be16-8089c329fa2c.c000.snappy.parquet, range: 31989675-36770786, partition values: [empty row]
26/09/22 17:33:26 INFO CodecConfig: Compression: SNAPPY
26/09/22 17:33:26 INFO CodecConfig: Compression: SNAPPY
26/09/22 17:33:27 INFO ParquetOutputFormat: ParquetRecordWriter [block size: 134217728b, row group padding size: 8388608b, validating: false]
26/09/22 17:33:27 INFO ParquetWriteSupport: Initialized Parquet WriteSupport with Catalyst schema:
{
  "type" : "struct",
  "fields" : [ {
    "name" : "event_time",
    "type" : "string",
    "nullable" : true,
    "metadata" : { }
  }, {
    "name" : "event_type",
    "type" : "string",
    "nullable" : true,
    "metadata" : { }
  }, {
    "name" : "product_id",
    "type" : "string",
    "nullable" : true,
    "metadata" : { }
  }, {
    "name" : "category_id",
    "type" : "string",
    "nullable" : true,
    "metadata" : { }
  }, {
    "name" : "category_code",
    "type" : "string",
    "nullable" : true,
    "metadata" : { }
  }, {
    "name" : "brand",
    "type" : "string",
    "nullable" : true,
    "metadata" : { }
  }, {
    "name" : "price",
    "type" : "string",
    "nullable" : true,
    "metadata" : { }
  }, {
    "name" : "user_id",
    "type" : "string",
    "nullable" : true,
    "metadata" : { }
  }, {
    "name" : "user_session",
    "type" : "string",
    "nullable" : true,
    "metadata" : { }
  } ]
}
and corresponding Parquet message type:
message spark_schema {
  optional binary event_time (STRING);
  optional binary event_type (STRING);
  optional binary product_id (STRING);
  optional binary category_id (STRING);
  optional binary category_code (STRING);
  optional binary brand (STRING);
  optional binary price (STRING);
  optional binary user_id (STRING);
  optional binary user_session (STRING);
}

       
26/09/22 17:33:27 INFO SparkHadoopMapRedUtil: No need to commit output of task because needsTaskCommit=false: attempt_202609221733262870987699093936484_0001_m_000003_4
26/09/22 17:33:27 INFO SparkHadoopMapRedUtil: No need to commit output of task because needsTaskCommit=false: attempt_202609221733262870987699093936484_0001_m_000001_2
26/09/22 17:33:27 INFO SparkHadoopMapRedUtil: No need to commit output of task because needsTaskCommit=false: attempt_202609221733262870987699093936484_0001_m_000004_5
26/09/22 17:33:27 INFO SparkHadoopMapRedUtil: No need to commit output of task because needsTaskCommit=false: attempt_202609221733262870987699093936484_0001_m_000006_7
26/09/22 17:33:27 INFO Executor: Finished task 3.0 in stage 1.0 (TID 4). 2748 bytes result sent to driver
26/09/22 17:33:27 INFO Executor: Finished task 1.0 in stage 1.0 (TID 2). 2748 bytes result sent to driver
26/09/22 17:33:27 INFO TaskSetManager: Finished task 3.0 in stage 1.0 (TID 4) in 285 ms on 398971961f28 (executor driver) (1/7)
26/09/22 17:33:27 INFO TaskSetManager: Finished task 1.0 in stage 1.0 (TID 2) in 290 ms on 398971961f28 (executor driver) (2/7)
26/09/22 17:33:27 INFO CodecPool: Got brand-new compressor [.snappy]
26/09/22 17:33:27 INFO Executor: Finished task 6.0 in stage 1.0 (TID 7). 2748 bytes result sent to driver
26/09/22 17:33:27 INFO Executor: Finished task 4.0 in stage 1.0 (TID 5). 2748 bytes result sent to driver
26/09/22 17:33:27 INFO TaskSetManager: Finished task 6.0 in stage 1.0 (TID 7) in 297 ms on 398971961f28 (executor driver) (3/7)
26/09/22 17:33:27 INFO TaskSetManager: Finished task 4.0 in stage 1.0 (TID 5) in 300 ms on 398971961f28 (executor driver) (4/7)
26/09/22 17:33:27 INFO CodecPool: Got brand-new decompressor [.snappy]
26/09/22 17:33:27 INFO CodecPool: Got brand-new decompressor [.snappy]
26/09/22 17:33:27 INFO FileScanRDD: Reading File path: file:///opt/airflow/data/lake/raw/events/2019-Oct/event_date=2019-10-01/part-00000-e6dbecb7-a75e-4a1e-be16-8089c329fa2c.c000.snappy.parquet, range: 0-6397935, partition values: [empty row]
26/09/22 17:33:27 INFO CodecConfig: Compression: SNAPPY
26/09/22 17:33:27 INFO CodecConfig: Compression: SNAPPY
26/09/22 17:33:27 INFO ParquetOutputFormat: ParquetRecordWriter [block size: 134217728b, row group padding size: 8388608b, validating: false]
26/09/22 17:33:27 INFO ParquetWriteSupport: Initialized Parquet WriteSupport with Catalyst schema:
{
  "type" : "struct",
  "fields" : [ {
    "name" : "event_time",
    "type" : "string",
    "nullable" : true,
    "metadata" : { }
  }, {
    "name" : "event_type",
    "type" : "string",
    "nullable" : true,
    "metadata" : { }
  }, {
    "name" : "product_id",
    "type" : "string",
    "nullable" : true,
    "metadata" : { }
  }, {
    "name" : "category_id",
    "type" : "string",
    "nullable" : true,
    "metadata" : { }
  }, {
    "name" : "category_code",
    "type" : "string",
    "nullable" : true,
    "metadata" : { }
  }, {
    "name" : "brand",
    "type" : "string",
    "nullable" : true,
    "metadata" : { }
  }, {
    "name" : "price",
    "type" : "string",
    "nullable" : true,
    "metadata" : { }
  }, {
    "name" : "user_id",
    "type" : "string",
    "nullable" : true,
    "metadata" : { }
  }, {
    "name" : "user_session",
    "type" : "string",
    "nullable" : true,
    "metadata" : { }
  } ]
}
and corresponding Parquet message type:
message spark_schema {
  optional binary event_time (STRING);
  optional binary event_type (STRING);
  optional binary product_id (STRING);
  optional binary category_id (STRING);
  optional binary category_code (STRING);
  optional binary brand (STRING);
  optional binary price (STRING);
  optional binary user_id (STRING);
  optional binary user_session (STRING);
}

       
26/09/22 17:33:27 INFO CodecConfig: Compression: SNAPPY
26/09/22 17:33:27 INFO CodecConfig: Compression: SNAPPY
26/09/22 17:33:27 INFO ParquetOutputFormat: ParquetRecordWriter [block size: 134217728b, row group padding size: 8388608b, validating: false]
26/09/22 17:33:27 INFO ParquetWriteSupport: Initialized Parquet WriteSupport with Catalyst schema:
{
  "type" : "struct",
  "fields" : [ {
    "name" : "event_time",
    "type" : "string",
    "nullable" : true,
    "metadata" : { }
  }, {
    "name" : "event_type",
    "type" : "string",
    "nullable" : true,
    "metadata" : { }
  }, {
    "name" : "product_id",
    "type" : "string",
    "nullable" : true,
    "metadata" : { }
  }, {
    "name" : "category_id",
    "type" : "string",
    "nullable" : true,
    "metadata" : { }
  }, {
    "name" : "category_code",
    "type" : "string",
    "nullable" : true,
    "metadata" : { }
  }, {
    "name" : "brand",
    "type" : "string",
    "nullable" : true,
    "metadata" : { }
  }, {
    "name" : "price",
    "type" : "string",
    "nullable" : true,
    "metadata" : { }
  }, {
    "name" : "user_id",
    "type" : "string",
    "nullable" : true,
    "metadata" : { }
  }, {
    "name" : "user_session",
    "type" : "string",
    "nullable" : true,
    "metadata" : { }
  } ]
}
and corresponding Parquet message type:
message spark_schema {
  optional binary event_time (STRING);
  optional binary event_type (STRING);
  optional binary product_id (STRING);
  optional binary category_id (STRING);
  optional binary category_code (STRING);
  optional binary brand (STRING);
  optional binary price (STRING);
  optional binary user_id (STRING);
  optional binary user_session (STRING);
}

       
26/09/22 17:33:27 INFO FileOutputCommitter: Saved output of task 'attempt_202609221733262870987699093936484_0001_m_000000_1' to file:/opt/airflow/data/lake/rejected/events/2019-10-01/_temporary/0/task_202609221733262870987699093936484_0001_m_000000
26/09/22 17:33:27 INFO SparkHadoopMapRedUtil: attempt_202609221733262870987699093936484_0001_m_000000_1: Committed. Elapsed time: 1 ms.
26/09/22 17:33:27 INFO Executor: Finished task 0.0 in stage 1.0 (TID 1). 2748 bytes result sent to driver
26/09/22 17:33:27 INFO TaskSetManager: Finished task 0.0 in stage 1.0 (TID 1) in 497 ms on 398971961f28 (executor driver) (5/7)
26/09/22 17:33:27 INFO CodecPool: Got brand-new compressor [.snappy]
26/09/22 17:33:27 INFO FileOutputCommitter: Saved output of task 'attempt_202609221733262870987699093936484_0001_m_000005_6' to file:/opt/airflow/data/lake/rejected/events/2019-10-01/_temporary/0/task_202609221733262870987699093936484_0001_m_000005
26/09/22 17:33:27 INFO SparkHadoopMapRedUtil: attempt_202609221733262870987699093936484_0001_m_000005_6: Committed. Elapsed time: 0 ms.
26/09/22 17:33:27 INFO Executor: Finished task 5.0 in stage 1.0 (TID 6). 2877 bytes result sent to driver
26/09/22 17:33:27 INFO TaskSetManager: Finished task 5.0 in stage 1.0 (TID 6) in 883 ms on 398971961f28 (executor driver) (6/7)
26/09/22 17:33:28 INFO FileOutputCommitter: Saved output of task 'attempt_202609221733262870987699093936484_0001_m_000002_3' to file:/opt/airflow/data/lake/rejected/events/2019-10-01/_temporary/0/task_202609221733262870987699093936484_0001_m_000002
26/09/22 17:33:28 INFO SparkHadoopMapRedUtil: attempt_202609221733262870987699093936484_0001_m_000002_3: Committed. Elapsed time: 0 ms.
26/09/22 17:33:28 INFO Executor: Finished task 2.0 in stage 1.0 (TID 3). 2834 bytes result sent to driver
26/09/22 17:33:28 INFO TaskSetManager: Finished task 2.0 in stage 1.0 (TID 3) in 1279 ms on 398971961f28 (executor driver) (7/7)
26/09/22 17:33:28 INFO TaskSchedulerImpl: Removed TaskSet 1.0, whose tasks have all completed, from pool 
26/09/22 17:33:28 INFO DAGScheduler: ResultStage 1 (parquet at NativeMethodAccessorImpl.java:0) finished in 1.364 s
26/09/22 17:33:28 INFO DAGScheduler: Job 1 is finished. Cancelling potential speculative or zombie tasks for this job
26/09/22 17:33:28 INFO TaskSchedulerImpl: Killing all running tasks in stage 1: Stage finished
26/09/22 17:33:28 INFO DAGScheduler: Job 1 finished: parquet at NativeMethodAccessorImpl.java:0, took 1.370083 s
26/09/22 17:33:28 INFO FileFormatWriter: Start to commit write Job d9eaf2dc-3507-43f1-973a-f62a70af5b3a.
26/09/22 17:33:28 INFO FileFormatWriter: Write Job d9eaf2dc-3507-43f1-973a-f62a70af5b3a committed. Elapsed time: 13 ms.
26/09/22 17:33:28 INFO FileFormatWriter: Finished processing stats for write job d9eaf2dc-3507-43f1-973a-f62a70af5b3a.
26/09/22 17:33:28 INFO SparkContext: Invoking stop() from shutdown hook
26/09/22 17:33:28 INFO SparkContext: SparkContext is stopping with exitCode 0.
26/09/22 17:33:28 INFO SparkUI: Stopped Spark web UI at http://398971961f28:4040
26/09/22 17:33:28 INFO MapOutputTrackerMasterEndpoint: MapOutputTrackerMasterEndpoint stopped!
26/09/22 17:33:28 INFO MemoryStore: MemoryStore cleared
26/09/22 17:33:28 INFO BlockManager: BlockManager stopped
26/09/22 17:33:28 INFO BlockManagerMaster: BlockManagerMaster stopped
26/09/22 17:33:28 INFO OutputCommitCoordinator$OutputCommitCoordinatorEndpoint: OutputCommitCoordinator stopped!
26/09/22 17:33:28 INFO SparkContext: Successfully stopped SparkContext
26/09/22 17:33:28 INFO ShutdownHookManager: Shutdown hook called
26/09/22 17:33:28 INFO ShutdownHookManager: Deleting directory /tmp/spark-6e78af6f-386f-4de4-8544-c4c1347f659c
26/09/22 17:33:28 INFO ShutdownHookManager: Deleting directory /tmp/spark-6e78af6f-386f-4de4-8544-c4c1347f659c/pyspark-be440d88-83fe-4460-ae6e-7fc4a4c099e2
26/09/22 17:33:28 INFO ShutdownHookManager: Deleting directory /tmp/spark-8077c60a-a3ea-4def-b23a-725e4221a01d

[2026-09-22T17:33:28.596+0000] {taskinstance.py:441} INFO - ::group::Post task execution logs
[2026-09-22T17:33:28.597+0000] {taskinstance.py:2905} ERROR - Task failed with exception
Traceback (most recent call last):
  File "/home/airflow/.local/lib/python3.11/site-packages/airflow/models/taskinstance.py", line 465, in _execute_task
    result = _execute_callable(context=context, **execute_callable_kwargs)
             ^^^^^^^^^^^^^^^^^^^^^^^^^^^^^^^^^^^^^^^^^^^^^^^^^^^^^^^^^^^^^
  File "/home/airflow/.local/lib/python3.11/site-packages/airflow/models/taskinstance.py", line 432, in _execute_callable
    return execute_callable(context=context, **execute_callable_kwargs)
           ^^^^^^^^^^^^^^^^^^^^^^^^^^^^^^^^^^^^^^^^^^^^^^^^^^^^^^^^^^^^
  File "/home/airflow/.local/lib/python3.11/site-packages/airflow/models/baseoperator.py", line 401, in wrapper
    return func(self, *args, **kwargs)
           ^^^^^^^^^^^^^^^^^^^^^^^^^^^
  File "/home/airflow/.local/lib/python3.11/site-packages/airflow/decorators/base.py", line 265, in execute
    return_value = super().execute(context)
                   ^^^^^^^^^^^^^^^^^^^^^^^^
  File "/home/airflow/.local/lib/python3.11/site-packages/airflow/models/baseoperator.py", line 401, in wrapper
    return func(self, *args, **kwargs)
           ^^^^^^^^^^^^^^^^^^^^^^^^^^^
  File "/home/airflow/.local/lib/python3.11/site-packages/airflow/operators/python.py", line 235, in execute
    return_value = self.execute_callable()
                   ^^^^^^^^^^^^^^^^^^^^^^^
  File "/home/airflow/.local/lib/python3.11/site-packages/airflow/operators/python.py", line 252, in execute_callable
    return self.python_callable(*self.op_args, **self.op_kwargs)
           ^^^^^^^^^^^^^^^^^^^^^^^^^^^^^^^^^^^^^^^^^^^^^^^^^^^^^
  File "/opt/airflow/dags/etl.py", line 68, in extract
    raise e
  File "/opt/airflow/dags/etl.py", line 59, in extract
    script_run = subprocess.run([
                 ^^^^^^^^^^^^^^^^
  File "/usr/local/lib/python3.11/subprocess.py", line 571, in run
    raise CalledProcessError(retcode, process.args,
subprocess.CalledProcessError: Command '['spark-submit', '--packages', 'org.postgresql:postgresql:42.6.0', '/opt/airflow/dags/daily_etl.py', '2019-10-01']' returned non-zero exit status 1.
[2026-09-22T17:33:28.603+0000] {taskinstance.py:1206} INFO - Marking task as UP_FOR_RETRY. dag_id=ecommerce_data, task_id=extract, run_id=scheduled__2019-10-01T00:00:00+00:00, execution_date=20191001T000000, start_date=20260922T173319, end_date=20260922T173328
[2026-09-22T17:33:28.614+0000] {standard_task_runner.py:110} ERROR - Failed to execute job 27 for task extract (Command '['spark-submit', '--packages', 'org.postgresql:postgresql:42.6.0', '/opt/airflow/dags/daily_etl.py', '2019-10-01']' returned non-zero exit status 1.; 2946)
[2026-09-22T17:33:28.646+0000] {local_task_job_runner.py:240} INFO - Task exited with return code 1
[2026-09-22T17:33:28.661+0000] {taskinstance.py:3503} INFO - 0 downstream tasks scheduled from follow-on schedule check
[2026-09-22T17:33:28.661+0000] {local_task_job_runner.py:222} INFO - ::endgroup::
[2026-09-22T17:41:31.411+0000] {local_task_job_runner.py:120} INFO - ::group::Pre task execution logs
[2026-09-22T17:41:31.429+0000] {taskinstance.py:2076} INFO - Dependencies all met for dep_context=non-requeueable deps ti=<TaskInstance: ecommerce_data.extract scheduled__2019-10-01T00:00:00+00:00 [queued]>
[2026-09-22T17:41:31.434+0000] {taskinstance.py:2076} INFO - Dependencies all met for dep_context=requeueable deps ti=<TaskInstance: ecommerce_data.extract scheduled__2019-10-01T00:00:00+00:00 [queued]>
[2026-09-22T17:41:31.434+0000] {taskinstance.py:2306} INFO - Starting attempt 3 of 4
[2026-09-22T17:41:31.444+0000] {taskinstance.py:2330} INFO - Executing <Task(_PythonDecoratedOperator): extract> on 2019-10-01 00:00:00+00:00
[2026-09-22T17:41:31.450+0000] {standard_task_runner.py:63} INFO - Started process 6200 to run task
[2026-09-22T17:41:31.452+0000] {standard_task_runner.py:90} INFO - Running: ['airflow', 'tasks', 'run', 'ecommerce_data', 'extract', 'scheduled__2019-10-01T00:00:00+00:00', '--job-id', '57', '--raw', '--subdir', 'DAGS_FOLDER/etl.py', '--cfg-path', '/tmp/tmpxtg877jt']
[2026-09-22T17:41:31.453+0000] {standard_task_runner.py:91} INFO - Job 57: Subtask extract
[2026-09-22T17:41:31.487+0000] {task_command.py:426} INFO - Running <TaskInstance: ecommerce_data.extract scheduled__2019-10-01T00:00:00+00:00 [running]> on host 398971961f28
[2026-09-22T17:41:31.538+0000] {taskinstance.py:2648} INFO - Exporting env vars: AIRFLOW_CTX_DAG_OWNER='airflow' AIRFLOW_CTX_DAG_ID='ecommerce_data' AIRFLOW_CTX_TASK_ID='extract' AIRFLOW_CTX_EXECUTION_DATE='2019-10-01T00:00:00+00:00' AIRFLOW_CTX_TRY_NUMBER='3' AIRFLOW_CTX_DAG_RUN_ID='scheduled__2019-10-01T00:00:00+00:00'
[2026-09-22T17:41:31.539+0000] {taskinstance.py:430} INFO - ::endgroup::
[2026-09-22T17:41:31.542+0000] {base.py:84} INFO - Using connection ID 'postgres_conn_id' for task execution.
[2026-09-22T17:41:40.725+0000] {etl.py:77} ERROR - === STDOUT ===
:: loading settings :: url = jar:file:/home/airflow/.local/lib/python3.11/site-packages/pyspark/jars/ivy-2.5.1.jar!/org/apache/ivy/core/settings/ivysettings.xml
Traceback (most recent call last):
  File "/opt/airflow/dags/daily_etl.py", line 69, in <module>
    .save()
     ^^^^^^
  File "/home/airflow/.local/lib/python3.11/site-packages/pyspark/python/lib/pyspark.zip/pyspark/sql/readwriter.py", line 1461, in save
  File "/home/airflow/.local/lib/python3.11/site-packages/pyspark/python/lib/py4j-0.10.9.7-src.zip/py4j/java_gateway.py", line 1322, in __call__
  File "/home/airflow/.local/lib/python3.11/site-packages/pyspark/python/lib/pyspark.zip/pyspark/errors/exceptions/captured.py", line 185, in deco
pyspark.errors.exceptions.captured.AnalysisException: Column total_views not found in schema Some(StructType(StructField(user_id,StringType,true),StructField(total_events,LongType,false),StructField(total_spent,DoubleType,true),StructField(country,StringType,true),StructField(event_date,DateType,true))).

[2026-09-22T17:41:40.725+0000] {etl.py:78} ERROR - === STDERR ===
/home/airflow/.local/lib/python3.11/site-packages/pyspark/bin/load-spark-env.sh: line 68: ps: command not found
Ivy Default Cache set to: /home/airflow/.ivy2/cache
The jars for the packages stored in: /home/airflow/.ivy2/jars
org.postgresql#postgresql added as a dependency
:: resolving dependencies :: org.apache.spark#spark-submit-parent-095767f4-0c14-4dca-a221-f934c71fc5d1;1.0
	confs: [default]
	found org.postgresql#postgresql;42.6.0 in central
	found org.checkerframework#checker-qual;3.31.0 in central
:: resolution report :: resolve 133ms :: artifacts dl 5ms
	:: modules in use:
	org.checkerframework#checker-qual;3.31.0 from central in [default]
	org.postgresql#postgresql;42.6.0 from central in [default]
	---------------------------------------------------------------------
	|                  |            modules            ||   artifacts   |
	|       conf       | number| search|dwnlded|evicted|| number|dwnlded|
	---------------------------------------------------------------------
	|      default     |   2   |   0   |   0   |   0   ||   2   |   0   |
	---------------------------------------------------------------------
:: retrieving :: org.apache.spark#spark-submit-parent-095767f4-0c14-4dca-a221-f934c71fc5d1
	confs: [default]
	0 artifacts copied, 2 already retrieved (0kB/5ms)
26/09/22 17:41:33 WARN NativeCodeLoader: Unable to load native-hadoop library for your platform... using builtin-java classes where applicable
26/09/22 17:41:34 INFO SparkContext: Running Spark version 3.5.1
26/09/22 17:41:34 INFO SparkContext: OS info Linux, 7.0.0-31-generic, amd64
26/09/22 17:41:34 INFO SparkContext: Java version 17.0.20.1
26/09/22 17:41:34 INFO ResourceUtils: ==============================================================
26/09/22 17:41:34 INFO ResourceUtils: No custom resources configured for spark.driver.
26/09/22 17:41:34 INFO ResourceUtils: ==============================================================
26/09/22 17:41:34 INFO SparkContext: Submitted application: Daily_ecommerce
26/09/22 17:41:34 INFO ResourceProfile: Default ResourceProfile created, executor resources: Map(cores -> name: cores, amount: 1, script: , vendor: , memory -> name: memory, amount: 1024, script: , vendor: , offHeap -> name: offHeap, amount: 0, script: , vendor: ), task resources: Map(cpus -> name: cpus, amount: 1.0)
26/09/22 17:41:34 INFO ResourceProfile: Limiting resource is cpu
26/09/22 17:41:34 INFO ResourceProfileManager: Added ResourceProfile id: 0
26/09/22 17:41:34 INFO SecurityManager: Changing view acls to: airflow
26/09/22 17:41:34 INFO SecurityManager: Changing modify acls to: airflow
26/09/22 17:41:34 INFO SecurityManager: Changing view acls groups to: 
26/09/22 17:41:34 INFO SecurityManager: Changing modify acls groups to: 
26/09/22 17:41:34 INFO SecurityManager: SecurityManager: authentication disabled; ui acls disabled; users with view permissions: airflow; groups with view permissions: EMPTY; users with modify permissions: airflow; groups with modify permissions: EMPTY
26/09/22 17:41:34 INFO Utils: Successfully started service 'sparkDriver' on port 36655.
26/09/22 17:41:34 INFO SparkEnv: Registering MapOutputTracker
26/09/22 17:41:34 INFO SparkEnv: Registering BlockManagerMaster
26/09/22 17:41:34 INFO BlockManagerMasterEndpoint: Using org.apache.spark.storage.DefaultTopologyMapper for getting topology information
26/09/22 17:41:34 INFO BlockManagerMasterEndpoint: BlockManagerMasterEndpoint up
26/09/22 17:41:34 INFO SparkEnv: Registering BlockManagerMasterHeartbeat
26/09/22 17:41:34 INFO DiskBlockManager: Created local directory at /tmp/blockmgr-baf2ee67-4527-483e-8c9f-071647e2181d
26/09/22 17:41:34 INFO MemoryStore: MemoryStore started with capacity 434.4 MiB
26/09/22 17:41:34 INFO SparkEnv: Registering OutputCommitCoordinator
26/09/22 17:41:34 INFO JettyUtils: Start Jetty 0.0.0.0:4040 for SparkUI
26/09/22 17:41:34 INFO Utils: Successfully started service 'SparkUI' on port 4040.
26/09/22 17:41:34 INFO SparkContext: Added JAR file:///home/airflow/.ivy2/jars/org.postgresql_postgresql-42.6.0.jar at spark://398971961f28:36655/jars/org.postgresql_postgresql-42.6.0.jar with timestamp 1790098894342
26/09/22 17:41:34 INFO SparkContext: Added JAR file:///home/airflow/.ivy2/jars/org.checkerframework_checker-qual-3.31.0.jar at spark://398971961f28:36655/jars/org.checkerframework_checker-qual-3.31.0.jar with timestamp 1790098894342
26/09/22 17:41:34 INFO SparkContext: Added file file:///home/airflow/.ivy2/jars/org.postgresql_postgresql-42.6.0.jar at file:///home/airflow/.ivy2/jars/org.postgresql_postgresql-42.6.0.jar with timestamp 1790098894342
26/09/22 17:41:34 INFO Utils: Copying /home/airflow/.ivy2/jars/org.postgresql_postgresql-42.6.0.jar to /tmp/spark-3b47aea7-7587-4dcd-a0b2-85ff02a0cf5f/userFiles-017da211-e450-4a4a-9d91-c5b81601948e/org.postgresql_postgresql-42.6.0.jar
26/09/22 17:41:34 INFO SparkContext: Added file file:///home/airflow/.ivy2/jars/org.checkerframework_checker-qual-3.31.0.jar at file:///home/airflow/.ivy2/jars/org.checkerframework_checker-qual-3.31.0.jar with timestamp 1790098894342
26/09/22 17:41:34 INFO Utils: Copying /home/airflow/.ivy2/jars/org.checkerframework_checker-qual-3.31.0.jar to /tmp/spark-3b47aea7-7587-4dcd-a0b2-85ff02a0cf5f/userFiles-017da211-e450-4a4a-9d91-c5b81601948e/org.checkerframework_checker-qual-3.31.0.jar
26/09/22 17:41:35 INFO Executor: Starting executor ID driver on host 398971961f28
26/09/22 17:41:35 INFO Executor: OS info Linux, 7.0.0-31-generic, amd64
26/09/22 17:41:35 INFO Executor: Java version 17.0.20.1
26/09/22 17:41:35 INFO Executor: Starting executor with user classpath (userClassPathFirst = false): ''
26/09/22 17:41:35 INFO Executor: Created or updated repl class loader org.apache.spark.util.MutableURLClassLoader@70b8e4c5 for default.
26/09/22 17:41:35 INFO Executor: Fetching file:///home/airflow/.ivy2/jars/org.checkerframework_checker-qual-3.31.0.jar with timestamp 1790098894342
26/09/22 17:41:35 INFO Utils: /home/airflow/.ivy2/jars/org.checkerframework_checker-qual-3.31.0.jar has been previously copied to /tmp/spark-3b47aea7-7587-4dcd-a0b2-85ff02a0cf5f/userFiles-017da211-e450-4a4a-9d91-c5b81601948e/org.checkerframework_checker-qual-3.31.0.jar
26/09/22 17:41:35 INFO Executor: Fetching file:///home/airflow/.ivy2/jars/org.postgresql_postgresql-42.6.0.jar with timestamp 1790098894342
26/09/22 17:41:35 INFO Utils: /home/airflow/.ivy2/jars/org.postgresql_postgresql-42.6.0.jar has been previously copied to /tmp/spark-3b47aea7-7587-4dcd-a0b2-85ff02a0cf5f/userFiles-017da211-e450-4a4a-9d91-c5b81601948e/org.postgresql_postgresql-42.6.0.jar
26/09/22 17:41:35 INFO Executor: Fetching spark://398971961f28:36655/jars/org.postgresql_postgresql-42.6.0.jar with timestamp 1790098894342
26/09/22 17:41:35 INFO TransportClientFactory: Successfully created connection to 398971961f28/172.21.0.3:36655 after 19 ms (0 ms spent in bootstraps)
26/09/22 17:41:35 INFO Utils: Fetching spark://398971961f28:36655/jars/org.postgresql_postgresql-42.6.0.jar to /tmp/spark-3b47aea7-7587-4dcd-a0b2-85ff02a0cf5f/userFiles-017da211-e450-4a4a-9d91-c5b81601948e/fetchFileTemp1529705704163877563.tmp
26/09/22 17:41:35 INFO Utils: /tmp/spark-3b47aea7-7587-4dcd-a0b2-85ff02a0cf5f/userFiles-017da211-e450-4a4a-9d91-c5b81601948e/fetchFileTemp1529705704163877563.tmp has been previously copied to /tmp/spark-3b47aea7-7587-4dcd-a0b2-85ff02a0cf5f/userFiles-017da211-e450-4a4a-9d91-c5b81601948e/org.postgresql_postgresql-42.6.0.jar
26/09/22 17:41:35 INFO Executor: Adding file:/tmp/spark-3b47aea7-7587-4dcd-a0b2-85ff02a0cf5f/userFiles-017da211-e450-4a4a-9d91-c5b81601948e/org.postgresql_postgresql-42.6.0.jar to class loader default
26/09/22 17:41:35 INFO Executor: Fetching spark://398971961f28:36655/jars/org.checkerframework_checker-qual-3.31.0.jar with timestamp 1790098894342
26/09/22 17:41:35 INFO Utils: Fetching spark://398971961f28:36655/jars/org.checkerframework_checker-qual-3.31.0.jar to /tmp/spark-3b47aea7-7587-4dcd-a0b2-85ff02a0cf5f/userFiles-017da211-e450-4a4a-9d91-c5b81601948e/fetchFileTemp17221657989257385272.tmp
26/09/22 17:41:35 INFO Utils: /tmp/spark-3b47aea7-7587-4dcd-a0b2-85ff02a0cf5f/userFiles-017da211-e450-4a4a-9d91-c5b81601948e/fetchFileTemp17221657989257385272.tmp has been previously copied to /tmp/spark-3b47aea7-7587-4dcd-a0b2-85ff02a0cf5f/userFiles-017da211-e450-4a4a-9d91-c5b81601948e/org.checkerframework_checker-qual-3.31.0.jar
26/09/22 17:41:35 INFO Executor: Adding file:/tmp/spark-3b47aea7-7587-4dcd-a0b2-85ff02a0cf5f/userFiles-017da211-e450-4a4a-9d91-c5b81601948e/org.checkerframework_checker-qual-3.31.0.jar to class loader default
26/09/22 17:41:35 INFO Utils: Successfully started service 'org.apache.spark.network.netty.NettyBlockTransferService' on port 33429.
26/09/22 17:41:35 INFO NettyBlockTransferService: Server created on 398971961f28:33429
26/09/22 17:41:35 INFO BlockManager: Using org.apache.spark.storage.RandomBlockReplicationPolicy for block replication policy
26/09/22 17:41:35 INFO BlockManagerMaster: Registering BlockManager BlockManagerId(driver, 398971961f28, 33429, None)
26/09/22 17:41:35 INFO BlockManagerMasterEndpoint: Registering block manager 398971961f28:33429 with 434.4 MiB RAM, BlockManagerId(driver, 398971961f28, 33429, None)
26/09/22 17:41:35 INFO BlockManagerMaster: Registered BlockManager BlockManagerId(driver, 398971961f28, 33429, None)
26/09/22 17:41:35 INFO BlockManager: Initialized BlockManager: BlockManagerId(driver, 398971961f28, 33429, None)
26/09/22 17:41:35 INFO SharedState: Setting hive.metastore.warehouse.dir ('null') to the value of spark.sql.warehouse.dir.
26/09/22 17:41:35 INFO SharedState: Warehouse path is 'file:/opt/airflow/spark-warehouse'.
26/09/22 17:41:36 INFO InMemoryFileIndex: It took 31 ms to list leaf files for 1 paths.
26/09/22 17:41:36 INFO SparkContext: Starting job: parquet at NativeMethodAccessorImpl.java:0
26/09/22 17:41:36 INFO DAGScheduler: Got job 0 (parquet at NativeMethodAccessorImpl.java:0) with 1 output partitions
26/09/22 17:41:36 INFO DAGScheduler: Final stage: ResultStage 0 (parquet at NativeMethodAccessorImpl.java:0)
26/09/22 17:41:36 INFO DAGScheduler: Parents of final stage: List()
26/09/22 17:41:36 INFO DAGScheduler: Missing parents: List()
26/09/22 17:41:36 INFO DAGScheduler: Submitting ResultStage 0 (MapPartitionsRDD[1] at parquet at NativeMethodAccessorImpl.java:0), which has no missing parents
26/09/22 17:41:36 INFO MemoryStore: Block broadcast_0 stored as values in memory (estimated size 104.5 KiB, free 434.3 MiB)
26/09/22 17:41:36 INFO MemoryStore: Block broadcast_0_piece0 stored as bytes in memory (estimated size 37.6 KiB, free 434.3 MiB)
26/09/22 17:41:36 INFO BlockManagerInfo: Added broadcast_0_piece0 in memory on 398971961f28:33429 (size: 37.6 KiB, free: 434.4 MiB)
26/09/22 17:41:36 INFO SparkContext: Created broadcast 0 from broadcast at DAGScheduler.scala:1585
26/09/22 17:41:36 INFO DAGScheduler: Submitting 1 missing tasks from ResultStage 0 (MapPartitionsRDD[1] at parquet at NativeMethodAccessorImpl.java:0) (first 15 tasks are for partitions Vector(0))
26/09/22 17:41:36 INFO TaskSchedulerImpl: Adding task set 0.0 with 1 tasks resource profile 0
26/09/22 17:41:36 INFO TaskSetManager: Starting task 0.0 in stage 0.0 (TID 0) (398971961f28, executor driver, partition 0, PROCESS_LOCAL, 8303 bytes) 
26/09/22 17:41:36 INFO Executor: Running task 0.0 in stage 0.0 (TID 0)
26/09/22 17:41:37 INFO Executor: Finished task 0.0 in stage 0.0 (TID 0). 2034 bytes result sent to driver
26/09/22 17:41:37 INFO TaskSetManager: Finished task 0.0 in stage 0.0 (TID 0) in 354 ms on 398971961f28 (executor driver) (1/1)
26/09/22 17:41:37 INFO TaskSchedulerImpl: Removed TaskSet 0.0, whose tasks have all completed, from pool 
26/09/22 17:41:37 INFO DAGScheduler: ResultStage 0 (parquet at NativeMethodAccessorImpl.java:0) finished in 0.501 s
26/09/22 17:41:37 INFO DAGScheduler: Job 0 is finished. Cancelling potential speculative or zombie tasks for this job
26/09/22 17:41:37 INFO TaskSchedulerImpl: Killing all running tasks in stage 0: Stage finished
26/09/22 17:41:37 INFO DAGScheduler: Job 0 finished: parquet at NativeMethodAccessorImpl.java:0, took 0.541202 s
26/09/22 17:41:37 INFO BlockManagerInfo: Removed broadcast_0_piece0 on 398971961f28:33429 in memory (size: 37.6 KiB, free: 434.4 MiB)
26/09/22 17:41:38 INFO FileSourceStrategy: Pushed Filters: 
26/09/22 17:41:38 INFO FileSourceStrategy: Post-Scan Filters: (((isnull(user_id#7) OR (cast(price#6 as float) <= 0.0)) OR isnull(event_type#1)) OR (event_type#1 = ))
26/09/22 17:41:38 INFO ParquetUtils: Using default output committer for Parquet: org.apache.parquet.hadoop.ParquetOutputCommitter
26/09/22 17:41:38 INFO FileOutputCommitter: File Output Committer Algorithm version is 1
26/09/22 17:41:38 INFO FileOutputCommitter: FileOutputCommitter skip cleanup _temporary folders under output directory:false, ignore cleanup failures: false
26/09/22 17:41:38 INFO SQLHadoopMapReduceCommitProtocol: Using user defined output committer class org.apache.parquet.hadoop.ParquetOutputCommitter
26/09/22 17:41:38 INFO FileOutputCommitter: File Output Committer Algorithm version is 1
26/09/22 17:41:38 INFO FileOutputCommitter: FileOutputCommitter skip cleanup _temporary folders under output directory:false, ignore cleanup failures: false
26/09/22 17:41:38 INFO SQLHadoopMapReduceCommitProtocol: Using output committer class org.apache.parquet.hadoop.ParquetOutputCommitter
26/09/22 17:41:38 INFO CodeGenerator: Code generated in 192.926753 ms
26/09/22 17:41:38 INFO MemoryStore: Block broadcast_1 stored as values in memory (estimated size 203.8 KiB, free 434.2 MiB)
26/09/22 17:41:38 INFO MemoryStore: Block broadcast_1_piece0 stored as bytes in memory (estimated size 35.7 KiB, free 434.2 MiB)
26/09/22 17:41:38 INFO BlockManagerInfo: Added broadcast_1_piece0 in memory on 398971961f28:33429 (size: 35.7 KiB, free: 434.4 MiB)
26/09/22 17:41:38 INFO SparkContext: Created broadcast 1 from parquet at NativeMethodAccessorImpl.java:0
26/09/22 17:41:38 INFO FileSourceScanExec: Planning scan with bin packing, max size: 6397935 bytes, open cost is considered as scanning 4194304 bytes.
26/09/22 17:41:38 INFO SparkContext: Starting job: parquet at NativeMethodAccessorImpl.java:0
26/09/22 17:41:38 INFO DAGScheduler: Got job 1 (parquet at NativeMethodAccessorImpl.java:0) with 7 output partitions
26/09/22 17:41:38 INFO DAGScheduler: Final stage: ResultStage 1 (parquet at NativeMethodAccessorImpl.java:0)
26/09/22 17:41:38 INFO DAGScheduler: Parents of final stage: List()
26/09/22 17:41:38 INFO DAGScheduler: Missing parents: List()
26/09/22 17:41:38 INFO DAGScheduler: Submitting ResultStage 1 (MapPartitionsRDD[5] at parquet at NativeMethodAccessorImpl.java:0), which has no missing parents
26/09/22 17:41:38 INFO MemoryStore: Block broadcast_2 stored as values in memory (estimated size 225.4 KiB, free 433.9 MiB)
26/09/22 17:41:38 INFO MemoryStore: Block broadcast_2_piece0 stored as bytes in memory (estimated size 79.4 KiB, free 433.9 MiB)
26/09/22 17:41:38 INFO BlockManagerInfo: Added broadcast_2_piece0 in memory on 398971961f28:33429 (size: 79.4 KiB, free: 434.3 MiB)
26/09/22 17:41:38 INFO SparkContext: Created broadcast 2 from broadcast at DAGScheduler.scala:1585
26/09/22 17:41:38 INFO DAGScheduler: Submitting 7 missing tasks from ResultStage 1 (MapPartitionsRDD[5] at parquet at NativeMethodAccessorImpl.java:0) (first 15 tasks are for partitions Vector(0, 1, 2, 3, 4, 5, 6))
26/09/22 17:41:38 INFO TaskSchedulerImpl: Adding task set 1.0 with 7 tasks resource profile 0
26/09/22 17:41:38 INFO TaskSetManager: Starting task 0.0 in stage 1.0 (TID 1) (398971961f28, executor driver, partition 0, PROCESS_LOCAL, 8810 bytes) 
26/09/22 17:41:38 INFO TaskSetManager: Starting task 1.0 in stage 1.0 (TID 2) (398971961f28, executor driver, partition 1, PROCESS_LOCAL, 8810 bytes) 
26/09/22 17:41:38 INFO TaskSetManager: Starting task 2.0 in stage 1.0 (TID 3) (398971961f28, executor driver, partition 2, PROCESS_LOCAL, 8810 bytes) 
26/09/22 17:41:38 INFO TaskSetManager: Starting task 3.0 in stage 1.0 (TID 4) (398971961f28, executor driver, partition 3, PROCESS_LOCAL, 8810 bytes) 
26/09/22 17:41:38 INFO TaskSetManager: Starting task 4.0 in stage 1.0 (TID 5) (398971961f28, executor driver, partition 4, PROCESS_LOCAL, 8810 bytes) 
26/09/22 17:41:38 INFO TaskSetManager: Starting task 5.0 in stage 1.0 (TID 6) (398971961f28, executor driver, partition 5, PROCESS_LOCAL, 8810 bytes) 
26/09/22 17:41:38 INFO TaskSetManager: Starting task 6.0 in stage 1.0 (TID 7) (398971961f28, executor driver, partition 6, PROCESS_LOCAL, 8810 bytes) 
26/09/22 17:41:38 INFO Executor: Running task 1.0 in stage 1.0 (TID 2)
26/09/22 17:41:38 INFO Executor: Running task 2.0 in stage 1.0 (TID 3)
26/09/22 17:41:38 INFO Executor: Running task 0.0 in stage 1.0 (TID 1)
26/09/22 17:41:38 INFO Executor: Running task 3.0 in stage 1.0 (TID 4)
26/09/22 17:41:38 INFO Executor: Running task 4.0 in stage 1.0 (TID 5)
26/09/22 17:41:38 INFO Executor: Running task 5.0 in stage 1.0 (TID 6)
26/09/22 17:41:38 INFO Executor: Running task 6.0 in stage 1.0 (TID 7)
26/09/22 17:41:38 INFO CodeGenerator: Code generated in 38.586949 ms
26/09/22 17:41:38 INFO FileOutputCommitter: File Output Committer Algorithm version is 1
26/09/22 17:41:38 INFO FileOutputCommitter: FileOutputCommitter skip cleanup _temporary folders under output directory:false, ignore cleanup failures: false
26/09/22 17:41:38 INFO SQLHadoopMapReduceCommitProtocol: Using user defined output committer class org.apache.parquet.hadoop.ParquetOutputCommitter
26/09/22 17:41:38 INFO FileOutputCommitter: File Output Committer Algorithm version is 1
26/09/22 17:41:38 INFO FileOutputCommitter: FileOutputCommitter skip cleanup _temporary folders under output directory:false, ignore cleanup failures: false
26/09/22 17:41:38 INFO SQLHadoopMapReduceCommitProtocol: Using output committer class org.apache.parquet.hadoop.ParquetOutputCommitter
26/09/22 17:41:38 INFO FileOutputCommitter: File Output Committer Algorithm version is 1
26/09/22 17:41:38 INFO FileOutputCommitter: FileOutputCommitter skip cleanup _temporary folders under output directory:false, ignore cleanup failures: false
26/09/22 17:41:38 INFO FileOutputCommitter: File Output Committer Algorithm version is 1
26/09/22 17:41:38 INFO FileOutputCommitter: FileOutputCommitter skip cleanup _temporary folders under output directory:false, ignore cleanup failures: false
26/09/22 17:41:38 INFO FileOutputCommitter: File Output Committer Algorithm version is 1
26/09/22 17:41:38 INFO FileOutputCommitter: FileOutputCommitter skip cleanup _temporary folders under output directory:false, ignore cleanup failures: false
26/09/22 17:41:38 INFO FileOutputCommitter: File Output Committer Algorithm version is 1
26/09/22 17:41:38 INFO FileOutputCommitter: File Output Committer Algorithm version is 1
26/09/22 17:41:38 INFO SQLHadoopMapReduceCommitProtocol: Using user defined output committer class org.apache.parquet.hadoop.ParquetOutputCommitter
26/09/22 17:41:38 INFO FileOutputCommitter: File Output Committer Algorithm version is 1
26/09/22 17:41:38 INFO FileScanRDD: Reading File path: file:///opt/airflow/data/lake/raw/events/2019-Oct/event_date=2019-10-01/part-00000-e6dbecb7-a75e-4a1e-be16-8089c329fa2c.c000.snappy.parquet, range: 12795870-19193805, partition values: [empty row]
26/09/22 17:41:38 INFO SQLHadoopMapReduceCommitProtocol: Using user defined output committer class org.apache.parquet.hadoop.ParquetOutputCommitter
26/09/22 17:41:38 INFO FileOutputCommitter: File Output Committer Algorithm version is 1
26/09/22 17:41:38 INFO FileOutputCommitter: FileOutputCommitter skip cleanup _temporary folders under output directory:false, ignore cleanup failures: false
26/09/22 17:41:38 INFO SQLHadoopMapReduceCommitProtocol: Using output committer class org.apache.parquet.hadoop.ParquetOutputCommitter
26/09/22 17:41:38 INFO FileScanRDD: Reading File path: file:///opt/airflow/data/lake/raw/events/2019-Oct/event_date=2019-10-01/part-00000-e6dbecb7-a75e-4a1e-be16-8089c329fa2c.c000.snappy.parquet, range: 25591740-31989675, partition values: [empty row]
26/09/22 17:41:38 INFO FileOutputCommitter: FileOutputCommitter skip cleanup _temporary folders under output directory:false, ignore cleanup failures: false
26/09/22 17:41:38 INFO SQLHadoopMapReduceCommitProtocol: Using output committer class org.apache.parquet.hadoop.ParquetOutputCommitter
26/09/22 17:41:38 INFO FileOutputCommitter: FileOutputCommitter skip cleanup _temporary folders under output directory:false, ignore cleanup failures: false
26/09/22 17:41:38 INFO FileOutputCommitter: FileOutputCommitter skip cleanup _temporary folders under output directory:false, ignore cleanup failures: false
26/09/22 17:41:38 INFO SQLHadoopMapReduceCommitProtocol: Using user defined output committer class org.apache.parquet.hadoop.ParquetOutputCommitter
26/09/22 17:41:38 INFO FileOutputCommitter: File Output Committer Algorithm version is 1
26/09/22 17:41:38 INFO FileOutputCommitter: File Output Committer Algorithm version is 1
26/09/22 17:41:38 INFO FileScanRDD: Reading File path: file:///opt/airflow/data/lake/raw/events/2019-Oct/event_date=2019-10-01/part-00000-e6dbecb7-a75e-4a1e-be16-8089c329fa2c.c000.snappy.parquet, range: 19193805-25591740, partition values: [empty row]
26/09/22 17:41:38 INFO FileOutputCommitter: FileOutputCommitter skip cleanup _temporary folders under output directory:false, ignore cleanup failures: false
26/09/22 17:41:38 INFO FileOutputCommitter: FileOutputCommitter skip cleanup _temporary folders under output directory:false, ignore cleanup failures: false
26/09/22 17:41:38 INFO SQLHadoopMapReduceCommitProtocol: Using user defined output committer class org.apache.parquet.hadoop.ParquetOutputCommitter
26/09/22 17:41:38 INFO SQLHadoopMapReduceCommitProtocol: Using output committer class org.apache.parquet.hadoop.ParquetOutputCommitter
26/09/22 17:41:38 INFO SQLHadoopMapReduceCommitProtocol: Using user defined output committer class org.apache.parquet.hadoop.ParquetOutputCommitter
26/09/22 17:41:38 INFO FileOutputCommitter: File Output Committer Algorithm version is 1
26/09/22 17:41:38 INFO SQLHadoopMapReduceCommitProtocol: Using user defined output committer class org.apache.parquet.hadoop.ParquetOutputCommitter
26/09/22 17:41:38 INFO FileOutputCommitter: FileOutputCommitter skip cleanup _temporary folders under output directory:false, ignore cleanup failures: false
26/09/22 17:41:38 INFO FileOutputCommitter: File Output Committer Algorithm version is 1
26/09/22 17:41:38 INFO FileOutputCommitter: FileOutputCommitter skip cleanup _temporary folders under output directory:false, ignore cleanup failures: false
26/09/22 17:41:38 INFO SQLHadoopMapReduceCommitProtocol: Using output committer class org.apache.parquet.hadoop.ParquetOutputCommitter
26/09/22 17:41:38 INFO FileScanRDD: Reading File path: file:///opt/airflow/data/lake/raw/events/2019-Oct/event_date=2019-10-01/part-00000-e6dbecb7-a75e-4a1e-be16-8089c329fa2c.c000.snappy.parquet, range: 31989675-36770786, partition values: [empty row]
26/09/22 17:41:38 INFO SQLHadoopMapReduceCommitProtocol: Using output committer class org.apache.parquet.hadoop.ParquetOutputCommitter
26/09/22 17:41:38 INFO FileScanRDD: Reading File path: file:///opt/airflow/data/lake/raw/events/2019-Oct/event_date=2019-10-01/part-00001-e6dbecb7-a75e-4a1e-be16-8089c329fa2c.c000.snappy.parquet, range: 0-6024092, partition values: [empty row]
26/09/22 17:41:38 INFO FileOutputCommitter: File Output Committer Algorithm version is 1
26/09/22 17:41:38 INFO FileOutputCommitter: FileOutputCommitter skip cleanup _temporary folders under output directory:false, ignore cleanup failures: false
26/09/22 17:41:38 INFO SQLHadoopMapReduceCommitProtocol: Using output committer class org.apache.parquet.hadoop.ParquetOutputCommitter
26/09/22 17:41:38 INFO FileScanRDD: Reading File path: file:///opt/airflow/data/lake/raw/events/2019-Oct/event_date=2019-10-01/part-00000-e6dbecb7-a75e-4a1e-be16-8089c329fa2c.c000.snappy.parquet, range: 6397935-12795870, partition values: [empty row]
26/09/22 17:41:38 INFO CodecConfig: Compression: SNAPPY
26/09/22 17:41:38 INFO CodecConfig: Compression: SNAPPY
26/09/22 17:41:39 INFO ParquetOutputFormat: ParquetRecordWriter [block size: 134217728b, row group padding size: 8388608b, validating: false]
26/09/22 17:41:39 INFO ParquetWriteSupport: Initialized Parquet WriteSupport with Catalyst schema:
{
  "type" : "struct",
  "fields" : [ {
    "name" : "event_time",
    "type" : "string",
    "nullable" : true,
    "metadata" : { }
  }, {
    "name" : "event_type",
    "type" : "string",
    "nullable" : true,
    "metadata" : { }
  }, {
    "name" : "product_id",
    "type" : "string",
    "nullable" : true,
    "metadata" : { }
  }, {
    "name" : "category_id",
    "type" : "string",
    "nullable" : true,
    "metadata" : { }
  }, {
    "name" : "category_code",
    "type" : "string",
    "nullable" : true,
    "metadata" : { }
  }, {
    "name" : "brand",
    "type" : "string",
    "nullable" : true,
    "metadata" : { }
  }, {
    "name" : "price",
    "type" : "string",
    "nullable" : true,
    "metadata" : { }
  }, {
    "name" : "user_id",
    "type" : "string",
    "nullable" : true,
    "metadata" : { }
  }, {
    "name" : "user_session",
    "type" : "string",
    "nullable" : true,
    "metadata" : { }
  } ]
}
and corresponding Parquet message type:
message spark_schema {
  optional binary event_time (STRING);
  optional binary event_type (STRING);
  optional binary product_id (STRING);
  optional binary category_id (STRING);
  optional binary category_code (STRING);
  optional binary brand (STRING);
  optional binary price (STRING);
  optional binary user_id (STRING);
  optional binary user_session (STRING);
}

       
26/09/22 17:41:39 INFO SparkHadoopMapRedUtil: No need to commit output of task because needsTaskCommit=false: attempt_202609221741389201457292808354347_0001_m_000004_5
26/09/22 17:41:39 INFO SparkHadoopMapRedUtil: No need to commit output of task because needsTaskCommit=false: attempt_202609221741389201457292808354347_0001_m_000003_4
26/09/22 17:41:39 INFO SparkHadoopMapRedUtil: No need to commit output of task because needsTaskCommit=false: attempt_202609221741389201457292808354347_0001_m_000006_7
26/09/22 17:41:39 INFO SparkHadoopMapRedUtil: No need to commit output of task because needsTaskCommit=false: attempt_202609221741389201457292808354347_0001_m_000001_2
26/09/22 17:41:39 INFO CodecPool: Got brand-new compressor [.snappy]
26/09/22 17:41:39 INFO Executor: Finished task 1.0 in stage 1.0 (TID 2). 2748 bytes result sent to driver
26/09/22 17:41:39 INFO Executor: Finished task 4.0 in stage 1.0 (TID 5). 2748 bytes result sent to driver
26/09/22 17:41:39 INFO Executor: Finished task 6.0 in stage 1.0 (TID 7). 2748 bytes result sent to driver
26/09/22 17:41:39 INFO Executor: Finished task 3.0 in stage 1.0 (TID 4). 2748 bytes result sent to driver
26/09/22 17:41:39 INFO TaskSetManager: Finished task 4.0 in stage 1.0 (TID 5) in 321 ms on 398971961f28 (executor driver) (1/7)
26/09/22 17:41:39 INFO CodecPool: Got brand-new decompressor [.snappy]
26/09/22 17:41:39 INFO TaskSetManager: Finished task 1.0 in stage 1.0 (TID 2) in 328 ms on 398971961f28 (executor driver) (2/7)
26/09/22 17:41:39 INFO TaskSetManager: Finished task 3.0 in stage 1.0 (TID 4) in 327 ms on 398971961f28 (executor driver) (3/7)
26/09/22 17:41:39 INFO TaskSetManager: Finished task 6.0 in stage 1.0 (TID 7) in 324 ms on 398971961f28 (executor driver) (4/7)
26/09/22 17:41:39 INFO CodecPool: Got brand-new decompressor [.snappy]
26/09/22 17:41:39 INFO FileScanRDD: Reading File path: file:///opt/airflow/data/lake/raw/events/2019-Oct/event_date=2019-10-01/part-00000-e6dbecb7-a75e-4a1e-be16-8089c329fa2c.c000.snappy.parquet, range: 0-6397935, partition values: [empty row]
26/09/22 17:41:39 INFO CodecConfig: Compression: SNAPPY
26/09/22 17:41:39 INFO CodecConfig: Compression: SNAPPY
26/09/22 17:41:39 INFO ParquetOutputFormat: ParquetRecordWriter [block size: 134217728b, row group padding size: 8388608b, validating: false]
26/09/22 17:41:39 INFO ParquetWriteSupport: Initialized Parquet WriteSupport with Catalyst schema:
{
  "type" : "struct",
  "fields" : [ {
    "name" : "event_time",
    "type" : "string",
    "nullable" : true,
    "metadata" : { }
  }, {
    "name" : "event_type",
    "type" : "string",
    "nullable" : true,
    "metadata" : { }
  }, {
    "name" : "product_id",
    "type" : "string",
    "nullable" : true,
    "metadata" : { }
  }, {
    "name" : "category_id",
    "type" : "string",
    "nullable" : true,
    "metadata" : { }
  }, {
    "name" : "category_code",
    "type" : "string",
    "nullable" : true,
    "metadata" : { }
  }, {
    "name" : "brand",
    "type" : "string",
    "nullable" : true,
    "metadata" : { }
  }, {
    "name" : "price",
    "type" : "string",
    "nullable" : true,
    "metadata" : { }
  }, {
    "name" : "user_id",
    "type" : "string",
    "nullable" : true,
    "metadata" : { }
  }, {
    "name" : "user_session",
    "type" : "string",
    "nullable" : true,
    "metadata" : { }
  } ]
}
and corresponding Parquet message type:
message spark_schema {
  optional binary event_time (STRING);
  optional binary event_type (STRING);
  optional binary product_id (STRING);
  optional binary category_id (STRING);
  optional binary category_code (STRING);
  optional binary brand (STRING);
  optional binary price (STRING);
  optional binary user_id (STRING);
  optional binary user_session (STRING);
}

       
26/09/22 17:41:39 INFO CodecConfig: Compression: SNAPPY
26/09/22 17:41:39 INFO CodecConfig: Compression: SNAPPY
26/09/22 17:41:39 INFO ParquetOutputFormat: ParquetRecordWriter [block size: 134217728b, row group padding size: 8388608b, validating: false]
26/09/22 17:41:39 INFO ParquetWriteSupport: Initialized Parquet WriteSupport with Catalyst schema:
{
  "type" : "struct",
  "fields" : [ {
    "name" : "event_time",
    "type" : "string",
    "nullable" : true,
    "metadata" : { }
  }, {
    "name" : "event_type",
    "type" : "string",
    "nullable" : true,
    "metadata" : { }
  }, {
    "name" : "product_id",
    "type" : "string",
    "nullable" : true,
    "metadata" : { }
  }, {
    "name" : "category_id",
    "type" : "string",
    "nullable" : true,
    "metadata" : { }
  }, {
    "name" : "category_code",
    "type" : "string",
    "nullable" : true,
    "metadata" : { }
  }, {
    "name" : "brand",
    "type" : "string",
    "nullable" : true,
    "metadata" : { }
  }, {
    "name" : "price",
    "type" : "string",
    "nullable" : true,
    "metadata" : { }
  }, {
    "name" : "user_id",
    "type" : "string",
    "nullable" : true,
    "metadata" : { }
  }, {
    "name" : "user_session",
    "type" : "string",
    "nullable" : true,
    "metadata" : { }
  } ]
}
and corresponding Parquet message type:
message spark_schema {
  optional binary event_time (STRING);
  optional binary event_type (STRING);
  optional binary product_id (STRING);
  optional binary category_id (STRING);
  optional binary category_code (STRING);
  optional binary brand (STRING);
  optional binary price (STRING);
  optional binary user_id (STRING);
  optional binary user_session (STRING);
}

       
26/09/22 17:41:39 INFO FileOutputCommitter: Saved output of task 'attempt_202609221741389201457292808354347_0001_m_000000_1' to file:/opt/airflow/data/lake/rejected/events/2019-10-01/_temporary/0/task_202609221741389201457292808354347_0001_m_000000
26/09/22 17:41:39 INFO SparkHadoopMapRedUtil: attempt_202609221741389201457292808354347_0001_m_000000_1: Committed. Elapsed time: 1 ms.
26/09/22 17:41:39 INFO Executor: Finished task 0.0 in stage 1.0 (TID 1). 2748 bytes result sent to driver
26/09/22 17:41:39 INFO TaskSetManager: Finished task 0.0 in stage 1.0 (TID 1) in 520 ms on 398971961f28 (executor driver) (5/7)
26/09/22 17:41:39 INFO CodecPool: Got brand-new compressor [.snappy]
26/09/22 17:41:39 INFO FileOutputCommitter: Saved output of task 'attempt_202609221741389201457292808354347_0001_m_000005_6' to file:/opt/airflow/data/lake/rejected/events/2019-10-01/_temporary/0/task_202609221741389201457292808354347_0001_m_000005
26/09/22 17:41:39 INFO SparkHadoopMapRedUtil: attempt_202609221741389201457292808354347_0001_m_000005_6: Committed. Elapsed time: 0 ms.
26/09/22 17:41:39 INFO Executor: Finished task 5.0 in stage 1.0 (TID 6). 2877 bytes result sent to driver
26/09/22 17:41:39 INFO TaskSetManager: Finished task 5.0 in stage 1.0 (TID 6) in 918 ms on 398971961f28 (executor driver) (6/7)
26/09/22 17:41:40 INFO FileOutputCommitter: Saved output of task 'attempt_202609221741389201457292808354347_0001_m_000002_3' to file:/opt/airflow/data/lake/rejected/events/2019-10-01/_temporary/0/task_202609221741389201457292808354347_0001_m_000002
26/09/22 17:41:40 INFO SparkHadoopMapRedUtil: attempt_202609221741389201457292808354347_0001_m_000002_3: Committed. Elapsed time: 0 ms.
26/09/22 17:41:40 INFO Executor: Finished task 2.0 in stage 1.0 (TID 3). 2834 bytes result sent to driver
26/09/22 17:41:40 INFO TaskSetManager: Finished task 2.0 in stage 1.0 (TID 3) in 1355 ms on 398971961f28 (executor driver) (7/7)
26/09/22 17:41:40 INFO TaskSchedulerImpl: Removed TaskSet 1.0, whose tasks have all completed, from pool 
26/09/22 17:41:40 INFO DAGScheduler: ResultStage 1 (parquet at NativeMethodAccessorImpl.java:0) finished in 1.471 s
26/09/22 17:41:40 INFO DAGScheduler: Job 1 is finished. Cancelling potential speculative or zombie tasks for this job
26/09/22 17:41:40 INFO TaskSchedulerImpl: Killing all running tasks in stage 1: Stage finished
26/09/22 17:41:40 INFO DAGScheduler: Job 1 finished: parquet at NativeMethodAccessorImpl.java:0, took 1.477243 s
26/09/22 17:41:40 INFO FileFormatWriter: Start to commit write Job cb415e9f-f160-40f9-904f-2bf38f72edf0.
26/09/22 17:41:40 INFO FileFormatWriter: Write Job cb415e9f-f160-40f9-904f-2bf38f72edf0 committed. Elapsed time: 21 ms.
26/09/22 17:41:40 INFO FileFormatWriter: Finished processing stats for write job cb415e9f-f160-40f9-904f-2bf38f72edf0.
26/09/22 17:41:40 INFO SparkContext: Invoking stop() from shutdown hook
26/09/22 17:41:40 INFO SparkContext: SparkContext is stopping with exitCode 0.
26/09/22 17:41:40 INFO SparkUI: Stopped Spark web UI at http://398971961f28:4040
26/09/22 17:41:40 INFO MapOutputTrackerMasterEndpoint: MapOutputTrackerMasterEndpoint stopped!
26/09/22 17:41:40 INFO MemoryStore: MemoryStore cleared
26/09/22 17:41:40 INFO BlockManager: BlockManager stopped
26/09/22 17:41:40 INFO BlockManagerMaster: BlockManagerMaster stopped
26/09/22 17:41:40 INFO OutputCommitCoordinator$OutputCommitCoordinatorEndpoint: OutputCommitCoordinator stopped!
26/09/22 17:41:40 INFO SparkContext: Successfully stopped SparkContext
26/09/22 17:41:40 INFO ShutdownHookManager: Shutdown hook called
26/09/22 17:41:40 INFO ShutdownHookManager: Deleting directory /tmp/spark-3b47aea7-7587-4dcd-a0b2-85ff02a0cf5f
26/09/22 17:41:40 INFO ShutdownHookManager: Deleting directory /tmp/spark-3b47aea7-7587-4dcd-a0b2-85ff02a0cf5f/pyspark-00a333c0-b02d-4df1-9c9b-cdb60202ada9
26/09/22 17:41:40 INFO ShutdownHookManager: Deleting directory /tmp/spark-45de9bfd-aabb-48d1-a8ab-c2caac2f522c

[2026-09-22T17:41:40.726+0000] {taskinstance.py:441} INFO - ::group::Post task execution logs
[2026-09-22T17:41:40.726+0000] {taskinstance.py:2905} ERROR - Task failed with exception
Traceback (most recent call last):
  File "/home/airflow/.local/lib/python3.11/site-packages/airflow/models/taskinstance.py", line 465, in _execute_task
    result = _execute_callable(context=context, **execute_callable_kwargs)
             ^^^^^^^^^^^^^^^^^^^^^^^^^^^^^^^^^^^^^^^^^^^^^^^^^^^^^^^^^^^^^
  File "/home/airflow/.local/lib/python3.11/site-packages/airflow/models/taskinstance.py", line 432, in _execute_callable
    return execute_callable(context=context, **execute_callable_kwargs)
           ^^^^^^^^^^^^^^^^^^^^^^^^^^^^^^^^^^^^^^^^^^^^^^^^^^^^^^^^^^^^
  File "/home/airflow/.local/lib/python3.11/site-packages/airflow/models/baseoperator.py", line 401, in wrapper
    return func(self, *args, **kwargs)
           ^^^^^^^^^^^^^^^^^^^^^^^^^^^
  File "/home/airflow/.local/lib/python3.11/site-packages/airflow/decorators/base.py", line 265, in execute
    return_value = super().execute(context)
                   ^^^^^^^^^^^^^^^^^^^^^^^^
  File "/home/airflow/.local/lib/python3.11/site-packages/airflow/models/baseoperator.py", line 401, in wrapper
    return func(self, *args, **kwargs)
           ^^^^^^^^^^^^^^^^^^^^^^^^^^^
  File "/home/airflow/.local/lib/python3.11/site-packages/airflow/operators/python.py", line 235, in execute
    return_value = self.execute_callable()
                   ^^^^^^^^^^^^^^^^^^^^^^^
  File "/home/airflow/.local/lib/python3.11/site-packages/airflow/operators/python.py", line 252, in execute_callable
    return self.python_callable(*self.op_args, **self.op_kwargs)
           ^^^^^^^^^^^^^^^^^^^^^^^^^^^^^^^^^^^^^^^^^^^^^^^^^^^^^
  File "/opt/airflow/dags/etl.py", line 79, in extract
    raise e
  File "/opt/airflow/dags/etl.py", line 70, in extract
    script_run = subprocess.run([
                 ^^^^^^^^^^^^^^^^
  File "/usr/local/lib/python3.11/subprocess.py", line 571, in run
    raise CalledProcessError(retcode, process.args,
subprocess.CalledProcessError: Command '['spark-submit', '--packages', 'org.postgresql:postgresql:42.6.0', '/opt/airflow/dags/daily_etl.py', '2019-10-01']' returned non-zero exit status 1.
[2026-09-22T17:41:40.732+0000] {taskinstance.py:1206} INFO - Marking task as UP_FOR_RETRY. dag_id=ecommerce_data, task_id=extract, run_id=scheduled__2019-10-01T00:00:00+00:00, execution_date=20191001T000000, start_date=20260922T174131, end_date=20260922T174140
[2026-09-22T17:41:40.740+0000] {standard_task_runner.py:110} ERROR - Failed to execute job 57 for task extract (Command '['spark-submit', '--packages', 'org.postgresql:postgresql:42.6.0', '/opt/airflow/dags/daily_etl.py', '2019-10-01']' returned non-zero exit status 1.; 6200)
[2026-09-22T17:41:40.762+0000] {local_task_job_runner.py:240} INFO - Task exited with return code 1
[2026-09-22T17:41:40.776+0000] {taskinstance.py:3503} INFO - 0 downstream tasks scheduled from follow-on schedule check
[2026-09-22T17:41:40.777+0000] {local_task_job_runner.py:222} INFO - ::endgroup::
