[2026-09-17T15:51:58.380+0000] {processor.py:161} INFO - Started process (PID=70) to work on /opt/airflow/dags/etl.py
[2026-09-17T15:51:58.380+0000] {processor.py:830} INFO - Processing file /opt/airflow/dags/etl.py for tasks to queue
[2026-09-17T15:51:58.382+0000] {logging_mixin.py:188} INFO - [2026-09-17T15:51:58.382+0000] {dagbag.py:545} INFO - Filling up the DagBag from /opt/airflow/dags/etl.py
[2026-09-17T15:51:58.384+0000] {processor.py:842} WARNING - No viable dags retrieved from /opt/airflow/dags/etl.py
[2026-09-17T15:51:58.398+0000] {processor.py:183} INFO - Processing /opt/airflow/dags/etl.py took 0.023 seconds
[2026-09-17T15:52:29.302+0000] {processor.py:161} INFO - Started process (PID=71) to work on /opt/airflow/dags/etl.py
[2026-09-17T15:52:29.303+0000] {processor.py:830} INFO - Processing file /opt/airflow/dags/etl.py for tasks to queue
[2026-09-17T15:52:29.306+0000] {logging_mixin.py:188} INFO - [2026-09-17T15:52:29.305+0000] {dagbag.py:545} INFO - Filling up the DagBag from /opt/airflow/dags/etl.py
[2026-09-17T15:52:29.441+0000] {processor.py:842} WARNING - No viable dags retrieved from /opt/airflow/dags/etl.py
[2026-09-17T15:52:29.446+0000] {processor.py:183} INFO - Processing /opt/airflow/dags/etl.py took 0.152 seconds
[2026-09-17T15:52:59.657+0000] {processor.py:161} INFO - Started process (PID=72) to work on /opt/airflow/dags/etl.py
[2026-09-17T15:52:59.660+0000] {processor.py:830} INFO - Processing file /opt/airflow/dags/etl.py for tasks to queue
[2026-09-17T15:52:59.664+0000] {logging_mixin.py:188} INFO - [2026-09-17T15:52:59.664+0000] {dagbag.py:545} INFO - Filling up the DagBag from /opt/airflow/dags/etl.py
[2026-09-17T15:52:59.668+0000] {processor.py:842} WARNING - No viable dags retrieved from /opt/airflow/dags/etl.py
[2026-09-17T15:52:59.683+0000] {processor.py:183} INFO - Processing /opt/airflow/dags/etl.py took 0.034 seconds
[2026-09-17T15:53:29.993+0000] {processor.py:161} INFO - Started process (PID=73) to work on /opt/airflow/dags/etl.py
[2026-09-17T15:53:29.994+0000] {processor.py:830} INFO - Processing file /opt/airflow/dags/etl.py for tasks to queue
[2026-09-17T15:53:29.998+0000] {logging_mixin.py:188} INFO - [2026-09-17T15:53:29.997+0000] {dagbag.py:545} INFO - Filling up the DagBag from /opt/airflow/dags/etl.py
[2026-09-17T15:53:30.002+0000] {processor.py:842} WARNING - No viable dags retrieved from /opt/airflow/dags/etl.py
[2026-09-17T15:53:30.018+0000] {processor.py:183} INFO - Processing /opt/airflow/dags/etl.py took 0.035 seconds
[2026-09-17T15:54:00.306+0000] {processor.py:161} INFO - Started process (PID=74) to work on /opt/airflow/dags/etl.py
[2026-09-17T15:54:00.308+0000] {processor.py:830} INFO - Processing file /opt/airflow/dags/etl.py for tasks to queue
[2026-09-17T15:54:00.309+0000] {logging_mixin.py:188} INFO - [2026-09-17T15:54:00.309+0000] {dagbag.py:545} INFO - Filling up the DagBag from /opt/airflow/dags/etl.py
[2026-09-17T15:54:00.311+0000] {processor.py:842} WARNING - No viable dags retrieved from /opt/airflow/dags/etl.py
[2026-09-17T15:54:00.319+0000] {processor.py:183} INFO - Processing /opt/airflow/dags/etl.py took 0.018 seconds
[2026-09-17T15:54:30.666+0000] {processor.py:161} INFO - Started process (PID=75) to work on /opt/airflow/dags/etl.py
[2026-09-17T15:54:30.668+0000] {processor.py:830} INFO - Processing file /opt/airflow/dags/etl.py for tasks to queue
[2026-09-17T15:54:30.670+0000] {logging_mixin.py:188} INFO - [2026-09-17T15:54:30.670+0000] {dagbag.py:545} INFO - Filling up the DagBag from /opt/airflow/dags/etl.py
[2026-09-17T15:54:30.673+0000] {processor.py:842} WARNING - No viable dags retrieved from /opt/airflow/dags/etl.py
[2026-09-17T15:54:30.690+0000] {processor.py:183} INFO - Processing /opt/airflow/dags/etl.py took 0.033 seconds
[2026-09-17T15:55:00.952+0000] {processor.py:161} INFO - Started process (PID=76) to work on /opt/airflow/dags/etl.py
[2026-09-17T15:55:00.955+0000] {processor.py:830} INFO - Processing file /opt/airflow/dags/etl.py for tasks to queue
[2026-09-17T15:55:00.958+0000] {logging_mixin.py:188} INFO - [2026-09-17T15:55:00.957+0000] {dagbag.py:545} INFO - Filling up the DagBag from /opt/airflow/dags/etl.py
[2026-09-17T15:55:00.961+0000] {processor.py:842} WARNING - No viable dags retrieved from /opt/airflow/dags/etl.py
[2026-09-17T15:55:00.976+0000] {processor.py:183} INFO - Processing /opt/airflow/dags/etl.py took 0.033 seconds
[2026-09-17T15:55:31.299+0000] {processor.py:161} INFO - Started process (PID=77) to work on /opt/airflow/dags/etl.py
[2026-09-17T15:55:31.300+0000] {processor.py:830} INFO - Processing file /opt/airflow/dags/etl.py for tasks to queue
[2026-09-17T15:55:31.303+0000] {logging_mixin.py:188} INFO - [2026-09-17T15:55:31.302+0000] {dagbag.py:545} INFO - Filling up the DagBag from /opt/airflow/dags/etl.py
[2026-09-17T15:55:31.307+0000] {processor.py:842} WARNING - No viable dags retrieved from /opt/airflow/dags/etl.py
[2026-09-17T15:55:31.323+0000] {processor.py:183} INFO - Processing /opt/airflow/dags/etl.py took 0.034 seconds
[2026-09-17T15:56:01.629+0000] {processor.py:161} INFO - Started process (PID=78) to work on /opt/airflow/dags/etl.py
[2026-09-17T15:56:01.632+0000] {processor.py:830} INFO - Processing file /opt/airflow/dags/etl.py for tasks to queue
[2026-09-17T15:56:01.635+0000] {logging_mixin.py:188} INFO - [2026-09-17T15:56:01.634+0000] {dagbag.py:545} INFO - Filling up the DagBag from /opt/airflow/dags/etl.py
[2026-09-17T15:56:01.638+0000] {processor.py:842} WARNING - No viable dags retrieved from /opt/airflow/dags/etl.py
[2026-09-17T15:56:01.654+0000] {processor.py:183} INFO - Processing /opt/airflow/dags/etl.py took 0.038 seconds
[2026-09-17T15:56:31.854+0000] {processor.py:161} INFO - Started process (PID=79) to work on /opt/airflow/dags/etl.py
[2026-09-17T15:56:31.855+0000] {processor.py:830} INFO - Processing file /opt/airflow/dags/etl.py for tasks to queue
[2026-09-17T15:56:31.856+0000] {logging_mixin.py:188} INFO - [2026-09-17T15:56:31.856+0000] {dagbag.py:545} INFO - Filling up the DagBag from /opt/airflow/dags/etl.py
[2026-09-17T15:56:31.858+0000] {processor.py:842} WARNING - No viable dags retrieved from /opt/airflow/dags/etl.py
[2026-09-17T15:56:31.865+0000] {processor.py:183} INFO - Processing /opt/airflow/dags/etl.py took 0.016 seconds
[2026-09-17T15:57:02.144+0000] {processor.py:161} INFO - Started process (PID=80) to work on /opt/airflow/dags/etl.py
[2026-09-17T15:57:02.147+0000] {processor.py:830} INFO - Processing file /opt/airflow/dags/etl.py for tasks to queue
[2026-09-17T15:57:02.149+0000] {logging_mixin.py:188} INFO - [2026-09-17T15:57:02.149+0000] {dagbag.py:545} INFO - Filling up the DagBag from /opt/airflow/dags/etl.py
[2026-09-17T15:57:02.153+0000] {processor.py:842} WARNING - No viable dags retrieved from /opt/airflow/dags/etl.py
[2026-09-17T15:57:02.166+0000] {processor.py:183} INFO - Processing /opt/airflow/dags/etl.py took 0.034 seconds
[2026-09-17T15:57:32.430+0000] {processor.py:161} INFO - Started process (PID=81) to work on /opt/airflow/dags/etl.py
[2026-09-17T15:57:32.431+0000] {processor.py:830} INFO - Processing file /opt/airflow/dags/etl.py for tasks to queue
[2026-09-17T15:57:32.434+0000] {logging_mixin.py:188} INFO - [2026-09-17T15:57:32.433+0000] {dagbag.py:545} INFO - Filling up the DagBag from /opt/airflow/dags/etl.py
[2026-09-17T15:57:32.438+0000] {processor.py:842} WARNING - No viable dags retrieved from /opt/airflow/dags/etl.py
[2026-09-17T15:57:32.454+0000] {processor.py:183} INFO - Processing /opt/airflow/dags/etl.py took 0.034 seconds
[2026-09-17T15:58:02.596+0000] {processor.py:161} INFO - Started process (PID=82) to work on /opt/airflow/dags/etl.py
[2026-09-17T15:58:02.598+0000] {processor.py:830} INFO - Processing file /opt/airflow/dags/etl.py for tasks to queue
[2026-09-17T15:58:02.600+0000] {logging_mixin.py:188} INFO - [2026-09-17T15:58:02.600+0000] {dagbag.py:545} INFO - Filling up the DagBag from /opt/airflow/dags/etl.py
[2026-09-17T15:58:02.602+0000] {processor.py:842} WARNING - No viable dags retrieved from /opt/airflow/dags/etl.py
[2026-09-17T15:58:02.610+0000] {processor.py:183} INFO - Processing /opt/airflow/dags/etl.py took 0.019 seconds
[2026-09-17T15:58:32.786+0000] {processor.py:161} INFO - Started process (PID=83) to work on /opt/airflow/dags/etl.py
[2026-09-17T15:58:32.787+0000] {processor.py:830} INFO - Processing file /opt/airflow/dags/etl.py for tasks to queue
[2026-09-17T15:58:32.790+0000] {logging_mixin.py:188} INFO - [2026-09-17T15:58:32.789+0000] {dagbag.py:545} INFO - Filling up the DagBag from /opt/airflow/dags/etl.py
[2026-09-17T15:58:32.793+0000] {processor.py:842} WARNING - No viable dags retrieved from /opt/airflow/dags/etl.py
[2026-09-17T15:58:32.808+0000] {processor.py:183} INFO - Processing /opt/airflow/dags/etl.py took 0.032 seconds
[2026-09-17T15:59:02.976+0000] {processor.py:161} INFO - Started process (PID=84) to work on /opt/airflow/dags/etl.py
[2026-09-17T15:59:02.979+0000] {processor.py:830} INFO - Processing file /opt/airflow/dags/etl.py for tasks to queue
[2026-09-17T15:59:02.982+0000] {logging_mixin.py:188} INFO - [2026-09-17T15:59:02.981+0000] {dagbag.py:545} INFO - Filling up the DagBag from /opt/airflow/dags/etl.py
[2026-09-17T15:59:02.985+0000] {processor.py:842} WARNING - No viable dags retrieved from /opt/airflow/dags/etl.py
[2026-09-17T15:59:03.001+0000] {processor.py:183} INFO - Processing /opt/airflow/dags/etl.py took 0.033 seconds
[2026-09-17T15:59:33.179+0000] {processor.py:161} INFO - Started process (PID=85) to work on /opt/airflow/dags/etl.py
[2026-09-17T15:59:33.182+0000] {processor.py:830} INFO - Processing file /opt/airflow/dags/etl.py for tasks to queue
[2026-09-17T15:59:33.185+0000] {logging_mixin.py:188} INFO - [2026-09-17T15:59:33.184+0000] {dagbag.py:545} INFO - Filling up the DagBag from /opt/airflow/dags/etl.py
[2026-09-17T15:59:33.188+0000] {processor.py:842} WARNING - No viable dags retrieved from /opt/airflow/dags/etl.py
[2026-09-17T15:59:33.202+0000] {processor.py:183} INFO - Processing /opt/airflow/dags/etl.py took 0.035 seconds
[2026-09-17T16:00:03.380+0000] {processor.py:161} INFO - Started process (PID=86) to work on /opt/airflow/dags/etl.py
[2026-09-17T16:00:03.381+0000] {processor.py:830} INFO - Processing file /opt/airflow/dags/etl.py for tasks to queue
[2026-09-17T16:00:03.384+0000] {logging_mixin.py:188} INFO - [2026-09-17T16:00:03.383+0000] {dagbag.py:545} INFO - Filling up the DagBag from /opt/airflow/dags/etl.py
[2026-09-17T16:00:03.387+0000] {processor.py:842} WARNING - No viable dags retrieved from /opt/airflow/dags/etl.py
[2026-09-17T16:00:03.403+0000] {processor.py:183} INFO - Processing /opt/airflow/dags/etl.py took 0.033 seconds
[2026-09-17T16:00:33.582+0000] {processor.py:161} INFO - Started process (PID=87) to work on /opt/airflow/dags/etl.py
[2026-09-17T16:00:33.586+0000] {processor.py:830} INFO - Processing file /opt/airflow/dags/etl.py for tasks to queue
[2026-09-17T16:00:33.590+0000] {logging_mixin.py:188} INFO - [2026-09-17T16:00:33.589+0000] {dagbag.py:545} INFO - Filling up the DagBag from /opt/airflow/dags/etl.py
[2026-09-17T16:00:33.594+0000] {processor.py:842} WARNING - No viable dags retrieved from /opt/airflow/dags/etl.py
[2026-09-17T16:00:33.609+0000] {processor.py:183} INFO - Processing /opt/airflow/dags/etl.py took 0.036 seconds
[2026-09-17T16:01:03.780+0000] {processor.py:161} INFO - Started process (PID=88) to work on /opt/airflow/dags/etl.py
[2026-09-17T16:01:03.781+0000] {processor.py:830} INFO - Processing file /opt/airflow/dags/etl.py for tasks to queue
[2026-09-17T16:01:03.784+0000] {logging_mixin.py:188} INFO - [2026-09-17T16:01:03.783+0000] {dagbag.py:545} INFO - Filling up the DagBag from /opt/airflow/dags/etl.py
[2026-09-17T16:01:03.787+0000] {processor.py:842} WARNING - No viable dags retrieved from /opt/airflow/dags/etl.py
[2026-09-17T16:01:03.802+0000] {processor.py:183} INFO - Processing /opt/airflow/dags/etl.py took 0.033 seconds
[2026-09-17T16:01:33.982+0000] {processor.py:161} INFO - Started process (PID=89) to work on /opt/airflow/dags/etl.py
[2026-09-17T16:01:33.985+0000] {processor.py:830} INFO - Processing file /opt/airflow/dags/etl.py for tasks to queue
[2026-09-17T16:01:33.988+0000] {logging_mixin.py:188} INFO - [2026-09-17T16:01:33.987+0000] {dagbag.py:545} INFO - Filling up the DagBag from /opt/airflow/dags/etl.py
[2026-09-17T16:01:33.991+0000] {processor.py:842} WARNING - No viable dags retrieved from /opt/airflow/dags/etl.py
[2026-09-17T16:01:34.006+0000] {processor.py:183} INFO - Processing /opt/airflow/dags/etl.py took 0.034 seconds
[2026-09-17T16:02:04.183+0000] {processor.py:161} INFO - Started process (PID=90) to work on /opt/airflow/dags/etl.py
[2026-09-17T16:02:04.184+0000] {processor.py:830} INFO - Processing file /opt/airflow/dags/etl.py for tasks to queue
[2026-09-17T16:02:04.187+0000] {logging_mixin.py:188} INFO - [2026-09-17T16:02:04.186+0000] {dagbag.py:545} INFO - Filling up the DagBag from /opt/airflow/dags/etl.py
[2026-09-17T16:02:04.191+0000] {processor.py:842} WARNING - No viable dags retrieved from /opt/airflow/dags/etl.py
[2026-09-17T16:02:04.207+0000] {processor.py:183} INFO - Processing /opt/airflow/dags/etl.py took 0.035 seconds
[2026-09-17T16:02:34.387+0000] {processor.py:161} INFO - Started process (PID=91) to work on /opt/airflow/dags/etl.py
[2026-09-17T16:02:34.398+0000] {processor.py:830} INFO - Processing file /opt/airflow/dags/etl.py for tasks to queue
[2026-09-17T16:02:34.401+0000] {logging_mixin.py:188} INFO - [2026-09-17T16:02:34.400+0000] {dagbag.py:545} INFO - Filling up the DagBag from /opt/airflow/dags/etl.py
[2026-09-17T16:02:34.404+0000] {processor.py:842} WARNING - No viable dags retrieved from /opt/airflow/dags/etl.py
[2026-09-17T16:02:34.421+0000] {processor.py:183} INFO - Processing /opt/airflow/dags/etl.py took 0.043 seconds
[2026-09-17T16:03:04.595+0000] {processor.py:161} INFO - Started process (PID=92) to work on /opt/airflow/dags/etl.py
[2026-09-17T16:03:04.596+0000] {processor.py:830} INFO - Processing file /opt/airflow/dags/etl.py for tasks to queue
[2026-09-17T16:03:04.599+0000] {logging_mixin.py:188} INFO - [2026-09-17T16:03:04.598+0000] {dagbag.py:545} INFO - Filling up the DagBag from /opt/airflow/dags/etl.py
[2026-09-17T16:03:04.603+0000] {processor.py:842} WARNING - No viable dags retrieved from /opt/airflow/dags/etl.py
[2026-09-17T16:03:04.617+0000] {processor.py:183} INFO - Processing /opt/airflow/dags/etl.py took 0.031 seconds
[2026-09-17T16:03:34.797+0000] {processor.py:161} INFO - Started process (PID=93) to work on /opt/airflow/dags/etl.py
[2026-09-17T16:03:34.806+0000] {processor.py:830} INFO - Processing file /opt/airflow/dags/etl.py for tasks to queue
[2026-09-17T16:03:34.809+0000] {logging_mixin.py:188} INFO - [2026-09-17T16:03:34.808+0000] {dagbag.py:545} INFO - Filling up the DagBag from /opt/airflow/dags/etl.py
[2026-09-17T16:03:34.813+0000] {processor.py:842} WARNING - No viable dags retrieved from /opt/airflow/dags/etl.py
[2026-09-17T16:03:34.829+0000] {processor.py:183} INFO - Processing /opt/airflow/dags/etl.py took 0.041 seconds
[2026-09-17T16:04:04.996+0000] {processor.py:161} INFO - Started process (PID=94) to work on /opt/airflow/dags/etl.py
[2026-09-17T16:04:04.998+0000] {processor.py:830} INFO - Processing file /opt/airflow/dags/etl.py for tasks to queue
[2026-09-17T16:04:05.000+0000] {logging_mixin.py:188} INFO - [2026-09-17T16:04:05.000+0000] {dagbag.py:545} INFO - Filling up the DagBag from /opt/airflow/dags/etl.py
[2026-09-17T16:04:05.004+0000] {processor.py:842} WARNING - No viable dags retrieved from /opt/airflow/dags/etl.py
[2026-09-17T16:04:05.019+0000] {processor.py:183} INFO - Processing /opt/airflow/dags/etl.py took 0.034 seconds
[2026-09-17T16:04:35.193+0000] {processor.py:161} INFO - Started process (PID=95) to work on /opt/airflow/dags/etl.py
[2026-09-17T16:04:35.196+0000] {processor.py:830} INFO - Processing file /opt/airflow/dags/etl.py for tasks to queue
[2026-09-17T16:04:35.199+0000] {logging_mixin.py:188} INFO - [2026-09-17T16:04:35.199+0000] {dagbag.py:545} INFO - Filling up the DagBag from /opt/airflow/dags/etl.py
[2026-09-17T16:04:35.203+0000] {processor.py:842} WARNING - No viable dags retrieved from /opt/airflow/dags/etl.py
[2026-09-17T16:04:35.220+0000] {processor.py:183} INFO - Processing /opt/airflow/dags/etl.py took 0.037 seconds
[2026-09-17T16:05:05.376+0000] {processor.py:161} INFO - Started process (PID=96) to work on /opt/airflow/dags/etl.py
[2026-09-17T16:05:05.378+0000] {processor.py:830} INFO - Processing file /opt/airflow/dags/etl.py for tasks to queue
[2026-09-17T16:05:05.380+0000] {logging_mixin.py:188} INFO - [2026-09-17T16:05:05.380+0000] {dagbag.py:545} INFO - Filling up the DagBag from /opt/airflow/dags/etl.py
[2026-09-17T16:05:05.386+0000] {processor.py:842} WARNING - No viable dags retrieved from /opt/airflow/dags/etl.py
[2026-09-17T16:05:05.400+0000] {processor.py:183} INFO - Processing /opt/airflow/dags/etl.py took 0.034 seconds
[2026-09-17T16:05:35.581+0000] {processor.py:161} INFO - Started process (PID=97) to work on /opt/airflow/dags/etl.py
[2026-09-17T16:05:35.584+0000] {processor.py:830} INFO - Processing file /opt/airflow/dags/etl.py for tasks to queue
[2026-09-17T16:05:35.587+0000] {logging_mixin.py:188} INFO - [2026-09-17T16:05:35.587+0000] {dagbag.py:545} INFO - Filling up the DagBag from /opt/airflow/dags/etl.py
[2026-09-17T16:05:35.591+0000] {processor.py:842} WARNING - No viable dags retrieved from /opt/airflow/dags/etl.py
[2026-09-17T16:05:35.605+0000] {processor.py:183} INFO - Processing /opt/airflow/dags/etl.py took 0.035 seconds
[2026-09-17T16:06:05.785+0000] {processor.py:161} INFO - Started process (PID=98) to work on /opt/airflow/dags/etl.py
[2026-09-17T16:06:05.787+0000] {processor.py:830} INFO - Processing file /opt/airflow/dags/etl.py for tasks to queue
[2026-09-17T16:06:05.790+0000] {logging_mixin.py:188} INFO - [2026-09-17T16:06:05.789+0000] {dagbag.py:545} INFO - Filling up the DagBag from /opt/airflow/dags/etl.py
[2026-09-17T16:06:05.793+0000] {processor.py:842} WARNING - No viable dags retrieved from /opt/airflow/dags/etl.py
[2026-09-17T16:06:05.810+0000] {processor.py:183} INFO - Processing /opt/airflow/dags/etl.py took 0.035 seconds
[2026-09-17T16:06:35.988+0000] {processor.py:161} INFO - Started process (PID=99) to work on /opt/airflow/dags/etl.py
[2026-09-17T16:06:35.991+0000] {processor.py:830} INFO - Processing file /opt/airflow/dags/etl.py for tasks to queue
[2026-09-17T16:06:35.995+0000] {logging_mixin.py:188} INFO - [2026-09-17T16:06:35.995+0000] {dagbag.py:545} INFO - Filling up the DagBag from /opt/airflow/dags/etl.py
[2026-09-17T16:06:35.999+0000] {processor.py:842} WARNING - No viable dags retrieved from /opt/airflow/dags/etl.py
[2026-09-17T16:06:36.016+0000] {processor.py:183} INFO - Processing /opt/airflow/dags/etl.py took 0.038 seconds
[2026-09-17T16:07:06.193+0000] {processor.py:161} INFO - Started process (PID=100) to work on /opt/airflow/dags/etl.py
[2026-09-17T16:07:06.194+0000] {processor.py:830} INFO - Processing file /opt/airflow/dags/etl.py for tasks to queue
[2026-09-17T16:07:06.197+0000] {logging_mixin.py:188} INFO - [2026-09-17T16:07:06.196+0000] {dagbag.py:545} INFO - Filling up the DagBag from /opt/airflow/dags/etl.py
[2026-09-17T16:07:06.201+0000] {processor.py:842} WARNING - No viable dags retrieved from /opt/airflow/dags/etl.py
[2026-09-17T16:07:06.216+0000] {processor.py:183} INFO - Processing /opt/airflow/dags/etl.py took 0.034 seconds
[2026-09-17T16:07:36.403+0000] {processor.py:161} INFO - Started process (PID=101) to work on /opt/airflow/dags/etl.py
[2026-09-17T16:07:36.412+0000] {processor.py:830} INFO - Processing file /opt/airflow/dags/etl.py for tasks to queue
[2026-09-17T16:07:36.415+0000] {logging_mixin.py:188} INFO - [2026-09-17T16:07:36.414+0000] {dagbag.py:545} INFO - Filling up the DagBag from /opt/airflow/dags/etl.py
[2026-09-17T16:07:36.419+0000] {processor.py:842} WARNING - No viable dags retrieved from /opt/airflow/dags/etl.py
[2026-09-17T16:07:36.435+0000] {processor.py:183} INFO - Processing /opt/airflow/dags/etl.py took 0.043 seconds
[2026-09-17T16:08:06.605+0000] {processor.py:161} INFO - Started process (PID=102) to work on /opt/airflow/dags/etl.py
[2026-09-17T16:08:06.606+0000] {processor.py:830} INFO - Processing file /opt/airflow/dags/etl.py for tasks to queue
[2026-09-17T16:08:06.609+0000] {logging_mixin.py:188} INFO - [2026-09-17T16:08:06.608+0000] {dagbag.py:545} INFO - Filling up the DagBag from /opt/airflow/dags/etl.py
[2026-09-17T16:08:06.613+0000] {processor.py:842} WARNING - No viable dags retrieved from /opt/airflow/dags/etl.py
[2026-09-17T16:08:06.629+0000] {processor.py:183} INFO - Processing /opt/airflow/dags/etl.py took 0.035 seconds
[2026-09-17T16:08:36.805+0000] {processor.py:161} INFO - Started process (PID=103) to work on /opt/airflow/dags/etl.py
[2026-09-17T16:08:36.815+0000] {processor.py:830} INFO - Processing file /opt/airflow/dags/etl.py for tasks to queue
[2026-09-17T16:08:36.818+0000] {logging_mixin.py:188} INFO - [2026-09-17T16:08:36.817+0000] {dagbag.py:545} INFO - Filling up the DagBag from /opt/airflow/dags/etl.py
[2026-09-17T16:08:36.821+0000] {processor.py:842} WARNING - No viable dags retrieved from /opt/airflow/dags/etl.py
[2026-09-17T16:08:36.837+0000] {processor.py:183} INFO - Processing /opt/airflow/dags/etl.py took 0.042 seconds
[2026-09-17T16:09:06.955+0000] {processor.py:161} INFO - Started process (PID=104) to work on /opt/airflow/dags/etl.py
[2026-09-17T16:09:06.956+0000] {processor.py:830} INFO - Processing file /opt/airflow/dags/etl.py for tasks to queue
[2026-09-17T16:09:06.959+0000] {logging_mixin.py:188} INFO - [2026-09-17T16:09:06.958+0000] {dagbag.py:545} INFO - Filling up the DagBag from /opt/airflow/dags/etl.py
[2026-09-17T16:09:06.963+0000] {processor.py:842} WARNING - No viable dags retrieved from /opt/airflow/dags/etl.py
[2026-09-17T16:09:06.980+0000] {processor.py:183} INFO - Processing /opt/airflow/dags/etl.py took 0.035 seconds
[2026-09-17T16:09:37.155+0000] {processor.py:161} INFO - Started process (PID=105) to work on /opt/airflow/dags/etl.py
[2026-09-17T16:09:37.158+0000] {processor.py:830} INFO - Processing file /opt/airflow/dags/etl.py for tasks to queue
[2026-09-17T16:09:37.161+0000] {logging_mixin.py:188} INFO - [2026-09-17T16:09:37.160+0000] {dagbag.py:545} INFO - Filling up the DagBag from /opt/airflow/dags/etl.py
[2026-09-17T16:09:37.164+0000] {processor.py:842} WARNING - No viable dags retrieved from /opt/airflow/dags/etl.py
[2026-09-17T16:09:37.180+0000] {processor.py:183} INFO - Processing /opt/airflow/dags/etl.py took 0.034 seconds
[2026-09-17T16:10:07.358+0000] {processor.py:161} INFO - Started process (PID=106) to work on /opt/airflow/dags/etl.py
[2026-09-17T16:10:07.359+0000] {processor.py:830} INFO - Processing file /opt/airflow/dags/etl.py for tasks to queue
[2026-09-17T16:10:07.363+0000] {logging_mixin.py:188} INFO - [2026-09-17T16:10:07.363+0000] {dagbag.py:545} INFO - Filling up the DagBag from /opt/airflow/dags/etl.py
[2026-09-17T16:10:07.367+0000] {processor.py:842} WARNING - No viable dags retrieved from /opt/airflow/dags/etl.py
[2026-09-17T16:10:07.384+0000] {processor.py:183} INFO - Processing /opt/airflow/dags/etl.py took 0.036 seconds
[2026-09-17T16:10:37.559+0000] {processor.py:161} INFO - Started process (PID=107) to work on /opt/airflow/dags/etl.py
[2026-09-17T16:10:37.563+0000] {processor.py:830} INFO - Processing file /opt/airflow/dags/etl.py for tasks to queue
[2026-09-17T16:10:37.566+0000] {logging_mixin.py:188} INFO - [2026-09-17T16:10:37.565+0000] {dagbag.py:545} INFO - Filling up the DagBag from /opt/airflow/dags/etl.py
[2026-09-17T16:10:37.569+0000] {processor.py:842} WARNING - No viable dags retrieved from /opt/airflow/dags/etl.py
[2026-09-17T16:10:37.584+0000] {processor.py:183} INFO - Processing /opt/airflow/dags/etl.py took 0.034 seconds
[2026-09-17T16:11:07.765+0000] {processor.py:161} INFO - Started process (PID=108) to work on /opt/airflow/dags/etl.py
[2026-09-17T16:11:07.767+0000] {processor.py:830} INFO - Processing file /opt/airflow/dags/etl.py for tasks to queue
[2026-09-17T16:11:07.769+0000] {logging_mixin.py:188} INFO - [2026-09-17T16:11:07.769+0000] {dagbag.py:545} INFO - Filling up the DagBag from /opt/airflow/dags/etl.py
[2026-09-17T16:11:07.773+0000] {processor.py:842} WARNING - No viable dags retrieved from /opt/airflow/dags/etl.py
[2026-09-17T16:11:07.789+0000] {processor.py:183} INFO - Processing /opt/airflow/dags/etl.py took 0.035 seconds
[2026-09-17T16:11:37.970+0000] {processor.py:161} INFO - Started process (PID=109) to work on /opt/airflow/dags/etl.py
[2026-09-17T16:11:37.973+0000] {processor.py:830} INFO - Processing file /opt/airflow/dags/etl.py for tasks to queue
[2026-09-17T16:11:37.976+0000] {logging_mixin.py:188} INFO - [2026-09-17T16:11:37.976+0000] {dagbag.py:545} INFO - Filling up the DagBag from /opt/airflow/dags/etl.py
[2026-09-17T16:11:37.980+0000] {processor.py:842} WARNING - No viable dags retrieved from /opt/airflow/dags/etl.py
[2026-09-17T16:11:37.996+0000] {processor.py:183} INFO - Processing /opt/airflow/dags/etl.py took 0.037 seconds
[2026-09-17T16:12:08.172+0000] {processor.py:161} INFO - Started process (PID=110) to work on /opt/airflow/dags/etl.py
[2026-09-17T16:12:08.174+0000] {processor.py:830} INFO - Processing file /opt/airflow/dags/etl.py for tasks to queue
[2026-09-17T16:12:08.177+0000] {logging_mixin.py:188} INFO - [2026-09-17T16:12:08.176+0000] {dagbag.py:545} INFO - Filling up the DagBag from /opt/airflow/dags/etl.py
[2026-09-17T16:12:08.180+0000] {processor.py:842} WARNING - No viable dags retrieved from /opt/airflow/dags/etl.py
[2026-09-17T16:12:08.197+0000] {processor.py:183} INFO - Processing /opt/airflow/dags/etl.py took 0.036 seconds
[2026-09-17T16:12:38.374+0000] {processor.py:161} INFO - Started process (PID=111) to work on /opt/airflow/dags/etl.py
[2026-09-17T16:12:38.377+0000] {processor.py:830} INFO - Processing file /opt/airflow/dags/etl.py for tasks to queue
[2026-09-17T16:12:38.380+0000] {logging_mixin.py:188} INFO - [2026-09-17T16:12:38.379+0000] {dagbag.py:545} INFO - Filling up the DagBag from /opt/airflow/dags/etl.py
[2026-09-17T16:12:38.383+0000] {processor.py:842} WARNING - No viable dags retrieved from /opt/airflow/dags/etl.py
[2026-09-17T16:12:38.400+0000] {processor.py:183} INFO - Processing /opt/airflow/dags/etl.py took 0.037 seconds
[2026-09-17T16:13:08.578+0000] {processor.py:161} INFO - Started process (PID=112) to work on /opt/airflow/dags/etl.py
[2026-09-17T16:13:08.579+0000] {processor.py:830} INFO - Processing file /opt/airflow/dags/etl.py for tasks to queue
[2026-09-17T16:13:08.582+0000] {logging_mixin.py:188} INFO - [2026-09-17T16:13:08.582+0000] {dagbag.py:545} INFO - Filling up the DagBag from /opt/airflow/dags/etl.py
[2026-09-17T16:13:08.585+0000] {processor.py:842} WARNING - No viable dags retrieved from /opt/airflow/dags/etl.py
[2026-09-17T16:13:08.602+0000] {processor.py:183} INFO - Processing /opt/airflow/dags/etl.py took 0.034 seconds
[2026-09-17T16:13:38.779+0000] {processor.py:161} INFO - Started process (PID=113) to work on /opt/airflow/dags/etl.py
[2026-09-17T16:13:38.782+0000] {processor.py:830} INFO - Processing file /opt/airflow/dags/etl.py for tasks to queue
[2026-09-17T16:13:38.786+0000] {logging_mixin.py:188} INFO - [2026-09-17T16:13:38.786+0000] {dagbag.py:545} INFO - Filling up the DagBag from /opt/airflow/dags/etl.py
[2026-09-17T16:13:38.790+0000] {processor.py:842} WARNING - No viable dags retrieved from /opt/airflow/dags/etl.py
[2026-09-17T16:13:38.805+0000] {processor.py:183} INFO - Processing /opt/airflow/dags/etl.py took 0.036 seconds
[2026-09-17T16:14:08.984+0000] {processor.py:161} INFO - Started process (PID=114) to work on /opt/airflow/dags/etl.py
[2026-09-17T16:14:08.986+0000] {processor.py:830} INFO - Processing file /opt/airflow/dags/etl.py for tasks to queue
[2026-09-17T16:14:08.989+0000] {logging_mixin.py:188} INFO - [2026-09-17T16:14:08.988+0000] {dagbag.py:545} INFO - Filling up the DagBag from /opt/airflow/dags/etl.py
[2026-09-17T16:14:08.992+0000] {processor.py:842} WARNING - No viable dags retrieved from /opt/airflow/dags/etl.py
[2026-09-17T16:14:09.009+0000] {processor.py:183} INFO - Processing /opt/airflow/dags/etl.py took 0.035 seconds
[2026-09-17T16:14:39.182+0000] {processor.py:161} INFO - Started process (PID=115) to work on /opt/airflow/dags/etl.py
[2026-09-17T16:14:39.184+0000] {processor.py:830} INFO - Processing file /opt/airflow/dags/etl.py for tasks to queue
[2026-09-17T16:14:39.186+0000] {logging_mixin.py:188} INFO - [2026-09-17T16:14:39.185+0000] {dagbag.py:545} INFO - Filling up the DagBag from /opt/airflow/dags/etl.py
[2026-09-17T16:14:39.188+0000] {processor.py:842} WARNING - No viable dags retrieved from /opt/airflow/dags/etl.py
[2026-09-17T16:14:39.197+0000] {processor.py:183} INFO - Processing /opt/airflow/dags/etl.py took 0.022 seconds
[2026-09-17T16:15:09.384+0000] {processor.py:161} INFO - Started process (PID=116) to work on /opt/airflow/dags/etl.py
[2026-09-17T16:15:09.385+0000] {processor.py:830} INFO - Processing file /opt/airflow/dags/etl.py for tasks to queue
[2026-09-17T16:15:09.388+0000] {logging_mixin.py:188} INFO - [2026-09-17T16:15:09.387+0000] {dagbag.py:545} INFO - Filling up the DagBag from /opt/airflow/dags/etl.py
[2026-09-17T16:15:09.391+0000] {processor.py:842} WARNING - No viable dags retrieved from /opt/airflow/dags/etl.py
[2026-09-17T16:15:09.404+0000] {processor.py:183} INFO - Processing /opt/airflow/dags/etl.py took 0.032 seconds
[2026-09-17T16:15:39.580+0000] {processor.py:161} INFO - Started process (PID=117) to work on /opt/airflow/dags/etl.py
[2026-09-17T16:15:39.583+0000] {processor.py:830} INFO - Processing file /opt/airflow/dags/etl.py for tasks to queue
[2026-09-17T16:15:39.586+0000] {logging_mixin.py:188} INFO - [2026-09-17T16:15:39.585+0000] {dagbag.py:545} INFO - Filling up the DagBag from /opt/airflow/dags/etl.py
[2026-09-17T16:15:39.589+0000] {processor.py:842} WARNING - No viable dags retrieved from /opt/airflow/dags/etl.py
[2026-09-17T16:15:39.606+0000] {processor.py:183} INFO - Processing /opt/airflow/dags/etl.py took 0.036 seconds
[2026-09-17T16:16:09.777+0000] {processor.py:161} INFO - Started process (PID=118) to work on /opt/airflow/dags/etl.py
[2026-09-17T16:16:09.778+0000] {processor.py:830} INFO - Processing file /opt/airflow/dags/etl.py for tasks to queue
[2026-09-17T16:16:09.781+0000] {logging_mixin.py:188} INFO - [2026-09-17T16:16:09.780+0000] {dagbag.py:545} INFO - Filling up the DagBag from /opt/airflow/dags/etl.py
[2026-09-17T16:16:09.783+0000] {processor.py:842} WARNING - No viable dags retrieved from /opt/airflow/dags/etl.py
[2026-09-17T16:16:09.791+0000] {processor.py:183} INFO - Processing /opt/airflow/dags/etl.py took 0.022 seconds
[2026-09-17T16:16:39.993+0000] {processor.py:161} INFO - Started process (PID=119) to work on /opt/airflow/dags/etl.py
[2026-09-17T16:16:39.996+0000] {processor.py:830} INFO - Processing file /opt/airflow/dags/etl.py for tasks to queue
[2026-09-17T16:16:39.998+0000] {logging_mixin.py:188} INFO - [2026-09-17T16:16:39.997+0000] {dagbag.py:545} INFO - Filling up the DagBag from /opt/airflow/dags/etl.py
[2026-09-17T16:16:40.001+0000] {processor.py:842} WARNING - No viable dags retrieved from /opt/airflow/dags/etl.py
[2026-09-17T16:16:40.018+0000] {processor.py:183} INFO - Processing /opt/airflow/dags/etl.py took 0.036 seconds
[2026-09-17T16:17:10.199+0000] {processor.py:161} INFO - Started process (PID=120) to work on /opt/airflow/dags/etl.py
[2026-09-17T16:17:10.200+0000] {processor.py:830} INFO - Processing file /opt/airflow/dags/etl.py for tasks to queue
[2026-09-17T16:17:10.205+0000] {logging_mixin.py:188} INFO - [2026-09-17T16:17:10.204+0000] {dagbag.py:545} INFO - Filling up the DagBag from /opt/airflow/dags/etl.py
[2026-09-17T16:17:10.208+0000] {processor.py:842} WARNING - No viable dags retrieved from /opt/airflow/dags/etl.py
[2026-09-17T16:17:10.223+0000] {processor.py:183} INFO - Processing /opt/airflow/dags/etl.py took 0.034 seconds
[2026-09-17T16:17:40.401+0000] {processor.py:161} INFO - Started process (PID=121) to work on /opt/airflow/dags/etl.py
[2026-09-17T16:17:40.404+0000] {processor.py:830} INFO - Processing file /opt/airflow/dags/etl.py for tasks to queue
[2026-09-17T16:17:40.407+0000] {logging_mixin.py:188} INFO - [2026-09-17T16:17:40.407+0000] {dagbag.py:545} INFO - Filling up the DagBag from /opt/airflow/dags/etl.py
[2026-09-17T16:17:40.410+0000] {processor.py:842} WARNING - No viable dags retrieved from /opt/airflow/dags/etl.py
[2026-09-17T16:17:40.425+0000] {processor.py:183} INFO - Processing /opt/airflow/dags/etl.py took 0.034 seconds
[2026-09-17T16:18:10.605+0000] {processor.py:161} INFO - Started process (PID=122) to work on /opt/airflow/dags/etl.py
[2026-09-17T16:18:10.606+0000] {processor.py:830} INFO - Processing file /opt/airflow/dags/etl.py for tasks to queue
[2026-09-17T16:18:10.609+0000] {logging_mixin.py:188} INFO - [2026-09-17T16:18:10.608+0000] {dagbag.py:545} INFO - Filling up the DagBag from /opt/airflow/dags/etl.py
[2026-09-17T16:18:10.612+0000] {processor.py:842} WARNING - No viable dags retrieved from /opt/airflow/dags/etl.py
[2026-09-17T16:18:10.629+0000] {processor.py:183} INFO - Processing /opt/airflow/dags/etl.py took 0.034 seconds
[2026-09-17T16:18:40.802+0000] {processor.py:161} INFO - Started process (PID=123) to work on /opt/airflow/dags/etl.py
[2026-09-17T16:18:40.806+0000] {processor.py:830} INFO - Processing file /opt/airflow/dags/etl.py for tasks to queue
[2026-09-17T16:18:40.810+0000] {logging_mixin.py:188} INFO - [2026-09-17T16:18:40.809+0000] {dagbag.py:545} INFO - Filling up the DagBag from /opt/airflow/dags/etl.py
[2026-09-17T16:18:40.813+0000] {processor.py:842} WARNING - No viable dags retrieved from /opt/airflow/dags/etl.py
[2026-09-17T16:18:40.828+0000] {processor.py:183} INFO - Processing /opt/airflow/dags/etl.py took 0.035 seconds
[2026-09-17T16:19:11.001+0000] {processor.py:161} INFO - Started process (PID=124) to work on /opt/airflow/dags/etl.py
[2026-09-17T16:19:11.003+0000] {processor.py:830} INFO - Processing file /opt/airflow/dags/etl.py for tasks to queue
[2026-09-17T16:19:11.006+0000] {logging_mixin.py:188} INFO - [2026-09-17T16:19:11.005+0000] {dagbag.py:545} INFO - Filling up the DagBag from /opt/airflow/dags/etl.py
[2026-09-17T16:19:11.009+0000] {processor.py:842} WARNING - No viable dags retrieved from /opt/airflow/dags/etl.py
[2026-09-17T16:19:11.024+0000] {processor.py:183} INFO - Processing /opt/airflow/dags/etl.py took 0.032 seconds
[2026-09-17T16:19:41.186+0000] {processor.py:161} INFO - Started process (PID=125) to work on /opt/airflow/dags/etl.py
[2026-09-17T16:19:41.190+0000] {processor.py:830} INFO - Processing file /opt/airflow/dags/etl.py for tasks to queue
[2026-09-17T16:19:41.193+0000] {logging_mixin.py:188} INFO - [2026-09-17T16:19:41.193+0000] {dagbag.py:545} INFO - Filling up the DagBag from /opt/airflow/dags/etl.py
[2026-09-17T16:19:41.197+0000] {processor.py:842} WARNING - No viable dags retrieved from /opt/airflow/dags/etl.py
[2026-09-17T16:19:41.211+0000] {processor.py:183} INFO - Processing /opt/airflow/dags/etl.py took 0.035 seconds
[2026-09-17T16:20:11.348+0000] {processor.py:161} INFO - Started process (PID=126) to work on /opt/airflow/dags/etl.py
[2026-09-17T16:20:11.349+0000] {processor.py:830} INFO - Processing file /opt/airflow/dags/etl.py for tasks to queue
[2026-09-17T16:20:11.350+0000] {logging_mixin.py:188} INFO - [2026-09-17T16:20:11.350+0000] {dagbag.py:545} INFO - Filling up the DagBag from /opt/airflow/dags/etl.py
[2026-09-17T16:20:11.352+0000] {processor.py:842} WARNING - No viable dags retrieved from /opt/airflow/dags/etl.py
[2026-09-17T16:20:11.361+0000] {processor.py:183} INFO - Processing /opt/airflow/dags/etl.py took 0.017 seconds
[2026-09-17T16:20:41.466+0000] {processor.py:161} INFO - Started process (PID=127) to work on /opt/airflow/dags/etl.py
[2026-09-17T16:20:41.469+0000] {processor.py:830} INFO - Processing file /opt/airflow/dags/etl.py for tasks to queue
[2026-09-17T16:20:41.472+0000] {logging_mixin.py:188} INFO - [2026-09-17T16:20:41.472+0000] {dagbag.py:545} INFO - Filling up the DagBag from /opt/airflow/dags/etl.py
[2026-09-17T16:20:41.476+0000] {processor.py:842} WARNING - No viable dags retrieved from /opt/airflow/dags/etl.py
[2026-09-17T16:20:41.492+0000] {processor.py:183} INFO - Processing /opt/airflow/dags/etl.py took 0.035 seconds
[2026-09-17T16:21:11.665+0000] {processor.py:161} INFO - Started process (PID=128) to work on /opt/airflow/dags/etl.py
[2026-09-17T16:21:11.665+0000] {processor.py:830} INFO - Processing file /opt/airflow/dags/etl.py for tasks to queue
[2026-09-17T16:21:11.667+0000] {logging_mixin.py:188} INFO - [2026-09-17T16:21:11.666+0000] {dagbag.py:545} INFO - Filling up the DagBag from /opt/airflow/dags/etl.py
[2026-09-17T16:21:11.668+0000] {processor.py:842} WARNING - No viable dags retrieved from /opt/airflow/dags/etl.py
[2026-09-17T16:21:11.676+0000] {processor.py:183} INFO - Processing /opt/airflow/dags/etl.py took 0.017 seconds
[2026-09-17T16:21:41.827+0000] {processor.py:161} INFO - Started process (PID=129) to work on /opt/airflow/dags/etl.py
[2026-09-17T16:21:41.830+0000] {processor.py:830} INFO - Processing file /opt/airflow/dags/etl.py for tasks to queue
[2026-09-17T16:21:41.831+0000] {logging_mixin.py:188} INFO - [2026-09-17T16:21:41.831+0000] {dagbag.py:545} INFO - Filling up the DagBag from /opt/airflow/dags/etl.py
[2026-09-17T16:21:41.833+0000] {processor.py:842} WARNING - No viable dags retrieved from /opt/airflow/dags/etl.py
[2026-09-17T16:21:41.841+0000] {processor.py:183} INFO - Processing /opt/airflow/dags/etl.py took 0.019 seconds
[2026-09-17T16:22:12.025+0000] {processor.py:161} INFO - Started process (PID=130) to work on /opt/airflow/dags/etl.py
[2026-09-17T16:22:12.026+0000] {processor.py:830} INFO - Processing file /opt/airflow/dags/etl.py for tasks to queue
[2026-09-17T16:22:12.028+0000] {logging_mixin.py:188} INFO - [2026-09-17T16:22:12.028+0000] {dagbag.py:545} INFO - Filling up the DagBag from /opt/airflow/dags/etl.py
[2026-09-17T16:22:12.032+0000] {processor.py:842} WARNING - No viable dags retrieved from /opt/airflow/dags/etl.py
[2026-09-17T16:22:12.047+0000] {processor.py:183} INFO - Processing /opt/airflow/dags/etl.py took 0.034 seconds
[2026-09-17T16:22:42.231+0000] {processor.py:161} INFO - Started process (PID=131) to work on /opt/airflow/dags/etl.py
[2026-09-17T16:22:42.240+0000] {processor.py:830} INFO - Processing file /opt/airflow/dags/etl.py for tasks to queue
[2026-09-17T16:22:42.243+0000] {logging_mixin.py:188} INFO - [2026-09-17T16:22:42.242+0000] {dagbag.py:545} INFO - Filling up the DagBag from /opt/airflow/dags/etl.py
[2026-09-17T16:22:42.246+0000] {processor.py:842} WARNING - No viable dags retrieved from /opt/airflow/dags/etl.py
[2026-09-17T16:22:42.263+0000] {processor.py:183} INFO - Processing /opt/airflow/dags/etl.py took 0.042 seconds
[2026-09-17T16:23:12.351+0000] {processor.py:161} INFO - Started process (PID=132) to work on /opt/airflow/dags/etl.py
[2026-09-17T16:23:12.352+0000] {processor.py:830} INFO - Processing file /opt/airflow/dags/etl.py for tasks to queue
[2026-09-17T16:23:12.357+0000] {logging_mixin.py:188} INFO - [2026-09-17T16:23:12.356+0000] {dagbag.py:545} INFO - Filling up the DagBag from /opt/airflow/dags/etl.py
[2026-09-17T16:23:12.361+0000] {processor.py:842} WARNING - No viable dags retrieved from /opt/airflow/dags/etl.py
[2026-09-17T16:23:12.375+0000] {processor.py:183} INFO - Processing /opt/airflow/dags/etl.py took 0.035 seconds
[2026-09-17T16:23:42.553+0000] {processor.py:161} INFO - Started process (PID=133) to work on /opt/airflow/dags/etl.py
[2026-09-17T16:23:42.562+0000] {processor.py:830} INFO - Processing file /opt/airflow/dags/etl.py for tasks to queue
[2026-09-17T16:23:42.565+0000] {logging_mixin.py:188} INFO - [2026-09-17T16:23:42.565+0000] {dagbag.py:545} INFO - Filling up the DagBag from /opt/airflow/dags/etl.py
[2026-09-17T16:23:42.569+0000] {processor.py:842} WARNING - No viable dags retrieved from /opt/airflow/dags/etl.py
[2026-09-17T16:23:42.587+0000] {processor.py:183} INFO - Processing /opt/airflow/dags/etl.py took 0.044 seconds
[2026-09-17T16:24:12.758+0000] {processor.py:161} INFO - Started process (PID=134) to work on /opt/airflow/dags/etl.py
[2026-09-17T16:24:12.761+0000] {processor.py:830} INFO - Processing file /opt/airflow/dags/etl.py for tasks to queue
[2026-09-17T16:24:12.764+0000] {logging_mixin.py:188} INFO - [2026-09-17T16:24:12.763+0000] {dagbag.py:545} INFO - Filling up the DagBag from /opt/airflow/dags/etl.py
[2026-09-17T16:24:12.767+0000] {processor.py:842} WARNING - No viable dags retrieved from /opt/airflow/dags/etl.py
[2026-09-17T16:24:12.784+0000] {processor.py:183} INFO - Processing /opt/airflow/dags/etl.py took 0.036 seconds
[2026-09-17T16:24:42.959+0000] {processor.py:161} INFO - Started process (PID=135) to work on /opt/airflow/dags/etl.py
[2026-09-17T16:24:42.960+0000] {processor.py:830} INFO - Processing file /opt/airflow/dags/etl.py for tasks to queue
[2026-09-17T16:24:42.964+0000] {logging_mixin.py:188} INFO - [2026-09-17T16:24:42.963+0000] {dagbag.py:545} INFO - Filling up the DagBag from /opt/airflow/dags/etl.py
[2026-09-17T16:24:42.968+0000] {processor.py:842} WARNING - No viable dags retrieved from /opt/airflow/dags/etl.py
[2026-09-17T16:24:42.984+0000] {processor.py:183} INFO - Processing /opt/airflow/dags/etl.py took 0.035 seconds
[2026-09-17T16:25:13.163+0000] {processor.py:161} INFO - Started process (PID=136) to work on /opt/airflow/dags/etl.py
[2026-09-17T16:25:13.167+0000] {processor.py:830} INFO - Processing file /opt/airflow/dags/etl.py for tasks to queue
[2026-09-17T16:25:13.170+0000] {logging_mixin.py:188} INFO - [2026-09-17T16:25:13.169+0000] {dagbag.py:545} INFO - Filling up the DagBag from /opt/airflow/dags/etl.py
[2026-09-17T16:25:13.173+0000] {processor.py:842} WARNING - No viable dags retrieved from /opt/airflow/dags/etl.py
[2026-09-17T16:25:13.189+0000] {processor.py:183} INFO - Processing /opt/airflow/dags/etl.py took 0.036 seconds
[2026-09-17T16:25:43.362+0000] {processor.py:161} INFO - Started process (PID=137) to work on /opt/airflow/dags/etl.py
[2026-09-17T16:25:43.363+0000] {processor.py:830} INFO - Processing file /opt/airflow/dags/etl.py for tasks to queue
[2026-09-17T16:25:43.366+0000] {logging_mixin.py:188} INFO - [2026-09-17T16:25:43.365+0000] {dagbag.py:545} INFO - Filling up the DagBag from /opt/airflow/dags/etl.py
[2026-09-17T16:25:43.369+0000] {processor.py:842} WARNING - No viable dags retrieved from /opt/airflow/dags/etl.py
[2026-09-17T16:25:43.385+0000] {processor.py:183} INFO - Processing /opt/airflow/dags/etl.py took 0.033 seconds
[2026-09-17T16:26:13.562+0000] {processor.py:161} INFO - Started process (PID=138) to work on /opt/airflow/dags/etl.py
[2026-09-17T16:26:13.565+0000] {processor.py:830} INFO - Processing file /opt/airflow/dags/etl.py for tasks to queue
[2026-09-17T16:26:13.568+0000] {logging_mixin.py:188} INFO - [2026-09-17T16:26:13.567+0000] {dagbag.py:545} INFO - Filling up the DagBag from /opt/airflow/dags/etl.py
[2026-09-17T16:26:13.571+0000] {processor.py:842} WARNING - No viable dags retrieved from /opt/airflow/dags/etl.py
[2026-09-17T16:26:13.586+0000] {processor.py:183} INFO - Processing /opt/airflow/dags/etl.py took 0.037 seconds
[2026-09-17T16:26:43.759+0000] {processor.py:161} INFO - Started process (PID=139) to work on /opt/airflow/dags/etl.py
[2026-09-17T16:26:43.760+0000] {processor.py:830} INFO - Processing file /opt/airflow/dags/etl.py for tasks to queue
[2026-09-17T16:26:43.763+0000] {logging_mixin.py:188} INFO - [2026-09-17T16:26:43.762+0000] {dagbag.py:545} INFO - Filling up the DagBag from /opt/airflow/dags/etl.py
[2026-09-17T16:26:43.766+0000] {processor.py:842} WARNING - No viable dags retrieved from /opt/airflow/dags/etl.py
[2026-09-17T16:26:43.781+0000] {processor.py:183} INFO - Processing /opt/airflow/dags/etl.py took 0.033 seconds
[2026-09-17T16:27:13.962+0000] {processor.py:161} INFO - Started process (PID=140) to work on /opt/airflow/dags/etl.py
[2026-09-17T16:27:13.966+0000] {processor.py:830} INFO - Processing file /opt/airflow/dags/etl.py for tasks to queue
[2026-09-17T16:27:13.970+0000] {logging_mixin.py:188} INFO - [2026-09-17T16:27:13.969+0000] {dagbag.py:545} INFO - Filling up the DagBag from /opt/airflow/dags/etl.py
[2026-09-17T16:27:13.973+0000] {processor.py:842} WARNING - No viable dags retrieved from /opt/airflow/dags/etl.py
[2026-09-17T16:27:13.989+0000] {processor.py:183} INFO - Processing /opt/airflow/dags/etl.py took 0.036 seconds
[2026-09-17T16:27:44.164+0000] {processor.py:161} INFO - Started process (PID=141) to work on /opt/airflow/dags/etl.py
[2026-09-17T16:27:44.166+0000] {processor.py:830} INFO - Processing file /opt/airflow/dags/etl.py for tasks to queue
[2026-09-17T16:27:44.169+0000] {logging_mixin.py:188} INFO - [2026-09-17T16:27:44.168+0000] {dagbag.py:545} INFO - Filling up the DagBag from /opt/airflow/dags/etl.py
[2026-09-17T16:27:44.172+0000] {processor.py:842} WARNING - No viable dags retrieved from /opt/airflow/dags/etl.py
[2026-09-17T16:27:44.187+0000] {processor.py:183} INFO - Processing /opt/airflow/dags/etl.py took 0.033 seconds
[2026-09-17T16:28:14.368+0000] {processor.py:161} INFO - Started process (PID=142) to work on /opt/airflow/dags/etl.py
[2026-09-17T16:28:14.377+0000] {processor.py:830} INFO - Processing file /opt/airflow/dags/etl.py for tasks to queue
[2026-09-17T16:28:14.379+0000] {logging_mixin.py:188} INFO - [2026-09-17T16:28:14.379+0000] {dagbag.py:545} INFO - Filling up the DagBag from /opt/airflow/dags/etl.py
[2026-09-17T16:28:14.383+0000] {processor.py:842} WARNING - No viable dags retrieved from /opt/airflow/dags/etl.py
[2026-09-17T16:28:14.399+0000] {processor.py:183} INFO - Processing /opt/airflow/dags/etl.py took 0.041 seconds
[2026-09-17T16:28:44.571+0000] {processor.py:161} INFO - Started process (PID=143) to work on /opt/airflow/dags/etl.py
[2026-09-17T16:28:44.573+0000] {processor.py:830} INFO - Processing file /opt/airflow/dags/etl.py for tasks to queue
[2026-09-17T16:28:44.576+0000] {logging_mixin.py:188} INFO - [2026-09-17T16:28:44.575+0000] {dagbag.py:545} INFO - Filling up the DagBag from /opt/airflow/dags/etl.py
[2026-09-17T16:28:44.579+0000] {processor.py:842} WARNING - No viable dags retrieved from /opt/airflow/dags/etl.py
[2026-09-17T16:28:44.595+0000] {processor.py:183} INFO - Processing /opt/airflow/dags/etl.py took 0.034 seconds
[2026-09-17T16:29:14.737+0000] {processor.py:161} INFO - Started process (PID=144) to work on /opt/airflow/dags/etl.py
[2026-09-17T16:29:14.740+0000] {processor.py:830} INFO - Processing file /opt/airflow/dags/etl.py for tasks to queue
[2026-09-17T16:29:14.743+0000] {logging_mixin.py:188} INFO - [2026-09-17T16:29:14.742+0000] {dagbag.py:545} INFO - Filling up the DagBag from /opt/airflow/dags/etl.py
[2026-09-17T16:29:14.746+0000] {processor.py:842} WARNING - No viable dags retrieved from /opt/airflow/dags/etl.py
[2026-09-17T16:29:14.762+0000] {processor.py:183} INFO - Processing /opt/airflow/dags/etl.py took 0.036 seconds
[2026-09-17T16:29:44.938+0000] {processor.py:161} INFO - Started process (PID=145) to work on /opt/airflow/dags/etl.py
[2026-09-17T16:29:44.939+0000] {processor.py:830} INFO - Processing file /opt/airflow/dags/etl.py for tasks to queue
[2026-09-17T16:29:44.943+0000] {logging_mixin.py:188} INFO - [2026-09-17T16:29:44.942+0000] {dagbag.py:545} INFO - Filling up the DagBag from /opt/airflow/dags/etl.py
[2026-09-17T16:29:44.947+0000] {processor.py:842} WARNING - No viable dags retrieved from /opt/airflow/dags/etl.py
[2026-09-17T16:29:44.970+0000] {processor.py:183} INFO - Processing /opt/airflow/dags/etl.py took 0.042 seconds
[2026-09-17T16:30:15.138+0000] {processor.py:161} INFO - Started process (PID=146) to work on /opt/airflow/dags/etl.py
[2026-09-17T16:30:15.141+0000] {processor.py:830} INFO - Processing file /opt/airflow/dags/etl.py for tasks to queue
[2026-09-17T16:30:15.144+0000] {logging_mixin.py:188} INFO - [2026-09-17T16:30:15.143+0000] {dagbag.py:545} INFO - Filling up the DagBag from /opt/airflow/dags/etl.py
[2026-09-17T16:30:15.148+0000] {processor.py:842} WARNING - No viable dags retrieved from /opt/airflow/dags/etl.py
[2026-09-17T16:30:15.164+0000] {processor.py:183} INFO - Processing /opt/airflow/dags/etl.py took 0.037 seconds
[2026-09-17T16:30:45.330+0000] {processor.py:161} INFO - Started process (PID=147) to work on /opt/airflow/dags/etl.py
[2026-09-17T16:30:45.331+0000] {processor.py:830} INFO - Processing file /opt/airflow/dags/etl.py for tasks to queue
[2026-09-17T16:30:45.334+0000] {logging_mixin.py:188} INFO - [2026-09-17T16:30:45.333+0000] {dagbag.py:545} INFO - Filling up the DagBag from /opt/airflow/dags/etl.py
[2026-09-17T16:30:45.337+0000] {processor.py:842} WARNING - No viable dags retrieved from /opt/airflow/dags/etl.py
[2026-09-17T16:30:45.353+0000] {processor.py:183} INFO - Processing /opt/airflow/dags/etl.py took 0.035 seconds
[2026-09-17T16:31:15.522+0000] {processor.py:161} INFO - Started process (PID=148) to work on /opt/airflow/dags/etl.py
[2026-09-17T16:31:15.525+0000] {processor.py:830} INFO - Processing file /opt/airflow/dags/etl.py for tasks to queue
[2026-09-17T16:31:15.527+0000] {logging_mixin.py:188} INFO - [2026-09-17T16:31:15.527+0000] {dagbag.py:545} INFO - Filling up the DagBag from /opt/airflow/dags/etl.py
[2026-09-17T16:31:15.529+0000] {processor.py:842} WARNING - No viable dags retrieved from /opt/airflow/dags/etl.py
[2026-09-17T16:31:15.544+0000] {processor.py:183} INFO - Processing /opt/airflow/dags/etl.py took 0.026 seconds
[2026-09-17T16:31:45.730+0000] {processor.py:161} INFO - Started process (PID=149) to work on /opt/airflow/dags/etl.py
[2026-09-17T16:31:45.731+0000] {processor.py:830} INFO - Processing file /opt/airflow/dags/etl.py for tasks to queue
[2026-09-17T16:31:45.735+0000] {logging_mixin.py:188} INFO - [2026-09-17T16:31:45.734+0000] {dagbag.py:545} INFO - Filling up the DagBag from /opt/airflow/dags/etl.py
[2026-09-17T16:31:45.738+0000] {processor.py:842} WARNING - No viable dags retrieved from /opt/airflow/dags/etl.py
[2026-09-17T16:31:45.754+0000] {processor.py:183} INFO - Processing /opt/airflow/dags/etl.py took 0.036 seconds
[2026-09-17T16:32:15.930+0000] {processor.py:161} INFO - Started process (PID=150) to work on /opt/airflow/dags/etl.py
[2026-09-17T16:32:15.933+0000] {processor.py:830} INFO - Processing file /opt/airflow/dags/etl.py for tasks to queue
[2026-09-17T16:32:15.937+0000] {logging_mixin.py:188} INFO - [2026-09-17T16:32:15.936+0000] {dagbag.py:545} INFO - Filling up the DagBag from /opt/airflow/dags/etl.py
[2026-09-17T16:32:15.940+0000] {processor.py:842} WARNING - No viable dags retrieved from /opt/airflow/dags/etl.py
[2026-09-17T16:32:15.954+0000] {processor.py:183} INFO - Processing /opt/airflow/dags/etl.py took 0.033 seconds
[2026-09-17T16:32:46.139+0000] {processor.py:161} INFO - Started process (PID=151) to work on /opt/airflow/dags/etl.py
[2026-09-17T16:32:46.140+0000] {processor.py:830} INFO - Processing file /opt/airflow/dags/etl.py for tasks to queue
[2026-09-17T16:32:46.143+0000] {logging_mixin.py:188} INFO - [2026-09-17T16:32:46.143+0000] {dagbag.py:545} INFO - Filling up the DagBag from /opt/airflow/dags/etl.py
[2026-09-17T16:32:46.147+0000] {processor.py:842} WARNING - No viable dags retrieved from /opt/airflow/dags/etl.py
[2026-09-17T16:32:46.163+0000] {processor.py:183} INFO - Processing /opt/airflow/dags/etl.py took 0.035 seconds
[2026-09-17T16:33:16.338+0000] {processor.py:161} INFO - Started process (PID=152) to work on /opt/airflow/dags/etl.py
[2026-09-17T16:33:16.341+0000] {processor.py:830} INFO - Processing file /opt/airflow/dags/etl.py for tasks to queue
[2026-09-17T16:33:16.344+0000] {logging_mixin.py:188} INFO - [2026-09-17T16:33:16.343+0000] {dagbag.py:545} INFO - Filling up the DagBag from /opt/airflow/dags/etl.py
[2026-09-17T16:33:16.348+0000] {processor.py:842} WARNING - No viable dags retrieved from /opt/airflow/dags/etl.py
[2026-09-17T16:33:16.367+0000] {processor.py:183} INFO - Processing /opt/airflow/dags/etl.py took 0.040 seconds
[2026-09-17T16:33:46.541+0000] {processor.py:161} INFO - Started process (PID=153) to work on /opt/airflow/dags/etl.py
[2026-09-17T16:33:46.542+0000] {processor.py:830} INFO - Processing file /opt/airflow/dags/etl.py for tasks to queue
[2026-09-17T16:33:46.545+0000] {logging_mixin.py:188} INFO - [2026-09-17T16:33:46.545+0000] {dagbag.py:545} INFO - Filling up the DagBag from /opt/airflow/dags/etl.py
[2026-09-17T16:33:46.549+0000] {processor.py:842} WARNING - No viable dags retrieved from /opt/airflow/dags/etl.py
[2026-09-17T16:33:46.566+0000] {processor.py:183} INFO - Processing /opt/airflow/dags/etl.py took 0.037 seconds
[2026-09-17T16:34:16.655+0000] {processor.py:161} INFO - Started process (PID=154) to work on /opt/airflow/dags/etl.py
[2026-09-17T16:34:16.658+0000] {processor.py:830} INFO - Processing file /opt/airflow/dags/etl.py for tasks to queue
[2026-09-17T16:34:16.661+0000] {logging_mixin.py:188} INFO - [2026-09-17T16:34:16.660+0000] {dagbag.py:545} INFO - Filling up the DagBag from /opt/airflow/dags/etl.py
[2026-09-17T16:34:16.664+0000] {processor.py:842} WARNING - No viable dags retrieved from /opt/airflow/dags/etl.py
[2026-09-17T16:34:16.682+0000] {processor.py:183} INFO - Processing /opt/airflow/dags/etl.py took 0.037 seconds
[2026-09-17T16:34:46.864+0000] {processor.py:161} INFO - Started process (PID=155) to work on /opt/airflow/dags/etl.py
[2026-09-17T16:34:46.865+0000] {processor.py:830} INFO - Processing file /opt/airflow/dags/etl.py for tasks to queue
[2026-09-17T16:34:46.868+0000] {logging_mixin.py:188} INFO - [2026-09-17T16:34:46.868+0000] {dagbag.py:545} INFO - Filling up the DagBag from /opt/airflow/dags/etl.py
[2026-09-17T16:34:46.874+0000] {processor.py:842} WARNING - No viable dags retrieved from /opt/airflow/dags/etl.py
[2026-09-17T16:34:46.889+0000] {processor.py:183} INFO - Processing /opt/airflow/dags/etl.py took 0.035 seconds
[2026-09-17T16:35:17.068+0000] {processor.py:161} INFO - Started process (PID=156) to work on /opt/airflow/dags/etl.py
[2026-09-17T16:35:17.071+0000] {processor.py:830} INFO - Processing file /opt/airflow/dags/etl.py for tasks to queue
[2026-09-17T16:35:17.074+0000] {logging_mixin.py:188} INFO - [2026-09-17T16:35:17.073+0000] {dagbag.py:545} INFO - Filling up the DagBag from /opt/airflow/dags/etl.py
[2026-09-17T16:35:17.077+0000] {processor.py:842} WARNING - No viable dags retrieved from /opt/airflow/dags/etl.py
[2026-09-17T16:35:17.095+0000] {processor.py:183} INFO - Processing /opt/airflow/dags/etl.py took 0.038 seconds
[2026-09-17T16:35:47.270+0000] {processor.py:161} INFO - Started process (PID=157) to work on /opt/airflow/dags/etl.py
[2026-09-17T16:35:47.272+0000] {processor.py:830} INFO - Processing file /opt/airflow/dags/etl.py for tasks to queue
[2026-09-17T16:35:47.274+0000] {logging_mixin.py:188} INFO - [2026-09-17T16:35:47.274+0000] {dagbag.py:545} INFO - Filling up the DagBag from /opt/airflow/dags/etl.py
[2026-09-17T16:35:47.278+0000] {processor.py:842} WARNING - No viable dags retrieved from /opt/airflow/dags/etl.py
[2026-09-17T16:35:47.293+0000] {processor.py:183} INFO - Processing /opt/airflow/dags/etl.py took 0.032 seconds
[2026-09-17T16:36:17.471+0000] {processor.py:161} INFO - Started process (PID=158) to work on /opt/airflow/dags/etl.py
[2026-09-17T16:36:17.474+0000] {processor.py:830} INFO - Processing file /opt/airflow/dags/etl.py for tasks to queue
[2026-09-17T16:36:17.478+0000] {logging_mixin.py:188} INFO - [2026-09-17T16:36:17.477+0000] {dagbag.py:545} INFO - Filling up the DagBag from /opt/airflow/dags/etl.py
[2026-09-17T16:36:17.481+0000] {processor.py:842} WARNING - No viable dags retrieved from /opt/airflow/dags/etl.py
[2026-09-17T16:36:17.497+0000] {processor.py:183} INFO - Processing /opt/airflow/dags/etl.py took 0.036 seconds
[2026-09-17T16:36:47.679+0000] {processor.py:161} INFO - Started process (PID=159) to work on /opt/airflow/dags/etl.py
[2026-09-17T16:36:47.680+0000] {processor.py:830} INFO - Processing file /opt/airflow/dags/etl.py for tasks to queue
[2026-09-17T16:36:47.682+0000] {logging_mixin.py:188} INFO - [2026-09-17T16:36:47.682+0000] {dagbag.py:545} INFO - Filling up the DagBag from /opt/airflow/dags/etl.py
[2026-09-17T16:36:47.686+0000] {processor.py:842} WARNING - No viable dags retrieved from /opt/airflow/dags/etl.py
[2026-09-17T16:36:47.701+0000] {processor.py:183} INFO - Processing /opt/airflow/dags/etl.py took 0.032 seconds
[2026-09-17T16:37:17.882+0000] {processor.py:161} INFO - Started process (PID=160) to work on /opt/airflow/dags/etl.py
[2026-09-17T16:37:17.885+0000] {processor.py:830} INFO - Processing file /opt/airflow/dags/etl.py for tasks to queue
[2026-09-17T16:37:17.889+0000] {logging_mixin.py:188} INFO - [2026-09-17T16:37:17.888+0000] {dagbag.py:545} INFO - Filling up the DagBag from /opt/airflow/dags/etl.py
[2026-09-17T16:37:17.893+0000] {processor.py:842} WARNING - No viable dags retrieved from /opt/airflow/dags/etl.py
[2026-09-17T16:37:17.908+0000] {processor.py:183} INFO - Processing /opt/airflow/dags/etl.py took 0.036 seconds
[2026-09-17T16:37:48.076+0000] {processor.py:161} INFO - Started process (PID=161) to work on /opt/airflow/dags/etl.py
[2026-09-17T16:37:48.077+0000] {processor.py:830} INFO - Processing file /opt/airflow/dags/etl.py for tasks to queue
[2026-09-17T16:37:48.080+0000] {logging_mixin.py:188} INFO - [2026-09-17T16:37:48.080+0000] {dagbag.py:545} INFO - Filling up the DagBag from /opt/airflow/dags/etl.py
[2026-09-17T16:37:48.083+0000] {processor.py:842} WARNING - No viable dags retrieved from /opt/airflow/dags/etl.py
[2026-09-17T16:37:48.099+0000] {processor.py:183} INFO - Processing /opt/airflow/dags/etl.py took 0.033 seconds
[2026-09-17T16:38:18.283+0000] {processor.py:161} INFO - Started process (PID=162) to work on /opt/airflow/dags/etl.py
[2026-09-17T16:38:18.286+0000] {processor.py:830} INFO - Processing file /opt/airflow/dags/etl.py for tasks to queue
[2026-09-17T16:38:18.289+0000] {logging_mixin.py:188} INFO - [2026-09-17T16:38:18.289+0000] {dagbag.py:545} INFO - Filling up the DagBag from /opt/airflow/dags/etl.py
[2026-09-17T16:38:18.293+0000] {processor.py:842} WARNING - No viable dags retrieved from /opt/airflow/dags/etl.py
[2026-09-17T16:38:18.311+0000] {processor.py:183} INFO - Processing /opt/airflow/dags/etl.py took 0.038 seconds
[2026-09-17T16:38:48.493+0000] {processor.py:161} INFO - Started process (PID=163) to work on /opt/airflow/dags/etl.py
[2026-09-17T16:38:48.494+0000] {processor.py:830} INFO - Processing file /opt/airflow/dags/etl.py for tasks to queue
[2026-09-17T16:38:48.498+0000] {logging_mixin.py:188} INFO - [2026-09-17T16:38:48.497+0000] {dagbag.py:545} INFO - Filling up the DagBag from /opt/airflow/dags/etl.py
[2026-09-17T16:38:48.501+0000] {processor.py:842} WARNING - No viable dags retrieved from /opt/airflow/dags/etl.py
[2026-09-17T16:38:48.518+0000] {processor.py:183} INFO - Processing /opt/airflow/dags/etl.py took 0.035 seconds
[2026-09-17T16:39:18.709+0000] {processor.py:161} INFO - Started process (PID=164) to work on /opt/airflow/dags/etl.py
[2026-09-17T16:39:18.712+0000] {processor.py:830} INFO - Processing file /opt/airflow/dags/etl.py for tasks to queue
[2026-09-17T16:39:18.715+0000] {logging_mixin.py:188} INFO - [2026-09-17T16:39:18.714+0000] {dagbag.py:545} INFO - Filling up the DagBag from /opt/airflow/dags/etl.py
[2026-09-17T16:39:18.718+0000] {processor.py:842} WARNING - No viable dags retrieved from /opt/airflow/dags/etl.py
[2026-09-17T16:39:18.734+0000] {processor.py:183} INFO - Processing /opt/airflow/dags/etl.py took 0.034 seconds
[2026-09-17T16:39:48.911+0000] {processor.py:161} INFO - Started process (PID=165) to work on /opt/airflow/dags/etl.py
[2026-09-17T16:39:48.912+0000] {processor.py:830} INFO - Processing file /opt/airflow/dags/etl.py for tasks to queue
[2026-09-17T16:39:48.915+0000] {logging_mixin.py:188} INFO - [2026-09-17T16:39:48.914+0000] {dagbag.py:545} INFO - Filling up the DagBag from /opt/airflow/dags/etl.py
[2026-09-17T16:39:48.918+0000] {processor.py:842} WARNING - No viable dags retrieved from /opt/airflow/dags/etl.py
[2026-09-17T16:39:48.934+0000] {processor.py:183} INFO - Processing /opt/airflow/dags/etl.py took 0.033 seconds
[2026-09-17T16:40:19.109+0000] {processor.py:161} INFO - Started process (PID=166) to work on /opt/airflow/dags/etl.py
[2026-09-17T16:40:19.112+0000] {processor.py:830} INFO - Processing file /opt/airflow/dags/etl.py for tasks to queue
[2026-09-17T16:40:19.115+0000] {logging_mixin.py:188} INFO - [2026-09-17T16:40:19.114+0000] {dagbag.py:545} INFO - Filling up the DagBag from /opt/airflow/dags/etl.py
[2026-09-17T16:40:19.118+0000] {processor.py:842} WARNING - No viable dags retrieved from /opt/airflow/dags/etl.py
[2026-09-17T16:40:19.134+0000] {processor.py:183} INFO - Processing /opt/airflow/dags/etl.py took 0.035 seconds
[2026-09-17T16:40:49.309+0000] {processor.py:161} INFO - Started process (PID=167) to work on /opt/airflow/dags/etl.py
[2026-09-17T16:40:49.310+0000] {processor.py:830} INFO - Processing file /opt/airflow/dags/etl.py for tasks to queue
[2026-09-17T16:40:49.313+0000] {logging_mixin.py:188} INFO - [2026-09-17T16:40:49.312+0000] {dagbag.py:545} INFO - Filling up the DagBag from /opt/airflow/dags/etl.py
[2026-09-17T16:40:49.316+0000] {processor.py:842} WARNING - No viable dags retrieved from /opt/airflow/dags/etl.py
[2026-09-17T16:40:49.333+0000] {processor.py:183} INFO - Processing /opt/airflow/dags/etl.py took 0.034 seconds
[2026-09-17T16:41:19.510+0000] {processor.py:161} INFO - Started process (PID=168) to work on /opt/airflow/dags/etl.py
[2026-09-17T16:41:19.519+0000] {processor.py:830} INFO - Processing file /opt/airflow/dags/etl.py for tasks to queue
[2026-09-17T16:41:19.522+0000] {logging_mixin.py:188} INFO - [2026-09-17T16:41:19.521+0000] {dagbag.py:545} INFO - Filling up the DagBag from /opt/airflow/dags/etl.py
[2026-09-17T16:41:19.525+0000] {processor.py:842} WARNING - No viable dags retrieved from /opt/airflow/dags/etl.py
[2026-09-17T16:41:19.541+0000] {processor.py:183} INFO - Processing /opt/airflow/dags/etl.py took 0.042 seconds
[2026-09-17T16:41:49.708+0000] {processor.py:161} INFO - Started process (PID=169) to work on /opt/airflow/dags/etl.py
[2026-09-17T16:41:49.709+0000] {processor.py:830} INFO - Processing file /opt/airflow/dags/etl.py for tasks to queue
[2026-09-17T16:41:49.712+0000] {logging_mixin.py:188} INFO - [2026-09-17T16:41:49.711+0000] {dagbag.py:545} INFO - Filling up the DagBag from /opt/airflow/dags/etl.py
[2026-09-17T16:41:49.715+0000] {processor.py:842} WARNING - No viable dags retrieved from /opt/airflow/dags/etl.py
[2026-09-17T16:41:49.730+0000] {processor.py:183} INFO - Processing /opt/airflow/dags/etl.py took 0.031 seconds
[2026-09-17T16:42:19.904+0000] {processor.py:161} INFO - Started process (PID=170) to work on /opt/airflow/dags/etl.py
[2026-09-17T16:42:19.912+0000] {processor.py:830} INFO - Processing file /opt/airflow/dags/etl.py for tasks to queue
[2026-09-17T16:42:19.914+0000] {logging_mixin.py:188} INFO - [2026-09-17T16:42:19.914+0000] {dagbag.py:545} INFO - Filling up the DagBag from /opt/airflow/dags/etl.py
[2026-09-17T16:42:19.917+0000] {processor.py:842} WARNING - No viable dags retrieved from /opt/airflow/dags/etl.py
[2026-09-17T16:42:19.933+0000] {processor.py:183} INFO - Processing /opt/airflow/dags/etl.py took 0.034 seconds
[2026-09-17T16:42:50.111+0000] {processor.py:161} INFO - Started process (PID=171) to work on /opt/airflow/dags/etl.py
[2026-09-17T16:42:50.112+0000] {processor.py:830} INFO - Processing file /opt/airflow/dags/etl.py for tasks to queue
[2026-09-17T16:42:50.115+0000] {logging_mixin.py:188} INFO - [2026-09-17T16:42:50.114+0000] {dagbag.py:545} INFO - Filling up the DagBag from /opt/airflow/dags/etl.py
[2026-09-17T16:42:50.118+0000] {processor.py:842} WARNING - No viable dags retrieved from /opt/airflow/dags/etl.py
[2026-09-17T16:42:50.134+0000] {processor.py:183} INFO - Processing /opt/airflow/dags/etl.py took 0.034 seconds
[2026-09-17T16:43:20.316+0000] {processor.py:161} INFO - Started process (PID=172) to work on /opt/airflow/dags/etl.py
[2026-09-17T16:43:20.324+0000] {processor.py:830} INFO - Processing file /opt/airflow/dags/etl.py for tasks to queue
[2026-09-17T16:43:20.326+0000] {logging_mixin.py:188} INFO - [2026-09-17T16:43:20.326+0000] {dagbag.py:545} INFO - Filling up the DagBag from /opt/airflow/dags/etl.py
[2026-09-17T16:43:20.330+0000] {processor.py:842} WARNING - No viable dags retrieved from /opt/airflow/dags/etl.py
[2026-09-17T16:43:20.347+0000] {processor.py:183} INFO - Processing /opt/airflow/dags/etl.py took 0.040 seconds
[2026-09-17T16:43:50.521+0000] {processor.py:161} INFO - Started process (PID=173) to work on /opt/airflow/dags/etl.py
[2026-09-17T16:43:50.523+0000] {processor.py:830} INFO - Processing file /opt/airflow/dags/etl.py for tasks to queue
[2026-09-17T16:43:50.527+0000] {logging_mixin.py:188} INFO - [2026-09-17T16:43:50.526+0000] {dagbag.py:545} INFO - Filling up the DagBag from /opt/airflow/dags/etl.py
[2026-09-17T16:43:50.531+0000] {processor.py:842} WARNING - No viable dags retrieved from /opt/airflow/dags/etl.py
[2026-09-17T16:43:50.546+0000] {processor.py:183} INFO - Processing /opt/airflow/dags/etl.py took 0.037 seconds
[2026-09-17T16:44:20.724+0000] {processor.py:161} INFO - Started process (PID=174) to work on /opt/airflow/dags/etl.py
[2026-09-17T16:44:20.727+0000] {processor.py:830} INFO - Processing file /opt/airflow/dags/etl.py for tasks to queue
[2026-09-17T16:44:20.729+0000] {logging_mixin.py:188} INFO - [2026-09-17T16:44:20.729+0000] {dagbag.py:545} INFO - Filling up the DagBag from /opt/airflow/dags/etl.py
[2026-09-17T16:44:20.733+0000] {processor.py:842} WARNING - No viable dags retrieved from /opt/airflow/dags/etl.py
[2026-09-17T16:44:20.750+0000] {processor.py:183} INFO - Processing /opt/airflow/dags/etl.py took 0.036 seconds
[2026-09-17T16:44:50.926+0000] {processor.py:161} INFO - Started process (PID=175) to work on /opt/airflow/dags/etl.py
[2026-09-17T16:44:50.928+0000] {processor.py:830} INFO - Processing file /opt/airflow/dags/etl.py for tasks to queue
[2026-09-17T16:44:50.932+0000] {logging_mixin.py:188} INFO - [2026-09-17T16:44:50.931+0000] {dagbag.py:545} INFO - Filling up the DagBag from /opt/airflow/dags/etl.py
[2026-09-17T16:44:50.936+0000] {processor.py:842} WARNING - No viable dags retrieved from /opt/airflow/dags/etl.py
[2026-09-17T16:44:50.951+0000] {processor.py:183} INFO - Processing /opt/airflow/dags/etl.py took 0.034 seconds
[2026-09-17T16:45:21.069+0000] {processor.py:161} INFO - Started process (PID=176) to work on /opt/airflow/dags/etl.py
[2026-09-17T16:45:21.072+0000] {processor.py:830} INFO - Processing file /opt/airflow/dags/etl.py for tasks to queue
[2026-09-17T16:45:21.075+0000] {logging_mixin.py:188} INFO - [2026-09-17T16:45:21.074+0000] {dagbag.py:545} INFO - Filling up the DagBag from /opt/airflow/dags/etl.py
[2026-09-17T16:45:21.078+0000] {processor.py:842} WARNING - No viable dags retrieved from /opt/airflow/dags/etl.py
[2026-09-17T16:45:21.094+0000] {processor.py:183} INFO - Processing /opt/airflow/dags/etl.py took 0.034 seconds
[2026-09-17T16:45:51.263+0000] {processor.py:161} INFO - Started process (PID=177) to work on /opt/airflow/dags/etl.py
[2026-09-17T16:45:51.264+0000] {processor.py:830} INFO - Processing file /opt/airflow/dags/etl.py for tasks to queue
[2026-09-17T16:45:51.267+0000] {logging_mixin.py:188} INFO - [2026-09-17T16:45:51.266+0000] {dagbag.py:545} INFO - Filling up the DagBag from /opt/airflow/dags/etl.py
[2026-09-17T16:45:51.270+0000] {processor.py:842} WARNING - No viable dags retrieved from /opt/airflow/dags/etl.py
[2026-09-17T16:45:51.285+0000] {processor.py:183} INFO - Processing /opt/airflow/dags/etl.py took 0.030 seconds
[2026-09-17T16:46:21.475+0000] {processor.py:161} INFO - Started process (PID=178) to work on /opt/airflow/dags/etl.py
[2026-09-17T16:46:21.478+0000] {processor.py:830} INFO - Processing file /opt/airflow/dags/etl.py for tasks to queue
[2026-09-17T16:46:21.482+0000] {logging_mixin.py:188} INFO - [2026-09-17T16:46:21.481+0000] {dagbag.py:545} INFO - Filling up the DagBag from /opt/airflow/dags/etl.py
[2026-09-17T16:46:21.485+0000] {processor.py:842} WARNING - No viable dags retrieved from /opt/airflow/dags/etl.py
[2026-09-17T16:46:21.500+0000] {processor.py:183} INFO - Processing /opt/airflow/dags/etl.py took 0.035 seconds
[2026-09-17T16:46:51.677+0000] {processor.py:161} INFO - Started process (PID=179) to work on /opt/airflow/dags/etl.py
[2026-09-17T16:46:51.679+0000] {processor.py:830} INFO - Processing file /opt/airflow/dags/etl.py for tasks to queue
[2026-09-17T16:46:51.681+0000] {logging_mixin.py:188} INFO - [2026-09-17T16:46:51.681+0000] {dagbag.py:545} INFO - Filling up the DagBag from /opt/airflow/dags/etl.py
[2026-09-17T16:46:51.685+0000] {processor.py:842} WARNING - No viable dags retrieved from /opt/airflow/dags/etl.py
[2026-09-17T16:46:51.701+0000] {processor.py:183} INFO - Processing /opt/airflow/dags/etl.py took 0.034 seconds
[2026-09-17T16:47:21.881+0000] {processor.py:161} INFO - Started process (PID=180) to work on /opt/airflow/dags/etl.py
[2026-09-17T16:47:21.890+0000] {processor.py:830} INFO - Processing file /opt/airflow/dags/etl.py for tasks to queue
[2026-09-17T16:47:21.894+0000] {logging_mixin.py:188} INFO - [2026-09-17T16:47:21.893+0000] {dagbag.py:545} INFO - Filling up the DagBag from /opt/airflow/dags/etl.py
[2026-09-17T16:47:21.898+0000] {processor.py:842} WARNING - No viable dags retrieved from /opt/airflow/dags/etl.py
[2026-09-17T16:47:21.917+0000] {processor.py:183} INFO - Processing /opt/airflow/dags/etl.py took 0.046 seconds
[2026-09-17T16:47:52.085+0000] {processor.py:161} INFO - Started process (PID=181) to work on /opt/airflow/dags/etl.py
[2026-09-17T16:47:52.087+0000] {processor.py:830} INFO - Processing file /opt/airflow/dags/etl.py for tasks to queue
[2026-09-17T16:47:52.089+0000] {logging_mixin.py:188} INFO - [2026-09-17T16:47:52.089+0000] {dagbag.py:545} INFO - Filling up the DagBag from /opt/airflow/dags/etl.py
[2026-09-17T16:47:52.093+0000] {processor.py:842} WARNING - No viable dags retrieved from /opt/airflow/dags/etl.py
[2026-09-17T16:47:52.109+0000] {processor.py:183} INFO - Processing /opt/airflow/dags/etl.py took 0.034 seconds
[2026-09-17T16:48:22.285+0000] {processor.py:161} INFO - Started process (PID=182) to work on /opt/airflow/dags/etl.py
[2026-09-17T16:48:22.289+0000] {processor.py:830} INFO - Processing file /opt/airflow/dags/etl.py for tasks to queue
[2026-09-17T16:48:22.292+0000] {logging_mixin.py:188} INFO - [2026-09-17T16:48:22.291+0000] {dagbag.py:545} INFO - Filling up the DagBag from /opt/airflow/dags/etl.py
[2026-09-17T16:48:22.295+0000] {processor.py:842} WARNING - No viable dags retrieved from /opt/airflow/dags/etl.py
[2026-09-17T16:48:22.311+0000] {processor.py:183} INFO - Processing /opt/airflow/dags/etl.py took 0.035 seconds
[2026-09-17T16:48:52.487+0000] {processor.py:161} INFO - Started process (PID=183) to work on /opt/airflow/dags/etl.py
[2026-09-17T16:48:52.491+0000] {processor.py:830} INFO - Processing file /opt/airflow/dags/etl.py for tasks to queue
[2026-09-17T16:48:52.493+0000] {logging_mixin.py:188} INFO - [2026-09-17T16:48:52.493+0000] {dagbag.py:545} INFO - Filling up the DagBag from /opt/airflow/dags/etl.py
[2026-09-17T16:48:52.497+0000] {processor.py:842} WARNING - No viable dags retrieved from /opt/airflow/dags/etl.py
[2026-09-17T16:48:52.513+0000] {processor.py:183} INFO - Processing /opt/airflow/dags/etl.py took 0.037 seconds
[2026-09-17T16:49:22.641+0000] {processor.py:161} INFO - Started process (PID=184) to work on /opt/airflow/dags/etl.py
[2026-09-17T16:49:22.643+0000] {processor.py:830} INFO - Processing file /opt/airflow/dags/etl.py for tasks to queue
[2026-09-17T16:49:22.645+0000] {logging_mixin.py:188} INFO - [2026-09-17T16:49:22.645+0000] {dagbag.py:545} INFO - Filling up the DagBag from /opt/airflow/dags/etl.py
[2026-09-17T16:49:22.649+0000] {processor.py:842} WARNING - No viable dags retrieved from /opt/airflow/dags/etl.py
[2026-09-17T16:49:22.665+0000] {processor.py:183} INFO - Processing /opt/airflow/dags/etl.py took 0.034 seconds
[2026-09-17T16:49:52.842+0000] {processor.py:161} INFO - Started process (PID=185) to work on /opt/airflow/dags/etl.py
[2026-09-17T16:49:52.845+0000] {processor.py:830} INFO - Processing file /opt/airflow/dags/etl.py for tasks to queue
[2026-09-17T16:49:52.849+0000] {logging_mixin.py:188} INFO - [2026-09-17T16:49:52.848+0000] {dagbag.py:545} INFO - Filling up the DagBag from /opt/airflow/dags/etl.py
[2026-09-17T16:49:52.852+0000] {processor.py:842} WARNING - No viable dags retrieved from /opt/airflow/dags/etl.py
[2026-09-17T16:49:52.868+0000] {processor.py:183} INFO - Processing /opt/airflow/dags/etl.py took 0.036 seconds
[2026-09-17T16:50:23.053+0000] {processor.py:161} INFO - Started process (PID=186) to work on /opt/airflow/dags/etl.py
[2026-09-17T16:50:23.055+0000] {processor.py:830} INFO - Processing file /opt/airflow/dags/etl.py for tasks to queue
[2026-09-17T16:50:23.057+0000] {logging_mixin.py:188} INFO - [2026-09-17T16:50:23.057+0000] {dagbag.py:545} INFO - Filling up the DagBag from /opt/airflow/dags/etl.py
[2026-09-17T16:50:23.061+0000] {processor.py:842} WARNING - No viable dags retrieved from /opt/airflow/dags/etl.py
[2026-09-17T16:50:23.076+0000] {processor.py:183} INFO - Processing /opt/airflow/dags/etl.py took 0.034 seconds
[2026-09-17T16:50:53.255+0000] {processor.py:161} INFO - Started process (PID=187) to work on /opt/airflow/dags/etl.py
[2026-09-17T16:50:53.258+0000] {processor.py:830} INFO - Processing file /opt/airflow/dags/etl.py for tasks to queue
[2026-09-17T16:50:53.261+0000] {logging_mixin.py:188} INFO - [2026-09-17T16:50:53.260+0000] {dagbag.py:545} INFO - Filling up the DagBag from /opt/airflow/dags/etl.py
[2026-09-17T16:50:53.264+0000] {processor.py:842} WARNING - No viable dags retrieved from /opt/airflow/dags/etl.py
[2026-09-17T16:50:53.281+0000] {processor.py:183} INFO - Processing /opt/airflow/dags/etl.py took 0.036 seconds
[2026-09-17T16:51:23.458+0000] {processor.py:161} INFO - Started process (PID=188) to work on /opt/airflow/dags/etl.py
[2026-09-17T16:51:23.459+0000] {processor.py:830} INFO - Processing file /opt/airflow/dags/etl.py for tasks to queue
[2026-09-17T16:51:23.464+0000] {logging_mixin.py:188} INFO - [2026-09-17T16:51:23.464+0000] {dagbag.py:545} INFO - Filling up the DagBag from /opt/airflow/dags/etl.py
[2026-09-17T16:51:23.469+0000] {processor.py:842} WARNING - No viable dags retrieved from /opt/airflow/dags/etl.py
[2026-09-17T16:51:23.486+0000] {processor.py:183} INFO - Processing /opt/airflow/dags/etl.py took 0.038 seconds
[2026-09-17T16:51:53.660+0000] {processor.py:161} INFO - Started process (PID=189) to work on /opt/airflow/dags/etl.py
[2026-09-17T16:51:53.663+0000] {processor.py:830} INFO - Processing file /opt/airflow/dags/etl.py for tasks to queue
[2026-09-17T16:51:53.666+0000] {logging_mixin.py:188} INFO - [2026-09-17T16:51:53.665+0000] {dagbag.py:545} INFO - Filling up the DagBag from /opt/airflow/dags/etl.py
[2026-09-17T16:51:53.670+0000] {processor.py:842} WARNING - No viable dags retrieved from /opt/airflow/dags/etl.py
[2026-09-17T16:51:53.687+0000] {processor.py:183} INFO - Processing /opt/airflow/dags/etl.py took 0.036 seconds
[2026-09-17T16:52:23.861+0000] {processor.py:161} INFO - Started process (PID=190) to work on /opt/airflow/dags/etl.py
[2026-09-17T16:52:23.862+0000] {processor.py:830} INFO - Processing file /opt/airflow/dags/etl.py for tasks to queue
[2026-09-17T16:52:23.867+0000] {logging_mixin.py:188} INFO - [2026-09-17T16:52:23.867+0000] {dagbag.py:545} INFO - Filling up the DagBag from /opt/airflow/dags/etl.py
[2026-09-17T16:52:23.871+0000] {processor.py:842} WARNING - No viable dags retrieved from /opt/airflow/dags/etl.py
[2026-09-17T16:52:23.887+0000] {processor.py:183} INFO - Processing /opt/airflow/dags/etl.py took 0.035 seconds
[2026-09-17T16:52:54.064+0000] {processor.py:161} INFO - Started process (PID=191) to work on /opt/airflow/dags/etl.py
[2026-09-17T16:52:54.066+0000] {processor.py:830} INFO - Processing file /opt/airflow/dags/etl.py for tasks to queue
[2026-09-17T16:52:54.069+0000] {logging_mixin.py:188} INFO - [2026-09-17T16:52:54.069+0000] {dagbag.py:545} INFO - Filling up the DagBag from /opt/airflow/dags/etl.py
[2026-09-17T16:52:54.072+0000] {processor.py:842} WARNING - No viable dags retrieved from /opt/airflow/dags/etl.py
[2026-09-17T16:52:54.088+0000] {processor.py:183} INFO - Processing /opt/airflow/dags/etl.py took 0.034 seconds
[2026-09-17T16:53:24.217+0000] {processor.py:161} INFO - Started process (PID=192) to work on /opt/airflow/dags/etl.py
[2026-09-17T16:53:24.218+0000] {processor.py:830} INFO - Processing file /opt/airflow/dags/etl.py for tasks to queue
[2026-09-17T16:53:24.221+0000] {logging_mixin.py:188} INFO - [2026-09-17T16:53:24.220+0000] {dagbag.py:545} INFO - Filling up the DagBag from /opt/airflow/dags/etl.py
[2026-09-17T16:53:24.224+0000] {processor.py:842} WARNING - No viable dags retrieved from /opt/airflow/dags/etl.py
[2026-09-17T16:53:24.240+0000] {processor.py:183} INFO - Processing /opt/airflow/dags/etl.py took 0.034 seconds
[2026-09-17T16:53:54.420+0000] {processor.py:161} INFO - Started process (PID=193) to work on /opt/airflow/dags/etl.py
[2026-09-17T16:53:54.424+0000] {processor.py:830} INFO - Processing file /opt/airflow/dags/etl.py for tasks to queue
[2026-09-17T16:53:54.426+0000] {logging_mixin.py:188} INFO - [2026-09-17T16:53:54.426+0000] {dagbag.py:545} INFO - Filling up the DagBag from /opt/airflow/dags/etl.py
[2026-09-17T16:53:54.430+0000] {processor.py:842} WARNING - No viable dags retrieved from /opt/airflow/dags/etl.py
[2026-09-17T16:53:54.446+0000] {processor.py:183} INFO - Processing /opt/airflow/dags/etl.py took 0.037 seconds
[2026-09-17T16:54:24.635+0000] {processor.py:161} INFO - Started process (PID=194) to work on /opt/airflow/dags/etl.py
[2026-09-17T16:54:24.637+0000] {processor.py:830} INFO - Processing file /opt/airflow/dags/etl.py for tasks to queue
[2026-09-17T16:54:24.639+0000] {logging_mixin.py:188} INFO - [2026-09-17T16:54:24.639+0000] {dagbag.py:545} INFO - Filling up the DagBag from /opt/airflow/dags/etl.py
[2026-09-17T16:54:24.643+0000] {processor.py:842} WARNING - No viable dags retrieved from /opt/airflow/dags/etl.py
[2026-09-17T16:54:24.658+0000] {processor.py:183} INFO - Processing /opt/airflow/dags/etl.py took 0.033 seconds
[2026-09-17T16:54:54.834+0000] {processor.py:161} INFO - Started process (PID=195) to work on /opt/airflow/dags/etl.py
[2026-09-17T16:54:54.837+0000] {processor.py:830} INFO - Processing file /opt/airflow/dags/etl.py for tasks to queue
[2026-09-17T16:54:54.840+0000] {logging_mixin.py:188} INFO - [2026-09-17T16:54:54.840+0000] {dagbag.py:545} INFO - Filling up the DagBag from /opt/airflow/dags/etl.py
[2026-09-17T16:54:54.844+0000] {processor.py:842} WARNING - No viable dags retrieved from /opt/airflow/dags/etl.py
[2026-09-17T16:54:54.860+0000] {processor.py:183} INFO - Processing /opt/airflow/dags/etl.py took 0.036 seconds
[2026-09-17T16:55:25.042+0000] {processor.py:161} INFO - Started process (PID=196) to work on /opt/airflow/dags/etl.py
[2026-09-17T16:55:25.044+0000] {processor.py:830} INFO - Processing file /opt/airflow/dags/etl.py for tasks to queue
[2026-09-17T16:55:25.047+0000] {logging_mixin.py:188} INFO - [2026-09-17T16:55:25.046+0000] {dagbag.py:545} INFO - Filling up the DagBag from /opt/airflow/dags/etl.py
[2026-09-17T16:55:25.051+0000] {processor.py:842} WARNING - No viable dags retrieved from /opt/airflow/dags/etl.py
[2026-09-17T16:55:25.067+0000] {processor.py:183} INFO - Processing /opt/airflow/dags/etl.py took 0.036 seconds
[2026-09-17T16:55:55.241+0000] {processor.py:161} INFO - Started process (PID=197) to work on /opt/airflow/dags/etl.py
[2026-09-17T16:55:55.244+0000] {processor.py:830} INFO - Processing file /opt/airflow/dags/etl.py for tasks to queue
[2026-09-17T16:55:55.247+0000] {logging_mixin.py:188} INFO - [2026-09-17T16:55:55.246+0000] {dagbag.py:545} INFO - Filling up the DagBag from /opt/airflow/dags/etl.py
[2026-09-17T16:55:55.251+0000] {processor.py:842} WARNING - No viable dags retrieved from /opt/airflow/dags/etl.py
[2026-09-17T16:55:55.268+0000] {processor.py:183} INFO - Processing /opt/airflow/dags/etl.py took 0.036 seconds
[2026-09-17T16:56:25.448+0000] {processor.py:161} INFO - Started process (PID=198) to work on /opt/airflow/dags/etl.py
[2026-09-17T16:56:25.450+0000] {processor.py:830} INFO - Processing file /opt/airflow/dags/etl.py for tasks to queue
[2026-09-17T16:56:25.452+0000] {logging_mixin.py:188} INFO - [2026-09-17T16:56:25.452+0000] {dagbag.py:545} INFO - Filling up the DagBag from /opt/airflow/dags/etl.py
[2026-09-17T16:56:25.456+0000] {processor.py:842} WARNING - No viable dags retrieved from /opt/airflow/dags/etl.py
[2026-09-17T16:56:25.471+0000] {processor.py:183} INFO - Processing /opt/airflow/dags/etl.py took 0.035 seconds
[2026-09-17T16:56:55.648+0000] {processor.py:161} INFO - Started process (PID=199) to work on /opt/airflow/dags/etl.py
[2026-09-17T16:56:55.651+0000] {processor.py:830} INFO - Processing file /opt/airflow/dags/etl.py for tasks to queue
[2026-09-17T16:56:55.653+0000] {logging_mixin.py:188} INFO - [2026-09-17T16:56:55.653+0000] {dagbag.py:545} INFO - Filling up the DagBag from /opt/airflow/dags/etl.py
[2026-09-17T16:56:55.657+0000] {processor.py:842} WARNING - No viable dags retrieved from /opt/airflow/dags/etl.py
[2026-09-17T16:56:55.674+0000] {processor.py:183} INFO - Processing /opt/airflow/dags/etl.py took 0.036 seconds
[2026-09-17T16:57:25.853+0000] {processor.py:161} INFO - Started process (PID=200) to work on /opt/airflow/dags/etl.py
[2026-09-17T16:57:25.854+0000] {processor.py:830} INFO - Processing file /opt/airflow/dags/etl.py for tasks to queue
[2026-09-17T16:57:25.857+0000] {logging_mixin.py:188} INFO - [2026-09-17T16:57:25.857+0000] {dagbag.py:545} INFO - Filling up the DagBag from /opt/airflow/dags/etl.py
[2026-09-17T16:57:25.861+0000] {processor.py:842} WARNING - No viable dags retrieved from /opt/airflow/dags/etl.py
[2026-09-17T16:57:25.876+0000] {processor.py:183} INFO - Processing /opt/airflow/dags/etl.py took 0.035 seconds
[2026-09-17T16:57:56.063+0000] {processor.py:161} INFO - Started process (PID=201) to work on /opt/airflow/dags/etl.py
[2026-09-17T16:57:56.066+0000] {processor.py:830} INFO - Processing file /opt/airflow/dags/etl.py for tasks to queue
[2026-09-17T16:57:56.069+0000] {logging_mixin.py:188} INFO - [2026-09-17T16:57:56.068+0000] {dagbag.py:545} INFO - Filling up the DagBag from /opt/airflow/dags/etl.py
[2026-09-17T16:57:56.072+0000] {processor.py:842} WARNING - No viable dags retrieved from /opt/airflow/dags/etl.py
[2026-09-17T16:57:56.088+0000] {processor.py:183} INFO - Processing /opt/airflow/dags/etl.py took 0.035 seconds
[2026-09-17T16:58:26.267+0000] {processor.py:161} INFO - Started process (PID=202) to work on /opt/airflow/dags/etl.py
[2026-09-17T16:58:26.268+0000] {processor.py:830} INFO - Processing file /opt/airflow/dags/etl.py for tasks to queue
[2026-09-17T16:58:26.272+0000] {logging_mixin.py:188} INFO - [2026-09-17T16:58:26.271+0000] {dagbag.py:545} INFO - Filling up the DagBag from /opt/airflow/dags/etl.py
[2026-09-17T16:58:26.275+0000] {processor.py:842} WARNING - No viable dags retrieved from /opt/airflow/dags/etl.py
[2026-09-17T16:58:26.290+0000] {processor.py:183} INFO - Processing /opt/airflow/dags/etl.py took 0.033 seconds
[2026-09-17T16:58:56.468+0000] {processor.py:161} INFO - Started process (PID=203) to work on /opt/airflow/dags/etl.py
[2026-09-17T16:58:56.471+0000] {processor.py:830} INFO - Processing file /opt/airflow/dags/etl.py for tasks to queue
[2026-09-17T16:58:56.474+0000] {logging_mixin.py:188} INFO - [2026-09-17T16:58:56.474+0000] {dagbag.py:545} INFO - Filling up the DagBag from /opt/airflow/dags/etl.py
[2026-09-17T16:58:56.478+0000] {processor.py:842} WARNING - No viable dags retrieved from /opt/airflow/dags/etl.py
[2026-09-17T16:58:56.494+0000] {processor.py:183} INFO - Processing /opt/airflow/dags/etl.py took 0.035 seconds
[2026-09-17T16:59:26.672+0000] {processor.py:161} INFO - Started process (PID=204) to work on /opt/airflow/dags/etl.py
[2026-09-17T16:59:26.673+0000] {processor.py:830} INFO - Processing file /opt/airflow/dags/etl.py for tasks to queue
[2026-09-17T16:59:26.676+0000] {logging_mixin.py:188} INFO - [2026-09-17T16:59:26.675+0000] {dagbag.py:545} INFO - Filling up the DagBag from /opt/airflow/dags/etl.py
[2026-09-17T16:59:26.679+0000] {processor.py:842} WARNING - No viable dags retrieved from /opt/airflow/dags/etl.py
[2026-09-17T16:59:26.696+0000] {processor.py:183} INFO - Processing /opt/airflow/dags/etl.py took 0.034 seconds
[2026-09-17T16:59:56.875+0000] {processor.py:161} INFO - Started process (PID=205) to work on /opt/airflow/dags/etl.py
[2026-09-17T16:59:56.878+0000] {processor.py:830} INFO - Processing file /opt/airflow/dags/etl.py for tasks to queue
[2026-09-17T16:59:56.881+0000] {logging_mixin.py:188} INFO - [2026-09-17T16:59:56.881+0000] {dagbag.py:545} INFO - Filling up the DagBag from /opt/airflow/dags/etl.py
[2026-09-17T16:59:56.885+0000] {processor.py:842} WARNING - No viable dags retrieved from /opt/airflow/dags/etl.py
[2026-09-17T16:59:56.901+0000] {processor.py:183} INFO - Processing /opt/airflow/dags/etl.py took 0.037 seconds
[2026-09-17T17:00:27.056+0000] {processor.py:161} INFO - Started process (PID=206) to work on /opt/airflow/dags/etl.py
[2026-09-17T17:00:27.057+0000] {processor.py:830} INFO - Processing file /opt/airflow/dags/etl.py for tasks to queue
[2026-09-17T17:00:27.060+0000] {logging_mixin.py:188} INFO - [2026-09-17T17:00:27.059+0000] {dagbag.py:545} INFO - Filling up the DagBag from /opt/airflow/dags/etl.py
[2026-09-17T17:00:27.064+0000] {processor.py:842} WARNING - No viable dags retrieved from /opt/airflow/dags/etl.py
[2026-09-17T17:00:27.080+0000] {processor.py:183} INFO - Processing /opt/airflow/dags/etl.py took 0.034 seconds
[2026-09-17T17:00:57.267+0000] {processor.py:161} INFO - Started process (PID=207) to work on /opt/airflow/dags/etl.py
[2026-09-17T17:00:57.276+0000] {processor.py:830} INFO - Processing file /opt/airflow/dags/etl.py for tasks to queue
[2026-09-17T17:00:57.280+0000] {logging_mixin.py:188} INFO - [2026-09-17T17:00:57.279+0000] {dagbag.py:545} INFO - Filling up the DagBag from /opt/airflow/dags/etl.py
[2026-09-17T17:00:57.285+0000] {processor.py:842} WARNING - No viable dags retrieved from /opt/airflow/dags/etl.py
[2026-09-17T17:00:57.301+0000] {processor.py:183} INFO - Processing /opt/airflow/dags/etl.py took 0.044 seconds
[2026-09-17T17:01:27.473+0000] {processor.py:161} INFO - Started process (PID=208) to work on /opt/airflow/dags/etl.py
[2026-09-17T17:01:27.475+0000] {processor.py:830} INFO - Processing file /opt/airflow/dags/etl.py for tasks to queue
[2026-09-17T17:01:27.478+0000] {logging_mixin.py:188} INFO - [2026-09-17T17:01:27.477+0000] {dagbag.py:545} INFO - Filling up the DagBag from /opt/airflow/dags/etl.py
[2026-09-17T17:01:27.481+0000] {processor.py:842} WARNING - No viable dags retrieved from /opt/airflow/dags/etl.py
[2026-09-17T17:01:27.499+0000] {processor.py:183} INFO - Processing /opt/airflow/dags/etl.py took 0.037 seconds
[2026-09-17T17:01:57.673+0000] {processor.py:161} INFO - Started process (PID=209) to work on /opt/airflow/dags/etl.py
[2026-09-17T17:01:57.681+0000] {processor.py:830} INFO - Processing file /opt/airflow/dags/etl.py for tasks to queue
[2026-09-17T17:01:57.684+0000] {logging_mixin.py:188} INFO - [2026-09-17T17:01:57.684+0000] {dagbag.py:545} INFO - Filling up the DagBag from /opt/airflow/dags/etl.py
[2026-09-17T17:01:57.688+0000] {processor.py:842} WARNING - No viable dags retrieved from /opt/airflow/dags/etl.py
[2026-09-17T17:01:57.705+0000] {processor.py:183} INFO - Processing /opt/airflow/dags/etl.py took 0.042 seconds
[2026-09-17T17:02:27.877+0000] {processor.py:161} INFO - Started process (PID=210) to work on /opt/airflow/dags/etl.py
[2026-09-17T17:02:27.878+0000] {processor.py:830} INFO - Processing file /opt/airflow/dags/etl.py for tasks to queue
[2026-09-17T17:02:27.881+0000] {logging_mixin.py:188} INFO - [2026-09-17T17:02:27.880+0000] {dagbag.py:545} INFO - Filling up the DagBag from /opt/airflow/dags/etl.py
[2026-09-17T17:02:27.884+0000] {processor.py:842} WARNING - No viable dags retrieved from /opt/airflow/dags/etl.py
[2026-09-17T17:02:27.901+0000] {processor.py:183} INFO - Processing /opt/airflow/dags/etl.py took 0.035 seconds
[2026-09-17T17:02:58.058+0000] {processor.py:161} INFO - Started process (PID=211) to work on /opt/airflow/dags/etl.py
[2026-09-17T17:02:58.065+0000] {processor.py:830} INFO - Processing file /opt/airflow/dags/etl.py for tasks to queue
[2026-09-17T17:02:58.067+0000] {logging_mixin.py:188} INFO - [2026-09-17T17:02:58.067+0000] {dagbag.py:545} INFO - Filling up the DagBag from /opt/airflow/dags/etl.py
[2026-09-17T17:02:58.071+0000] {processor.py:842} WARNING - No viable dags retrieved from /opt/airflow/dags/etl.py
[2026-09-17T17:02:58.087+0000] {processor.py:183} INFO - Processing /opt/airflow/dags/etl.py took 0.034 seconds
[2026-09-17T17:03:28.262+0000] {processor.py:161} INFO - Started process (PID=212) to work on /opt/airflow/dags/etl.py
[2026-09-17T17:03:28.263+0000] {processor.py:830} INFO - Processing file /opt/airflow/dags/etl.py for tasks to queue
[2026-09-17T17:03:28.267+0000] {logging_mixin.py:188} INFO - [2026-09-17T17:03:28.267+0000] {dagbag.py:545} INFO - Filling up the DagBag from /opt/airflow/dags/etl.py
[2026-09-17T17:03:28.271+0000] {processor.py:842} WARNING - No viable dags retrieved from /opt/airflow/dags/etl.py
[2026-09-17T17:03:28.286+0000] {processor.py:183} INFO - Processing /opt/airflow/dags/etl.py took 0.035 seconds
[2026-09-17T17:03:58.395+0000] {processor.py:161} INFO - Started process (PID=213) to work on /opt/airflow/dags/etl.py
[2026-09-17T17:03:58.404+0000] {processor.py:830} INFO - Processing file /opt/airflow/dags/etl.py for tasks to queue
[2026-09-17T17:03:58.406+0000] {logging_mixin.py:188} INFO - [2026-09-17T17:03:58.406+0000] {dagbag.py:545} INFO - Filling up the DagBag from /opt/airflow/dags/etl.py
[2026-09-17T17:03:58.410+0000] {processor.py:842} WARNING - No viable dags retrieved from /opt/airflow/dags/etl.py
[2026-09-17T17:03:58.427+0000] {processor.py:183} INFO - Processing /opt/airflow/dags/etl.py took 0.042 seconds
[2026-09-17T17:04:28.591+0000] {processor.py:161} INFO - Started process (PID=214) to work on /opt/airflow/dags/etl.py
[2026-09-17T17:04:28.592+0000] {processor.py:830} INFO - Processing file /opt/airflow/dags/etl.py for tasks to queue
[2026-09-17T17:04:28.594+0000] {logging_mixin.py:188} INFO - [2026-09-17T17:04:28.593+0000] {dagbag.py:545} INFO - Filling up the DagBag from /opt/airflow/dags/etl.py
[2026-09-17T17:04:28.595+0000] {processor.py:842} WARNING - No viable dags retrieved from /opt/airflow/dags/etl.py
[2026-09-17T17:04:28.603+0000] {processor.py:183} INFO - Processing /opt/airflow/dags/etl.py took 0.016 seconds
[2026-09-17T17:04:58.798+0000] {processor.py:161} INFO - Started process (PID=215) to work on /opt/airflow/dags/etl.py
[2026-09-17T17:04:58.802+0000] {processor.py:830} INFO - Processing file /opt/airflow/dags/etl.py for tasks to queue
[2026-09-17T17:04:58.806+0000] {logging_mixin.py:188} INFO - [2026-09-17T17:04:58.805+0000] {dagbag.py:545} INFO - Filling up the DagBag from /opt/airflow/dags/etl.py
[2026-09-17T17:04:58.810+0000] {processor.py:842} WARNING - No viable dags retrieved from /opt/airflow/dags/etl.py
[2026-09-17T17:04:58.826+0000] {processor.py:183} INFO - Processing /opt/airflow/dags/etl.py took 0.037 seconds
[2026-09-17T17:05:28.994+0000] {processor.py:161} INFO - Started process (PID=216) to work on /opt/airflow/dags/etl.py
[2026-09-17T17:05:28.996+0000] {processor.py:830} INFO - Processing file /opt/airflow/dags/etl.py for tasks to queue
[2026-09-17T17:05:28.999+0000] {logging_mixin.py:188} INFO - [2026-09-17T17:05:28.998+0000] {dagbag.py:545} INFO - Filling up the DagBag from /opt/airflow/dags/etl.py
[2026-09-17T17:05:29.002+0000] {processor.py:842} WARNING - No viable dags retrieved from /opt/airflow/dags/etl.py
[2026-09-17T17:05:29.018+0000] {processor.py:183} INFO - Processing /opt/airflow/dags/etl.py took 0.033 seconds
[2026-09-17T17:05:59.178+0000] {processor.py:161} INFO - Started process (PID=217) to work on /opt/airflow/dags/etl.py
[2026-09-17T17:05:59.181+0000] {processor.py:830} INFO - Processing file /opt/airflow/dags/etl.py for tasks to queue
[2026-09-17T17:05:59.184+0000] {logging_mixin.py:188} INFO - [2026-09-17T17:05:59.183+0000] {dagbag.py:545} INFO - Filling up the DagBag from /opt/airflow/dags/etl.py
[2026-09-17T17:05:59.187+0000] {processor.py:842} WARNING - No viable dags retrieved from /opt/airflow/dags/etl.py
[2026-09-17T17:05:59.205+0000] {processor.py:183} INFO - Processing /opt/airflow/dags/etl.py took 0.037 seconds
[2026-09-17T17:06:29.378+0000] {processor.py:161} INFO - Started process (PID=218) to work on /opt/airflow/dags/etl.py
[2026-09-17T17:06:29.380+0000] {processor.py:830} INFO - Processing file /opt/airflow/dags/etl.py for tasks to queue
[2026-09-17T17:06:29.382+0000] {logging_mixin.py:188} INFO - [2026-09-17T17:06:29.382+0000] {dagbag.py:545} INFO - Filling up the DagBag from /opt/airflow/dags/etl.py
[2026-09-17T17:06:29.386+0000] {processor.py:842} WARNING - No viable dags retrieved from /opt/airflow/dags/etl.py
[2026-09-17T17:06:29.401+0000] {processor.py:183} INFO - Processing /opt/airflow/dags/etl.py took 0.035 seconds
[2026-09-17T17:06:59.573+0000] {processor.py:161} INFO - Started process (PID=220) to work on /opt/airflow/dags/etl.py
[2026-09-17T17:06:59.575+0000] {processor.py:830} INFO - Processing file /opt/airflow/dags/etl.py for tasks to queue
[2026-09-17T17:06:59.578+0000] {logging_mixin.py:188} INFO - [2026-09-17T17:06:59.578+0000] {dagbag.py:545} INFO - Filling up the DagBag from /opt/airflow/dags/etl.py
[2026-09-17T17:06:59.582+0000] {processor.py:842} WARNING - No viable dags retrieved from /opt/airflow/dags/etl.py
[2026-09-17T17:06:59.597+0000] {processor.py:183} INFO - Processing /opt/airflow/dags/etl.py took 0.035 seconds
[2026-09-17T17:07:29.766+0000] {processor.py:161} INFO - Started process (PID=221) to work on /opt/airflow/dags/etl.py
[2026-09-17T17:07:29.766+0000] {processor.py:830} INFO - Processing file /opt/airflow/dags/etl.py for tasks to queue
[2026-09-17T17:07:29.768+0000] {logging_mixin.py:188} INFO - [2026-09-17T17:07:29.767+0000] {dagbag.py:545} INFO - Filling up the DagBag from /opt/airflow/dags/etl.py
[2026-09-17T17:07:29.770+0000] {processor.py:842} WARNING - No viable dags retrieved from /opt/airflow/dags/etl.py
[2026-09-17T17:07:29.777+0000] {processor.py:183} INFO - Processing /opt/airflow/dags/etl.py took 0.016 seconds
[2026-09-17T17:07:59.964+0000] {processor.py:161} INFO - Started process (PID=222) to work on /opt/airflow/dags/etl.py
[2026-09-17T17:07:59.967+0000] {processor.py:830} INFO - Processing file /opt/airflow/dags/etl.py for tasks to queue
[2026-09-17T17:07:59.968+0000] {logging_mixin.py:188} INFO - [2026-09-17T17:07:59.968+0000] {dagbag.py:545} INFO - Filling up the DagBag from /opt/airflow/dags/etl.py
[2026-09-17T17:07:59.970+0000] {processor.py:842} WARNING - No viable dags retrieved from /opt/airflow/dags/etl.py
[2026-09-17T17:07:59.986+0000] {processor.py:183} INFO - Processing /opt/airflow/dags/etl.py took 0.026 seconds
[2026-09-17T17:08:30.173+0000] {processor.py:161} INFO - Started process (PID=223) to work on /opt/airflow/dags/etl.py
[2026-09-17T17:08:30.175+0000] {processor.py:830} INFO - Processing file /opt/airflow/dags/etl.py for tasks to queue
[2026-09-17T17:08:30.178+0000] {logging_mixin.py:188} INFO - [2026-09-17T17:08:30.178+0000] {dagbag.py:545} INFO - Filling up the DagBag from /opt/airflow/dags/etl.py
[2026-09-17T17:08:30.182+0000] {processor.py:842} WARNING - No viable dags retrieved from /opt/airflow/dags/etl.py
[2026-09-17T17:08:30.197+0000] {processor.py:183} INFO - Processing /opt/airflow/dags/etl.py took 0.035 seconds
[2026-09-17T17:09:00.372+0000] {processor.py:161} INFO - Started process (PID=224) to work on /opt/airflow/dags/etl.py
[2026-09-17T17:09:00.375+0000] {processor.py:830} INFO - Processing file /opt/airflow/dags/etl.py for tasks to queue
[2026-09-17T17:09:00.378+0000] {logging_mixin.py:188} INFO - [2026-09-17T17:09:00.377+0000] {dagbag.py:545} INFO - Filling up the DagBag from /opt/airflow/dags/etl.py
[2026-09-17T17:09:00.381+0000] {processor.py:842} WARNING - No viable dags retrieved from /opt/airflow/dags/etl.py
[2026-09-17T17:09:00.399+0000] {processor.py:183} INFO - Processing /opt/airflow/dags/etl.py took 0.037 seconds
[2026-09-17T17:09:30.566+0000] {processor.py:161} INFO - Started process (PID=225) to work on /opt/airflow/dags/etl.py
[2026-09-17T17:09:30.567+0000] {processor.py:830} INFO - Processing file /opt/airflow/dags/etl.py for tasks to queue
[2026-09-17T17:09:30.568+0000] {logging_mixin.py:188} INFO - [2026-09-17T17:09:30.568+0000] {dagbag.py:545} INFO - Filling up the DagBag from /opt/airflow/dags/etl.py
[2026-09-17T17:09:30.570+0000] {processor.py:842} WARNING - No viable dags retrieved from /opt/airflow/dags/etl.py
[2026-09-17T17:09:30.585+0000] {processor.py:183} INFO - Processing /opt/airflow/dags/etl.py took 0.023 seconds
[2026-09-17T17:10:00.766+0000] {processor.py:161} INFO - Started process (PID=226) to work on /opt/airflow/dags/etl.py
[2026-09-17T17:10:00.768+0000] {processor.py:830} INFO - Processing file /opt/airflow/dags/etl.py for tasks to queue
[2026-09-17T17:10:00.771+0000] {logging_mixin.py:188} INFO - [2026-09-17T17:10:00.770+0000] {dagbag.py:545} INFO - Filling up the DagBag from /opt/airflow/dags/etl.py
[2026-09-17T17:10:00.773+0000] {processor.py:842} WARNING - No viable dags retrieved from /opt/airflow/dags/etl.py
[2026-09-17T17:10:00.791+0000] {processor.py:183} INFO - Processing /opt/airflow/dags/etl.py took 0.029 seconds
[2026-09-17T17:10:30.972+0000] {processor.py:161} INFO - Started process (PID=227) to work on /opt/airflow/dags/etl.py
[2026-09-17T17:10:30.973+0000] {processor.py:830} INFO - Processing file /opt/airflow/dags/etl.py for tasks to queue
[2026-09-17T17:10:30.976+0000] {logging_mixin.py:188} INFO - [2026-09-17T17:10:30.975+0000] {dagbag.py:545} INFO - Filling up the DagBag from /opt/airflow/dags/etl.py
[2026-09-17T17:10:30.979+0000] {processor.py:842} WARNING - No viable dags retrieved from /opt/airflow/dags/etl.py
[2026-09-17T17:10:30.995+0000] {processor.py:183} INFO - Processing /opt/airflow/dags/etl.py took 0.034 seconds
[2026-09-17T17:11:01.163+0000] {processor.py:161} INFO - Started process (PID=228) to work on /opt/airflow/dags/etl.py
[2026-09-17T17:11:01.166+0000] {processor.py:830} INFO - Processing file /opt/airflow/dags/etl.py for tasks to queue
[2026-09-17T17:11:01.170+0000] {logging_mixin.py:188} INFO - [2026-09-17T17:11:01.169+0000] {dagbag.py:545} INFO - Filling up the DagBag from /opt/airflow/dags/etl.py
[2026-09-17T17:11:01.173+0000] {processor.py:842} WARNING - No viable dags retrieved from /opt/airflow/dags/etl.py
[2026-09-17T17:11:01.189+0000] {processor.py:183} INFO - Processing /opt/airflow/dags/etl.py took 0.036 seconds
[2026-09-17T17:11:31.366+0000] {processor.py:161} INFO - Started process (PID=229) to work on /opt/airflow/dags/etl.py
[2026-09-17T17:11:31.367+0000] {processor.py:830} INFO - Processing file /opt/airflow/dags/etl.py for tasks to queue
[2026-09-17T17:11:31.370+0000] {logging_mixin.py:188} INFO - [2026-09-17T17:11:31.370+0000] {dagbag.py:545} INFO - Filling up the DagBag from /opt/airflow/dags/etl.py
[2026-09-17T17:11:31.374+0000] {processor.py:842} WARNING - No viable dags retrieved from /opt/airflow/dags/etl.py
[2026-09-17T17:11:31.389+0000] {processor.py:183} INFO - Processing /opt/airflow/dags/etl.py took 0.034 seconds
[2026-09-17T17:12:01.565+0000] {processor.py:161} INFO - Started process (PID=230) to work on /opt/airflow/dags/etl.py
[2026-09-17T17:12:01.568+0000] {processor.py:830} INFO - Processing file /opt/airflow/dags/etl.py for tasks to queue
[2026-09-17T17:12:01.571+0000] {logging_mixin.py:188} INFO - [2026-09-17T17:12:01.571+0000] {dagbag.py:545} INFO - Filling up the DagBag from /opt/airflow/dags/etl.py
[2026-09-17T17:12:01.575+0000] {processor.py:842} WARNING - No viable dags retrieved from /opt/airflow/dags/etl.py
[2026-09-17T17:12:01.592+0000] {processor.py:183} INFO - Processing /opt/airflow/dags/etl.py took 0.037 seconds
[2026-09-17T17:12:31.762+0000] {processor.py:161} INFO - Started process (PID=231) to work on /opt/airflow/dags/etl.py
[2026-09-17T17:12:31.763+0000] {processor.py:830} INFO - Processing file /opt/airflow/dags/etl.py for tasks to queue
[2026-09-17T17:12:31.764+0000] {logging_mixin.py:188} INFO - [2026-09-17T17:12:31.764+0000] {dagbag.py:545} INFO - Filling up the DagBag from /opt/airflow/dags/etl.py
[2026-09-17T17:12:31.766+0000] {processor.py:842} WARNING - No viable dags retrieved from /opt/airflow/dags/etl.py
[2026-09-17T17:12:31.780+0000] {processor.py:183} INFO - Processing /opt/airflow/dags/etl.py took 0.022 seconds
[2026-09-17T17:19:28.343+0000] {processor.py:161} INFO - Started process (PID=232) to work on /opt/airflow/dags/etl.py
[2026-09-17T17:19:28.343+0000] {processor.py:830} INFO - Processing file /opt/airflow/dags/etl.py for tasks to queue
[2026-09-17T17:19:28.345+0000] {logging_mixin.py:188} INFO - [2026-09-17T17:19:28.345+0000] {dagbag.py:545} INFO - Filling up the DagBag from /opt/airflow/dags/etl.py
[2026-09-17T17:19:28.347+0000] {processor.py:842} WARNING - No viable dags retrieved from /opt/airflow/dags/etl.py
[2026-09-17T17:19:28.356+0000] {processor.py:183} INFO - Processing /opt/airflow/dags/etl.py took 0.018 seconds
[2026-09-17T17:19:58.583+0000] {processor.py:161} INFO - Started process (PID=233) to work on /opt/airflow/dags/etl.py
[2026-09-17T17:19:58.593+0000] {processor.py:830} INFO - Processing file /opt/airflow/dags/etl.py for tasks to queue
[2026-09-17T17:19:58.596+0000] {logging_mixin.py:188} INFO - [2026-09-17T17:19:58.595+0000] {dagbag.py:545} INFO - Filling up the DagBag from /opt/airflow/dags/etl.py
[2026-09-17T17:19:58.599+0000] {processor.py:842} WARNING - No viable dags retrieved from /opt/airflow/dags/etl.py
[2026-09-17T17:19:58.614+0000] {processor.py:183} INFO - Processing /opt/airflow/dags/etl.py took 0.043 seconds
[2026-09-17T17:20:28.817+0000] {processor.py:161} INFO - Started process (PID=234) to work on /opt/airflow/dags/etl.py
[2026-09-17T17:20:28.818+0000] {processor.py:830} INFO - Processing file /opt/airflow/dags/etl.py for tasks to queue
[2026-09-17T17:20:28.821+0000] {logging_mixin.py:188} INFO - [2026-09-17T17:20:28.820+0000] {dagbag.py:545} INFO - Filling up the DagBag from /opt/airflow/dags/etl.py
[2026-09-17T17:20:28.825+0000] {processor.py:842} WARNING - No viable dags retrieved from /opt/airflow/dags/etl.py
[2026-09-17T17:20:28.843+0000] {processor.py:183} INFO - Processing /opt/airflow/dags/etl.py took 0.036 seconds
[2026-09-17T17:20:59.061+0000] {processor.py:161} INFO - Started process (PID=235) to work on /opt/airflow/dags/etl.py
[2026-09-17T17:20:59.064+0000] {processor.py:830} INFO - Processing file /opt/airflow/dags/etl.py for tasks to queue
[2026-09-17T17:20:59.067+0000] {logging_mixin.py:188} INFO - [2026-09-17T17:20:59.066+0000] {dagbag.py:545} INFO - Filling up the DagBag from /opt/airflow/dags/etl.py
[2026-09-17T17:20:59.070+0000] {processor.py:842} WARNING - No viable dags retrieved from /opt/airflow/dags/etl.py
[2026-09-17T17:20:59.087+0000] {processor.py:183} INFO - Processing /opt/airflow/dags/etl.py took 0.036 seconds
[2026-09-17T17:21:29.292+0000] {processor.py:161} INFO - Started process (PID=236) to work on /opt/airflow/dags/etl.py
[2026-09-17T17:21:29.294+0000] {processor.py:830} INFO - Processing file /opt/airflow/dags/etl.py for tasks to queue
[2026-09-17T17:21:29.296+0000] {logging_mixin.py:188} INFO - [2026-09-17T17:21:29.296+0000] {dagbag.py:545} INFO - Filling up the DagBag from /opt/airflow/dags/etl.py
[2026-09-17T17:21:29.300+0000] {processor.py:842} WARNING - No viable dags retrieved from /opt/airflow/dags/etl.py
[2026-09-17T17:21:29.315+0000] {processor.py:183} INFO - Processing /opt/airflow/dags/etl.py took 0.034 seconds
[2026-09-17T17:21:59.535+0000] {processor.py:161} INFO - Started process (PID=237) to work on /opt/airflow/dags/etl.py
[2026-09-17T17:21:59.538+0000] {processor.py:830} INFO - Processing file /opt/airflow/dags/etl.py for tasks to queue
[2026-09-17T17:21:59.541+0000] {logging_mixin.py:188} INFO - [2026-09-17T17:21:59.541+0000] {dagbag.py:545} INFO - Filling up the DagBag from /opt/airflow/dags/etl.py
[2026-09-17T17:21:59.545+0000] {processor.py:842} WARNING - No viable dags retrieved from /opt/airflow/dags/etl.py
[2026-09-17T17:21:59.561+0000] {processor.py:183} INFO - Processing /opt/airflow/dags/etl.py took 0.035 seconds
[2026-09-17T17:22:29.782+0000] {processor.py:161} INFO - Started process (PID=238) to work on /opt/airflow/dags/etl.py
[2026-09-17T17:22:29.783+0000] {processor.py:830} INFO - Processing file /opt/airflow/dags/etl.py for tasks to queue
[2026-09-17T17:22:29.786+0000] {logging_mixin.py:188} INFO - [2026-09-17T17:22:29.786+0000] {dagbag.py:545} INFO - Filling up the DagBag from /opt/airflow/dags/etl.py
[2026-09-17T17:22:29.790+0000] {processor.py:842} WARNING - No viable dags retrieved from /opt/airflow/dags/etl.py
[2026-09-17T17:22:29.805+0000] {processor.py:183} INFO - Processing /opt/airflow/dags/etl.py took 0.034 seconds
[2026-09-17T17:22:59.890+0000] {processor.py:161} INFO - Started process (PID=239) to work on /opt/airflow/dags/etl.py
[2026-09-17T17:22:59.894+0000] {processor.py:830} INFO - Processing file /opt/airflow/dags/etl.py for tasks to queue
[2026-09-17T17:22:59.896+0000] {logging_mixin.py:188} INFO - [2026-09-17T17:22:59.896+0000] {dagbag.py:545} INFO - Filling up the DagBag from /opt/airflow/dags/etl.py
[2026-09-17T17:22:59.901+0000] {processor.py:842} WARNING - No viable dags retrieved from /opt/airflow/dags/etl.py
[2026-09-17T17:22:59.917+0000] {processor.py:183} INFO - Processing /opt/airflow/dags/etl.py took 0.036 seconds
[2026-09-17T17:23:30.139+0000] {processor.py:161} INFO - Started process (PID=240) to work on /opt/airflow/dags/etl.py
[2026-09-17T17:23:30.140+0000] {processor.py:830} INFO - Processing file /opt/airflow/dags/etl.py for tasks to queue
[2026-09-17T17:23:30.143+0000] {logging_mixin.py:188} INFO - [2026-09-17T17:23:30.143+0000] {dagbag.py:545} INFO - Filling up the DagBag from /opt/airflow/dags/etl.py
[2026-09-17T17:23:30.147+0000] {processor.py:842} WARNING - No viable dags retrieved from /opt/airflow/dags/etl.py
[2026-09-17T17:23:30.162+0000] {processor.py:183} INFO - Processing /opt/airflow/dags/etl.py took 0.033 seconds
[2026-09-17T17:24:00.370+0000] {processor.py:161} INFO - Started process (PID=241) to work on /opt/airflow/dags/etl.py
[2026-09-17T17:24:00.373+0000] {processor.py:830} INFO - Processing file /opt/airflow/dags/etl.py for tasks to queue
[2026-09-17T17:24:00.374+0000] {logging_mixin.py:188} INFO - [2026-09-17T17:24:00.374+0000] {dagbag.py:545} INFO - Filling up the DagBag from /opt/airflow/dags/etl.py
[2026-09-17T17:24:00.376+0000] {processor.py:842} WARNING - No viable dags retrieved from /opt/airflow/dags/etl.py
[2026-09-17T17:24:00.385+0000] {processor.py:183} INFO - Processing /opt/airflow/dags/etl.py took 0.019 seconds
[2026-09-17T17:24:30.617+0000] {processor.py:161} INFO - Started process (PID=242) to work on /opt/airflow/dags/etl.py
[2026-09-17T17:24:30.618+0000] {processor.py:830} INFO - Processing file /opt/airflow/dags/etl.py for tasks to queue
[2026-09-17T17:24:30.623+0000] {logging_mixin.py:188} INFO - [2026-09-17T17:24:30.622+0000] {dagbag.py:545} INFO - Filling up the DagBag from /opt/airflow/dags/etl.py
[2026-09-17T17:24:30.627+0000] {processor.py:842} WARNING - No viable dags retrieved from /opt/airflow/dags/etl.py
[2026-09-17T17:24:30.643+0000] {processor.py:183} INFO - Processing /opt/airflow/dags/etl.py took 0.036 seconds
[2026-09-17T17:25:00.864+0000] {processor.py:161} INFO - Started process (PID=243) to work on /opt/airflow/dags/etl.py
[2026-09-17T17:25:00.867+0000] {processor.py:830} INFO - Processing file /opt/airflow/dags/etl.py for tasks to queue
[2026-09-17T17:25:00.870+0000] {logging_mixin.py:188} INFO - [2026-09-17T17:25:00.870+0000] {dagbag.py:545} INFO - Filling up the DagBag from /opt/airflow/dags/etl.py
[2026-09-17T17:25:00.874+0000] {processor.py:842} WARNING - No viable dags retrieved from /opt/airflow/dags/etl.py
[2026-09-17T17:25:00.889+0000] {processor.py:183} INFO - Processing /opt/airflow/dags/etl.py took 0.036 seconds
[2026-09-17T17:25:31.109+0000] {processor.py:161} INFO - Started process (PID=244) to work on /opt/airflow/dags/etl.py
[2026-09-17T17:25:31.111+0000] {processor.py:830} INFO - Processing file /opt/airflow/dags/etl.py for tasks to queue
[2026-09-17T17:25:31.114+0000] {logging_mixin.py:188} INFO - [2026-09-17T17:25:31.113+0000] {dagbag.py:545} INFO - Filling up the DagBag from /opt/airflow/dags/etl.py
[2026-09-17T17:25:31.117+0000] {processor.py:842} WARNING - No viable dags retrieved from /opt/airflow/dags/etl.py
[2026-09-17T17:25:31.133+0000] {processor.py:183} INFO - Processing /opt/airflow/dags/etl.py took 0.033 seconds
[2026-09-17T17:26:01.334+0000] {processor.py:161} INFO - Started process (PID=245) to work on /opt/airflow/dags/etl.py
[2026-09-17T17:26:01.335+0000] {processor.py:830} INFO - Processing file /opt/airflow/dags/etl.py for tasks to queue
[2026-09-17T17:26:01.339+0000] {logging_mixin.py:188} INFO - [2026-09-17T17:26:01.338+0000] {dagbag.py:545} INFO - Filling up the DagBag from /opt/airflow/dags/etl.py
[2026-09-17T17:26:01.342+0000] {processor.py:842} WARNING - No viable dags retrieved from /opt/airflow/dags/etl.py
[2026-09-17T17:26:01.356+0000] {processor.py:183} INFO - Processing /opt/airflow/dags/etl.py took 0.032 seconds
[2026-09-17T17:26:31.566+0000] {processor.py:161} INFO - Started process (PID=246) to work on /opt/airflow/dags/etl.py
[2026-09-17T17:26:31.569+0000] {processor.py:830} INFO - Processing file /opt/airflow/dags/etl.py for tasks to queue
[2026-09-17T17:26:31.571+0000] {logging_mixin.py:188} INFO - [2026-09-17T17:26:31.571+0000] {dagbag.py:545} INFO - Filling up the DagBag from /opt/airflow/dags/etl.py
[2026-09-17T17:26:31.574+0000] {processor.py:842} WARNING - No viable dags retrieved from /opt/airflow/dags/etl.py
[2026-09-17T17:26:31.584+0000] {processor.py:183} INFO - Processing /opt/airflow/dags/etl.py took 0.024 seconds
[2026-09-17T17:27:01.817+0000] {processor.py:161} INFO - Started process (PID=247) to work on /opt/airflow/dags/etl.py
[2026-09-17T17:27:01.819+0000] {processor.py:830} INFO - Processing file /opt/airflow/dags/etl.py for tasks to queue
[2026-09-17T17:27:01.823+0000] {logging_mixin.py:188} INFO - [2026-09-17T17:27:01.822+0000] {dagbag.py:545} INFO - Filling up the DagBag from /opt/airflow/dags/etl.py
[2026-09-17T17:27:01.826+0000] {processor.py:842} WARNING - No viable dags retrieved from /opt/airflow/dags/etl.py
[2026-09-17T17:27:01.841+0000] {processor.py:183} INFO - Processing /opt/airflow/dags/etl.py took 0.034 seconds
[2026-09-17T17:27:32.069+0000] {processor.py:161} INFO - Started process (PID=248) to work on /opt/airflow/dags/etl.py
[2026-09-17T17:27:32.072+0000] {processor.py:830} INFO - Processing file /opt/airflow/dags/etl.py for tasks to queue
[2026-09-17T17:27:32.075+0000] {logging_mixin.py:188} INFO - [2026-09-17T17:27:32.074+0000] {dagbag.py:545} INFO - Filling up the DagBag from /opt/airflow/dags/etl.py
[2026-09-17T17:27:32.078+0000] {processor.py:842} WARNING - No viable dags retrieved from /opt/airflow/dags/etl.py
[2026-09-17T17:27:32.094+0000] {processor.py:183} INFO - Processing /opt/airflow/dags/etl.py took 0.035 seconds
[2026-09-17T17:28:02.309+0000] {processor.py:161} INFO - Started process (PID=249) to work on /opt/airflow/dags/etl.py
[2026-09-17T17:28:02.310+0000] {processor.py:830} INFO - Processing file /opt/airflow/dags/etl.py for tasks to queue
[2026-09-17T17:28:02.312+0000] {logging_mixin.py:188} INFO - [2026-09-17T17:28:02.312+0000] {dagbag.py:545} INFO - Filling up the DagBag from /opt/airflow/dags/etl.py
[2026-09-17T17:28:02.315+0000] {processor.py:842} WARNING - No viable dags retrieved from /opt/airflow/dags/etl.py
[2026-09-17T17:28:02.328+0000] {processor.py:183} INFO - Processing /opt/airflow/dags/etl.py took 0.025 seconds
[2026-09-17T17:28:32.546+0000] {processor.py:161} INFO - Started process (PID=250) to work on /opt/airflow/dags/etl.py
[2026-09-17T17:28:32.549+0000] {processor.py:830} INFO - Processing file /opt/airflow/dags/etl.py for tasks to queue
[2026-09-17T17:28:32.552+0000] {logging_mixin.py:188} INFO - [2026-09-17T17:28:32.551+0000] {dagbag.py:545} INFO - Filling up the DagBag from /opt/airflow/dags/etl.py
[2026-09-17T17:28:32.555+0000] {processor.py:842} WARNING - No viable dags retrieved from /opt/airflow/dags/etl.py
[2026-09-17T17:28:32.568+0000] {processor.py:183} INFO - Processing /opt/airflow/dags/etl.py took 0.034 seconds
[2026-09-17T17:29:02.780+0000] {processor.py:161} INFO - Started process (PID=251) to work on /opt/airflow/dags/etl.py
[2026-09-17T17:29:02.782+0000] {processor.py:830} INFO - Processing file /opt/airflow/dags/etl.py for tasks to queue
[2026-09-17T17:29:02.785+0000] {logging_mixin.py:188} INFO - [2026-09-17T17:29:02.784+0000] {dagbag.py:545} INFO - Filling up the DagBag from /opt/airflow/dags/etl.py
[2026-09-17T17:29:02.788+0000] {processor.py:842} WARNING - No viable dags retrieved from /opt/airflow/dags/etl.py
[2026-09-17T17:29:02.805+0000] {processor.py:183} INFO - Processing /opt/airflow/dags/etl.py took 0.035 seconds
[2026-09-17T17:29:32.973+0000] {processor.py:161} INFO - Started process (PID=252) to work on /opt/airflow/dags/etl.py
[2026-09-17T17:29:32.982+0000] {processor.py:830} INFO - Processing file /opt/airflow/dags/etl.py for tasks to queue
[2026-09-17T17:29:32.985+0000] {logging_mixin.py:188} INFO - [2026-09-17T17:29:32.984+0000] {dagbag.py:545} INFO - Filling up the DagBag from /opt/airflow/dags/etl.py
[2026-09-17T17:29:32.988+0000] {processor.py:842} WARNING - No viable dags retrieved from /opt/airflow/dags/etl.py
[2026-09-17T17:29:33.004+0000] {processor.py:183} INFO - Processing /opt/airflow/dags/etl.py took 0.043 seconds
[2026-09-17T17:30:03.164+0000] {processor.py:161} INFO - Started process (PID=253) to work on /opt/airflow/dags/etl.py
[2026-09-17T17:30:03.165+0000] {processor.py:830} INFO - Processing file /opt/airflow/dags/etl.py for tasks to queue
[2026-09-17T17:30:03.168+0000] {logging_mixin.py:188} INFO - [2026-09-17T17:30:03.167+0000] {dagbag.py:545} INFO - Filling up the DagBag from /opt/airflow/dags/etl.py
[2026-09-17T17:30:03.172+0000] {processor.py:842} WARNING - No viable dags retrieved from /opt/airflow/dags/etl.py
[2026-09-17T17:30:03.188+0000] {processor.py:183} INFO - Processing /opt/airflow/dags/etl.py took 0.035 seconds
[2026-09-17T17:30:33.411+0000] {processor.py:161} INFO - Started process (PID=254) to work on /opt/airflow/dags/etl.py
[2026-09-17T17:30:33.414+0000] {processor.py:830} INFO - Processing file /opt/airflow/dags/etl.py for tasks to queue
[2026-09-17T17:30:33.418+0000] {logging_mixin.py:188} INFO - [2026-09-17T17:30:33.418+0000] {dagbag.py:545} INFO - Filling up the DagBag from /opt/airflow/dags/etl.py
[2026-09-17T17:30:33.422+0000] {processor.py:842} WARNING - No viable dags retrieved from /opt/airflow/dags/etl.py
[2026-09-17T17:30:33.438+0000] {processor.py:183} INFO - Processing /opt/airflow/dags/etl.py took 0.037 seconds
[2026-09-17T17:31:03.664+0000] {processor.py:161} INFO - Started process (PID=255) to work on /opt/airflow/dags/etl.py
[2026-09-17T17:31:03.666+0000] {processor.py:830} INFO - Processing file /opt/airflow/dags/etl.py for tasks to queue
[2026-09-17T17:31:03.669+0000] {logging_mixin.py:188} INFO - [2026-09-17T17:31:03.668+0000] {dagbag.py:545} INFO - Filling up the DagBag from /opt/airflow/dags/etl.py
[2026-09-17T17:31:03.673+0000] {processor.py:842} WARNING - No viable dags retrieved from /opt/airflow/dags/etl.py
[2026-09-17T17:31:03.688+0000] {processor.py:183} INFO - Processing /opt/airflow/dags/etl.py took 0.034 seconds
[2026-09-17T17:31:33.916+0000] {processor.py:161} INFO - Started process (PID=256) to work on /opt/airflow/dags/etl.py
[2026-09-17T17:31:33.919+0000] {processor.py:830} INFO - Processing file /opt/airflow/dags/etl.py for tasks to queue
[2026-09-17T17:31:33.922+0000] {logging_mixin.py:188} INFO - [2026-09-17T17:31:33.921+0000] {dagbag.py:545} INFO - Filling up the DagBag from /opt/airflow/dags/etl.py
[2026-09-17T17:31:33.925+0000] {processor.py:842} WARNING - No viable dags retrieved from /opt/airflow/dags/etl.py
[2026-09-17T17:31:33.943+0000] {processor.py:183} INFO - Processing /opt/airflow/dags/etl.py took 0.038 seconds
[2026-09-17T17:32:04.164+0000] {processor.py:161} INFO - Started process (PID=257) to work on /opt/airflow/dags/etl.py
[2026-09-17T17:32:04.166+0000] {processor.py:830} INFO - Processing file /opt/airflow/dags/etl.py for tasks to queue
[2026-09-17T17:32:04.168+0000] {logging_mixin.py:188} INFO - [2026-09-17T17:32:04.168+0000] {dagbag.py:545} INFO - Filling up the DagBag from /opt/airflow/dags/etl.py
[2026-09-17T17:32:04.172+0000] {processor.py:842} WARNING - No viable dags retrieved from /opt/airflow/dags/etl.py
[2026-09-17T17:32:04.187+0000] {processor.py:183} INFO - Processing /opt/airflow/dags/etl.py took 0.035 seconds
[2026-09-17T17:32:34.408+0000] {processor.py:161} INFO - Started process (PID=258) to work on /opt/airflow/dags/etl.py
[2026-09-17T17:32:34.412+0000] {processor.py:830} INFO - Processing file /opt/airflow/dags/etl.py for tasks to queue
[2026-09-17T17:32:34.415+0000] {logging_mixin.py:188} INFO - [2026-09-17T17:32:34.414+0000] {dagbag.py:545} INFO - Filling up the DagBag from /opt/airflow/dags/etl.py
[2026-09-17T17:32:34.419+0000] {processor.py:842} WARNING - No viable dags retrieved from /opt/airflow/dags/etl.py
[2026-09-17T17:32:34.435+0000] {processor.py:183} INFO - Processing /opt/airflow/dags/etl.py took 0.037 seconds
[2026-09-17T17:33:04.657+0000] {processor.py:161} INFO - Started process (PID=259) to work on /opt/airflow/dags/etl.py
[2026-09-17T17:33:04.658+0000] {processor.py:830} INFO - Processing file /opt/airflow/dags/etl.py for tasks to queue
[2026-09-17T17:33:04.662+0000] {logging_mixin.py:188} INFO - [2026-09-17T17:33:04.662+0000] {dagbag.py:545} INFO - Filling up the DagBag from /opt/airflow/dags/etl.py
[2026-09-17T17:33:04.666+0000] {processor.py:842} WARNING - No viable dags retrieved from /opt/airflow/dags/etl.py
[2026-09-17T17:33:04.681+0000] {processor.py:183} INFO - Processing /opt/airflow/dags/etl.py took 0.035 seconds
[2026-09-17T17:33:34.910+0000] {processor.py:161} INFO - Started process (PID=260) to work on /opt/airflow/dags/etl.py
[2026-09-17T17:33:34.913+0000] {processor.py:830} INFO - Processing file /opt/airflow/dags/etl.py for tasks to queue
[2026-09-17T17:33:34.917+0000] {logging_mixin.py:188} INFO - [2026-09-17T17:33:34.916+0000] {dagbag.py:545} INFO - Filling up the DagBag from /opt/airflow/dags/etl.py
[2026-09-17T17:33:34.921+0000] {processor.py:842} WARNING - No viable dags retrieved from /opt/airflow/dags/etl.py
[2026-09-17T17:33:34.939+0000] {processor.py:183} INFO - Processing /opt/airflow/dags/etl.py took 0.042 seconds
[2026-09-17T17:34:05.149+0000] {processor.py:161} INFO - Started process (PID=261) to work on /opt/airflow/dags/etl.py
[2026-09-17T17:34:05.150+0000] {processor.py:830} INFO - Processing file /opt/airflow/dags/etl.py for tasks to queue
[2026-09-17T17:34:05.153+0000] {logging_mixin.py:188} INFO - [2026-09-17T17:34:05.153+0000] {dagbag.py:545} INFO - Filling up the DagBag from /opt/airflow/dags/etl.py
[2026-09-17T17:34:05.157+0000] {processor.py:842} WARNING - No viable dags retrieved from /opt/airflow/dags/etl.py
[2026-09-17T17:34:05.173+0000] {processor.py:183} INFO - Processing /opt/airflow/dags/etl.py took 0.034 seconds
[2026-09-17T17:34:19.053+0000] {processor.py:161} INFO - Started process (PID=262) to work on /opt/airflow/dags/etl.py
[2026-09-17T17:34:19.055+0000] {processor.py:830} INFO - Processing file /opt/airflow/dags/etl.py for tasks to queue
[2026-09-17T17:34:19.058+0000] {logging_mixin.py:188} INFO - [2026-09-17T17:34:19.057+0000] {dagbag.py:545} INFO - Filling up the DagBag from /opt/airflow/dags/etl.py
[2026-09-17T17:34:19.062+0000] {processor.py:842} WARNING - No viable dags retrieved from /opt/airflow/dags/etl.py
[2026-09-17T17:34:19.074+0000] {processor.py:183} INFO - Processing /opt/airflow/dags/etl.py took 0.030 seconds
[2026-09-17T17:34:50.024+0000] {processor.py:161} INFO - Started process (PID=263) to work on /opt/airflow/dags/etl.py
[2026-09-17T17:34:50.027+0000] {processor.py:830} INFO - Processing file /opt/airflow/dags/etl.py for tasks to queue
[2026-09-17T17:34:50.030+0000] {logging_mixin.py:188} INFO - [2026-09-17T17:34:50.030+0000] {dagbag.py:545} INFO - Filling up the DagBag from /opt/airflow/dags/etl.py
[2026-09-17T17:34:50.035+0000] {processor.py:842} WARNING - No viable dags retrieved from /opt/airflow/dags/etl.py
[2026-09-17T17:34:50.051+0000] {processor.py:183} INFO - Processing /opt/airflow/dags/etl.py took 0.038 seconds
[2026-09-17T17:34:58.402+0000] {processor.py:161} INFO - Started process (PID=264) to work on /opt/airflow/dags/etl.py
[2026-09-17T17:34:58.403+0000] {processor.py:830} INFO - Processing file /opt/airflow/dags/etl.py for tasks to queue
[2026-09-17T17:34:58.405+0000] {logging_mixin.py:188} INFO - [2026-09-17T17:34:58.404+0000] {dagbag.py:545} INFO - Filling up the DagBag from /opt/airflow/dags/etl.py
[2026-09-17T17:34:58.407+0000] {processor.py:842} WARNING - No viable dags retrieved from /opt/airflow/dags/etl.py
[2026-09-17T17:34:58.419+0000] {processor.py:183} INFO - Processing /opt/airflow/dags/etl.py took 0.022 seconds
[2026-09-17T17:35:28.723+0000] {processor.py:161} INFO - Started process (PID=265) to work on /opt/airflow/dags/etl.py
[2026-09-17T17:35:28.726+0000] {processor.py:830} INFO - Processing file /opt/airflow/dags/etl.py for tasks to queue
[2026-09-17T17:35:28.729+0000] {logging_mixin.py:188} INFO - [2026-09-17T17:35:28.728+0000] {dagbag.py:545} INFO - Filling up the DagBag from /opt/airflow/dags/etl.py
[2026-09-17T17:35:28.734+0000] {processor.py:842} WARNING - No viable dags retrieved from /opt/airflow/dags/etl.py
[2026-09-17T17:35:28.750+0000] {processor.py:183} INFO - Processing /opt/airflow/dags/etl.py took 0.037 seconds
[2026-09-17T17:35:38.940+0000] {processor.py:161} INFO - Started process (PID=266) to work on /opt/airflow/dags/etl.py
[2026-09-17T17:35:38.942+0000] {processor.py:830} INFO - Processing file /opt/airflow/dags/etl.py for tasks to queue
[2026-09-17T17:35:38.944+0000] {logging_mixin.py:188} INFO - [2026-09-17T17:35:38.944+0000] {dagbag.py:545} INFO - Filling up the DagBag from /opt/airflow/dags/etl.py
[2026-09-17T17:35:38.949+0000] {processor.py:842} WARNING - No viable dags retrieved from /opt/airflow/dags/etl.py
[2026-09-17T17:35:38.965+0000] {processor.py:183} INFO - Processing /opt/airflow/dags/etl.py took 0.036 seconds
[2026-09-17T17:35:43.233+0000] {processor.py:161} INFO - Started process (PID=267) to work on /opt/airflow/dags/etl.py
[2026-09-17T17:35:43.235+0000] {processor.py:830} INFO - Processing file /opt/airflow/dags/etl.py for tasks to queue
[2026-09-17T17:35:43.238+0000] {logging_mixin.py:188} INFO - [2026-09-17T17:35:43.237+0000] {dagbag.py:545} INFO - Filling up the DagBag from /opt/airflow/dags/etl.py
[2026-09-17T17:35:43.243+0000] {processor.py:842} WARNING - No viable dags retrieved from /opt/airflow/dags/etl.py
[2026-09-17T17:35:43.261+0000] {processor.py:183} INFO - Processing /opt/airflow/dags/etl.py took 0.041 seconds
[2026-09-17T17:36:12.496+0000] {processor.py:161} INFO - Started process (PID=268) to work on /opt/airflow/dags/etl.py
[2026-09-17T17:36:12.500+0000] {processor.py:830} INFO - Processing file /opt/airflow/dags/etl.py for tasks to queue
[2026-09-17T17:36:12.503+0000] {logging_mixin.py:188} INFO - [2026-09-17T17:36:12.503+0000] {dagbag.py:545} INFO - Filling up the DagBag from /opt/airflow/dags/etl.py
[2026-09-17T17:36:12.508+0000] {processor.py:842} WARNING - No viable dags retrieved from /opt/airflow/dags/etl.py
[2026-09-17T17:36:12.524+0000] {processor.py:183} INFO - Processing /opt/airflow/dags/etl.py took 0.037 seconds
[2026-09-17T17:36:40.775+0000] {processor.py:161} INFO - Started process (PID=269) to work on /opt/airflow/dags/etl.py
[2026-09-17T17:36:40.776+0000] {processor.py:830} INFO - Processing file /opt/airflow/dags/etl.py for tasks to queue
[2026-09-17T17:36:40.779+0000] {logging_mixin.py:188} INFO - [2026-09-17T17:36:40.778+0000] {dagbag.py:545} INFO - Filling up the DagBag from /opt/airflow/dags/etl.py
[2026-09-17T17:36:40.783+0000] {processor.py:842} WARNING - No viable dags retrieved from /opt/airflow/dags/etl.py
[2026-09-17T17:36:40.796+0000] {processor.py:183} INFO - Processing /opt/airflow/dags/etl.py took 0.033 seconds
[2026-09-17T17:37:11.131+0000] {processor.py:161} INFO - Started process (PID=270) to work on /opt/airflow/dags/etl.py
[2026-09-17T17:37:11.134+0000] {processor.py:830} INFO - Processing file /opt/airflow/dags/etl.py for tasks to queue
[2026-09-17T17:37:11.137+0000] {logging_mixin.py:188} INFO - [2026-09-17T17:37:11.136+0000] {dagbag.py:545} INFO - Filling up the DagBag from /opt/airflow/dags/etl.py
[2026-09-17T17:37:11.141+0000] {processor.py:842} WARNING - No viable dags retrieved from /opt/airflow/dags/etl.py
[2026-09-17T17:37:11.156+0000] {processor.py:183} INFO - Processing /opt/airflow/dags/etl.py took 0.035 seconds
[2026-09-17T17:37:41.444+0000] {processor.py:161} INFO - Started process (PID=271) to work on /opt/airflow/dags/etl.py
[2026-09-17T17:37:41.445+0000] {processor.py:830} INFO - Processing file /opt/airflow/dags/etl.py for tasks to queue
[2026-09-17T17:37:41.449+0000] {logging_mixin.py:188} INFO - [2026-09-17T17:37:41.448+0000] {dagbag.py:545} INFO - Filling up the DagBag from /opt/airflow/dags/etl.py
[2026-09-17T17:37:41.453+0000] {processor.py:842} WARNING - No viable dags retrieved from /opt/airflow/dags/etl.py
[2026-09-17T17:37:41.469+0000] {processor.py:183} INFO - Processing /opt/airflow/dags/etl.py took 0.034 seconds
[2026-09-17T17:38:01.632+0000] {processor.py:161} INFO - Started process (PID=272) to work on /opt/airflow/dags/etl.py
[2026-09-17T17:38:01.633+0000] {processor.py:830} INFO - Processing file /opt/airflow/dags/etl.py for tasks to queue
[2026-09-17T17:38:01.636+0000] {logging_mixin.py:188} INFO - [2026-09-17T17:38:01.635+0000] {dagbag.py:545} INFO - Filling up the DagBag from /opt/airflow/dags/etl.py
[2026-09-17T17:38:01.638+0000] {processor.py:842} WARNING - No viable dags retrieved from /opt/airflow/dags/etl.py
[2026-09-17T17:38:01.647+0000] {processor.py:183} INFO - Processing /opt/airflow/dags/etl.py took 0.020 seconds
[2026-09-17T17:38:25.544+0000] {processor.py:161} INFO - Started process (PID=273) to work on /opt/airflow/dags/etl.py
[2026-09-17T17:38:25.546+0000] {processor.py:830} INFO - Processing file /opt/airflow/dags/etl.py for tasks to queue
[2026-09-17T17:38:25.550+0000] {logging_mixin.py:188} INFO - [2026-09-17T17:38:25.549+0000] {dagbag.py:545} INFO - Filling up the DagBag from /opt/airflow/dags/etl.py
[2026-09-17T17:38:25.555+0000] {processor.py:842} WARNING - No viable dags retrieved from /opt/airflow/dags/etl.py
[2026-09-17T17:38:25.571+0000] {processor.py:183} INFO - Processing /opt/airflow/dags/etl.py took 0.039 seconds
[2026-09-17T17:38:30.535+0000] {processor.py:161} INFO - Started process (PID=274) to work on /opt/airflow/dags/etl.py
[2026-09-17T17:38:30.536+0000] {processor.py:830} INFO - Processing file /opt/airflow/dags/etl.py for tasks to queue
[2026-09-17T17:38:30.539+0000] {logging_mixin.py:188} INFO - [2026-09-17T17:38:30.538+0000] {dagbag.py:545} INFO - Filling up the DagBag from /opt/airflow/dags/etl.py
[2026-09-17T17:38:30.552+0000] {logging_mixin.py:188} INFO - [2026-09-17T17:38:30.547+0000] {dagbag.py:452} ERROR - Failed to bag_dag: /opt/airflow/dags/etl.py
Traceback (most recent call last):
  File "/home/airflow/.local/lib/python3.11/site-packages/airflow/timetables/_cron.py", line 100, in validate
    croniter(self._expression)
  File "/home/airflow/.local/lib/python3.11/site-packages/croniter/croniter.py", line 187, in __init__
    self.expanded, self.nth_weekday_of_month = self.expand(expr_format, hash_id=hash_id)
                                               ^^^^^^^^^^^^^^^^^^^^^^^^^^^^^^^^^^^^^^^^^
  File "/home/airflow/.local/lib/python3.11/site-packages/croniter/croniter.py", line 821, in expand
    return cls._expand(expr_format, hash_id=hash_id)
           ^^^^^^^^^^^^^^^^^^^^^^^^^^^^^^^^^^^^^^^^^
  File "/home/airflow/.local/lib/python3.11/site-packages/croniter/croniter.py", line 659, in _expand
    raise CroniterBadCronError(cls.bad_length)
croniter.croniter.CroniterBadCronError: Exactly 5 or 6 columns has to be specified for iterator expression.

During handling of the above exception, another exception occurred:

Traceback (most recent call last):
  File "/home/airflow/.local/lib/python3.11/site-packages/airflow/models/dagbag.py", line 447, in _process_modules
    dag.validate()
  File "/home/airflow/.local/lib/python3.11/site-packages/airflow/models/dag.py", line 775, in validate
    self.timetable.validate()
  File "/home/airflow/.local/lib/python3.11/site-packages/airflow/timetables/_cron.py", line 102, in validate
    raise AirflowTimetableInvalid(str(e))
airflow.exceptions.AirflowTimetableInvalid: Exactly 5 or 6 columns has to be specified for iterator expression.
[2026-09-17T17:38:30.552+0000] {processor.py:842} WARNING - No viable dags retrieved from /opt/airflow/dags/etl.py
[2026-09-17T17:38:30.574+0000] {processor.py:183} INFO - Processing /opt/airflow/dags/etl.py took 0.048 seconds
[2026-09-17T17:39:00.690+0000] {processor.py:161} INFO - Started process (PID=275) to work on /opt/airflow/dags/etl.py
[2026-09-17T17:39:00.693+0000] {processor.py:830} INFO - Processing file /opt/airflow/dags/etl.py for tasks to queue
[2026-09-17T17:39:00.696+0000] {logging_mixin.py:188} INFO - [2026-09-17T17:39:00.695+0000] {dagbag.py:545} INFO - Filling up the DagBag from /opt/airflow/dags/etl.py
[2026-09-17T17:39:00.710+0000] {logging_mixin.py:188} INFO - [2026-09-17T17:39:00.704+0000] {dagbag.py:452} ERROR - Failed to bag_dag: /opt/airflow/dags/etl.py
Traceback (most recent call last):
  File "/home/airflow/.local/lib/python3.11/site-packages/airflow/timetables/_cron.py", line 100, in validate
    croniter(self._expression)
  File "/home/airflow/.local/lib/python3.11/site-packages/croniter/croniter.py", line 187, in __init__
    self.expanded, self.nth_weekday_of_month = self.expand(expr_format, hash_id=hash_id)
                                               ^^^^^^^^^^^^^^^^^^^^^^^^^^^^^^^^^^^^^^^^^
  File "/home/airflow/.local/lib/python3.11/site-packages/croniter/croniter.py", line 821, in expand
    return cls._expand(expr_format, hash_id=hash_id)
           ^^^^^^^^^^^^^^^^^^^^^^^^^^^^^^^^^^^^^^^^^
  File "/home/airflow/.local/lib/python3.11/site-packages/croniter/croniter.py", line 659, in _expand
    raise CroniterBadCronError(cls.bad_length)
croniter.croniter.CroniterBadCronError: Exactly 5 or 6 columns has to be specified for iterator expression.

During handling of the above exception, another exception occurred:

Traceback (most recent call last):
  File "/home/airflow/.local/lib/python3.11/site-packages/airflow/models/dagbag.py", line 447, in _process_modules
    dag.validate()
  File "/home/airflow/.local/lib/python3.11/site-packages/airflow/models/dag.py", line 775, in validate
    self.timetable.validate()
  File "/home/airflow/.local/lib/python3.11/site-packages/airflow/timetables/_cron.py", line 102, in validate
    raise AirflowTimetableInvalid(str(e))
airflow.exceptions.AirflowTimetableInvalid: Exactly 5 or 6 columns has to be specified for iterator expression.
[2026-09-17T17:39:00.710+0000] {processor.py:842} WARNING - No viable dags retrieved from /opt/airflow/dags/etl.py
[2026-09-17T17:39:00.734+0000] {processor.py:183} INFO - Processing /opt/airflow/dags/etl.py took 0.054 seconds
[2026-09-17T17:39:30.823+0000] {processor.py:161} INFO - Started process (PID=276) to work on /opt/airflow/dags/etl.py
[2026-09-17T17:39:30.824+0000] {processor.py:830} INFO - Processing file /opt/airflow/dags/etl.py for tasks to queue
[2026-09-17T17:39:30.826+0000] {logging_mixin.py:188} INFO - [2026-09-17T17:39:30.825+0000] {dagbag.py:545} INFO - Filling up the DagBag from /opt/airflow/dags/etl.py
[2026-09-17T17:39:30.834+0000] {logging_mixin.py:188} INFO - [2026-09-17T17:39:30.831+0000] {dagbag.py:452} ERROR - Failed to bag_dag: /opt/airflow/dags/etl.py
Traceback (most recent call last):
  File "/home/airflow/.local/lib/python3.11/site-packages/airflow/timetables/_cron.py", line 100, in validate
    croniter(self._expression)
  File "/home/airflow/.local/lib/python3.11/site-packages/croniter/croniter.py", line 187, in __init__
    self.expanded, self.nth_weekday_of_month = self.expand(expr_format, hash_id=hash_id)
                                               ^^^^^^^^^^^^^^^^^^^^^^^^^^^^^^^^^^^^^^^^^
  File "/home/airflow/.local/lib/python3.11/site-packages/croniter/croniter.py", line 821, in expand
    return cls._expand(expr_format, hash_id=hash_id)
           ^^^^^^^^^^^^^^^^^^^^^^^^^^^^^^^^^^^^^^^^^
  File "/home/airflow/.local/lib/python3.11/site-packages/croniter/croniter.py", line 659, in _expand
    raise CroniterBadCronError(cls.bad_length)
croniter.croniter.CroniterBadCronError: Exactly 5 or 6 columns has to be specified for iterator expression.

During handling of the above exception, another exception occurred:

Traceback (most recent call last):
  File "/home/airflow/.local/lib/python3.11/site-packages/airflow/models/dagbag.py", line 447, in _process_modules
    dag.validate()
  File "/home/airflow/.local/lib/python3.11/site-packages/airflow/models/dag.py", line 775, in validate
    self.timetable.validate()
  File "/home/airflow/.local/lib/python3.11/site-packages/airflow/timetables/_cron.py", line 102, in validate
    raise AirflowTimetableInvalid(str(e))
airflow.exceptions.AirflowTimetableInvalid: Exactly 5 or 6 columns has to be specified for iterator expression.
[2026-09-17T17:39:30.834+0000] {processor.py:842} WARNING - No viable dags retrieved from /opt/airflow/dags/etl.py
[2026-09-17T17:39:30.847+0000] {processor.py:183} INFO - Processing /opt/airflow/dags/etl.py took 0.034 seconds
[2026-09-17T17:39:43.700+0000] {processor.py:161} INFO - Started process (PID=277) to work on /opt/airflow/dags/etl.py
[2026-09-17T17:39:43.703+0000] {processor.py:830} INFO - Processing file /opt/airflow/dags/etl.py for tasks to queue
[2026-09-17T17:39:43.705+0000] {logging_mixin.py:188} INFO - [2026-09-17T17:39:43.705+0000] {dagbag.py:545} INFO - Filling up the DagBag from /opt/airflow/dags/etl.py
[2026-09-17T17:39:43.720+0000] {logging_mixin.py:188} INFO - [2026-09-17T17:39:43.714+0000] {dagbag.py:452} ERROR - Failed to bag_dag: /opt/airflow/dags/etl.py
Traceback (most recent call last):
  File "/home/airflow/.local/lib/python3.11/site-packages/airflow/timetables/_cron.py", line 100, in validate
    croniter(self._expression)
  File "/home/airflow/.local/lib/python3.11/site-packages/croniter/croniter.py", line 187, in __init__
    self.expanded, self.nth_weekday_of_month = self.expand(expr_format, hash_id=hash_id)
                                               ^^^^^^^^^^^^^^^^^^^^^^^^^^^^^^^^^^^^^^^^^
  File "/home/airflow/.local/lib/python3.11/site-packages/croniter/croniter.py", line 821, in expand
    return cls._expand(expr_format, hash_id=hash_id)
           ^^^^^^^^^^^^^^^^^^^^^^^^^^^^^^^^^^^^^^^^^
  File "/home/airflow/.local/lib/python3.11/site-packages/croniter/croniter.py", line 659, in _expand
    raise CroniterBadCronError(cls.bad_length)
croniter.croniter.CroniterBadCronError: Exactly 5 or 6 columns has to be specified for iterator expression.

During handling of the above exception, another exception occurred:

Traceback (most recent call last):
  File "/home/airflow/.local/lib/python3.11/site-packages/airflow/models/dagbag.py", line 447, in _process_modules
    dag.validate()
  File "/home/airflow/.local/lib/python3.11/site-packages/airflow/models/dag.py", line 775, in validate
    self.timetable.validate()
  File "/home/airflow/.local/lib/python3.11/site-packages/airflow/timetables/_cron.py", line 102, in validate
    raise AirflowTimetableInvalid(str(e))
airflow.exceptions.AirflowTimetableInvalid: Exactly 5 or 6 columns has to be specified for iterator expression.
[2026-09-17T17:39:43.721+0000] {processor.py:842} WARNING - No viable dags retrieved from /opt/airflow/dags/etl.py
[2026-09-17T17:39:43.742+0000] {processor.py:183} INFO - Processing /opt/airflow/dags/etl.py took 0.050 seconds
[2026-09-17T17:40:14.024+0000] {processor.py:161} INFO - Started process (PID=278) to work on /opt/airflow/dags/etl.py
[2026-09-17T17:40:14.025+0000] {processor.py:830} INFO - Processing file /opt/airflow/dags/etl.py for tasks to queue
[2026-09-17T17:40:14.027+0000] {logging_mixin.py:188} INFO - [2026-09-17T17:40:14.027+0000] {dagbag.py:545} INFO - Filling up the DagBag from /opt/airflow/dags/etl.py
[2026-09-17T17:40:14.042+0000] {logging_mixin.py:188} INFO - [2026-09-17T17:40:14.037+0000] {dagbag.py:452} ERROR - Failed to bag_dag: /opt/airflow/dags/etl.py
Traceback (most recent call last):
  File "/home/airflow/.local/lib/python3.11/site-packages/airflow/timetables/_cron.py", line 100, in validate
    croniter(self._expression)
  File "/home/airflow/.local/lib/python3.11/site-packages/croniter/croniter.py", line 187, in __init__
    self.expanded, self.nth_weekday_of_month = self.expand(expr_format, hash_id=hash_id)
                                               ^^^^^^^^^^^^^^^^^^^^^^^^^^^^^^^^^^^^^^^^^
  File "/home/airflow/.local/lib/python3.11/site-packages/croniter/croniter.py", line 821, in expand
    return cls._expand(expr_format, hash_id=hash_id)
           ^^^^^^^^^^^^^^^^^^^^^^^^^^^^^^^^^^^^^^^^^
  File "/home/airflow/.local/lib/python3.11/site-packages/croniter/croniter.py", line 659, in _expand
    raise CroniterBadCronError(cls.bad_length)
croniter.croniter.CroniterBadCronError: Exactly 5 or 6 columns has to be specified for iterator expression.

During handling of the above exception, another exception occurred:

Traceback (most recent call last):
  File "/home/airflow/.local/lib/python3.11/site-packages/airflow/models/dagbag.py", line 447, in _process_modules
    dag.validate()
  File "/home/airflow/.local/lib/python3.11/site-packages/airflow/models/dag.py", line 775, in validate
    self.timetable.validate()
  File "/home/airflow/.local/lib/python3.11/site-packages/airflow/timetables/_cron.py", line 102, in validate
    raise AirflowTimetableInvalid(str(e))
airflow.exceptions.AirflowTimetableInvalid: Exactly 5 or 6 columns has to be specified for iterator expression.
[2026-09-17T17:40:14.042+0000] {processor.py:842} WARNING - No viable dags retrieved from /opt/airflow/dags/etl.py
[2026-09-17T17:40:14.065+0000] {processor.py:183} INFO - Processing /opt/airflow/dags/etl.py took 0.051 seconds
[2026-09-17T17:40:44.304+0000] {processor.py:161} INFO - Started process (PID=279) to work on /opt/airflow/dags/etl.py
[2026-09-17T17:40:44.307+0000] {processor.py:830} INFO - Processing file /opt/airflow/dags/etl.py for tasks to queue
[2026-09-17T17:40:44.310+0000] {logging_mixin.py:188} INFO - [2026-09-17T17:40:44.310+0000] {dagbag.py:545} INFO - Filling up the DagBag from /opt/airflow/dags/etl.py
[2026-09-17T17:40:44.324+0000] {logging_mixin.py:188} INFO - [2026-09-17T17:40:44.320+0000] {dagbag.py:452} ERROR - Failed to bag_dag: /opt/airflow/dags/etl.py
Traceback (most recent call last):
  File "/home/airflow/.local/lib/python3.11/site-packages/airflow/timetables/_cron.py", line 100, in validate
    croniter(self._expression)
  File "/home/airflow/.local/lib/python3.11/site-packages/croniter/croniter.py", line 187, in __init__
    self.expanded, self.nth_weekday_of_month = self.expand(expr_format, hash_id=hash_id)
                                               ^^^^^^^^^^^^^^^^^^^^^^^^^^^^^^^^^^^^^^^^^
  File "/home/airflow/.local/lib/python3.11/site-packages/croniter/croniter.py", line 821, in expand
    return cls._expand(expr_format, hash_id=hash_id)
           ^^^^^^^^^^^^^^^^^^^^^^^^^^^^^^^^^^^^^^^^^
  File "/home/airflow/.local/lib/python3.11/site-packages/croniter/croniter.py", line 659, in _expand
    raise CroniterBadCronError(cls.bad_length)
croniter.croniter.CroniterBadCronError: Exactly 5 or 6 columns has to be specified for iterator expression.

During handling of the above exception, another exception occurred:

Traceback (most recent call last):
  File "/home/airflow/.local/lib/python3.11/site-packages/airflow/models/dagbag.py", line 447, in _process_modules
    dag.validate()
  File "/home/airflow/.local/lib/python3.11/site-packages/airflow/models/dag.py", line 775, in validate
    self.timetable.validate()
  File "/home/airflow/.local/lib/python3.11/site-packages/airflow/timetables/_cron.py", line 102, in validate
    raise AirflowTimetableInvalid(str(e))
airflow.exceptions.AirflowTimetableInvalid: Exactly 5 or 6 columns has to be specified for iterator expression.
[2026-09-17T17:40:44.325+0000] {processor.py:842} WARNING - No viable dags retrieved from /opt/airflow/dags/etl.py
[2026-09-17T17:40:44.348+0000] {processor.py:183} INFO - Processing /opt/airflow/dags/etl.py took 0.054 seconds
[2026-09-17T17:41:14.623+0000] {processor.py:161} INFO - Started process (PID=280) to work on /opt/airflow/dags/etl.py
[2026-09-17T17:41:14.624+0000] {processor.py:830} INFO - Processing file /opt/airflow/dags/etl.py for tasks to queue
[2026-09-17T17:41:14.626+0000] {logging_mixin.py:188} INFO - [2026-09-17T17:41:14.626+0000] {dagbag.py:545} INFO - Filling up the DagBag from /opt/airflow/dags/etl.py
[2026-09-17T17:41:14.639+0000] {logging_mixin.py:188} INFO - [2026-09-17T17:41:14.634+0000] {dagbag.py:452} ERROR - Failed to bag_dag: /opt/airflow/dags/etl.py
Traceback (most recent call last):
  File "/home/airflow/.local/lib/python3.11/site-packages/airflow/timetables/_cron.py", line 100, in validate
    croniter(self._expression)
  File "/home/airflow/.local/lib/python3.11/site-packages/croniter/croniter.py", line 187, in __init__
    self.expanded, self.nth_weekday_of_month = self.expand(expr_format, hash_id=hash_id)
                                               ^^^^^^^^^^^^^^^^^^^^^^^^^^^^^^^^^^^^^^^^^
  File "/home/airflow/.local/lib/python3.11/site-packages/croniter/croniter.py", line 821, in expand
    return cls._expand(expr_format, hash_id=hash_id)
           ^^^^^^^^^^^^^^^^^^^^^^^^^^^^^^^^^^^^^^^^^
  File "/home/airflow/.local/lib/python3.11/site-packages/croniter/croniter.py", line 659, in _expand
    raise CroniterBadCronError(cls.bad_length)
croniter.croniter.CroniterBadCronError: Exactly 5 or 6 columns has to be specified for iterator expression.

During handling of the above exception, another exception occurred:

Traceback (most recent call last):
  File "/home/airflow/.local/lib/python3.11/site-packages/airflow/models/dagbag.py", line 447, in _process_modules
    dag.validate()
  File "/home/airflow/.local/lib/python3.11/site-packages/airflow/models/dag.py", line 775, in validate
    self.timetable.validate()
  File "/home/airflow/.local/lib/python3.11/site-packages/airflow/timetables/_cron.py", line 102, in validate
    raise AirflowTimetableInvalid(str(e))
airflow.exceptions.AirflowTimetableInvalid: Exactly 5 or 6 columns has to be specified for iterator expression.
[2026-09-17T17:41:14.640+0000] {processor.py:842} WARNING - No viable dags retrieved from /opt/airflow/dags/etl.py
[2026-09-17T17:41:14.663+0000] {processor.py:183} INFO - Processing /opt/airflow/dags/etl.py took 0.050 seconds
[2026-09-17T17:41:44.951+0000] {processor.py:161} INFO - Started process (PID=281) to work on /opt/airflow/dags/etl.py
[2026-09-17T17:41:44.953+0000] {processor.py:830} INFO - Processing file /opt/airflow/dags/etl.py for tasks to queue
[2026-09-17T17:41:44.956+0000] {logging_mixin.py:188} INFO - [2026-09-17T17:41:44.955+0000] {dagbag.py:545} INFO - Filling up the DagBag from /opt/airflow/dags/etl.py
[2026-09-17T17:41:44.973+0000] {logging_mixin.py:188} INFO - [2026-09-17T17:41:44.969+0000] {dagbag.py:452} ERROR - Failed to bag_dag: /opt/airflow/dags/etl.py
Traceback (most recent call last):
  File "/home/airflow/.local/lib/python3.11/site-packages/airflow/timetables/_cron.py", line 100, in validate
    croniter(self._expression)
  File "/home/airflow/.local/lib/python3.11/site-packages/croniter/croniter.py", line 187, in __init__
    self.expanded, self.nth_weekday_of_month = self.expand(expr_format, hash_id=hash_id)
                                               ^^^^^^^^^^^^^^^^^^^^^^^^^^^^^^^^^^^^^^^^^
  File "/home/airflow/.local/lib/python3.11/site-packages/croniter/croniter.py", line 821, in expand
    return cls._expand(expr_format, hash_id=hash_id)
           ^^^^^^^^^^^^^^^^^^^^^^^^^^^^^^^^^^^^^^^^^
  File "/home/airflow/.local/lib/python3.11/site-packages/croniter/croniter.py", line 659, in _expand
    raise CroniterBadCronError(cls.bad_length)
croniter.croniter.CroniterBadCronError: Exactly 5 or 6 columns has to be specified for iterator expression.

During handling of the above exception, another exception occurred:

Traceback (most recent call last):
  File "/home/airflow/.local/lib/python3.11/site-packages/airflow/models/dagbag.py", line 447, in _process_modules
    dag.validate()
  File "/home/airflow/.local/lib/python3.11/site-packages/airflow/models/dag.py", line 775, in validate
    self.timetable.validate()
  File "/home/airflow/.local/lib/python3.11/site-packages/airflow/timetables/_cron.py", line 102, in validate
    raise AirflowTimetableInvalid(str(e))
airflow.exceptions.AirflowTimetableInvalid: Exactly 5 or 6 columns has to be specified for iterator expression.
[2026-09-17T17:41:44.974+0000] {processor.py:842} WARNING - No viable dags retrieved from /opt/airflow/dags/etl.py
[2026-09-17T17:41:44.998+0000] {processor.py:183} INFO - Processing /opt/airflow/dags/etl.py took 0.060 seconds
[2026-09-17T17:42:15.245+0000] {processor.py:161} INFO - Started process (PID=282) to work on /opt/airflow/dags/etl.py
[2026-09-17T17:42:15.248+0000] {processor.py:830} INFO - Processing file /opt/airflow/dags/etl.py for tasks to queue
[2026-09-17T17:42:15.251+0000] {logging_mixin.py:188} INFO - [2026-09-17T17:42:15.251+0000] {dagbag.py:545} INFO - Filling up the DagBag from /opt/airflow/dags/etl.py
[2026-09-17T17:42:15.266+0000] {logging_mixin.py:188} INFO - [2026-09-17T17:42:15.261+0000] {dagbag.py:452} ERROR - Failed to bag_dag: /opt/airflow/dags/etl.py
Traceback (most recent call last):
  File "/home/airflow/.local/lib/python3.11/site-packages/airflow/timetables/_cron.py", line 100, in validate
    croniter(self._expression)
  File "/home/airflow/.local/lib/python3.11/site-packages/croniter/croniter.py", line 187, in __init__
    self.expanded, self.nth_weekday_of_month = self.expand(expr_format, hash_id=hash_id)
                                               ^^^^^^^^^^^^^^^^^^^^^^^^^^^^^^^^^^^^^^^^^
  File "/home/airflow/.local/lib/python3.11/site-packages/croniter/croniter.py", line 821, in expand
    return cls._expand(expr_format, hash_id=hash_id)
           ^^^^^^^^^^^^^^^^^^^^^^^^^^^^^^^^^^^^^^^^^
  File "/home/airflow/.local/lib/python3.11/site-packages/croniter/croniter.py", line 659, in _expand
    raise CroniterBadCronError(cls.bad_length)
croniter.croniter.CroniterBadCronError: Exactly 5 or 6 columns has to be specified for iterator expression.

During handling of the above exception, another exception occurred:

Traceback (most recent call last):
  File "/home/airflow/.local/lib/python3.11/site-packages/airflow/models/dagbag.py", line 447, in _process_modules
    dag.validate()
  File "/home/airflow/.local/lib/python3.11/site-packages/airflow/models/dag.py", line 775, in validate
    self.timetable.validate()
  File "/home/airflow/.local/lib/python3.11/site-packages/airflow/timetables/_cron.py", line 102, in validate
    raise AirflowTimetableInvalid(str(e))
airflow.exceptions.AirflowTimetableInvalid: Exactly 5 or 6 columns has to be specified for iterator expression.
[2026-09-17T17:42:15.266+0000] {processor.py:842} WARNING - No viable dags retrieved from /opt/airflow/dags/etl.py
[2026-09-17T17:42:15.290+0000] {processor.py:183} INFO - Processing /opt/airflow/dags/etl.py took 0.056 seconds
[2026-09-17T17:42:45.558+0000] {processor.py:161} INFO - Started process (PID=283) to work on /opt/airflow/dags/etl.py
[2026-09-17T17:42:45.559+0000] {processor.py:830} INFO - Processing file /opt/airflow/dags/etl.py for tasks to queue
[2026-09-17T17:42:45.562+0000] {logging_mixin.py:188} INFO - [2026-09-17T17:42:45.561+0000] {dagbag.py:545} INFO - Filling up the DagBag from /opt/airflow/dags/etl.py
[2026-09-17T17:42:45.576+0000] {logging_mixin.py:188} INFO - [2026-09-17T17:42:45.571+0000] {dagbag.py:452} ERROR - Failed to bag_dag: /opt/airflow/dags/etl.py
Traceback (most recent call last):
  File "/home/airflow/.local/lib/python3.11/site-packages/airflow/timetables/_cron.py", line 100, in validate
    croniter(self._expression)
  File "/home/airflow/.local/lib/python3.11/site-packages/croniter/croniter.py", line 187, in __init__
    self.expanded, self.nth_weekday_of_month = self.expand(expr_format, hash_id=hash_id)
                                               ^^^^^^^^^^^^^^^^^^^^^^^^^^^^^^^^^^^^^^^^^
  File "/home/airflow/.local/lib/python3.11/site-packages/croniter/croniter.py", line 821, in expand
    return cls._expand(expr_format, hash_id=hash_id)
           ^^^^^^^^^^^^^^^^^^^^^^^^^^^^^^^^^^^^^^^^^
  File "/home/airflow/.local/lib/python3.11/site-packages/croniter/croniter.py", line 659, in _expand
    raise CroniterBadCronError(cls.bad_length)
croniter.croniter.CroniterBadCronError: Exactly 5 or 6 columns has to be specified for iterator expression.

During handling of the above exception, another exception occurred:

Traceback (most recent call last):
  File "/home/airflow/.local/lib/python3.11/site-packages/airflow/models/dagbag.py", line 447, in _process_modules
    dag.validate()
  File "/home/airflow/.local/lib/python3.11/site-packages/airflow/models/dag.py", line 775, in validate
    self.timetable.validate()
  File "/home/airflow/.local/lib/python3.11/site-packages/airflow/timetables/_cron.py", line 102, in validate
    raise AirflowTimetableInvalid(str(e))
airflow.exceptions.AirflowTimetableInvalid: Exactly 5 or 6 columns has to be specified for iterator expression.
[2026-09-17T17:42:45.577+0000] {processor.py:842} WARNING - No viable dags retrieved from /opt/airflow/dags/etl.py
[2026-09-17T17:42:45.594+0000] {processor.py:183} INFO - Processing /opt/airflow/dags/etl.py took 0.047 seconds
[2026-09-17T17:43:15.891+0000] {processor.py:161} INFO - Started process (PID=284) to work on /opt/airflow/dags/etl.py
[2026-09-17T17:43:15.894+0000] {processor.py:830} INFO - Processing file /opt/airflow/dags/etl.py for tasks to queue
[2026-09-17T17:43:15.897+0000] {logging_mixin.py:188} INFO - [2026-09-17T17:43:15.897+0000] {dagbag.py:545} INFO - Filling up the DagBag from /opt/airflow/dags/etl.py
[2026-09-17T17:43:15.913+0000] {logging_mixin.py:188} INFO - [2026-09-17T17:43:15.908+0000] {dagbag.py:452} ERROR - Failed to bag_dag: /opt/airflow/dags/etl.py
Traceback (most recent call last):
  File "/home/airflow/.local/lib/python3.11/site-packages/airflow/timetables/_cron.py", line 100, in validate
    croniter(self._expression)
  File "/home/airflow/.local/lib/python3.11/site-packages/croniter/croniter.py", line 187, in __init__
    self.expanded, self.nth_weekday_of_month = self.expand(expr_format, hash_id=hash_id)
                                               ^^^^^^^^^^^^^^^^^^^^^^^^^^^^^^^^^^^^^^^^^
  File "/home/airflow/.local/lib/python3.11/site-packages/croniter/croniter.py", line 821, in expand
    return cls._expand(expr_format, hash_id=hash_id)
           ^^^^^^^^^^^^^^^^^^^^^^^^^^^^^^^^^^^^^^^^^
  File "/home/airflow/.local/lib/python3.11/site-packages/croniter/croniter.py", line 659, in _expand
    raise CroniterBadCronError(cls.bad_length)
croniter.croniter.CroniterBadCronError: Exactly 5 or 6 columns has to be specified for iterator expression.

During handling of the above exception, another exception occurred:

Traceback (most recent call last):
  File "/home/airflow/.local/lib/python3.11/site-packages/airflow/models/dagbag.py", line 447, in _process_modules
    dag.validate()
  File "/home/airflow/.local/lib/python3.11/site-packages/airflow/models/dag.py", line 775, in validate
    self.timetable.validate()
  File "/home/airflow/.local/lib/python3.11/site-packages/airflow/timetables/_cron.py", line 102, in validate
    raise AirflowTimetableInvalid(str(e))
airflow.exceptions.AirflowTimetableInvalid: Exactly 5 or 6 columns has to be specified for iterator expression.
[2026-09-17T17:43:15.914+0000] {processor.py:842} WARNING - No viable dags retrieved from /opt/airflow/dags/etl.py
[2026-09-17T17:43:15.937+0000] {processor.py:183} INFO - Processing /opt/airflow/dags/etl.py took 0.056 seconds
[2026-09-17T17:43:46.256+0000] {processor.py:161} INFO - Started process (PID=285) to work on /opt/airflow/dags/etl.py
[2026-09-17T17:43:46.257+0000] {processor.py:830} INFO - Processing file /opt/airflow/dags/etl.py for tasks to queue
[2026-09-17T17:43:46.260+0000] {logging_mixin.py:188} INFO - [2026-09-17T17:43:46.259+0000] {dagbag.py:545} INFO - Filling up the DagBag from /opt/airflow/dags/etl.py
[2026-09-17T17:43:46.274+0000] {logging_mixin.py:188} INFO - [2026-09-17T17:43:46.270+0000] {dagbag.py:452} ERROR - Failed to bag_dag: /opt/airflow/dags/etl.py
Traceback (most recent call last):
  File "/home/airflow/.local/lib/python3.11/site-packages/airflow/timetables/_cron.py", line 100, in validate
    croniter(self._expression)
  File "/home/airflow/.local/lib/python3.11/site-packages/croniter/croniter.py", line 187, in __init__
    self.expanded, self.nth_weekday_of_month = self.expand(expr_format, hash_id=hash_id)
                                               ^^^^^^^^^^^^^^^^^^^^^^^^^^^^^^^^^^^^^^^^^
  File "/home/airflow/.local/lib/python3.11/site-packages/croniter/croniter.py", line 821, in expand
    return cls._expand(expr_format, hash_id=hash_id)
           ^^^^^^^^^^^^^^^^^^^^^^^^^^^^^^^^^^^^^^^^^
  File "/home/airflow/.local/lib/python3.11/site-packages/croniter/croniter.py", line 659, in _expand
    raise CroniterBadCronError(cls.bad_length)
croniter.croniter.CroniterBadCronError: Exactly 5 or 6 columns has to be specified for iterator expression.

During handling of the above exception, another exception occurred:

Traceback (most recent call last):
  File "/home/airflow/.local/lib/python3.11/site-packages/airflow/models/dagbag.py", line 447, in _process_modules
    dag.validate()
  File "/home/airflow/.local/lib/python3.11/site-packages/airflow/models/dag.py", line 775, in validate
    self.timetable.validate()
  File "/home/airflow/.local/lib/python3.11/site-packages/airflow/timetables/_cron.py", line 102, in validate
    raise AirflowTimetableInvalid(str(e))
airflow.exceptions.AirflowTimetableInvalid: Exactly 5 or 6 columns has to be specified for iterator expression.
[2026-09-17T17:43:46.275+0000] {processor.py:842} WARNING - No viable dags retrieved from /opt/airflow/dags/etl.py
[2026-09-17T17:43:46.300+0000] {processor.py:183} INFO - Processing /opt/airflow/dags/etl.py took 0.054 seconds
[2026-09-17T17:44:16.544+0000] {processor.py:161} INFO - Started process (PID=286) to work on /opt/airflow/dags/etl.py
[2026-09-17T17:44:16.547+0000] {processor.py:830} INFO - Processing file /opt/airflow/dags/etl.py for tasks to queue
[2026-09-17T17:44:16.550+0000] {logging_mixin.py:188} INFO - [2026-09-17T17:44:16.549+0000] {dagbag.py:545} INFO - Filling up the DagBag from /opt/airflow/dags/etl.py
[2026-09-17T17:44:16.565+0000] {logging_mixin.py:188} INFO - [2026-09-17T17:44:16.560+0000] {dagbag.py:452} ERROR - Failed to bag_dag: /opt/airflow/dags/etl.py
Traceback (most recent call last):
  File "/home/airflow/.local/lib/python3.11/site-packages/airflow/timetables/_cron.py", line 100, in validate
    croniter(self._expression)
  File "/home/airflow/.local/lib/python3.11/site-packages/croniter/croniter.py", line 187, in __init__
    self.expanded, self.nth_weekday_of_month = self.expand(expr_format, hash_id=hash_id)
                                               ^^^^^^^^^^^^^^^^^^^^^^^^^^^^^^^^^^^^^^^^^
  File "/home/airflow/.local/lib/python3.11/site-packages/croniter/croniter.py", line 821, in expand
    return cls._expand(expr_format, hash_id=hash_id)
           ^^^^^^^^^^^^^^^^^^^^^^^^^^^^^^^^^^^^^^^^^
  File "/home/airflow/.local/lib/python3.11/site-packages/croniter/croniter.py", line 659, in _expand
    raise CroniterBadCronError(cls.bad_length)
croniter.croniter.CroniterBadCronError: Exactly 5 or 6 columns has to be specified for iterator expression.

During handling of the above exception, another exception occurred:

Traceback (most recent call last):
  File "/home/airflow/.local/lib/python3.11/site-packages/airflow/models/dagbag.py", line 447, in _process_modules
    dag.validate()
  File "/home/airflow/.local/lib/python3.11/site-packages/airflow/models/dag.py", line 775, in validate
    self.timetable.validate()
  File "/home/airflow/.local/lib/python3.11/site-packages/airflow/timetables/_cron.py", line 102, in validate
    raise AirflowTimetableInvalid(str(e))
airflow.exceptions.AirflowTimetableInvalid: Exactly 5 or 6 columns has to be specified for iterator expression.
[2026-09-17T17:44:16.565+0000] {processor.py:842} WARNING - No viable dags retrieved from /opt/airflow/dags/etl.py
[2026-09-17T17:44:16.588+0000] {processor.py:183} INFO - Processing /opt/airflow/dags/etl.py took 0.055 seconds
[2026-09-17T17:44:46.863+0000] {processor.py:161} INFO - Started process (PID=287) to work on /opt/airflow/dags/etl.py
[2026-09-17T17:44:46.865+0000] {processor.py:830} INFO - Processing file /opt/airflow/dags/etl.py for tasks to queue
[2026-09-17T17:44:46.868+0000] {logging_mixin.py:188} INFO - [2026-09-17T17:44:46.867+0000] {dagbag.py:545} INFO - Filling up the DagBag from /opt/airflow/dags/etl.py
[2026-09-17T17:44:46.881+0000] {logging_mixin.py:188} INFO - [2026-09-17T17:44:46.876+0000] {dagbag.py:452} ERROR - Failed to bag_dag: /opt/airflow/dags/etl.py
Traceback (most recent call last):
  File "/home/airflow/.local/lib/python3.11/site-packages/airflow/timetables/_cron.py", line 100, in validate
    croniter(self._expression)
  File "/home/airflow/.local/lib/python3.11/site-packages/croniter/croniter.py", line 187, in __init__
    self.expanded, self.nth_weekday_of_month = self.expand(expr_format, hash_id=hash_id)
                                               ^^^^^^^^^^^^^^^^^^^^^^^^^^^^^^^^^^^^^^^^^
  File "/home/airflow/.local/lib/python3.11/site-packages/croniter/croniter.py", line 821, in expand
    return cls._expand(expr_format, hash_id=hash_id)
           ^^^^^^^^^^^^^^^^^^^^^^^^^^^^^^^^^^^^^^^^^
  File "/home/airflow/.local/lib/python3.11/site-packages/croniter/croniter.py", line 659, in _expand
    raise CroniterBadCronError(cls.bad_length)
croniter.croniter.CroniterBadCronError: Exactly 5 or 6 columns has to be specified for iterator expression.

During handling of the above exception, another exception occurred:

Traceback (most recent call last):
  File "/home/airflow/.local/lib/python3.11/site-packages/airflow/models/dagbag.py", line 447, in _process_modules
    dag.validate()
  File "/home/airflow/.local/lib/python3.11/site-packages/airflow/models/dag.py", line 775, in validate
    self.timetable.validate()
  File "/home/airflow/.local/lib/python3.11/site-packages/airflow/timetables/_cron.py", line 102, in validate
    raise AirflowTimetableInvalid(str(e))
airflow.exceptions.AirflowTimetableInvalid: Exactly 5 or 6 columns has to be specified for iterator expression.
[2026-09-17T17:44:46.882+0000] {processor.py:842} WARNING - No viable dags retrieved from /opt/airflow/dags/etl.py
[2026-09-17T17:44:46.905+0000] {processor.py:183} INFO - Processing /opt/airflow/dags/etl.py took 0.052 seconds
[2026-09-17T17:45:17.242+0000] {processor.py:161} INFO - Started process (PID=288) to work on /opt/airflow/dags/etl.py
[2026-09-17T17:45:17.245+0000] {processor.py:830} INFO - Processing file /opt/airflow/dags/etl.py for tasks to queue
[2026-09-17T17:45:17.248+0000] {logging_mixin.py:188} INFO - [2026-09-17T17:45:17.248+0000] {dagbag.py:545} INFO - Filling up the DagBag from /opt/airflow/dags/etl.py
[2026-09-17T17:45:17.266+0000] {logging_mixin.py:188} INFO - [2026-09-17T17:45:17.260+0000] {dagbag.py:452} ERROR - Failed to bag_dag: /opt/airflow/dags/etl.py
Traceback (most recent call last):
  File "/home/airflow/.local/lib/python3.11/site-packages/airflow/timetables/_cron.py", line 100, in validate
    croniter(self._expression)
  File "/home/airflow/.local/lib/python3.11/site-packages/croniter/croniter.py", line 187, in __init__
    self.expanded, self.nth_weekday_of_month = self.expand(expr_format, hash_id=hash_id)
                                               ^^^^^^^^^^^^^^^^^^^^^^^^^^^^^^^^^^^^^^^^^
  File "/home/airflow/.local/lib/python3.11/site-packages/croniter/croniter.py", line 821, in expand
    return cls._expand(expr_format, hash_id=hash_id)
           ^^^^^^^^^^^^^^^^^^^^^^^^^^^^^^^^^^^^^^^^^
  File "/home/airflow/.local/lib/python3.11/site-packages/croniter/croniter.py", line 659, in _expand
    raise CroniterBadCronError(cls.bad_length)
croniter.croniter.CroniterBadCronError: Exactly 5 or 6 columns has to be specified for iterator expression.

During handling of the above exception, another exception occurred:

Traceback (most recent call last):
  File "/home/airflow/.local/lib/python3.11/site-packages/airflow/models/dagbag.py", line 447, in _process_modules
    dag.validate()
  File "/home/airflow/.local/lib/python3.11/site-packages/airflow/models/dag.py", line 775, in validate
    self.timetable.validate()
  File "/home/airflow/.local/lib/python3.11/site-packages/airflow/timetables/_cron.py", line 102, in validate
    raise AirflowTimetableInvalid(str(e))
airflow.exceptions.AirflowTimetableInvalid: Exactly 5 or 6 columns has to be specified for iterator expression.
[2026-09-17T17:45:17.266+0000] {processor.py:842} WARNING - No viable dags retrieved from /opt/airflow/dags/etl.py
[2026-09-17T17:45:17.292+0000] {processor.py:183} INFO - Processing /opt/airflow/dags/etl.py took 0.060 seconds
[2026-09-17T17:45:47.465+0000] {processor.py:161} INFO - Started process (PID=289) to work on /opt/airflow/dags/etl.py
[2026-09-17T17:45:47.466+0000] {processor.py:830} INFO - Processing file /opt/airflow/dags/etl.py for tasks to queue
[2026-09-17T17:45:47.469+0000] {logging_mixin.py:188} INFO - [2026-09-17T17:45:47.468+0000] {dagbag.py:545} INFO - Filling up the DagBag from /opt/airflow/dags/etl.py
[2026-09-17T17:45:47.483+0000] {logging_mixin.py:188} INFO - [2026-09-17T17:45:47.479+0000] {dagbag.py:452} ERROR - Failed to bag_dag: /opt/airflow/dags/etl.py
Traceback (most recent call last):
  File "/home/airflow/.local/lib/python3.11/site-packages/airflow/timetables/_cron.py", line 100, in validate
    croniter(self._expression)
  File "/home/airflow/.local/lib/python3.11/site-packages/croniter/croniter.py", line 187, in __init__
    self.expanded, self.nth_weekday_of_month = self.expand(expr_format, hash_id=hash_id)
                                               ^^^^^^^^^^^^^^^^^^^^^^^^^^^^^^^^^^^^^^^^^
  File "/home/airflow/.local/lib/python3.11/site-packages/croniter/croniter.py", line 821, in expand
    return cls._expand(expr_format, hash_id=hash_id)
           ^^^^^^^^^^^^^^^^^^^^^^^^^^^^^^^^^^^^^^^^^
  File "/home/airflow/.local/lib/python3.11/site-packages/croniter/croniter.py", line 659, in _expand
    raise CroniterBadCronError(cls.bad_length)
croniter.croniter.CroniterBadCronError: Exactly 5 or 6 columns has to be specified for iterator expression.

During handling of the above exception, another exception occurred:

Traceback (most recent call last):
  File "/home/airflow/.local/lib/python3.11/site-packages/airflow/models/dagbag.py", line 447, in _process_modules
    dag.validate()
  File "/home/airflow/.local/lib/python3.11/site-packages/airflow/models/dag.py", line 775, in validate
    self.timetable.validate()
  File "/home/airflow/.local/lib/python3.11/site-packages/airflow/timetables/_cron.py", line 102, in validate
    raise AirflowTimetableInvalid(str(e))
airflow.exceptions.AirflowTimetableInvalid: Exactly 5 or 6 columns has to be specified for iterator expression.
[2026-09-17T17:45:47.484+0000] {processor.py:842} WARNING - No viable dags retrieved from /opt/airflow/dags/etl.py
[2026-09-17T17:45:47.507+0000] {processor.py:183} INFO - Processing /opt/airflow/dags/etl.py took 0.055 seconds
[2026-09-17T17:46:17.853+0000] {processor.py:161} INFO - Started process (PID=290) to work on /opt/airflow/dags/etl.py
[2026-09-17T17:46:17.857+0000] {processor.py:830} INFO - Processing file /opt/airflow/dags/etl.py for tasks to queue
[2026-09-17T17:46:17.859+0000] {logging_mixin.py:188} INFO - [2026-09-17T17:46:17.859+0000] {dagbag.py:545} INFO - Filling up the DagBag from /opt/airflow/dags/etl.py
[2026-09-17T17:46:17.881+0000] {logging_mixin.py:188} INFO - [2026-09-17T17:46:17.873+0000] {dagbag.py:452} ERROR - Failed to bag_dag: /opt/airflow/dags/etl.py
Traceback (most recent call last):
  File "/home/airflow/.local/lib/python3.11/site-packages/airflow/timetables/_cron.py", line 100, in validate
    croniter(self._expression)
  File "/home/airflow/.local/lib/python3.11/site-packages/croniter/croniter.py", line 187, in __init__
    self.expanded, self.nth_weekday_of_month = self.expand(expr_format, hash_id=hash_id)
                                               ^^^^^^^^^^^^^^^^^^^^^^^^^^^^^^^^^^^^^^^^^
  File "/home/airflow/.local/lib/python3.11/site-packages/croniter/croniter.py", line 821, in expand
    return cls._expand(expr_format, hash_id=hash_id)
           ^^^^^^^^^^^^^^^^^^^^^^^^^^^^^^^^^^^^^^^^^
  File "/home/airflow/.local/lib/python3.11/site-packages/croniter/croniter.py", line 659, in _expand
    raise CroniterBadCronError(cls.bad_length)
croniter.croniter.CroniterBadCronError: Exactly 5 or 6 columns has to be specified for iterator expression.

During handling of the above exception, another exception occurred:

Traceback (most recent call last):
  File "/home/airflow/.local/lib/python3.11/site-packages/airflow/models/dagbag.py", line 447, in _process_modules
    dag.validate()
  File "/home/airflow/.local/lib/python3.11/site-packages/airflow/models/dag.py", line 775, in validate
    self.timetable.validate()
  File "/home/airflow/.local/lib/python3.11/site-packages/airflow/timetables/_cron.py", line 102, in validate
    raise AirflowTimetableInvalid(str(e))
airflow.exceptions.AirflowTimetableInvalid: Exactly 5 or 6 columns has to be specified for iterator expression.
[2026-09-17T17:46:17.882+0000] {processor.py:842} WARNING - No viable dags retrieved from /opt/airflow/dags/etl.py
[2026-09-17T17:46:17.909+0000] {processor.py:183} INFO - Processing /opt/airflow/dags/etl.py took 0.065 seconds
[2026-09-17T17:46:48.147+0000] {processor.py:161} INFO - Started process (PID=291) to work on /opt/airflow/dags/etl.py
[2026-09-17T17:46:48.147+0000] {processor.py:830} INFO - Processing file /opt/airflow/dags/etl.py for tasks to queue
[2026-09-17T17:46:48.148+0000] {logging_mixin.py:188} INFO - [2026-09-17T17:46:48.148+0000] {dagbag.py:545} INFO - Filling up the DagBag from /opt/airflow/dags/etl.py
[2026-09-17T17:46:48.156+0000] {logging_mixin.py:188} INFO - [2026-09-17T17:46:48.154+0000] {dagbag.py:452} ERROR - Failed to bag_dag: /opt/airflow/dags/etl.py
Traceback (most recent call last):
  File "/home/airflow/.local/lib/python3.11/site-packages/airflow/timetables/_cron.py", line 100, in validate
    croniter(self._expression)
  File "/home/airflow/.local/lib/python3.11/site-packages/croniter/croniter.py", line 187, in __init__
    self.expanded, self.nth_weekday_of_month = self.expand(expr_format, hash_id=hash_id)
                                               ^^^^^^^^^^^^^^^^^^^^^^^^^^^^^^^^^^^^^^^^^
  File "/home/airflow/.local/lib/python3.11/site-packages/croniter/croniter.py", line 821, in expand
    return cls._expand(expr_format, hash_id=hash_id)
           ^^^^^^^^^^^^^^^^^^^^^^^^^^^^^^^^^^^^^^^^^
  File "/home/airflow/.local/lib/python3.11/site-packages/croniter/croniter.py", line 659, in _expand
    raise CroniterBadCronError(cls.bad_length)
croniter.croniter.CroniterBadCronError: Exactly 5 or 6 columns has to be specified for iterator expression.

During handling of the above exception, another exception occurred:

Traceback (most recent call last):
  File "/home/airflow/.local/lib/python3.11/site-packages/airflow/models/dagbag.py", line 447, in _process_modules
    dag.validate()
  File "/home/airflow/.local/lib/python3.11/site-packages/airflow/models/dag.py", line 775, in validate
    self.timetable.validate()
  File "/home/airflow/.local/lib/python3.11/site-packages/airflow/timetables/_cron.py", line 102, in validate
    raise AirflowTimetableInvalid(str(e))
airflow.exceptions.AirflowTimetableInvalid: Exactly 5 or 6 columns has to be specified for iterator expression.
[2026-09-17T17:46:48.157+0000] {processor.py:842} WARNING - No viable dags retrieved from /opt/airflow/dags/etl.py
[2026-09-17T17:46:48.175+0000] {processor.py:183} INFO - Processing /opt/airflow/dags/etl.py took 0.032 seconds
[2026-09-17T17:47:18.431+0000] {processor.py:161} INFO - Started process (PID=292) to work on /opt/airflow/dags/etl.py
[2026-09-17T17:47:18.434+0000] {processor.py:830} INFO - Processing file /opt/airflow/dags/etl.py for tasks to queue
[2026-09-17T17:47:18.436+0000] {logging_mixin.py:188} INFO - [2026-09-17T17:47:18.435+0000] {dagbag.py:545} INFO - Filling up the DagBag from /opt/airflow/dags/etl.py
[2026-09-17T17:47:18.450+0000] {logging_mixin.py:188} INFO - [2026-09-17T17:47:18.445+0000] {dagbag.py:452} ERROR - Failed to bag_dag: /opt/airflow/dags/etl.py
Traceback (most recent call last):
  File "/home/airflow/.local/lib/python3.11/site-packages/airflow/timetables/_cron.py", line 100, in validate
    croniter(self._expression)
  File "/home/airflow/.local/lib/python3.11/site-packages/croniter/croniter.py", line 187, in __init__
    self.expanded, self.nth_weekday_of_month = self.expand(expr_format, hash_id=hash_id)
                                               ^^^^^^^^^^^^^^^^^^^^^^^^^^^^^^^^^^^^^^^^^
  File "/home/airflow/.local/lib/python3.11/site-packages/croniter/croniter.py", line 821, in expand
    return cls._expand(expr_format, hash_id=hash_id)
           ^^^^^^^^^^^^^^^^^^^^^^^^^^^^^^^^^^^^^^^^^
  File "/home/airflow/.local/lib/python3.11/site-packages/croniter/croniter.py", line 659, in _expand
    raise CroniterBadCronError(cls.bad_length)
croniter.croniter.CroniterBadCronError: Exactly 5 or 6 columns has to be specified for iterator expression.

During handling of the above exception, another exception occurred:

Traceback (most recent call last):
  File "/home/airflow/.local/lib/python3.11/site-packages/airflow/models/dagbag.py", line 447, in _process_modules
    dag.validate()
  File "/home/airflow/.local/lib/python3.11/site-packages/airflow/models/dag.py", line 775, in validate
    self.timetable.validate()
  File "/home/airflow/.local/lib/python3.11/site-packages/airflow/timetables/_cron.py", line 102, in validate
    raise AirflowTimetableInvalid(str(e))
airflow.exceptions.AirflowTimetableInvalid: Exactly 5 or 6 columns has to be specified for iterator expression.
[2026-09-17T17:47:18.450+0000] {processor.py:842} WARNING - No viable dags retrieved from /opt/airflow/dags/etl.py
[2026-09-17T17:47:18.477+0000] {processor.py:183} INFO - Processing /opt/airflow/dags/etl.py took 0.055 seconds
[2026-09-17T17:47:48.717+0000] {processor.py:161} INFO - Started process (PID=293) to work on /opt/airflow/dags/etl.py
[2026-09-17T17:47:48.719+0000] {processor.py:830} INFO - Processing file /opt/airflow/dags/etl.py for tasks to queue
[2026-09-17T17:47:48.722+0000] {logging_mixin.py:188} INFO - [2026-09-17T17:47:48.721+0000] {dagbag.py:545} INFO - Filling up the DagBag from /opt/airflow/dags/etl.py
[2026-09-17T17:47:48.737+0000] {logging_mixin.py:188} INFO - [2026-09-17T17:47:48.732+0000] {dagbag.py:452} ERROR - Failed to bag_dag: /opt/airflow/dags/etl.py
Traceback (most recent call last):
  File "/home/airflow/.local/lib/python3.11/site-packages/airflow/timetables/_cron.py", line 100, in validate
    croniter(self._expression)
  File "/home/airflow/.local/lib/python3.11/site-packages/croniter/croniter.py", line 187, in __init__
    self.expanded, self.nth_weekday_of_month = self.expand(expr_format, hash_id=hash_id)
                                               ^^^^^^^^^^^^^^^^^^^^^^^^^^^^^^^^^^^^^^^^^
  File "/home/airflow/.local/lib/python3.11/site-packages/croniter/croniter.py", line 821, in expand
    return cls._expand(expr_format, hash_id=hash_id)
           ^^^^^^^^^^^^^^^^^^^^^^^^^^^^^^^^^^^^^^^^^
  File "/home/airflow/.local/lib/python3.11/site-packages/croniter/croniter.py", line 659, in _expand
    raise CroniterBadCronError(cls.bad_length)
croniter.croniter.CroniterBadCronError: Exactly 5 or 6 columns has to be specified for iterator expression.

During handling of the above exception, another exception occurred:

Traceback (most recent call last):
  File "/home/airflow/.local/lib/python3.11/site-packages/airflow/models/dagbag.py", line 447, in _process_modules
    dag.validate()
  File "/home/airflow/.local/lib/python3.11/site-packages/airflow/models/dag.py", line 775, in validate
    self.timetable.validate()
  File "/home/airflow/.local/lib/python3.11/site-packages/airflow/timetables/_cron.py", line 102, in validate
    raise AirflowTimetableInvalid(str(e))
airflow.exceptions.AirflowTimetableInvalid: Exactly 5 or 6 columns has to be specified for iterator expression.
[2026-09-17T17:47:48.737+0000] {processor.py:842} WARNING - No viable dags retrieved from /opt/airflow/dags/etl.py
[2026-09-17T17:47:48.760+0000] {processor.py:183} INFO - Processing /opt/airflow/dags/etl.py took 0.052 seconds
[2026-09-17T17:48:18.963+0000] {processor.py:161} INFO - Started process (PID=294) to work on /opt/airflow/dags/etl.py
[2026-09-17T17:48:18.966+0000] {processor.py:830} INFO - Processing file /opt/airflow/dags/etl.py for tasks to queue
[2026-09-17T17:48:18.968+0000] {logging_mixin.py:188} INFO - [2026-09-17T17:48:18.967+0000] {dagbag.py:545} INFO - Filling up the DagBag from /opt/airflow/dags/etl.py
[2026-09-17T17:48:18.981+0000] {logging_mixin.py:188} INFO - [2026-09-17T17:48:18.977+0000] {dagbag.py:452} ERROR - Failed to bag_dag: /opt/airflow/dags/etl.py
Traceback (most recent call last):
  File "/home/airflow/.local/lib/python3.11/site-packages/airflow/timetables/_cron.py", line 100, in validate
    croniter(self._expression)
  File "/home/airflow/.local/lib/python3.11/site-packages/croniter/croniter.py", line 187, in __init__
    self.expanded, self.nth_weekday_of_month = self.expand(expr_format, hash_id=hash_id)
                                               ^^^^^^^^^^^^^^^^^^^^^^^^^^^^^^^^^^^^^^^^^
  File "/home/airflow/.local/lib/python3.11/site-packages/croniter/croniter.py", line 821, in expand
    return cls._expand(expr_format, hash_id=hash_id)
           ^^^^^^^^^^^^^^^^^^^^^^^^^^^^^^^^^^^^^^^^^
  File "/home/airflow/.local/lib/python3.11/site-packages/croniter/croniter.py", line 659, in _expand
    raise CroniterBadCronError(cls.bad_length)
croniter.croniter.CroniterBadCronError: Exactly 5 or 6 columns has to be specified for iterator expression.

During handling of the above exception, another exception occurred:

Traceback (most recent call last):
  File "/home/airflow/.local/lib/python3.11/site-packages/airflow/models/dagbag.py", line 447, in _process_modules
    dag.validate()
  File "/home/airflow/.local/lib/python3.11/site-packages/airflow/models/dag.py", line 775, in validate
    self.timetable.validate()
  File "/home/airflow/.local/lib/python3.11/site-packages/airflow/timetables/_cron.py", line 102, in validate
    raise AirflowTimetableInvalid(str(e))
airflow.exceptions.AirflowTimetableInvalid: Exactly 5 or 6 columns has to be specified for iterator expression.
[2026-09-17T17:48:18.982+0000] {processor.py:842} WARNING - No viable dags retrieved from /opt/airflow/dags/etl.py
[2026-09-17T17:48:19.000+0000] {processor.py:183} INFO - Processing /opt/airflow/dags/etl.py took 0.049 seconds
[2026-09-17T17:48:49.172+0000] {processor.py:161} INFO - Started process (PID=295) to work on /opt/airflow/dags/etl.py
[2026-09-17T17:48:49.173+0000] {processor.py:830} INFO - Processing file /opt/airflow/dags/etl.py for tasks to queue
[2026-09-17T17:48:49.176+0000] {logging_mixin.py:188} INFO - [2026-09-17T17:48:49.175+0000] {dagbag.py:545} INFO - Filling up the DagBag from /opt/airflow/dags/etl.py
[2026-09-17T17:48:49.191+0000] {logging_mixin.py:188} INFO - [2026-09-17T17:48:49.186+0000] {dagbag.py:452} ERROR - Failed to bag_dag: /opt/airflow/dags/etl.py
Traceback (most recent call last):
  File "/home/airflow/.local/lib/python3.11/site-packages/airflow/timetables/_cron.py", line 100, in validate
    croniter(self._expression)
  File "/home/airflow/.local/lib/python3.11/site-packages/croniter/croniter.py", line 187, in __init__
    self.expanded, self.nth_weekday_of_month = self.expand(expr_format, hash_id=hash_id)
                                               ^^^^^^^^^^^^^^^^^^^^^^^^^^^^^^^^^^^^^^^^^
  File "/home/airflow/.local/lib/python3.11/site-packages/croniter/croniter.py", line 821, in expand
    return cls._expand(expr_format, hash_id=hash_id)
           ^^^^^^^^^^^^^^^^^^^^^^^^^^^^^^^^^^^^^^^^^
  File "/home/airflow/.local/lib/python3.11/site-packages/croniter/croniter.py", line 659, in _expand
    raise CroniterBadCronError(cls.bad_length)
croniter.croniter.CroniterBadCronError: Exactly 5 or 6 columns has to be specified for iterator expression.

During handling of the above exception, another exception occurred:

Traceback (most recent call last):
  File "/home/airflow/.local/lib/python3.11/site-packages/airflow/models/dagbag.py", line 447, in _process_modules
    dag.validate()
  File "/home/airflow/.local/lib/python3.11/site-packages/airflow/models/dag.py", line 775, in validate
    self.timetable.validate()
  File "/home/airflow/.local/lib/python3.11/site-packages/airflow/timetables/_cron.py", line 102, in validate
    raise AirflowTimetableInvalid(str(e))
airflow.exceptions.AirflowTimetableInvalid: Exactly 5 or 6 columns has to be specified for iterator expression.
[2026-09-17T17:48:49.192+0000] {processor.py:842} WARNING - No viable dags retrieved from /opt/airflow/dags/etl.py
[2026-09-17T17:48:49.216+0000] {processor.py:183} INFO - Processing /opt/airflow/dags/etl.py took 0.054 seconds
[2026-09-17T17:49:19.433+0000] {processor.py:161} INFO - Started process (PID=296) to work on /opt/airflow/dags/etl.py
[2026-09-17T17:49:19.436+0000] {processor.py:830} INFO - Processing file /opt/airflow/dags/etl.py for tasks to queue
[2026-09-17T17:49:19.439+0000] {logging_mixin.py:188} INFO - [2026-09-17T17:49:19.438+0000] {dagbag.py:545} INFO - Filling up the DagBag from /opt/airflow/dags/etl.py
[2026-09-17T17:49:19.454+0000] {logging_mixin.py:188} INFO - [2026-09-17T17:49:19.450+0000] {dagbag.py:452} ERROR - Failed to bag_dag: /opt/airflow/dags/etl.py
Traceback (most recent call last):
  File "/home/airflow/.local/lib/python3.11/site-packages/airflow/timetables/_cron.py", line 100, in validate
    croniter(self._expression)
  File "/home/airflow/.local/lib/python3.11/site-packages/croniter/croniter.py", line 187, in __init__
    self.expanded, self.nth_weekday_of_month = self.expand(expr_format, hash_id=hash_id)
                                               ^^^^^^^^^^^^^^^^^^^^^^^^^^^^^^^^^^^^^^^^^
  File "/home/airflow/.local/lib/python3.11/site-packages/croniter/croniter.py", line 821, in expand
    return cls._expand(expr_format, hash_id=hash_id)
           ^^^^^^^^^^^^^^^^^^^^^^^^^^^^^^^^^^^^^^^^^
  File "/home/airflow/.local/lib/python3.11/site-packages/croniter/croniter.py", line 659, in _expand
    raise CroniterBadCronError(cls.bad_length)
croniter.croniter.CroniterBadCronError: Exactly 5 or 6 columns has to be specified for iterator expression.

During handling of the above exception, another exception occurred:

Traceback (most recent call last):
  File "/home/airflow/.local/lib/python3.11/site-packages/airflow/models/dagbag.py", line 447, in _process_modules
    dag.validate()
  File "/home/airflow/.local/lib/python3.11/site-packages/airflow/models/dag.py", line 775, in validate
    self.timetable.validate()
  File "/home/airflow/.local/lib/python3.11/site-packages/airflow/timetables/_cron.py", line 102, in validate
    raise AirflowTimetableInvalid(str(e))
airflow.exceptions.AirflowTimetableInvalid: Exactly 5 or 6 columns has to be specified for iterator expression.
[2026-09-17T17:49:19.455+0000] {processor.py:842} WARNING - No viable dags retrieved from /opt/airflow/dags/etl.py
[2026-09-17T17:49:19.479+0000] {processor.py:183} INFO - Processing /opt/airflow/dags/etl.py took 0.056 seconds
[2026-09-17T17:49:49.664+0000] {processor.py:161} INFO - Started process (PID=297) to work on /opt/airflow/dags/etl.py
[2026-09-17T17:49:49.665+0000] {processor.py:830} INFO - Processing file /opt/airflow/dags/etl.py for tasks to queue
[2026-09-17T17:49:49.668+0000] {logging_mixin.py:188} INFO - [2026-09-17T17:49:49.667+0000] {dagbag.py:545} INFO - Filling up the DagBag from /opt/airflow/dags/etl.py
[2026-09-17T17:49:49.683+0000] {logging_mixin.py:188} INFO - [2026-09-17T17:49:49.677+0000] {dagbag.py:452} ERROR - Failed to bag_dag: /opt/airflow/dags/etl.py
Traceback (most recent call last):
  File "/home/airflow/.local/lib/python3.11/site-packages/airflow/timetables/_cron.py", line 100, in validate
    croniter(self._expression)
  File "/home/airflow/.local/lib/python3.11/site-packages/croniter/croniter.py", line 187, in __init__
    self.expanded, self.nth_weekday_of_month = self.expand(expr_format, hash_id=hash_id)
                                               ^^^^^^^^^^^^^^^^^^^^^^^^^^^^^^^^^^^^^^^^^
  File "/home/airflow/.local/lib/python3.11/site-packages/croniter/croniter.py", line 821, in expand
    return cls._expand(expr_format, hash_id=hash_id)
           ^^^^^^^^^^^^^^^^^^^^^^^^^^^^^^^^^^^^^^^^^
  File "/home/airflow/.local/lib/python3.11/site-packages/croniter/croniter.py", line 659, in _expand
    raise CroniterBadCronError(cls.bad_length)
croniter.croniter.CroniterBadCronError: Exactly 5 or 6 columns has to be specified for iterator expression.

During handling of the above exception, another exception occurred:

Traceback (most recent call last):
  File "/home/airflow/.local/lib/python3.11/site-packages/airflow/models/dagbag.py", line 447, in _process_modules
    dag.validate()
  File "/home/airflow/.local/lib/python3.11/site-packages/airflow/models/dag.py", line 775, in validate
    self.timetable.validate()
  File "/home/airflow/.local/lib/python3.11/site-packages/airflow/timetables/_cron.py", line 102, in validate
    raise AirflowTimetableInvalid(str(e))
airflow.exceptions.AirflowTimetableInvalid: Exactly 5 or 6 columns has to be specified for iterator expression.
[2026-09-17T17:49:49.684+0000] {processor.py:842} WARNING - No viable dags retrieved from /opt/airflow/dags/etl.py
[2026-09-17T17:49:49.707+0000] {processor.py:183} INFO - Processing /opt/airflow/dags/etl.py took 0.053 seconds
[2026-09-17T17:50:19.917+0000] {processor.py:161} INFO - Started process (PID=298) to work on /opt/airflow/dags/etl.py
[2026-09-17T17:50:19.920+0000] {processor.py:830} INFO - Processing file /opt/airflow/dags/etl.py for tasks to queue
[2026-09-17T17:50:19.923+0000] {logging_mixin.py:188} INFO - [2026-09-17T17:50:19.923+0000] {dagbag.py:545} INFO - Filling up the DagBag from /opt/airflow/dags/etl.py
[2026-09-17T17:50:19.939+0000] {logging_mixin.py:188} INFO - [2026-09-17T17:50:19.933+0000] {dagbag.py:452} ERROR - Failed to bag_dag: /opt/airflow/dags/etl.py
Traceback (most recent call last):
  File "/home/airflow/.local/lib/python3.11/site-packages/airflow/timetables/_cron.py", line 100, in validate
    croniter(self._expression)
  File "/home/airflow/.local/lib/python3.11/site-packages/croniter/croniter.py", line 187, in __init__
    self.expanded, self.nth_weekday_of_month = self.expand(expr_format, hash_id=hash_id)
                                               ^^^^^^^^^^^^^^^^^^^^^^^^^^^^^^^^^^^^^^^^^
  File "/home/airflow/.local/lib/python3.11/site-packages/croniter/croniter.py", line 821, in expand
    return cls._expand(expr_format, hash_id=hash_id)
           ^^^^^^^^^^^^^^^^^^^^^^^^^^^^^^^^^^^^^^^^^
  File "/home/airflow/.local/lib/python3.11/site-packages/croniter/croniter.py", line 659, in _expand
    raise CroniterBadCronError(cls.bad_length)
croniter.croniter.CroniterBadCronError: Exactly 5 or 6 columns has to be specified for iterator expression.

During handling of the above exception, another exception occurred:

Traceback (most recent call last):
  File "/home/airflow/.local/lib/python3.11/site-packages/airflow/models/dagbag.py", line 447, in _process_modules
    dag.validate()
  File "/home/airflow/.local/lib/python3.11/site-packages/airflow/models/dag.py", line 775, in validate
    self.timetable.validate()
  File "/home/airflow/.local/lib/python3.11/site-packages/airflow/timetables/_cron.py", line 102, in validate
    raise AirflowTimetableInvalid(str(e))
airflow.exceptions.AirflowTimetableInvalid: Exactly 5 or 6 columns has to be specified for iterator expression.
[2026-09-17T17:50:19.939+0000] {processor.py:842} WARNING - No viable dags retrieved from /opt/airflow/dags/etl.py
[2026-09-17T17:50:19.963+0000] {processor.py:183} INFO - Processing /opt/airflow/dags/etl.py took 0.056 seconds
[2026-09-17T17:50:50.161+0000] {processor.py:161} INFO - Started process (PID=299) to work on /opt/airflow/dags/etl.py
[2026-09-17T17:50:50.163+0000] {processor.py:830} INFO - Processing file /opt/airflow/dags/etl.py for tasks to queue
[2026-09-17T17:50:50.166+0000] {logging_mixin.py:188} INFO - [2026-09-17T17:50:50.166+0000] {dagbag.py:545} INFO - Filling up the DagBag from /opt/airflow/dags/etl.py
[2026-09-17T17:50:50.181+0000] {logging_mixin.py:188} INFO - [2026-09-17T17:50:50.177+0000] {dagbag.py:452} ERROR - Failed to bag_dag: /opt/airflow/dags/etl.py
Traceback (most recent call last):
  File "/home/airflow/.local/lib/python3.11/site-packages/airflow/timetables/_cron.py", line 100, in validate
    croniter(self._expression)
  File "/home/airflow/.local/lib/python3.11/site-packages/croniter/croniter.py", line 187, in __init__
    self.expanded, self.nth_weekday_of_month = self.expand(expr_format, hash_id=hash_id)
                                               ^^^^^^^^^^^^^^^^^^^^^^^^^^^^^^^^^^^^^^^^^
  File "/home/airflow/.local/lib/python3.11/site-packages/croniter/croniter.py", line 821, in expand
    return cls._expand(expr_format, hash_id=hash_id)
           ^^^^^^^^^^^^^^^^^^^^^^^^^^^^^^^^^^^^^^^^^
  File "/home/airflow/.local/lib/python3.11/site-packages/croniter/croniter.py", line 659, in _expand
    raise CroniterBadCronError(cls.bad_length)
croniter.croniter.CroniterBadCronError: Exactly 5 or 6 columns has to be specified for iterator expression.

During handling of the above exception, another exception occurred:

Traceback (most recent call last):
  File "/home/airflow/.local/lib/python3.11/site-packages/airflow/models/dagbag.py", line 447, in _process_modules
    dag.validate()
  File "/home/airflow/.local/lib/python3.11/site-packages/airflow/models/dag.py", line 775, in validate
    self.timetable.validate()
  File "/home/airflow/.local/lib/python3.11/site-packages/airflow/timetables/_cron.py", line 102, in validate
    raise AirflowTimetableInvalid(str(e))
airflow.exceptions.AirflowTimetableInvalid: Exactly 5 or 6 columns has to be specified for iterator expression.
[2026-09-17T17:50:50.182+0000] {processor.py:842} WARNING - No viable dags retrieved from /opt/airflow/dags/etl.py
[2026-09-17T17:50:50.201+0000] {processor.py:183} INFO - Processing /opt/airflow/dags/etl.py took 0.049 seconds
[2026-09-17T17:51:20.375+0000] {processor.py:161} INFO - Started process (PID=300) to work on /opt/airflow/dags/etl.py
[2026-09-17T17:51:20.378+0000] {processor.py:830} INFO - Processing file /opt/airflow/dags/etl.py for tasks to queue
[2026-09-17T17:51:20.379+0000] {logging_mixin.py:188} INFO - [2026-09-17T17:51:20.379+0000] {dagbag.py:545} INFO - Filling up the DagBag from /opt/airflow/dags/etl.py
[2026-09-17T17:51:20.386+0000] {logging_mixin.py:188} INFO - [2026-09-17T17:51:20.384+0000] {dagbag.py:452} ERROR - Failed to bag_dag: /opt/airflow/dags/etl.py
Traceback (most recent call last):
  File "/home/airflow/.local/lib/python3.11/site-packages/airflow/timetables/_cron.py", line 100, in validate
    croniter(self._expression)
  File "/home/airflow/.local/lib/python3.11/site-packages/croniter/croniter.py", line 187, in __init__
    self.expanded, self.nth_weekday_of_month = self.expand(expr_format, hash_id=hash_id)
                                               ^^^^^^^^^^^^^^^^^^^^^^^^^^^^^^^^^^^^^^^^^
  File "/home/airflow/.local/lib/python3.11/site-packages/croniter/croniter.py", line 821, in expand
    return cls._expand(expr_format, hash_id=hash_id)
           ^^^^^^^^^^^^^^^^^^^^^^^^^^^^^^^^^^^^^^^^^
  File "/home/airflow/.local/lib/python3.11/site-packages/croniter/croniter.py", line 659, in _expand
    raise CroniterBadCronError(cls.bad_length)
croniter.croniter.CroniterBadCronError: Exactly 5 or 6 columns has to be specified for iterator expression.

During handling of the above exception, another exception occurred:

Traceback (most recent call last):
  File "/home/airflow/.local/lib/python3.11/site-packages/airflow/models/dagbag.py", line 447, in _process_modules
    dag.validate()
  File "/home/airflow/.local/lib/python3.11/site-packages/airflow/models/dag.py", line 775, in validate
    self.timetable.validate()
  File "/home/airflow/.local/lib/python3.11/site-packages/airflow/timetables/_cron.py", line 102, in validate
    raise AirflowTimetableInvalid(str(e))
airflow.exceptions.AirflowTimetableInvalid: Exactly 5 or 6 columns has to be specified for iterator expression.
[2026-09-17T17:51:20.386+0000] {processor.py:842} WARNING - No viable dags retrieved from /opt/airflow/dags/etl.py
[2026-09-17T17:51:20.398+0000] {processor.py:183} INFO - Processing /opt/airflow/dags/etl.py took 0.028 seconds
[2026-09-17T17:51:50.611+0000] {processor.py:161} INFO - Started process (PID=301) to work on /opt/airflow/dags/etl.py
[2026-09-17T17:51:50.613+0000] {processor.py:830} INFO - Processing file /opt/airflow/dags/etl.py for tasks to queue
[2026-09-17T17:51:50.615+0000] {logging_mixin.py:188} INFO - [2026-09-17T17:51:50.615+0000] {dagbag.py:545} INFO - Filling up the DagBag from /opt/airflow/dags/etl.py
[2026-09-17T17:51:50.631+0000] {logging_mixin.py:188} INFO - [2026-09-17T17:51:50.626+0000] {dagbag.py:452} ERROR - Failed to bag_dag: /opt/airflow/dags/etl.py
Traceback (most recent call last):
  File "/home/airflow/.local/lib/python3.11/site-packages/airflow/timetables/_cron.py", line 100, in validate
    croniter(self._expression)
  File "/home/airflow/.local/lib/python3.11/site-packages/croniter/croniter.py", line 187, in __init__
    self.expanded, self.nth_weekday_of_month = self.expand(expr_format, hash_id=hash_id)
                                               ^^^^^^^^^^^^^^^^^^^^^^^^^^^^^^^^^^^^^^^^^
  File "/home/airflow/.local/lib/python3.11/site-packages/croniter/croniter.py", line 821, in expand
    return cls._expand(expr_format, hash_id=hash_id)
           ^^^^^^^^^^^^^^^^^^^^^^^^^^^^^^^^^^^^^^^^^
  File "/home/airflow/.local/lib/python3.11/site-packages/croniter/croniter.py", line 659, in _expand
    raise CroniterBadCronError(cls.bad_length)
croniter.croniter.CroniterBadCronError: Exactly 5 or 6 columns has to be specified for iterator expression.

During handling of the above exception, another exception occurred:

Traceback (most recent call last):
  File "/home/airflow/.local/lib/python3.11/site-packages/airflow/models/dagbag.py", line 447, in _process_modules
    dag.validate()
  File "/home/airflow/.local/lib/python3.11/site-packages/airflow/models/dag.py", line 775, in validate
    self.timetable.validate()
  File "/home/airflow/.local/lib/python3.11/site-packages/airflow/timetables/_cron.py", line 102, in validate
    raise AirflowTimetableInvalid(str(e))
airflow.exceptions.AirflowTimetableInvalid: Exactly 5 or 6 columns has to be specified for iterator expression.
[2026-09-17T17:51:50.631+0000] {processor.py:842} WARNING - No viable dags retrieved from /opt/airflow/dags/etl.py
[2026-09-17T17:51:50.656+0000] {processor.py:183} INFO - Processing /opt/airflow/dags/etl.py took 0.054 seconds
[2026-09-17T17:52:20.871+0000] {processor.py:161} INFO - Started process (PID=302) to work on /opt/airflow/dags/etl.py
[2026-09-17T17:52:20.874+0000] {processor.py:830} INFO - Processing file /opt/airflow/dags/etl.py for tasks to queue
[2026-09-17T17:52:20.877+0000] {logging_mixin.py:188} INFO - [2026-09-17T17:52:20.876+0000] {dagbag.py:545} INFO - Filling up the DagBag from /opt/airflow/dags/etl.py
[2026-09-17T17:52:20.891+0000] {logging_mixin.py:188} INFO - [2026-09-17T17:52:20.886+0000] {dagbag.py:452} ERROR - Failed to bag_dag: /opt/airflow/dags/etl.py
Traceback (most recent call last):
  File "/home/airflow/.local/lib/python3.11/site-packages/airflow/timetables/_cron.py", line 100, in validate
    croniter(self._expression)
  File "/home/airflow/.local/lib/python3.11/site-packages/croniter/croniter.py", line 187, in __init__
    self.expanded, self.nth_weekday_of_month = self.expand(expr_format, hash_id=hash_id)
                                               ^^^^^^^^^^^^^^^^^^^^^^^^^^^^^^^^^^^^^^^^^
  File "/home/airflow/.local/lib/python3.11/site-packages/croniter/croniter.py", line 821, in expand
    return cls._expand(expr_format, hash_id=hash_id)
           ^^^^^^^^^^^^^^^^^^^^^^^^^^^^^^^^^^^^^^^^^
  File "/home/airflow/.local/lib/python3.11/site-packages/croniter/croniter.py", line 659, in _expand
    raise CroniterBadCronError(cls.bad_length)
croniter.croniter.CroniterBadCronError: Exactly 5 or 6 columns has to be specified for iterator expression.

During handling of the above exception, another exception occurred:

Traceback (most recent call last):
  File "/home/airflow/.local/lib/python3.11/site-packages/airflow/models/dagbag.py", line 447, in _process_modules
    dag.validate()
  File "/home/airflow/.local/lib/python3.11/site-packages/airflow/models/dag.py", line 775, in validate
    self.timetable.validate()
  File "/home/airflow/.local/lib/python3.11/site-packages/airflow/timetables/_cron.py", line 102, in validate
    raise AirflowTimetableInvalid(str(e))
airflow.exceptions.AirflowTimetableInvalid: Exactly 5 or 6 columns has to be specified for iterator expression.
[2026-09-17T17:52:20.891+0000] {processor.py:842} WARNING - No viable dags retrieved from /opt/airflow/dags/etl.py
[2026-09-17T17:52:20.912+0000] {processor.py:183} INFO - Processing /opt/airflow/dags/etl.py took 0.053 seconds
[2026-09-17T17:52:51.083+0000] {processor.py:161} INFO - Started process (PID=303) to work on /opt/airflow/dags/etl.py
[2026-09-17T17:52:51.083+0000] {processor.py:830} INFO - Processing file /opt/airflow/dags/etl.py for tasks to queue
[2026-09-17T17:52:51.085+0000] {logging_mixin.py:188} INFO - [2026-09-17T17:52:51.084+0000] {dagbag.py:545} INFO - Filling up the DagBag from /opt/airflow/dags/etl.py
[2026-09-17T17:52:51.094+0000] {logging_mixin.py:188} INFO - [2026-09-17T17:52:51.091+0000] {dagbag.py:452} ERROR - Failed to bag_dag: /opt/airflow/dags/etl.py
Traceback (most recent call last):
  File "/home/airflow/.local/lib/python3.11/site-packages/airflow/timetables/_cron.py", line 100, in validate
    croniter(self._expression)
  File "/home/airflow/.local/lib/python3.11/site-packages/croniter/croniter.py", line 187, in __init__
    self.expanded, self.nth_weekday_of_month = self.expand(expr_format, hash_id=hash_id)
                                               ^^^^^^^^^^^^^^^^^^^^^^^^^^^^^^^^^^^^^^^^^
  File "/home/airflow/.local/lib/python3.11/site-packages/croniter/croniter.py", line 821, in expand
    return cls._expand(expr_format, hash_id=hash_id)
           ^^^^^^^^^^^^^^^^^^^^^^^^^^^^^^^^^^^^^^^^^
  File "/home/airflow/.local/lib/python3.11/site-packages/croniter/croniter.py", line 659, in _expand
    raise CroniterBadCronError(cls.bad_length)
croniter.croniter.CroniterBadCronError: Exactly 5 or 6 columns has to be specified for iterator expression.

During handling of the above exception, another exception occurred:

Traceback (most recent call last):
  File "/home/airflow/.local/lib/python3.11/site-packages/airflow/models/dagbag.py", line 447, in _process_modules
    dag.validate()
  File "/home/airflow/.local/lib/python3.11/site-packages/airflow/models/dag.py", line 775, in validate
    self.timetable.validate()
  File "/home/airflow/.local/lib/python3.11/site-packages/airflow/timetables/_cron.py", line 102, in validate
    raise AirflowTimetableInvalid(str(e))
airflow.exceptions.AirflowTimetableInvalid: Exactly 5 or 6 columns has to be specified for iterator expression.
[2026-09-17T17:52:51.095+0000] {processor.py:842} WARNING - No viable dags retrieved from /opt/airflow/dags/etl.py
[2026-09-17T17:52:51.118+0000] {processor.py:183} INFO - Processing /opt/airflow/dags/etl.py took 0.040 seconds
[2026-09-17T17:53:21.317+0000] {processor.py:161} INFO - Started process (PID=304) to work on /opt/airflow/dags/etl.py
[2026-09-17T17:53:21.320+0000] {processor.py:830} INFO - Processing file /opt/airflow/dags/etl.py for tasks to queue
[2026-09-17T17:53:21.323+0000] {logging_mixin.py:188} INFO - [2026-09-17T17:53:21.322+0000] {dagbag.py:545} INFO - Filling up the DagBag from /opt/airflow/dags/etl.py
[2026-09-17T17:53:21.338+0000] {logging_mixin.py:188} INFO - [2026-09-17T17:53:21.333+0000] {dagbag.py:452} ERROR - Failed to bag_dag: /opt/airflow/dags/etl.py
Traceback (most recent call last):
  File "/home/airflow/.local/lib/python3.11/site-packages/airflow/timetables/_cron.py", line 100, in validate
    croniter(self._expression)
  File "/home/airflow/.local/lib/python3.11/site-packages/croniter/croniter.py", line 187, in __init__
    self.expanded, self.nth_weekday_of_month = self.expand(expr_format, hash_id=hash_id)
                                               ^^^^^^^^^^^^^^^^^^^^^^^^^^^^^^^^^^^^^^^^^
  File "/home/airflow/.local/lib/python3.11/site-packages/croniter/croniter.py", line 821, in expand
    return cls._expand(expr_format, hash_id=hash_id)
           ^^^^^^^^^^^^^^^^^^^^^^^^^^^^^^^^^^^^^^^^^
  File "/home/airflow/.local/lib/python3.11/site-packages/croniter/croniter.py", line 659, in _expand
    raise CroniterBadCronError(cls.bad_length)
croniter.croniter.CroniterBadCronError: Exactly 5 or 6 columns has to be specified for iterator expression.

During handling of the above exception, another exception occurred:

Traceback (most recent call last):
  File "/home/airflow/.local/lib/python3.11/site-packages/airflow/models/dagbag.py", line 447, in _process_modules
    dag.validate()
  File "/home/airflow/.local/lib/python3.11/site-packages/airflow/models/dag.py", line 775, in validate
    self.timetable.validate()
  File "/home/airflow/.local/lib/python3.11/site-packages/airflow/timetables/_cron.py", line 102, in validate
    raise AirflowTimetableInvalid(str(e))
airflow.exceptions.AirflowTimetableInvalid: Exactly 5 or 6 columns has to be specified for iterator expression.
[2026-09-17T17:53:21.338+0000] {processor.py:842} WARNING - No viable dags retrieved from /opt/airflow/dags/etl.py
[2026-09-17T17:53:21.361+0000] {processor.py:183} INFO - Processing /opt/airflow/dags/etl.py took 0.054 seconds
[2026-09-17T17:53:51.549+0000] {processor.py:161} INFO - Started process (PID=305) to work on /opt/airflow/dags/etl.py
[2026-09-17T17:53:51.551+0000] {processor.py:830} INFO - Processing file /opt/airflow/dags/etl.py for tasks to queue
[2026-09-17T17:53:51.553+0000] {logging_mixin.py:188} INFO - [2026-09-17T17:53:51.553+0000] {dagbag.py:545} INFO - Filling up the DagBag from /opt/airflow/dags/etl.py
[2026-09-17T17:53:51.569+0000] {logging_mixin.py:188} INFO - [2026-09-17T17:53:51.565+0000] {dagbag.py:452} ERROR - Failed to bag_dag: /opt/airflow/dags/etl.py
Traceback (most recent call last):
  File "/home/airflow/.local/lib/python3.11/site-packages/airflow/timetables/_cron.py", line 100, in validate
    croniter(self._expression)
  File "/home/airflow/.local/lib/python3.11/site-packages/croniter/croniter.py", line 187, in __init__
    self.expanded, self.nth_weekday_of_month = self.expand(expr_format, hash_id=hash_id)
                                               ^^^^^^^^^^^^^^^^^^^^^^^^^^^^^^^^^^^^^^^^^
  File "/home/airflow/.local/lib/python3.11/site-packages/croniter/croniter.py", line 821, in expand
    return cls._expand(expr_format, hash_id=hash_id)
           ^^^^^^^^^^^^^^^^^^^^^^^^^^^^^^^^^^^^^^^^^
  File "/home/airflow/.local/lib/python3.11/site-packages/croniter/croniter.py", line 659, in _expand
    raise CroniterBadCronError(cls.bad_length)
croniter.croniter.CroniterBadCronError: Exactly 5 or 6 columns has to be specified for iterator expression.

During handling of the above exception, another exception occurred:

Traceback (most recent call last):
  File "/home/airflow/.local/lib/python3.11/site-packages/airflow/models/dagbag.py", line 447, in _process_modules
    dag.validate()
  File "/home/airflow/.local/lib/python3.11/site-packages/airflow/models/dag.py", line 775, in validate
    self.timetable.validate()
  File "/home/airflow/.local/lib/python3.11/site-packages/airflow/timetables/_cron.py", line 102, in validate
    raise AirflowTimetableInvalid(str(e))
airflow.exceptions.AirflowTimetableInvalid: Exactly 5 or 6 columns has to be specified for iterator expression.
[2026-09-17T17:53:51.570+0000] {processor.py:842} WARNING - No viable dags retrieved from /opt/airflow/dags/etl.py
[2026-09-17T17:53:51.593+0000] {processor.py:183} INFO - Processing /opt/airflow/dags/etl.py took 0.054 seconds
[2026-09-17T17:54:21.798+0000] {processor.py:161} INFO - Started process (PID=306) to work on /opt/airflow/dags/etl.py
[2026-09-17T17:54:21.802+0000] {processor.py:830} INFO - Processing file /opt/airflow/dags/etl.py for tasks to queue
[2026-09-17T17:54:21.805+0000] {logging_mixin.py:188} INFO - [2026-09-17T17:54:21.804+0000] {dagbag.py:545} INFO - Filling up the DagBag from /opt/airflow/dags/etl.py
[2026-09-17T17:54:21.819+0000] {logging_mixin.py:188} INFO - [2026-09-17T17:54:21.814+0000] {dagbag.py:452} ERROR - Failed to bag_dag: /opt/airflow/dags/etl.py
Traceback (most recent call last):
  File "/home/airflow/.local/lib/python3.11/site-packages/airflow/timetables/_cron.py", line 100, in validate
    croniter(self._expression)
  File "/home/airflow/.local/lib/python3.11/site-packages/croniter/croniter.py", line 187, in __init__
    self.expanded, self.nth_weekday_of_month = self.expand(expr_format, hash_id=hash_id)
                                               ^^^^^^^^^^^^^^^^^^^^^^^^^^^^^^^^^^^^^^^^^
  File "/home/airflow/.local/lib/python3.11/site-packages/croniter/croniter.py", line 821, in expand
    return cls._expand(expr_format, hash_id=hash_id)
           ^^^^^^^^^^^^^^^^^^^^^^^^^^^^^^^^^^^^^^^^^
  File "/home/airflow/.local/lib/python3.11/site-packages/croniter/croniter.py", line 659, in _expand
    raise CroniterBadCronError(cls.bad_length)
croniter.croniter.CroniterBadCronError: Exactly 5 or 6 columns has to be specified for iterator expression.

During handling of the above exception, another exception occurred:

Traceback (most recent call last):
  File "/home/airflow/.local/lib/python3.11/site-packages/airflow/models/dagbag.py", line 447, in _process_modules
    dag.validate()
  File "/home/airflow/.local/lib/python3.11/site-packages/airflow/models/dag.py", line 775, in validate
    self.timetable.validate()
  File "/home/airflow/.local/lib/python3.11/site-packages/airflow/timetables/_cron.py", line 102, in validate
    raise AirflowTimetableInvalid(str(e))
airflow.exceptions.AirflowTimetableInvalid: Exactly 5 or 6 columns has to be specified for iterator expression.
[2026-09-17T17:54:21.819+0000] {processor.py:842} WARNING - No viable dags retrieved from /opt/airflow/dags/etl.py
[2026-09-17T17:54:21.843+0000] {processor.py:183} INFO - Processing /opt/airflow/dags/etl.py took 0.055 seconds
[2026-09-17T17:54:52.068+0000] {processor.py:161} INFO - Started process (PID=307) to work on /opt/airflow/dags/etl.py
[2026-09-17T17:54:52.069+0000] {processor.py:830} INFO - Processing file /opt/airflow/dags/etl.py for tasks to queue
[2026-09-17T17:54:52.072+0000] {logging_mixin.py:188} INFO - [2026-09-17T17:54:52.072+0000] {dagbag.py:545} INFO - Filling up the DagBag from /opt/airflow/dags/etl.py
[2026-09-17T17:54:52.087+0000] {logging_mixin.py:188} INFO - [2026-09-17T17:54:52.082+0000] {dagbag.py:452} ERROR - Failed to bag_dag: /opt/airflow/dags/etl.py
Traceback (most recent call last):
  File "/home/airflow/.local/lib/python3.11/site-packages/airflow/timetables/_cron.py", line 100, in validate
    croniter(self._expression)
  File "/home/airflow/.local/lib/python3.11/site-packages/croniter/croniter.py", line 187, in __init__
    self.expanded, self.nth_weekday_of_month = self.expand(expr_format, hash_id=hash_id)
                                               ^^^^^^^^^^^^^^^^^^^^^^^^^^^^^^^^^^^^^^^^^
  File "/home/airflow/.local/lib/python3.11/site-packages/croniter/croniter.py", line 821, in expand
    return cls._expand(expr_format, hash_id=hash_id)
           ^^^^^^^^^^^^^^^^^^^^^^^^^^^^^^^^^^^^^^^^^
  File "/home/airflow/.local/lib/python3.11/site-packages/croniter/croniter.py", line 659, in _expand
    raise CroniterBadCronError(cls.bad_length)
croniter.croniter.CroniterBadCronError: Exactly 5 or 6 columns has to be specified for iterator expression.

During handling of the above exception, another exception occurred:

Traceback (most recent call last):
  File "/home/airflow/.local/lib/python3.11/site-packages/airflow/models/dagbag.py", line 447, in _process_modules
    dag.validate()
  File "/home/airflow/.local/lib/python3.11/site-packages/airflow/models/dag.py", line 775, in validate
    self.timetable.validate()
  File "/home/airflow/.local/lib/python3.11/site-packages/airflow/timetables/_cron.py", line 102, in validate
    raise AirflowTimetableInvalid(str(e))
airflow.exceptions.AirflowTimetableInvalid: Exactly 5 or 6 columns has to be specified for iterator expression.
[2026-09-17T17:54:52.088+0000] {processor.py:842} WARNING - No viable dags retrieved from /opt/airflow/dags/etl.py
[2026-09-17T17:54:52.113+0000] {processor.py:183} INFO - Processing /opt/airflow/dags/etl.py took 0.056 seconds
[2026-09-17T17:55:22.319+0000] {processor.py:161} INFO - Started process (PID=308) to work on /opt/airflow/dags/etl.py
[2026-09-17T17:55:22.322+0000] {processor.py:830} INFO - Processing file /opt/airflow/dags/etl.py for tasks to queue
[2026-09-17T17:55:22.326+0000] {logging_mixin.py:188} INFO - [2026-09-17T17:55:22.325+0000] {dagbag.py:545} INFO - Filling up the DagBag from /opt/airflow/dags/etl.py
[2026-09-17T17:55:22.341+0000] {logging_mixin.py:188} INFO - [2026-09-17T17:55:22.336+0000] {dagbag.py:452} ERROR - Failed to bag_dag: /opt/airflow/dags/etl.py
Traceback (most recent call last):
  File "/home/airflow/.local/lib/python3.11/site-packages/airflow/timetables/_cron.py", line 100, in validate
    croniter(self._expression)
  File "/home/airflow/.local/lib/python3.11/site-packages/croniter/croniter.py", line 187, in __init__
    self.expanded, self.nth_weekday_of_month = self.expand(expr_format, hash_id=hash_id)
                                               ^^^^^^^^^^^^^^^^^^^^^^^^^^^^^^^^^^^^^^^^^
  File "/home/airflow/.local/lib/python3.11/site-packages/croniter/croniter.py", line 821, in expand
    return cls._expand(expr_format, hash_id=hash_id)
           ^^^^^^^^^^^^^^^^^^^^^^^^^^^^^^^^^^^^^^^^^
  File "/home/airflow/.local/lib/python3.11/site-packages/croniter/croniter.py", line 659, in _expand
    raise CroniterBadCronError(cls.bad_length)
croniter.croniter.CroniterBadCronError: Exactly 5 or 6 columns has to be specified for iterator expression.

During handling of the above exception, another exception occurred:

Traceback (most recent call last):
  File "/home/airflow/.local/lib/python3.11/site-packages/airflow/models/dagbag.py", line 447, in _process_modules
    dag.validate()
  File "/home/airflow/.local/lib/python3.11/site-packages/airflow/models/dag.py", line 775, in validate
    self.timetable.validate()
  File "/home/airflow/.local/lib/python3.11/site-packages/airflow/timetables/_cron.py", line 102, in validate
    raise AirflowTimetableInvalid(str(e))
airflow.exceptions.AirflowTimetableInvalid: Exactly 5 or 6 columns has to be specified for iterator expression.
[2026-09-17T17:55:22.341+0000] {processor.py:842} WARNING - No viable dags retrieved from /opt/airflow/dags/etl.py
[2026-09-17T17:55:22.368+0000] {processor.py:183} INFO - Processing /opt/airflow/dags/etl.py took 0.059 seconds
[2026-09-17T17:55:52.526+0000] {processor.py:161} INFO - Started process (PID=309) to work on /opt/airflow/dags/etl.py
[2026-09-17T17:55:52.527+0000] {processor.py:830} INFO - Processing file /opt/airflow/dags/etl.py for tasks to queue
[2026-09-17T17:55:52.529+0000] {logging_mixin.py:188} INFO - [2026-09-17T17:55:52.528+0000] {dagbag.py:545} INFO - Filling up the DagBag from /opt/airflow/dags/etl.py
[2026-09-17T17:55:52.537+0000] {logging_mixin.py:188} INFO - [2026-09-17T17:55:52.534+0000] {dagbag.py:452} ERROR - Failed to bag_dag: /opt/airflow/dags/etl.py
Traceback (most recent call last):
  File "/home/airflow/.local/lib/python3.11/site-packages/airflow/timetables/_cron.py", line 100, in validate
    croniter(self._expression)
  File "/home/airflow/.local/lib/python3.11/site-packages/croniter/croniter.py", line 187, in __init__
    self.expanded, self.nth_weekday_of_month = self.expand(expr_format, hash_id=hash_id)
                                               ^^^^^^^^^^^^^^^^^^^^^^^^^^^^^^^^^^^^^^^^^
  File "/home/airflow/.local/lib/python3.11/site-packages/croniter/croniter.py", line 821, in expand
    return cls._expand(expr_format, hash_id=hash_id)
           ^^^^^^^^^^^^^^^^^^^^^^^^^^^^^^^^^^^^^^^^^
  File "/home/airflow/.local/lib/python3.11/site-packages/croniter/croniter.py", line 659, in _expand
    raise CroniterBadCronError(cls.bad_length)
croniter.croniter.CroniterBadCronError: Exactly 5 or 6 columns has to be specified for iterator expression.

During handling of the above exception, another exception occurred:

Traceback (most recent call last):
  File "/home/airflow/.local/lib/python3.11/site-packages/airflow/models/dagbag.py", line 447, in _process_modules
    dag.validate()
  File "/home/airflow/.local/lib/python3.11/site-packages/airflow/models/dag.py", line 775, in validate
    self.timetable.validate()
  File "/home/airflow/.local/lib/python3.11/site-packages/airflow/timetables/_cron.py", line 102, in validate
    raise AirflowTimetableInvalid(str(e))
airflow.exceptions.AirflowTimetableInvalid: Exactly 5 or 6 columns has to be specified for iterator expression.
[2026-09-17T17:55:52.537+0000] {processor.py:842} WARNING - No viable dags retrieved from /opt/airflow/dags/etl.py
[2026-09-17T17:55:52.550+0000] {processor.py:183} INFO - Processing /opt/airflow/dags/etl.py took 0.031 seconds
[2026-09-17T17:56:22.705+0000] {processor.py:161} INFO - Started process (PID=310) to work on /opt/airflow/dags/etl.py
[2026-09-17T17:56:22.708+0000] {processor.py:830} INFO - Processing file /opt/airflow/dags/etl.py for tasks to queue
[2026-09-17T17:56:22.712+0000] {logging_mixin.py:188} INFO - [2026-09-17T17:56:22.711+0000] {dagbag.py:545} INFO - Filling up the DagBag from /opt/airflow/dags/etl.py
[2026-09-17T17:56:22.726+0000] {logging_mixin.py:188} INFO - [2026-09-17T17:56:22.721+0000] {dagbag.py:452} ERROR - Failed to bag_dag: /opt/airflow/dags/etl.py
Traceback (most recent call last):
  File "/home/airflow/.local/lib/python3.11/site-packages/airflow/timetables/_cron.py", line 100, in validate
    croniter(self._expression)
  File "/home/airflow/.local/lib/python3.11/site-packages/croniter/croniter.py", line 187, in __init__
    self.expanded, self.nth_weekday_of_month = self.expand(expr_format, hash_id=hash_id)
                                               ^^^^^^^^^^^^^^^^^^^^^^^^^^^^^^^^^^^^^^^^^
  File "/home/airflow/.local/lib/python3.11/site-packages/croniter/croniter.py", line 821, in expand
    return cls._expand(expr_format, hash_id=hash_id)
           ^^^^^^^^^^^^^^^^^^^^^^^^^^^^^^^^^^^^^^^^^
  File "/home/airflow/.local/lib/python3.11/site-packages/croniter/croniter.py", line 659, in _expand
    raise CroniterBadCronError(cls.bad_length)
croniter.croniter.CroniterBadCronError: Exactly 5 or 6 columns has to be specified for iterator expression.

During handling of the above exception, another exception occurred:

Traceback (most recent call last):
  File "/home/airflow/.local/lib/python3.11/site-packages/airflow/models/dagbag.py", line 447, in _process_modules
    dag.validate()
  File "/home/airflow/.local/lib/python3.11/site-packages/airflow/models/dag.py", line 775, in validate
    self.timetable.validate()
  File "/home/airflow/.local/lib/python3.11/site-packages/airflow/timetables/_cron.py", line 102, in validate
    raise AirflowTimetableInvalid(str(e))
airflow.exceptions.AirflowTimetableInvalid: Exactly 5 or 6 columns has to be specified for iterator expression.
[2026-09-17T17:56:22.726+0000] {processor.py:842} WARNING - No viable dags retrieved from /opt/airflow/dags/etl.py
[2026-09-17T17:56:22.749+0000] {processor.py:183} INFO - Processing /opt/airflow/dags/etl.py took 0.053 seconds
[2026-09-17T17:56:52.901+0000] {processor.py:161} INFO - Started process (PID=311) to work on /opt/airflow/dags/etl.py
[2026-09-17T17:56:52.902+0000] {processor.py:830} INFO - Processing file /opt/airflow/dags/etl.py for tasks to queue
[2026-09-17T17:56:52.903+0000] {logging_mixin.py:188} INFO - [2026-09-17T17:56:52.903+0000] {dagbag.py:545} INFO - Filling up the DagBag from /opt/airflow/dags/etl.py
[2026-09-17T17:56:52.913+0000] {logging_mixin.py:188} INFO - [2026-09-17T17:56:52.909+0000] {dagbag.py:452} ERROR - Failed to bag_dag: /opt/airflow/dags/etl.py
Traceback (most recent call last):
  File "/home/airflow/.local/lib/python3.11/site-packages/airflow/timetables/_cron.py", line 100, in validate
    croniter(self._expression)
  File "/home/airflow/.local/lib/python3.11/site-packages/croniter/croniter.py", line 187, in __init__
    self.expanded, self.nth_weekday_of_month = self.expand(expr_format, hash_id=hash_id)
                                               ^^^^^^^^^^^^^^^^^^^^^^^^^^^^^^^^^^^^^^^^^
  File "/home/airflow/.local/lib/python3.11/site-packages/croniter/croniter.py", line 821, in expand
    return cls._expand(expr_format, hash_id=hash_id)
           ^^^^^^^^^^^^^^^^^^^^^^^^^^^^^^^^^^^^^^^^^
  File "/home/airflow/.local/lib/python3.11/site-packages/croniter/croniter.py", line 659, in _expand
    raise CroniterBadCronError(cls.bad_length)
croniter.croniter.CroniterBadCronError: Exactly 5 or 6 columns has to be specified for iterator expression.

During handling of the above exception, another exception occurred:

Traceback (most recent call last):
  File "/home/airflow/.local/lib/python3.11/site-packages/airflow/models/dagbag.py", line 447, in _process_modules
    dag.validate()
  File "/home/airflow/.local/lib/python3.11/site-packages/airflow/models/dag.py", line 775, in validate
    self.timetable.validate()
  File "/home/airflow/.local/lib/python3.11/site-packages/airflow/timetables/_cron.py", line 102, in validate
    raise AirflowTimetableInvalid(str(e))
airflow.exceptions.AirflowTimetableInvalid: Exactly 5 or 6 columns has to be specified for iterator expression.
[2026-09-17T17:56:52.913+0000] {processor.py:842} WARNING - No viable dags retrieved from /opt/airflow/dags/etl.py
[2026-09-17T17:56:52.936+0000] {processor.py:183} INFO - Processing /opt/airflow/dags/etl.py took 0.042 seconds
[2026-09-17T17:57:23.122+0000] {processor.py:161} INFO - Started process (PID=312) to work on /opt/airflow/dags/etl.py
[2026-09-17T17:57:23.126+0000] {processor.py:830} INFO - Processing file /opt/airflow/dags/etl.py for tasks to queue
[2026-09-17T17:57:23.129+0000] {logging_mixin.py:188} INFO - [2026-09-17T17:57:23.128+0000] {dagbag.py:545} INFO - Filling up the DagBag from /opt/airflow/dags/etl.py
[2026-09-17T17:57:23.144+0000] {logging_mixin.py:188} INFO - [2026-09-17T17:57:23.139+0000] {dagbag.py:452} ERROR - Failed to bag_dag: /opt/airflow/dags/etl.py
Traceback (most recent call last):
  File "/home/airflow/.local/lib/python3.11/site-packages/airflow/timetables/_cron.py", line 100, in validate
    croniter(self._expression)
  File "/home/airflow/.local/lib/python3.11/site-packages/croniter/croniter.py", line 187, in __init__
    self.expanded, self.nth_weekday_of_month = self.expand(expr_format, hash_id=hash_id)
                                               ^^^^^^^^^^^^^^^^^^^^^^^^^^^^^^^^^^^^^^^^^
  File "/home/airflow/.local/lib/python3.11/site-packages/croniter/croniter.py", line 821, in expand
    return cls._expand(expr_format, hash_id=hash_id)
           ^^^^^^^^^^^^^^^^^^^^^^^^^^^^^^^^^^^^^^^^^
  File "/home/airflow/.local/lib/python3.11/site-packages/croniter/croniter.py", line 659, in _expand
    raise CroniterBadCronError(cls.bad_length)
croniter.croniter.CroniterBadCronError: Exactly 5 or 6 columns has to be specified for iterator expression.

During handling of the above exception, another exception occurred:

Traceback (most recent call last):
  File "/home/airflow/.local/lib/python3.11/site-packages/airflow/models/dagbag.py", line 447, in _process_modules
    dag.validate()
  File "/home/airflow/.local/lib/python3.11/site-packages/airflow/models/dag.py", line 775, in validate
    self.timetable.validate()
  File "/home/airflow/.local/lib/python3.11/site-packages/airflow/timetables/_cron.py", line 102, in validate
    raise AirflowTimetableInvalid(str(e))
airflow.exceptions.AirflowTimetableInvalid: Exactly 5 or 6 columns has to be specified for iterator expression.
[2026-09-17T17:57:23.144+0000] {processor.py:842} WARNING - No viable dags retrieved from /opt/airflow/dags/etl.py
[2026-09-17T17:57:23.168+0000] {processor.py:183} INFO - Processing /opt/airflow/dags/etl.py took 0.056 seconds
[2026-09-17T17:57:53.348+0000] {processor.py:161} INFO - Started process (PID=313) to work on /opt/airflow/dags/etl.py
[2026-09-17T17:57:53.350+0000] {processor.py:830} INFO - Processing file /opt/airflow/dags/etl.py for tasks to queue
[2026-09-17T17:57:53.353+0000] {logging_mixin.py:188} INFO - [2026-09-17T17:57:53.353+0000] {dagbag.py:545} INFO - Filling up the DagBag from /opt/airflow/dags/etl.py
[2026-09-17T17:57:53.369+0000] {logging_mixin.py:188} INFO - [2026-09-17T17:57:53.363+0000] {dagbag.py:452} ERROR - Failed to bag_dag: /opt/airflow/dags/etl.py
Traceback (most recent call last):
  File "/home/airflow/.local/lib/python3.11/site-packages/airflow/timetables/_cron.py", line 100, in validate
    croniter(self._expression)
  File "/home/airflow/.local/lib/python3.11/site-packages/croniter/croniter.py", line 187, in __init__
    self.expanded, self.nth_weekday_of_month = self.expand(expr_format, hash_id=hash_id)
                                               ^^^^^^^^^^^^^^^^^^^^^^^^^^^^^^^^^^^^^^^^^
  File "/home/airflow/.local/lib/python3.11/site-packages/croniter/croniter.py", line 821, in expand
    return cls._expand(expr_format, hash_id=hash_id)
           ^^^^^^^^^^^^^^^^^^^^^^^^^^^^^^^^^^^^^^^^^
  File "/home/airflow/.local/lib/python3.11/site-packages/croniter/croniter.py", line 659, in _expand
    raise CroniterBadCronError(cls.bad_length)
croniter.croniter.CroniterBadCronError: Exactly 5 or 6 columns has to be specified for iterator expression.

During handling of the above exception, another exception occurred:

Traceback (most recent call last):
  File "/home/airflow/.local/lib/python3.11/site-packages/airflow/models/dagbag.py", line 447, in _process_modules
    dag.validate()
  File "/home/airflow/.local/lib/python3.11/site-packages/airflow/models/dag.py", line 775, in validate
    self.timetable.validate()
  File "/home/airflow/.local/lib/python3.11/site-packages/airflow/timetables/_cron.py", line 102, in validate
    raise AirflowTimetableInvalid(str(e))
airflow.exceptions.AirflowTimetableInvalid: Exactly 5 or 6 columns has to be specified for iterator expression.
[2026-09-17T17:57:53.369+0000] {processor.py:842} WARNING - No viable dags retrieved from /opt/airflow/dags/etl.py
[2026-09-17T17:57:53.393+0000] {processor.py:183} INFO - Processing /opt/airflow/dags/etl.py took 0.055 seconds
[2026-09-17T17:58:23.592+0000] {processor.py:161} INFO - Started process (PID=314) to work on /opt/airflow/dags/etl.py
[2026-09-17T17:58:23.596+0000] {processor.py:830} INFO - Processing file /opt/airflow/dags/etl.py for tasks to queue
[2026-09-17T17:58:23.598+0000] {logging_mixin.py:188} INFO - [2026-09-17T17:58:23.598+0000] {dagbag.py:545} INFO - Filling up the DagBag from /opt/airflow/dags/etl.py
[2026-09-17T17:58:23.612+0000] {logging_mixin.py:188} INFO - [2026-09-17T17:58:23.608+0000] {dagbag.py:452} ERROR - Failed to bag_dag: /opt/airflow/dags/etl.py
Traceback (most recent call last):
  File "/home/airflow/.local/lib/python3.11/site-packages/airflow/timetables/_cron.py", line 100, in validate
    croniter(self._expression)
  File "/home/airflow/.local/lib/python3.11/site-packages/croniter/croniter.py", line 187, in __init__
    self.expanded, self.nth_weekday_of_month = self.expand(expr_format, hash_id=hash_id)
                                               ^^^^^^^^^^^^^^^^^^^^^^^^^^^^^^^^^^^^^^^^^
  File "/home/airflow/.local/lib/python3.11/site-packages/croniter/croniter.py", line 821, in expand
    return cls._expand(expr_format, hash_id=hash_id)
           ^^^^^^^^^^^^^^^^^^^^^^^^^^^^^^^^^^^^^^^^^
  File "/home/airflow/.local/lib/python3.11/site-packages/croniter/croniter.py", line 659, in _expand
    raise CroniterBadCronError(cls.bad_length)
croniter.croniter.CroniterBadCronError: Exactly 5 or 6 columns has to be specified for iterator expression.

During handling of the above exception, another exception occurred:

Traceback (most recent call last):
  File "/home/airflow/.local/lib/python3.11/site-packages/airflow/models/dagbag.py", line 447, in _process_modules
    dag.validate()
  File "/home/airflow/.local/lib/python3.11/site-packages/airflow/models/dag.py", line 775, in validate
    self.timetable.validate()
  File "/home/airflow/.local/lib/python3.11/site-packages/airflow/timetables/_cron.py", line 102, in validate
    raise AirflowTimetableInvalid(str(e))
airflow.exceptions.AirflowTimetableInvalid: Exactly 5 or 6 columns has to be specified for iterator expression.
[2026-09-17T17:58:23.613+0000] {processor.py:842} WARNING - No viable dags retrieved from /opt/airflow/dags/etl.py
[2026-09-17T17:58:23.635+0000] {processor.py:183} INFO - Processing /opt/airflow/dags/etl.py took 0.052 seconds
[2026-09-17T17:58:53.812+0000] {processor.py:161} INFO - Started process (PID=315) to work on /opt/airflow/dags/etl.py
[2026-09-17T17:58:53.814+0000] {processor.py:830} INFO - Processing file /opt/airflow/dags/etl.py for tasks to queue
[2026-09-17T17:58:53.817+0000] {logging_mixin.py:188} INFO - [2026-09-17T17:58:53.816+0000] {dagbag.py:545} INFO - Filling up the DagBag from /opt/airflow/dags/etl.py
[2026-09-17T17:58:53.832+0000] {logging_mixin.py:188} INFO - [2026-09-17T17:58:53.828+0000] {dagbag.py:452} ERROR - Failed to bag_dag: /opt/airflow/dags/etl.py
Traceback (most recent call last):
  File "/home/airflow/.local/lib/python3.11/site-packages/airflow/timetables/_cron.py", line 100, in validate
    croniter(self._expression)
  File "/home/airflow/.local/lib/python3.11/site-packages/croniter/croniter.py", line 187, in __init__
    self.expanded, self.nth_weekday_of_month = self.expand(expr_format, hash_id=hash_id)
                                               ^^^^^^^^^^^^^^^^^^^^^^^^^^^^^^^^^^^^^^^^^
  File "/home/airflow/.local/lib/python3.11/site-packages/croniter/croniter.py", line 821, in expand
    return cls._expand(expr_format, hash_id=hash_id)
           ^^^^^^^^^^^^^^^^^^^^^^^^^^^^^^^^^^^^^^^^^
  File "/home/airflow/.local/lib/python3.11/site-packages/croniter/croniter.py", line 659, in _expand
    raise CroniterBadCronError(cls.bad_length)
croniter.croniter.CroniterBadCronError: Exactly 5 or 6 columns has to be specified for iterator expression.

During handling of the above exception, another exception occurred:

Traceback (most recent call last):
  File "/home/airflow/.local/lib/python3.11/site-packages/airflow/models/dagbag.py", line 447, in _process_modules
    dag.validate()
  File "/home/airflow/.local/lib/python3.11/site-packages/airflow/models/dag.py", line 775, in validate
    self.timetable.validate()
  File "/home/airflow/.local/lib/python3.11/site-packages/airflow/timetables/_cron.py", line 102, in validate
    raise AirflowTimetableInvalid(str(e))
airflow.exceptions.AirflowTimetableInvalid: Exactly 5 or 6 columns has to be specified for iterator expression.
[2026-09-17T17:58:53.833+0000] {processor.py:842} WARNING - No viable dags retrieved from /opt/airflow/dags/etl.py
[2026-09-17T17:58:53.857+0000] {processor.py:183} INFO - Processing /opt/airflow/dags/etl.py took 0.053 seconds
[2026-09-17T17:59:24.052+0000] {processor.py:161} INFO - Started process (PID=316) to work on /opt/airflow/dags/etl.py
[2026-09-17T17:59:24.055+0000] {processor.py:830} INFO - Processing file /opt/airflow/dags/etl.py for tasks to queue
[2026-09-17T17:59:24.058+0000] {logging_mixin.py:188} INFO - [2026-09-17T17:59:24.057+0000] {dagbag.py:545} INFO - Filling up the DagBag from /opt/airflow/dags/etl.py
[2026-09-17T17:59:24.072+0000] {logging_mixin.py:188} INFO - [2026-09-17T17:59:24.067+0000] {dagbag.py:452} ERROR - Failed to bag_dag: /opt/airflow/dags/etl.py
Traceback (most recent call last):
  File "/home/airflow/.local/lib/python3.11/site-packages/airflow/timetables/_cron.py", line 100, in validate
    croniter(self._expression)
  File "/home/airflow/.local/lib/python3.11/site-packages/croniter/croniter.py", line 187, in __init__
    self.expanded, self.nth_weekday_of_month = self.expand(expr_format, hash_id=hash_id)
                                               ^^^^^^^^^^^^^^^^^^^^^^^^^^^^^^^^^^^^^^^^^
  File "/home/airflow/.local/lib/python3.11/site-packages/croniter/croniter.py", line 821, in expand
    return cls._expand(expr_format, hash_id=hash_id)
           ^^^^^^^^^^^^^^^^^^^^^^^^^^^^^^^^^^^^^^^^^
  File "/home/airflow/.local/lib/python3.11/site-packages/croniter/croniter.py", line 659, in _expand
    raise CroniterBadCronError(cls.bad_length)
croniter.croniter.CroniterBadCronError: Exactly 5 or 6 columns has to be specified for iterator expression.

During handling of the above exception, another exception occurred:

Traceback (most recent call last):
  File "/home/airflow/.local/lib/python3.11/site-packages/airflow/models/dagbag.py", line 447, in _process_modules
    dag.validate()
  File "/home/airflow/.local/lib/python3.11/site-packages/airflow/models/dag.py", line 775, in validate
    self.timetable.validate()
  File "/home/airflow/.local/lib/python3.11/site-packages/airflow/timetables/_cron.py", line 102, in validate
    raise AirflowTimetableInvalid(str(e))
airflow.exceptions.AirflowTimetableInvalid: Exactly 5 or 6 columns has to be specified for iterator expression.
[2026-09-17T17:59:24.073+0000] {processor.py:842} WARNING - No viable dags retrieved from /opt/airflow/dags/etl.py
[2026-09-17T17:59:24.096+0000] {processor.py:183} INFO - Processing /opt/airflow/dags/etl.py took 0.056 seconds
[2026-09-17T17:59:54.301+0000] {processor.py:161} INFO - Started process (PID=317) to work on /opt/airflow/dags/etl.py
[2026-09-17T17:59:54.302+0000] {processor.py:830} INFO - Processing file /opt/airflow/dags/etl.py for tasks to queue
[2026-09-17T17:59:54.305+0000] {logging_mixin.py:188} INFO - [2026-09-17T17:59:54.305+0000] {dagbag.py:545} INFO - Filling up the DagBag from /opt/airflow/dags/etl.py
[2026-09-17T17:59:54.320+0000] {logging_mixin.py:188} INFO - [2026-09-17T17:59:54.315+0000] {dagbag.py:452} ERROR - Failed to bag_dag: /opt/airflow/dags/etl.py
Traceback (most recent call last):
  File "/home/airflow/.local/lib/python3.11/site-packages/airflow/timetables/_cron.py", line 100, in validate
    croniter(self._expression)
  File "/home/airflow/.local/lib/python3.11/site-packages/croniter/croniter.py", line 187, in __init__
    self.expanded, self.nth_weekday_of_month = self.expand(expr_format, hash_id=hash_id)
                                               ^^^^^^^^^^^^^^^^^^^^^^^^^^^^^^^^^^^^^^^^^
  File "/home/airflow/.local/lib/python3.11/site-packages/croniter/croniter.py", line 821, in expand
    return cls._expand(expr_format, hash_id=hash_id)
           ^^^^^^^^^^^^^^^^^^^^^^^^^^^^^^^^^^^^^^^^^
  File "/home/airflow/.local/lib/python3.11/site-packages/croniter/croniter.py", line 659, in _expand
    raise CroniterBadCronError(cls.bad_length)
croniter.croniter.CroniterBadCronError: Exactly 5 or 6 columns has to be specified for iterator expression.

During handling of the above exception, another exception occurred:

Traceback (most recent call last):
  File "/home/airflow/.local/lib/python3.11/site-packages/airflow/models/dagbag.py", line 447, in _process_modules
    dag.validate()
  File "/home/airflow/.local/lib/python3.11/site-packages/airflow/models/dag.py", line 775, in validate
    self.timetable.validate()
  File "/home/airflow/.local/lib/python3.11/site-packages/airflow/timetables/_cron.py", line 102, in validate
    raise AirflowTimetableInvalid(str(e))
airflow.exceptions.AirflowTimetableInvalid: Exactly 5 or 6 columns has to be specified for iterator expression.
[2026-09-17T17:59:54.320+0000] {processor.py:842} WARNING - No viable dags retrieved from /opt/airflow/dags/etl.py
[2026-09-17T17:59:54.344+0000] {processor.py:183} INFO - Processing /opt/airflow/dags/etl.py took 0.052 seconds
[2026-09-17T18:00:24.546+0000] {processor.py:161} INFO - Started process (PID=318) to work on /opt/airflow/dags/etl.py
[2026-09-17T18:00:24.549+0000] {processor.py:830} INFO - Processing file /opt/airflow/dags/etl.py for tasks to queue
[2026-09-17T18:00:24.552+0000] {logging_mixin.py:188} INFO - [2026-09-17T18:00:24.551+0000] {dagbag.py:545} INFO - Filling up the DagBag from /opt/airflow/dags/etl.py
[2026-09-17T18:00:24.566+0000] {logging_mixin.py:188} INFO - [2026-09-17T18:00:24.562+0000] {dagbag.py:452} ERROR - Failed to bag_dag: /opt/airflow/dags/etl.py
Traceback (most recent call last):
  File "/home/airflow/.local/lib/python3.11/site-packages/airflow/timetables/_cron.py", line 100, in validate
    croniter(self._expression)
  File "/home/airflow/.local/lib/python3.11/site-packages/croniter/croniter.py", line 187, in __init__
    self.expanded, self.nth_weekday_of_month = self.expand(expr_format, hash_id=hash_id)
                                               ^^^^^^^^^^^^^^^^^^^^^^^^^^^^^^^^^^^^^^^^^
  File "/home/airflow/.local/lib/python3.11/site-packages/croniter/croniter.py", line 821, in expand
    return cls._expand(expr_format, hash_id=hash_id)
           ^^^^^^^^^^^^^^^^^^^^^^^^^^^^^^^^^^^^^^^^^
  File "/home/airflow/.local/lib/python3.11/site-packages/croniter/croniter.py", line 659, in _expand
    raise CroniterBadCronError(cls.bad_length)
croniter.croniter.CroniterBadCronError: Exactly 5 or 6 columns has to be specified for iterator expression.

During handling of the above exception, another exception occurred:

Traceback (most recent call last):
  File "/home/airflow/.local/lib/python3.11/site-packages/airflow/models/dagbag.py", line 447, in _process_modules
    dag.validate()
  File "/home/airflow/.local/lib/python3.11/site-packages/airflow/models/dag.py", line 775, in validate
    self.timetable.validate()
  File "/home/airflow/.local/lib/python3.11/site-packages/airflow/timetables/_cron.py", line 102, in validate
    raise AirflowTimetableInvalid(str(e))
airflow.exceptions.AirflowTimetableInvalid: Exactly 5 or 6 columns has to be specified for iterator expression.
[2026-09-17T18:00:24.567+0000] {processor.py:842} WARNING - No viable dags retrieved from /opt/airflow/dags/etl.py
[2026-09-17T18:00:24.590+0000] {processor.py:183} INFO - Processing /opt/airflow/dags/etl.py took 0.055 seconds
[2026-09-17T18:00:54.791+0000] {processor.py:161} INFO - Started process (PID=319) to work on /opt/airflow/dags/etl.py
[2026-09-17T18:00:54.793+0000] {processor.py:830} INFO - Processing file /opt/airflow/dags/etl.py for tasks to queue
[2026-09-17T18:00:54.796+0000] {logging_mixin.py:188} INFO - [2026-09-17T18:00:54.795+0000] {dagbag.py:545} INFO - Filling up the DagBag from /opt/airflow/dags/etl.py
[2026-09-17T18:00:54.812+0000] {logging_mixin.py:188} INFO - [2026-09-17T18:00:54.807+0000] {dagbag.py:452} ERROR - Failed to bag_dag: /opt/airflow/dags/etl.py
Traceback (most recent call last):
  File "/home/airflow/.local/lib/python3.11/site-packages/airflow/timetables/_cron.py", line 100, in validate
    croniter(self._expression)
  File "/home/airflow/.local/lib/python3.11/site-packages/croniter/croniter.py", line 187, in __init__
    self.expanded, self.nth_weekday_of_month = self.expand(expr_format, hash_id=hash_id)
                                               ^^^^^^^^^^^^^^^^^^^^^^^^^^^^^^^^^^^^^^^^^
  File "/home/airflow/.local/lib/python3.11/site-packages/croniter/croniter.py", line 821, in expand
    return cls._expand(expr_format, hash_id=hash_id)
           ^^^^^^^^^^^^^^^^^^^^^^^^^^^^^^^^^^^^^^^^^
  File "/home/airflow/.local/lib/python3.11/site-packages/croniter/croniter.py", line 659, in _expand
    raise CroniterBadCronError(cls.bad_length)
croniter.croniter.CroniterBadCronError: Exactly 5 or 6 columns has to be specified for iterator expression.

During handling of the above exception, another exception occurred:

Traceback (most recent call last):
  File "/home/airflow/.local/lib/python3.11/site-packages/airflow/models/dagbag.py", line 447, in _process_modules
    dag.validate()
  File "/home/airflow/.local/lib/python3.11/site-packages/airflow/models/dag.py", line 775, in validate
    self.timetable.validate()
  File "/home/airflow/.local/lib/python3.11/site-packages/airflow/timetables/_cron.py", line 102, in validate
    raise AirflowTimetableInvalid(str(e))
airflow.exceptions.AirflowTimetableInvalid: Exactly 5 or 6 columns has to be specified for iterator expression.
[2026-09-17T18:00:54.812+0000] {processor.py:842} WARNING - No viable dags retrieved from /opt/airflow/dags/etl.py
[2026-09-17T18:00:54.836+0000] {processor.py:183} INFO - Processing /opt/airflow/dags/etl.py took 0.054 seconds
[2026-09-17T18:01:25.044+0000] {processor.py:161} INFO - Started process (PID=320) to work on /opt/airflow/dags/etl.py
[2026-09-17T18:01:25.047+0000] {processor.py:830} INFO - Processing file /opt/airflow/dags/etl.py for tasks to queue
[2026-09-17T18:01:25.049+0000] {logging_mixin.py:188} INFO - [2026-09-17T18:01:25.048+0000] {dagbag.py:545} INFO - Filling up the DagBag from /opt/airflow/dags/etl.py
[2026-09-17T18:01:25.064+0000] {logging_mixin.py:188} INFO - [2026-09-17T18:01:25.060+0000] {dagbag.py:452} ERROR - Failed to bag_dag: /opt/airflow/dags/etl.py
Traceback (most recent call last):
  File "/home/airflow/.local/lib/python3.11/site-packages/airflow/timetables/_cron.py", line 100, in validate
    croniter(self._expression)
  File "/home/airflow/.local/lib/python3.11/site-packages/croniter/croniter.py", line 187, in __init__
    self.expanded, self.nth_weekday_of_month = self.expand(expr_format, hash_id=hash_id)
                                               ^^^^^^^^^^^^^^^^^^^^^^^^^^^^^^^^^^^^^^^^^
  File "/home/airflow/.local/lib/python3.11/site-packages/croniter/croniter.py", line 821, in expand
    return cls._expand(expr_format, hash_id=hash_id)
           ^^^^^^^^^^^^^^^^^^^^^^^^^^^^^^^^^^^^^^^^^
  File "/home/airflow/.local/lib/python3.11/site-packages/croniter/croniter.py", line 659, in _expand
    raise CroniterBadCronError(cls.bad_length)
croniter.croniter.CroniterBadCronError: Exactly 5 or 6 columns has to be specified for iterator expression.

During handling of the above exception, another exception occurred:

Traceback (most recent call last):
  File "/home/airflow/.local/lib/python3.11/site-packages/airflow/models/dagbag.py", line 447, in _process_modules
    dag.validate()
  File "/home/airflow/.local/lib/python3.11/site-packages/airflow/models/dag.py", line 775, in validate
    self.timetable.validate()
  File "/home/airflow/.local/lib/python3.11/site-packages/airflow/timetables/_cron.py", line 102, in validate
    raise AirflowTimetableInvalid(str(e))
airflow.exceptions.AirflowTimetableInvalid: Exactly 5 or 6 columns has to be specified for iterator expression.
[2026-09-17T18:01:25.065+0000] {processor.py:842} WARNING - No viable dags retrieved from /opt/airflow/dags/etl.py
[2026-09-17T18:01:25.086+0000] {processor.py:183} INFO - Processing /opt/airflow/dags/etl.py took 0.053 seconds
[2026-09-17T18:01:55.290+0000] {processor.py:161} INFO - Started process (PID=321) to work on /opt/airflow/dags/etl.py
[2026-09-17T18:01:55.291+0000] {processor.py:830} INFO - Processing file /opt/airflow/dags/etl.py for tasks to queue
[2026-09-17T18:01:55.294+0000] {logging_mixin.py:188} INFO - [2026-09-17T18:01:55.293+0000] {dagbag.py:545} INFO - Filling up the DagBag from /opt/airflow/dags/etl.py
[2026-09-17T18:01:55.309+0000] {logging_mixin.py:188} INFO - [2026-09-17T18:01:55.304+0000] {dagbag.py:452} ERROR - Failed to bag_dag: /opt/airflow/dags/etl.py
Traceback (most recent call last):
  File "/home/airflow/.local/lib/python3.11/site-packages/airflow/timetables/_cron.py", line 100, in validate
    croniter(self._expression)
  File "/home/airflow/.local/lib/python3.11/site-packages/croniter/croniter.py", line 187, in __init__
    self.expanded, self.nth_weekday_of_month = self.expand(expr_format, hash_id=hash_id)
                                               ^^^^^^^^^^^^^^^^^^^^^^^^^^^^^^^^^^^^^^^^^
  File "/home/airflow/.local/lib/python3.11/site-packages/croniter/croniter.py", line 821, in expand
    return cls._expand(expr_format, hash_id=hash_id)
           ^^^^^^^^^^^^^^^^^^^^^^^^^^^^^^^^^^^^^^^^^
  File "/home/airflow/.local/lib/python3.11/site-packages/croniter/croniter.py", line 659, in _expand
    raise CroniterBadCronError(cls.bad_length)
croniter.croniter.CroniterBadCronError: Exactly 5 or 6 columns has to be specified for iterator expression.

During handling of the above exception, another exception occurred:

Traceback (most recent call last):
  File "/home/airflow/.local/lib/python3.11/site-packages/airflow/models/dagbag.py", line 447, in _process_modules
    dag.validate()
  File "/home/airflow/.local/lib/python3.11/site-packages/airflow/models/dag.py", line 775, in validate
    self.timetable.validate()
  File "/home/airflow/.local/lib/python3.11/site-packages/airflow/timetables/_cron.py", line 102, in validate
    raise AirflowTimetableInvalid(str(e))
airflow.exceptions.AirflowTimetableInvalid: Exactly 5 or 6 columns has to be specified for iterator expression.
[2026-09-17T18:01:55.309+0000] {processor.py:842} WARNING - No viable dags retrieved from /opt/airflow/dags/etl.py
[2026-09-17T18:01:55.333+0000] {processor.py:183} INFO - Processing /opt/airflow/dags/etl.py took 0.054 seconds
[2026-09-17T18:02:25.438+0000] {processor.py:161} INFO - Started process (PID=322) to work on /opt/airflow/dags/etl.py
[2026-09-17T18:02:25.441+0000] {processor.py:830} INFO - Processing file /opt/airflow/dags/etl.py for tasks to queue
[2026-09-17T18:02:25.443+0000] {logging_mixin.py:188} INFO - [2026-09-17T18:02:25.443+0000] {dagbag.py:545} INFO - Filling up the DagBag from /opt/airflow/dags/etl.py
[2026-09-17T18:02:25.458+0000] {logging_mixin.py:188} INFO - [2026-09-17T18:02:25.453+0000] {dagbag.py:452} ERROR - Failed to bag_dag: /opt/airflow/dags/etl.py
Traceback (most recent call last):
  File "/home/airflow/.local/lib/python3.11/site-packages/airflow/timetables/_cron.py", line 100, in validate
    croniter(self._expression)
  File "/home/airflow/.local/lib/python3.11/site-packages/croniter/croniter.py", line 187, in __init__
    self.expanded, self.nth_weekday_of_month = self.expand(expr_format, hash_id=hash_id)
                                               ^^^^^^^^^^^^^^^^^^^^^^^^^^^^^^^^^^^^^^^^^
  File "/home/airflow/.local/lib/python3.11/site-packages/croniter/croniter.py", line 821, in expand
    return cls._expand(expr_format, hash_id=hash_id)
           ^^^^^^^^^^^^^^^^^^^^^^^^^^^^^^^^^^^^^^^^^
  File "/home/airflow/.local/lib/python3.11/site-packages/croniter/croniter.py", line 659, in _expand
    raise CroniterBadCronError(cls.bad_length)
croniter.croniter.CroniterBadCronError: Exactly 5 or 6 columns has to be specified for iterator expression.

During handling of the above exception, another exception occurred:

Traceback (most recent call last):
  File "/home/airflow/.local/lib/python3.11/site-packages/airflow/models/dagbag.py", line 447, in _process_modules
    dag.validate()
  File "/home/airflow/.local/lib/python3.11/site-packages/airflow/models/dag.py", line 775, in validate
    self.timetable.validate()
  File "/home/airflow/.local/lib/python3.11/site-packages/airflow/timetables/_cron.py", line 102, in validate
    raise AirflowTimetableInvalid(str(e))
airflow.exceptions.AirflowTimetableInvalid: Exactly 5 or 6 columns has to be specified for iterator expression.
[2026-09-17T18:02:25.459+0000] {processor.py:842} WARNING - No viable dags retrieved from /opt/airflow/dags/etl.py
[2026-09-17T18:02:25.486+0000] {processor.py:183} INFO - Processing /opt/airflow/dags/etl.py took 0.060 seconds
[2026-09-17T18:02:55.670+0000] {processor.py:161} INFO - Started process (PID=323) to work on /opt/airflow/dags/etl.py
[2026-09-17T18:02:55.671+0000] {processor.py:830} INFO - Processing file /opt/airflow/dags/etl.py for tasks to queue
[2026-09-17T18:02:55.673+0000] {logging_mixin.py:188} INFO - [2026-09-17T18:02:55.673+0000] {dagbag.py:545} INFO - Filling up the DagBag from /opt/airflow/dags/etl.py
[2026-09-17T18:02:55.688+0000] {logging_mixin.py:188} INFO - [2026-09-17T18:02:55.682+0000] {dagbag.py:452} ERROR - Failed to bag_dag: /opt/airflow/dags/etl.py
Traceback (most recent call last):
  File "/home/airflow/.local/lib/python3.11/site-packages/airflow/timetables/_cron.py", line 100, in validate
    croniter(self._expression)
  File "/home/airflow/.local/lib/python3.11/site-packages/croniter/croniter.py", line 187, in __init__
    self.expanded, self.nth_weekday_of_month = self.expand(expr_format, hash_id=hash_id)
                                               ^^^^^^^^^^^^^^^^^^^^^^^^^^^^^^^^^^^^^^^^^
  File "/home/airflow/.local/lib/python3.11/site-packages/croniter/croniter.py", line 821, in expand
    return cls._expand(expr_format, hash_id=hash_id)
           ^^^^^^^^^^^^^^^^^^^^^^^^^^^^^^^^^^^^^^^^^
  File "/home/airflow/.local/lib/python3.11/site-packages/croniter/croniter.py", line 659, in _expand
    raise CroniterBadCronError(cls.bad_length)
croniter.croniter.CroniterBadCronError: Exactly 5 or 6 columns has to be specified for iterator expression.

During handling of the above exception, another exception occurred:

Traceback (most recent call last):
  File "/home/airflow/.local/lib/python3.11/site-packages/airflow/models/dagbag.py", line 447, in _process_modules
    dag.validate()
  File "/home/airflow/.local/lib/python3.11/site-packages/airflow/models/dag.py", line 775, in validate
    self.timetable.validate()
  File "/home/airflow/.local/lib/python3.11/site-packages/airflow/timetables/_cron.py", line 102, in validate
    raise AirflowTimetableInvalid(str(e))
airflow.exceptions.AirflowTimetableInvalid: Exactly 5 or 6 columns has to be specified for iterator expression.
[2026-09-17T18:02:55.689+0000] {processor.py:842} WARNING - No viable dags retrieved from /opt/airflow/dags/etl.py
[2026-09-17T18:02:55.711+0000] {processor.py:183} INFO - Processing /opt/airflow/dags/etl.py took 0.050 seconds
[2026-09-17T18:03:25.875+0000] {processor.py:161} INFO - Started process (PID=324) to work on /opt/airflow/dags/etl.py
[2026-09-17T18:03:25.878+0000] {processor.py:830} INFO - Processing file /opt/airflow/dags/etl.py for tasks to queue
[2026-09-17T18:03:25.881+0000] {logging_mixin.py:188} INFO - [2026-09-17T18:03:25.880+0000] {dagbag.py:545} INFO - Filling up the DagBag from /opt/airflow/dags/etl.py
[2026-09-17T18:03:25.897+0000] {logging_mixin.py:188} INFO - [2026-09-17T18:03:25.891+0000] {dagbag.py:452} ERROR - Failed to bag_dag: /opt/airflow/dags/etl.py
Traceback (most recent call last):
  File "/home/airflow/.local/lib/python3.11/site-packages/airflow/timetables/_cron.py", line 100, in validate
    croniter(self._expression)
  File "/home/airflow/.local/lib/python3.11/site-packages/croniter/croniter.py", line 187, in __init__
    self.expanded, self.nth_weekday_of_month = self.expand(expr_format, hash_id=hash_id)
                                               ^^^^^^^^^^^^^^^^^^^^^^^^^^^^^^^^^^^^^^^^^
  File "/home/airflow/.local/lib/python3.11/site-packages/croniter/croniter.py", line 821, in expand
    return cls._expand(expr_format, hash_id=hash_id)
           ^^^^^^^^^^^^^^^^^^^^^^^^^^^^^^^^^^^^^^^^^
  File "/home/airflow/.local/lib/python3.11/site-packages/croniter/croniter.py", line 659, in _expand
    raise CroniterBadCronError(cls.bad_length)
croniter.croniter.CroniterBadCronError: Exactly 5 or 6 columns has to be specified for iterator expression.

During handling of the above exception, another exception occurred:

Traceback (most recent call last):
  File "/home/airflow/.local/lib/python3.11/site-packages/airflow/models/dagbag.py", line 447, in _process_modules
    dag.validate()
  File "/home/airflow/.local/lib/python3.11/site-packages/airflow/models/dag.py", line 775, in validate
    self.timetable.validate()
  File "/home/airflow/.local/lib/python3.11/site-packages/airflow/timetables/_cron.py", line 102, in validate
    raise AirflowTimetableInvalid(str(e))
airflow.exceptions.AirflowTimetableInvalid: Exactly 5 or 6 columns has to be specified for iterator expression.
[2026-09-17T18:03:25.897+0000] {processor.py:842} WARNING - No viable dags retrieved from /opt/airflow/dags/etl.py
[2026-09-17T18:03:25.921+0000] {processor.py:183} INFO - Processing /opt/airflow/dags/etl.py took 0.056 seconds
[2026-09-17T18:03:56.080+0000] {processor.py:161} INFO - Started process (PID=325) to work on /opt/airflow/dags/etl.py
[2026-09-17T18:03:56.082+0000] {processor.py:830} INFO - Processing file /opt/airflow/dags/etl.py for tasks to queue
[2026-09-17T18:03:56.084+0000] {logging_mixin.py:188} INFO - [2026-09-17T18:03:56.084+0000] {dagbag.py:545} INFO - Filling up the DagBag from /opt/airflow/dags/etl.py
[2026-09-17T18:03:56.099+0000] {logging_mixin.py:188} INFO - [2026-09-17T18:03:56.094+0000] {dagbag.py:452} ERROR - Failed to bag_dag: /opt/airflow/dags/etl.py
Traceback (most recent call last):
  File "/home/airflow/.local/lib/python3.11/site-packages/airflow/timetables/_cron.py", line 100, in validate
    croniter(self._expression)
  File "/home/airflow/.local/lib/python3.11/site-packages/croniter/croniter.py", line 187, in __init__
    self.expanded, self.nth_weekday_of_month = self.expand(expr_format, hash_id=hash_id)
                                               ^^^^^^^^^^^^^^^^^^^^^^^^^^^^^^^^^^^^^^^^^
  File "/home/airflow/.local/lib/python3.11/site-packages/croniter/croniter.py", line 821, in expand
    return cls._expand(expr_format, hash_id=hash_id)
           ^^^^^^^^^^^^^^^^^^^^^^^^^^^^^^^^^^^^^^^^^
  File "/home/airflow/.local/lib/python3.11/site-packages/croniter/croniter.py", line 659, in _expand
    raise CroniterBadCronError(cls.bad_length)
croniter.croniter.CroniterBadCronError: Exactly 5 or 6 columns has to be specified for iterator expression.

During handling of the above exception, another exception occurred:

Traceback (most recent call last):
  File "/home/airflow/.local/lib/python3.11/site-packages/airflow/models/dagbag.py", line 447, in _process_modules
    dag.validate()
  File "/home/airflow/.local/lib/python3.11/site-packages/airflow/models/dag.py", line 775, in validate
    self.timetable.validate()
  File "/home/airflow/.local/lib/python3.11/site-packages/airflow/timetables/_cron.py", line 102, in validate
    raise AirflowTimetableInvalid(str(e))
airflow.exceptions.AirflowTimetableInvalid: Exactly 5 or 6 columns has to be specified for iterator expression.
[2026-09-17T18:03:56.100+0000] {processor.py:842} WARNING - No viable dags retrieved from /opt/airflow/dags/etl.py
[2026-09-17T18:03:56.122+0000] {processor.py:183} INFO - Processing /opt/airflow/dags/etl.py took 0.051 seconds
[2026-09-17T18:04:26.255+0000] {processor.py:161} INFO - Started process (PID=326) to work on /opt/airflow/dags/etl.py
[2026-09-17T18:04:26.259+0000] {processor.py:830} INFO - Processing file /opt/airflow/dags/etl.py for tasks to queue
[2026-09-17T18:04:26.261+0000] {logging_mixin.py:188} INFO - [2026-09-17T18:04:26.261+0000] {dagbag.py:545} INFO - Filling up the DagBag from /opt/airflow/dags/etl.py
[2026-09-17T18:04:26.276+0000] {logging_mixin.py:188} INFO - [2026-09-17T18:04:26.271+0000] {dagbag.py:452} ERROR - Failed to bag_dag: /opt/airflow/dags/etl.py
Traceback (most recent call last):
  File "/home/airflow/.local/lib/python3.11/site-packages/airflow/timetables/_cron.py", line 100, in validate
    croniter(self._expression)
  File "/home/airflow/.local/lib/python3.11/site-packages/croniter/croniter.py", line 187, in __init__
    self.expanded, self.nth_weekday_of_month = self.expand(expr_format, hash_id=hash_id)
                                               ^^^^^^^^^^^^^^^^^^^^^^^^^^^^^^^^^^^^^^^^^
  File "/home/airflow/.local/lib/python3.11/site-packages/croniter/croniter.py", line 821, in expand
    return cls._expand(expr_format, hash_id=hash_id)
           ^^^^^^^^^^^^^^^^^^^^^^^^^^^^^^^^^^^^^^^^^
  File "/home/airflow/.local/lib/python3.11/site-packages/croniter/croniter.py", line 659, in _expand
    raise CroniterBadCronError(cls.bad_length)
croniter.croniter.CroniterBadCronError: Exactly 5 or 6 columns has to be specified for iterator expression.

During handling of the above exception, another exception occurred:

Traceback (most recent call last):
  File "/home/airflow/.local/lib/python3.11/site-packages/airflow/models/dagbag.py", line 447, in _process_modules
    dag.validate()
  File "/home/airflow/.local/lib/python3.11/site-packages/airflow/models/dag.py", line 775, in validate
    self.timetable.validate()
  File "/home/airflow/.local/lib/python3.11/site-packages/airflow/timetables/_cron.py", line 102, in validate
    raise AirflowTimetableInvalid(str(e))
airflow.exceptions.AirflowTimetableInvalid: Exactly 5 or 6 columns has to be specified for iterator expression.
[2026-09-17T18:04:26.277+0000] {processor.py:842} WARNING - No viable dags retrieved from /opt/airflow/dags/etl.py
[2026-09-17T18:04:26.300+0000] {processor.py:183} INFO - Processing /opt/airflow/dags/etl.py took 0.056 seconds
[2026-09-17T18:04:56.441+0000] {processor.py:161} INFO - Started process (PID=327) to work on /opt/airflow/dags/etl.py
[2026-09-17T18:04:56.442+0000] {processor.py:830} INFO - Processing file /opt/airflow/dags/etl.py for tasks to queue
[2026-09-17T18:04:56.445+0000] {logging_mixin.py:188} INFO - [2026-09-17T18:04:56.444+0000] {dagbag.py:545} INFO - Filling up the DagBag from /opt/airflow/dags/etl.py
[2026-09-17T18:04:56.459+0000] {logging_mixin.py:188} INFO - [2026-09-17T18:04:56.454+0000] {dagbag.py:452} ERROR - Failed to bag_dag: /opt/airflow/dags/etl.py
Traceback (most recent call last):
  File "/home/airflow/.local/lib/python3.11/site-packages/airflow/timetables/_cron.py", line 100, in validate
    croniter(self._expression)
  File "/home/airflow/.local/lib/python3.11/site-packages/croniter/croniter.py", line 187, in __init__
    self.expanded, self.nth_weekday_of_month = self.expand(expr_format, hash_id=hash_id)
                                               ^^^^^^^^^^^^^^^^^^^^^^^^^^^^^^^^^^^^^^^^^
  File "/home/airflow/.local/lib/python3.11/site-packages/croniter/croniter.py", line 821, in expand
    return cls._expand(expr_format, hash_id=hash_id)
           ^^^^^^^^^^^^^^^^^^^^^^^^^^^^^^^^^^^^^^^^^
  File "/home/airflow/.local/lib/python3.11/site-packages/croniter/croniter.py", line 659, in _expand
    raise CroniterBadCronError(cls.bad_length)
croniter.croniter.CroniterBadCronError: Exactly 5 or 6 columns has to be specified for iterator expression.

During handling of the above exception, another exception occurred:

Traceback (most recent call last):
  File "/home/airflow/.local/lib/python3.11/site-packages/airflow/models/dagbag.py", line 447, in _process_modules
    dag.validate()
  File "/home/airflow/.local/lib/python3.11/site-packages/airflow/models/dag.py", line 775, in validate
    self.timetable.validate()
  File "/home/airflow/.local/lib/python3.11/site-packages/airflow/timetables/_cron.py", line 102, in validate
    raise AirflowTimetableInvalid(str(e))
airflow.exceptions.AirflowTimetableInvalid: Exactly 5 or 6 columns has to be specified for iterator expression.
[2026-09-17T18:04:56.459+0000] {processor.py:842} WARNING - No viable dags retrieved from /opt/airflow/dags/etl.py
[2026-09-17T18:04:56.480+0000] {processor.py:183} INFO - Processing /opt/airflow/dags/etl.py took 0.050 seconds
[2026-09-17T18:05:26.645+0000] {processor.py:161} INFO - Started process (PID=328) to work on /opt/airflow/dags/etl.py
[2026-09-17T18:05:26.648+0000] {processor.py:830} INFO - Processing file /opt/airflow/dags/etl.py for tasks to queue
[2026-09-17T18:05:26.651+0000] {logging_mixin.py:188} INFO - [2026-09-17T18:05:26.650+0000] {dagbag.py:545} INFO - Filling up the DagBag from /opt/airflow/dags/etl.py
[2026-09-17T18:05:26.668+0000] {logging_mixin.py:188} INFO - [2026-09-17T18:05:26.664+0000] {dagbag.py:452} ERROR - Failed to bag_dag: /opt/airflow/dags/etl.py
Traceback (most recent call last):
  File "/home/airflow/.local/lib/python3.11/site-packages/airflow/timetables/_cron.py", line 100, in validate
    croniter(self._expression)
  File "/home/airflow/.local/lib/python3.11/site-packages/croniter/croniter.py", line 187, in __init__
    self.expanded, self.nth_weekday_of_month = self.expand(expr_format, hash_id=hash_id)
                                               ^^^^^^^^^^^^^^^^^^^^^^^^^^^^^^^^^^^^^^^^^
  File "/home/airflow/.local/lib/python3.11/site-packages/croniter/croniter.py", line 821, in expand
    return cls._expand(expr_format, hash_id=hash_id)
           ^^^^^^^^^^^^^^^^^^^^^^^^^^^^^^^^^^^^^^^^^
  File "/home/airflow/.local/lib/python3.11/site-packages/croniter/croniter.py", line 659, in _expand
    raise CroniterBadCronError(cls.bad_length)
croniter.croniter.CroniterBadCronError: Exactly 5 or 6 columns has to be specified for iterator expression.

During handling of the above exception, another exception occurred:

Traceback (most recent call last):
  File "/home/airflow/.local/lib/python3.11/site-packages/airflow/models/dagbag.py", line 447, in _process_modules
    dag.validate()
  File "/home/airflow/.local/lib/python3.11/site-packages/airflow/models/dag.py", line 775, in validate
    self.timetable.validate()
  File "/home/airflow/.local/lib/python3.11/site-packages/airflow/timetables/_cron.py", line 102, in validate
    raise AirflowTimetableInvalid(str(e))
airflow.exceptions.AirflowTimetableInvalid: Exactly 5 or 6 columns has to be specified for iterator expression.
[2026-09-17T18:05:26.669+0000] {processor.py:842} WARNING - No viable dags retrieved from /opt/airflow/dags/etl.py
[2026-09-17T18:05:26.696+0000] {processor.py:183} INFO - Processing /opt/airflow/dags/etl.py took 0.061 seconds
[2026-09-17T18:05:56.826+0000] {processor.py:161} INFO - Started process (PID=329) to work on /opt/airflow/dags/etl.py
[2026-09-17T18:05:56.827+0000] {processor.py:830} INFO - Processing file /opt/airflow/dags/etl.py for tasks to queue
[2026-09-17T18:05:56.831+0000] {logging_mixin.py:188} INFO - [2026-09-17T18:05:56.830+0000] {dagbag.py:545} INFO - Filling up the DagBag from /opt/airflow/dags/etl.py
[2026-09-17T18:05:56.844+0000] {logging_mixin.py:188} INFO - [2026-09-17T18:05:56.840+0000] {dagbag.py:452} ERROR - Failed to bag_dag: /opt/airflow/dags/etl.py
Traceback (most recent call last):
  File "/home/airflow/.local/lib/python3.11/site-packages/airflow/timetables/_cron.py", line 100, in validate
    croniter(self._expression)
  File "/home/airflow/.local/lib/python3.11/site-packages/croniter/croniter.py", line 187, in __init__
    self.expanded, self.nth_weekday_of_month = self.expand(expr_format, hash_id=hash_id)
                                               ^^^^^^^^^^^^^^^^^^^^^^^^^^^^^^^^^^^^^^^^^
  File "/home/airflow/.local/lib/python3.11/site-packages/croniter/croniter.py", line 821, in expand
    return cls._expand(expr_format, hash_id=hash_id)
           ^^^^^^^^^^^^^^^^^^^^^^^^^^^^^^^^^^^^^^^^^
  File "/home/airflow/.local/lib/python3.11/site-packages/croniter/croniter.py", line 659, in _expand
    raise CroniterBadCronError(cls.bad_length)
croniter.croniter.CroniterBadCronError: Exactly 5 or 6 columns has to be specified for iterator expression.

During handling of the above exception, another exception occurred:

Traceback (most recent call last):
  File "/home/airflow/.local/lib/python3.11/site-packages/airflow/models/dagbag.py", line 447, in _process_modules
    dag.validate()
  File "/home/airflow/.local/lib/python3.11/site-packages/airflow/models/dag.py", line 775, in validate
    self.timetable.validate()
  File "/home/airflow/.local/lib/python3.11/site-packages/airflow/timetables/_cron.py", line 102, in validate
    raise AirflowTimetableInvalid(str(e))
airflow.exceptions.AirflowTimetableInvalid: Exactly 5 or 6 columns has to be specified for iterator expression.
[2026-09-17T18:05:56.845+0000] {processor.py:842} WARNING - No viable dags retrieved from /opt/airflow/dags/etl.py
[2026-09-17T18:05:56.863+0000] {processor.py:183} INFO - Processing /opt/airflow/dags/etl.py took 0.046 seconds
[2026-09-17T18:06:27.030+0000] {processor.py:161} INFO - Started process (PID=330) to work on /opt/airflow/dags/etl.py
[2026-09-17T18:06:27.039+0000] {processor.py:830} INFO - Processing file /opt/airflow/dags/etl.py for tasks to queue
[2026-09-17T18:06:27.041+0000] {logging_mixin.py:188} INFO - [2026-09-17T18:06:27.041+0000] {dagbag.py:545} INFO - Filling up the DagBag from /opt/airflow/dags/etl.py
[2026-09-17T18:06:27.053+0000] {logging_mixin.py:188} INFO - [2026-09-17T18:06:27.049+0000] {dagbag.py:452} ERROR - Failed to bag_dag: /opt/airflow/dags/etl.py
Traceback (most recent call last):
  File "/home/airflow/.local/lib/python3.11/site-packages/airflow/timetables/_cron.py", line 100, in validate
    croniter(self._expression)
  File "/home/airflow/.local/lib/python3.11/site-packages/croniter/croniter.py", line 187, in __init__
    self.expanded, self.nth_weekday_of_month = self.expand(expr_format, hash_id=hash_id)
                                               ^^^^^^^^^^^^^^^^^^^^^^^^^^^^^^^^^^^^^^^^^
  File "/home/airflow/.local/lib/python3.11/site-packages/croniter/croniter.py", line 821, in expand
    return cls._expand(expr_format, hash_id=hash_id)
           ^^^^^^^^^^^^^^^^^^^^^^^^^^^^^^^^^^^^^^^^^
  File "/home/airflow/.local/lib/python3.11/site-packages/croniter/croniter.py", line 659, in _expand
    raise CroniterBadCronError(cls.bad_length)
croniter.croniter.CroniterBadCronError: Exactly 5 or 6 columns has to be specified for iterator expression.

During handling of the above exception, another exception occurred:

Traceback (most recent call last):
  File "/home/airflow/.local/lib/python3.11/site-packages/airflow/models/dagbag.py", line 447, in _process_modules
    dag.validate()
  File "/home/airflow/.local/lib/python3.11/site-packages/airflow/models/dag.py", line 775, in validate
    self.timetable.validate()
  File "/home/airflow/.local/lib/python3.11/site-packages/airflow/timetables/_cron.py", line 102, in validate
    raise AirflowTimetableInvalid(str(e))
airflow.exceptions.AirflowTimetableInvalid: Exactly 5 or 6 columns has to be specified for iterator expression.
[2026-09-17T18:06:27.054+0000] {processor.py:842} WARNING - No viable dags retrieved from /opt/airflow/dags/etl.py
[2026-09-17T18:06:27.077+0000] {processor.py:183} INFO - Processing /opt/airflow/dags/etl.py took 0.056 seconds
[2026-09-17T18:06:57.233+0000] {processor.py:161} INFO - Started process (PID=331) to work on /opt/airflow/dags/etl.py
[2026-09-17T18:06:57.234+0000] {processor.py:830} INFO - Processing file /opt/airflow/dags/etl.py for tasks to queue
[2026-09-17T18:06:57.237+0000] {logging_mixin.py:188} INFO - [2026-09-17T18:06:57.236+0000] {dagbag.py:545} INFO - Filling up the DagBag from /opt/airflow/dags/etl.py
[2026-09-17T18:06:57.252+0000] {logging_mixin.py:188} INFO - [2026-09-17T18:06:57.247+0000] {dagbag.py:452} ERROR - Failed to bag_dag: /opt/airflow/dags/etl.py
Traceback (most recent call last):
  File "/home/airflow/.local/lib/python3.11/site-packages/airflow/timetables/_cron.py", line 100, in validate
    croniter(self._expression)
  File "/home/airflow/.local/lib/python3.11/site-packages/croniter/croniter.py", line 187, in __init__
    self.expanded, self.nth_weekday_of_month = self.expand(expr_format, hash_id=hash_id)
                                               ^^^^^^^^^^^^^^^^^^^^^^^^^^^^^^^^^^^^^^^^^
  File "/home/airflow/.local/lib/python3.11/site-packages/croniter/croniter.py", line 821, in expand
    return cls._expand(expr_format, hash_id=hash_id)
           ^^^^^^^^^^^^^^^^^^^^^^^^^^^^^^^^^^^^^^^^^
  File "/home/airflow/.local/lib/python3.11/site-packages/croniter/croniter.py", line 659, in _expand
    raise CroniterBadCronError(cls.bad_length)
croniter.croniter.CroniterBadCronError: Exactly 5 or 6 columns has to be specified for iterator expression.

During handling of the above exception, another exception occurred:

Traceback (most recent call last):
  File "/home/airflow/.local/lib/python3.11/site-packages/airflow/models/dagbag.py", line 447, in _process_modules
    dag.validate()
  File "/home/airflow/.local/lib/python3.11/site-packages/airflow/models/dag.py", line 775, in validate
    self.timetable.validate()
  File "/home/airflow/.local/lib/python3.11/site-packages/airflow/timetables/_cron.py", line 102, in validate
    raise AirflowTimetableInvalid(str(e))
airflow.exceptions.AirflowTimetableInvalid: Exactly 5 or 6 columns has to be specified for iterator expression.
[2026-09-17T18:06:57.252+0000] {processor.py:842} WARNING - No viable dags retrieved from /opt/airflow/dags/etl.py
[2026-09-17T18:06:57.275+0000] {processor.py:183} INFO - Processing /opt/airflow/dags/etl.py took 0.053 seconds
[2026-09-17T18:07:27.422+0000] {processor.py:161} INFO - Started process (PID=332) to work on /opt/airflow/dags/etl.py
[2026-09-17T18:07:27.430+0000] {processor.py:830} INFO - Processing file /opt/airflow/dags/etl.py for tasks to queue
[2026-09-17T18:07:27.432+0000] {logging_mixin.py:188} INFO - [2026-09-17T18:07:27.431+0000] {dagbag.py:545} INFO - Filling up the DagBag from /opt/airflow/dags/etl.py
[2026-09-17T18:07:27.444+0000] {logging_mixin.py:188} INFO - [2026-09-17T18:07:27.440+0000] {dagbag.py:452} ERROR - Failed to bag_dag: /opt/airflow/dags/etl.py
Traceback (most recent call last):
  File "/home/airflow/.local/lib/python3.11/site-packages/airflow/timetables/_cron.py", line 100, in validate
    croniter(self._expression)
  File "/home/airflow/.local/lib/python3.11/site-packages/croniter/croniter.py", line 187, in __init__
    self.expanded, self.nth_weekday_of_month = self.expand(expr_format, hash_id=hash_id)
                                               ^^^^^^^^^^^^^^^^^^^^^^^^^^^^^^^^^^^^^^^^^
  File "/home/airflow/.local/lib/python3.11/site-packages/croniter/croniter.py", line 821, in expand
    return cls._expand(expr_format, hash_id=hash_id)
           ^^^^^^^^^^^^^^^^^^^^^^^^^^^^^^^^^^^^^^^^^
  File "/home/airflow/.local/lib/python3.11/site-packages/croniter/croniter.py", line 659, in _expand
    raise CroniterBadCronError(cls.bad_length)
croniter.croniter.CroniterBadCronError: Exactly 5 or 6 columns has to be specified for iterator expression.

During handling of the above exception, another exception occurred:

Traceback (most recent call last):
  File "/home/airflow/.local/lib/python3.11/site-packages/airflow/models/dagbag.py", line 447, in _process_modules
    dag.validate()
  File "/home/airflow/.local/lib/python3.11/site-packages/airflow/models/dag.py", line 775, in validate
    self.timetable.validate()
  File "/home/airflow/.local/lib/python3.11/site-packages/airflow/timetables/_cron.py", line 102, in validate
    raise AirflowTimetableInvalid(str(e))
airflow.exceptions.AirflowTimetableInvalid: Exactly 5 or 6 columns has to be specified for iterator expression.
[2026-09-17T18:07:27.444+0000] {processor.py:842} WARNING - No viable dags retrieved from /opt/airflow/dags/etl.py
[2026-09-17T18:07:27.467+0000] {processor.py:183} INFO - Processing /opt/airflow/dags/etl.py took 0.055 seconds
[2026-09-17T18:07:57.648+0000] {processor.py:161} INFO - Started process (PID=333) to work on /opt/airflow/dags/etl.py
[2026-09-17T18:07:57.650+0000] {processor.py:830} INFO - Processing file /opt/airflow/dags/etl.py for tasks to queue
[2026-09-17T18:07:57.652+0000] {logging_mixin.py:188} INFO - [2026-09-17T18:07:57.652+0000] {dagbag.py:545} INFO - Filling up the DagBag from /opt/airflow/dags/etl.py
[2026-09-17T18:07:57.668+0000] {logging_mixin.py:188} INFO - [2026-09-17T18:07:57.663+0000] {dagbag.py:452} ERROR - Failed to bag_dag: /opt/airflow/dags/etl.py
Traceback (most recent call last):
  File "/home/airflow/.local/lib/python3.11/site-packages/airflow/timetables/_cron.py", line 100, in validate
    croniter(self._expression)
  File "/home/airflow/.local/lib/python3.11/site-packages/croniter/croniter.py", line 187, in __init__
    self.expanded, self.nth_weekday_of_month = self.expand(expr_format, hash_id=hash_id)
                                               ^^^^^^^^^^^^^^^^^^^^^^^^^^^^^^^^^^^^^^^^^
  File "/home/airflow/.local/lib/python3.11/site-packages/croniter/croniter.py", line 821, in expand
    return cls._expand(expr_format, hash_id=hash_id)
           ^^^^^^^^^^^^^^^^^^^^^^^^^^^^^^^^^^^^^^^^^
  File "/home/airflow/.local/lib/python3.11/site-packages/croniter/croniter.py", line 659, in _expand
    raise CroniterBadCronError(cls.bad_length)
croniter.croniter.CroniterBadCronError: Exactly 5 or 6 columns has to be specified for iterator expression.

During handling of the above exception, another exception occurred:

Traceback (most recent call last):
  File "/home/airflow/.local/lib/python3.11/site-packages/airflow/models/dagbag.py", line 447, in _process_modules
    dag.validate()
  File "/home/airflow/.local/lib/python3.11/site-packages/airflow/models/dag.py", line 775, in validate
    self.timetable.validate()
  File "/home/airflow/.local/lib/python3.11/site-packages/airflow/timetables/_cron.py", line 102, in validate
    raise AirflowTimetableInvalid(str(e))
airflow.exceptions.AirflowTimetableInvalid: Exactly 5 or 6 columns has to be specified for iterator expression.
[2026-09-17T18:07:57.668+0000] {processor.py:842} WARNING - No viable dags retrieved from /opt/airflow/dags/etl.py
[2026-09-17T18:07:57.692+0000] {processor.py:183} INFO - Processing /opt/airflow/dags/etl.py took 0.053 seconds
[2026-09-17T18:08:27.812+0000] {processor.py:161} INFO - Started process (PID=334) to work on /opt/airflow/dags/etl.py
[2026-09-17T18:08:27.815+0000] {processor.py:830} INFO - Processing file /opt/airflow/dags/etl.py for tasks to queue
[2026-09-17T18:08:27.817+0000] {logging_mixin.py:188} INFO - [2026-09-17T18:08:27.817+0000] {dagbag.py:545} INFO - Filling up the DagBag from /opt/airflow/dags/etl.py
[2026-09-17T18:08:27.827+0000] {logging_mixin.py:188} INFO - [2026-09-17T18:08:27.824+0000] {dagbag.py:452} ERROR - Failed to bag_dag: /opt/airflow/dags/etl.py
Traceback (most recent call last):
  File "/home/airflow/.local/lib/python3.11/site-packages/airflow/timetables/_cron.py", line 100, in validate
    croniter(self._expression)
  File "/home/airflow/.local/lib/python3.11/site-packages/croniter/croniter.py", line 187, in __init__
    self.expanded, self.nth_weekday_of_month = self.expand(expr_format, hash_id=hash_id)
                                               ^^^^^^^^^^^^^^^^^^^^^^^^^^^^^^^^^^^^^^^^^
  File "/home/airflow/.local/lib/python3.11/site-packages/croniter/croniter.py", line 821, in expand
    return cls._expand(expr_format, hash_id=hash_id)
           ^^^^^^^^^^^^^^^^^^^^^^^^^^^^^^^^^^^^^^^^^
  File "/home/airflow/.local/lib/python3.11/site-packages/croniter/croniter.py", line 659, in _expand
    raise CroniterBadCronError(cls.bad_length)
croniter.croniter.CroniterBadCronError: Exactly 5 or 6 columns has to be specified for iterator expression.

During handling of the above exception, another exception occurred:

Traceback (most recent call last):
  File "/home/airflow/.local/lib/python3.11/site-packages/airflow/models/dagbag.py", line 447, in _process_modules
    dag.validate()
  File "/home/airflow/.local/lib/python3.11/site-packages/airflow/models/dag.py", line 775, in validate
    self.timetable.validate()
  File "/home/airflow/.local/lib/python3.11/site-packages/airflow/timetables/_cron.py", line 102, in validate
    raise AirflowTimetableInvalid(str(e))
airflow.exceptions.AirflowTimetableInvalid: Exactly 5 or 6 columns has to be specified for iterator expression.
[2026-09-17T18:08:27.827+0000] {processor.py:842} WARNING - No viable dags retrieved from /opt/airflow/dags/etl.py
[2026-09-17T18:08:27.843+0000] {processor.py:183} INFO - Processing /opt/airflow/dags/etl.py took 0.037 seconds
[2026-09-17T18:08:58.014+0000] {processor.py:161} INFO - Started process (PID=335) to work on /opt/airflow/dags/etl.py
[2026-09-17T18:08:58.015+0000] {processor.py:830} INFO - Processing file /opt/airflow/dags/etl.py for tasks to queue
[2026-09-17T18:08:58.017+0000] {logging_mixin.py:188} INFO - [2026-09-17T18:08:58.017+0000] {dagbag.py:545} INFO - Filling up the DagBag from /opt/airflow/dags/etl.py
[2026-09-17T18:08:58.031+0000] {logging_mixin.py:188} INFO - [2026-09-17T18:08:58.027+0000] {dagbag.py:452} ERROR - Failed to bag_dag: /opt/airflow/dags/etl.py
Traceback (most recent call last):
  File "/home/airflow/.local/lib/python3.11/site-packages/airflow/timetables/_cron.py", line 100, in validate
    croniter(self._expression)
  File "/home/airflow/.local/lib/python3.11/site-packages/croniter/croniter.py", line 187, in __init__
    self.expanded, self.nth_weekday_of_month = self.expand(expr_format, hash_id=hash_id)
                                               ^^^^^^^^^^^^^^^^^^^^^^^^^^^^^^^^^^^^^^^^^
  File "/home/airflow/.local/lib/python3.11/site-packages/croniter/croniter.py", line 821, in expand
    return cls._expand(expr_format, hash_id=hash_id)
           ^^^^^^^^^^^^^^^^^^^^^^^^^^^^^^^^^^^^^^^^^
  File "/home/airflow/.local/lib/python3.11/site-packages/croniter/croniter.py", line 659, in _expand
    raise CroniterBadCronError(cls.bad_length)
croniter.croniter.CroniterBadCronError: Exactly 5 or 6 columns has to be specified for iterator expression.

During handling of the above exception, another exception occurred:

Traceback (most recent call last):
  File "/home/airflow/.local/lib/python3.11/site-packages/airflow/models/dagbag.py", line 447, in _process_modules
    dag.validate()
  File "/home/airflow/.local/lib/python3.11/site-packages/airflow/models/dag.py", line 775, in validate
    self.timetable.validate()
  File "/home/airflow/.local/lib/python3.11/site-packages/airflow/timetables/_cron.py", line 102, in validate
    raise AirflowTimetableInvalid(str(e))
airflow.exceptions.AirflowTimetableInvalid: Exactly 5 or 6 columns has to be specified for iterator expression.
[2026-09-17T18:08:58.032+0000] {processor.py:842} WARNING - No viable dags retrieved from /opt/airflow/dags/etl.py
[2026-09-17T18:08:58.054+0000] {processor.py:183} INFO - Processing /opt/airflow/dags/etl.py took 0.050 seconds
[2026-09-17T18:09:28.192+0000] {processor.py:161} INFO - Started process (PID=336) to work on /opt/airflow/dags/etl.py
[2026-09-17T18:09:28.195+0000] {processor.py:830} INFO - Processing file /opt/airflow/dags/etl.py for tasks to queue
[2026-09-17T18:09:28.198+0000] {logging_mixin.py:188} INFO - [2026-09-17T18:09:28.197+0000] {dagbag.py:545} INFO - Filling up the DagBag from /opt/airflow/dags/etl.py
[2026-09-17T18:09:28.213+0000] {logging_mixin.py:188} INFO - [2026-09-17T18:09:28.208+0000] {dagbag.py:452} ERROR - Failed to bag_dag: /opt/airflow/dags/etl.py
Traceback (most recent call last):
  File "/home/airflow/.local/lib/python3.11/site-packages/airflow/timetables/_cron.py", line 100, in validate
    croniter(self._expression)
  File "/home/airflow/.local/lib/python3.11/site-packages/croniter/croniter.py", line 187, in __init__
    self.expanded, self.nth_weekday_of_month = self.expand(expr_format, hash_id=hash_id)
                                               ^^^^^^^^^^^^^^^^^^^^^^^^^^^^^^^^^^^^^^^^^
  File "/home/airflow/.local/lib/python3.11/site-packages/croniter/croniter.py", line 821, in expand
    return cls._expand(expr_format, hash_id=hash_id)
           ^^^^^^^^^^^^^^^^^^^^^^^^^^^^^^^^^^^^^^^^^
  File "/home/airflow/.local/lib/python3.11/site-packages/croniter/croniter.py", line 659, in _expand
    raise CroniterBadCronError(cls.bad_length)
croniter.croniter.CroniterBadCronError: Exactly 5 or 6 columns has to be specified for iterator expression.

During handling of the above exception, another exception occurred:

Traceback (most recent call last):
  File "/home/airflow/.local/lib/python3.11/site-packages/airflow/models/dagbag.py", line 447, in _process_modules
    dag.validate()
  File "/home/airflow/.local/lib/python3.11/site-packages/airflow/models/dag.py", line 775, in validate
    self.timetable.validate()
  File "/home/airflow/.local/lib/python3.11/site-packages/airflow/timetables/_cron.py", line 102, in validate
    raise AirflowTimetableInvalid(str(e))
airflow.exceptions.AirflowTimetableInvalid: Exactly 5 or 6 columns has to be specified for iterator expression.
[2026-09-17T18:09:28.213+0000] {processor.py:842} WARNING - No viable dags retrieved from /opt/airflow/dags/etl.py
[2026-09-17T18:09:28.238+0000] {processor.py:183} INFO - Processing /opt/airflow/dags/etl.py took 0.056 seconds
[2026-09-17T18:09:58.396+0000] {processor.py:161} INFO - Started process (PID=337) to work on /opt/airflow/dags/etl.py
[2026-09-17T18:09:58.398+0000] {processor.py:830} INFO - Processing file /opt/airflow/dags/etl.py for tasks to queue
[2026-09-17T18:09:58.401+0000] {logging_mixin.py:188} INFO - [2026-09-17T18:09:58.400+0000] {dagbag.py:545} INFO - Filling up the DagBag from /opt/airflow/dags/etl.py
[2026-09-17T18:09:58.416+0000] {logging_mixin.py:188} INFO - [2026-09-17T18:09:58.411+0000] {dagbag.py:452} ERROR - Failed to bag_dag: /opt/airflow/dags/etl.py
Traceback (most recent call last):
  File "/home/airflow/.local/lib/python3.11/site-packages/airflow/timetables/_cron.py", line 100, in validate
    croniter(self._expression)
  File "/home/airflow/.local/lib/python3.11/site-packages/croniter/croniter.py", line 187, in __init__
    self.expanded, self.nth_weekday_of_month = self.expand(expr_format, hash_id=hash_id)
                                               ^^^^^^^^^^^^^^^^^^^^^^^^^^^^^^^^^^^^^^^^^
  File "/home/airflow/.local/lib/python3.11/site-packages/croniter/croniter.py", line 821, in expand
    return cls._expand(expr_format, hash_id=hash_id)
           ^^^^^^^^^^^^^^^^^^^^^^^^^^^^^^^^^^^^^^^^^
  File "/home/airflow/.local/lib/python3.11/site-packages/croniter/croniter.py", line 659, in _expand
    raise CroniterBadCronError(cls.bad_length)
croniter.croniter.CroniterBadCronError: Exactly 5 or 6 columns has to be specified for iterator expression.

During handling of the above exception, another exception occurred:

Traceback (most recent call last):
  File "/home/airflow/.local/lib/python3.11/site-packages/airflow/models/dagbag.py", line 447, in _process_modules
    dag.validate()
  File "/home/airflow/.local/lib/python3.11/site-packages/airflow/models/dag.py", line 775, in validate
    self.timetable.validate()
  File "/home/airflow/.local/lib/python3.11/site-packages/airflow/timetables/_cron.py", line 102, in validate
    raise AirflowTimetableInvalid(str(e))
airflow.exceptions.AirflowTimetableInvalid: Exactly 5 or 6 columns has to be specified for iterator expression.
[2026-09-17T18:09:58.416+0000] {processor.py:842} WARNING - No viable dags retrieved from /opt/airflow/dags/etl.py
[2026-09-17T18:09:58.440+0000] {processor.py:183} INFO - Processing /opt/airflow/dags/etl.py took 0.056 seconds
[2026-09-17T18:10:28.598+0000] {processor.py:161} INFO - Started process (PID=338) to work on /opt/airflow/dags/etl.py
[2026-09-17T18:10:28.601+0000] {processor.py:830} INFO - Processing file /opt/airflow/dags/etl.py for tasks to queue
[2026-09-17T18:10:28.604+0000] {logging_mixin.py:188} INFO - [2026-09-17T18:10:28.604+0000] {dagbag.py:545} INFO - Filling up the DagBag from /opt/airflow/dags/etl.py
[2026-09-17T18:10:28.620+0000] {logging_mixin.py:188} INFO - [2026-09-17T18:10:28.615+0000] {dagbag.py:452} ERROR - Failed to bag_dag: /opt/airflow/dags/etl.py
Traceback (most recent call last):
  File "/home/airflow/.local/lib/python3.11/site-packages/airflow/timetables/_cron.py", line 100, in validate
    croniter(self._expression)
  File "/home/airflow/.local/lib/python3.11/site-packages/croniter/croniter.py", line 187, in __init__
    self.expanded, self.nth_weekday_of_month = self.expand(expr_format, hash_id=hash_id)
                                               ^^^^^^^^^^^^^^^^^^^^^^^^^^^^^^^^^^^^^^^^^
  File "/home/airflow/.local/lib/python3.11/site-packages/croniter/croniter.py", line 821, in expand
    return cls._expand(expr_format, hash_id=hash_id)
           ^^^^^^^^^^^^^^^^^^^^^^^^^^^^^^^^^^^^^^^^^
  File "/home/airflow/.local/lib/python3.11/site-packages/croniter/croniter.py", line 659, in _expand
    raise CroniterBadCronError(cls.bad_length)
croniter.croniter.CroniterBadCronError: Exactly 5 or 6 columns has to be specified for iterator expression.

During handling of the above exception, another exception occurred:

Traceback (most recent call last):
  File "/home/airflow/.local/lib/python3.11/site-packages/airflow/models/dagbag.py", line 447, in _process_modules
    dag.validate()
  File "/home/airflow/.local/lib/python3.11/site-packages/airflow/models/dag.py", line 775, in validate
    self.timetable.validate()
  File "/home/airflow/.local/lib/python3.11/site-packages/airflow/timetables/_cron.py", line 102, in validate
    raise AirflowTimetableInvalid(str(e))
airflow.exceptions.AirflowTimetableInvalid: Exactly 5 or 6 columns has to be specified for iterator expression.
[2026-09-17T18:10:28.620+0000] {processor.py:842} WARNING - No viable dags retrieved from /opt/airflow/dags/etl.py
[2026-09-17T18:10:28.643+0000] {processor.py:183} INFO - Processing /opt/airflow/dags/etl.py took 0.055 seconds
[2026-09-17T18:10:58.802+0000] {processor.py:161} INFO - Started process (PID=339) to work on /opt/airflow/dags/etl.py
[2026-09-17T18:10:58.803+0000] {processor.py:830} INFO - Processing file /opt/airflow/dags/etl.py for tasks to queue
[2026-09-17T18:10:58.807+0000] {logging_mixin.py:188} INFO - [2026-09-17T18:10:58.806+0000] {dagbag.py:545} INFO - Filling up the DagBag from /opt/airflow/dags/etl.py
[2026-09-17T18:10:58.820+0000] {logging_mixin.py:188} INFO - [2026-09-17T18:10:58.816+0000] {dagbag.py:452} ERROR - Failed to bag_dag: /opt/airflow/dags/etl.py
Traceback (most recent call last):
  File "/home/airflow/.local/lib/python3.11/site-packages/airflow/timetables/_cron.py", line 100, in validate
    croniter(self._expression)
  File "/home/airflow/.local/lib/python3.11/site-packages/croniter/croniter.py", line 187, in __init__
    self.expanded, self.nth_weekday_of_month = self.expand(expr_format, hash_id=hash_id)
                                               ^^^^^^^^^^^^^^^^^^^^^^^^^^^^^^^^^^^^^^^^^
  File "/home/airflow/.local/lib/python3.11/site-packages/croniter/croniter.py", line 821, in expand
    return cls._expand(expr_format, hash_id=hash_id)
           ^^^^^^^^^^^^^^^^^^^^^^^^^^^^^^^^^^^^^^^^^
  File "/home/airflow/.local/lib/python3.11/site-packages/croniter/croniter.py", line 659, in _expand
    raise CroniterBadCronError(cls.bad_length)
croniter.croniter.CroniterBadCronError: Exactly 5 or 6 columns has to be specified for iterator expression.

During handling of the above exception, another exception occurred:

Traceback (most recent call last):
  File "/home/airflow/.local/lib/python3.11/site-packages/airflow/models/dagbag.py", line 447, in _process_modules
    dag.validate()
  File "/home/airflow/.local/lib/python3.11/site-packages/airflow/models/dag.py", line 775, in validate
    self.timetable.validate()
  File "/home/airflow/.local/lib/python3.11/site-packages/airflow/timetables/_cron.py", line 102, in validate
    raise AirflowTimetableInvalid(str(e))
airflow.exceptions.AirflowTimetableInvalid: Exactly 5 or 6 columns has to be specified for iterator expression.
[2026-09-17T18:10:58.821+0000] {processor.py:842} WARNING - No viable dags retrieved from /opt/airflow/dags/etl.py
[2026-09-17T18:10:58.844+0000] {processor.py:183} INFO - Processing /opt/airflow/dags/etl.py took 0.051 seconds
[2026-09-17T18:11:29.004+0000] {processor.py:161} INFO - Started process (PID=340) to work on /opt/airflow/dags/etl.py
[2026-09-17T18:11:29.007+0000] {processor.py:830} INFO - Processing file /opt/airflow/dags/etl.py for tasks to queue
[2026-09-17T18:11:29.009+0000] {logging_mixin.py:188} INFO - [2026-09-17T18:11:29.009+0000] {dagbag.py:545} INFO - Filling up the DagBag from /opt/airflow/dags/etl.py
[2026-09-17T18:11:29.024+0000] {logging_mixin.py:188} INFO - [2026-09-17T18:11:29.019+0000] {dagbag.py:452} ERROR - Failed to bag_dag: /opt/airflow/dags/etl.py
Traceback (most recent call last):
  File "/home/airflow/.local/lib/python3.11/site-packages/airflow/timetables/_cron.py", line 100, in validate
    croniter(self._expression)
  File "/home/airflow/.local/lib/python3.11/site-packages/croniter/croniter.py", line 187, in __init__
    self.expanded, self.nth_weekday_of_month = self.expand(expr_format, hash_id=hash_id)
                                               ^^^^^^^^^^^^^^^^^^^^^^^^^^^^^^^^^^^^^^^^^
  File "/home/airflow/.local/lib/python3.11/site-packages/croniter/croniter.py", line 821, in expand
    return cls._expand(expr_format, hash_id=hash_id)
           ^^^^^^^^^^^^^^^^^^^^^^^^^^^^^^^^^^^^^^^^^
  File "/home/airflow/.local/lib/python3.11/site-packages/croniter/croniter.py", line 659, in _expand
    raise CroniterBadCronError(cls.bad_length)
croniter.croniter.CroniterBadCronError: Exactly 5 or 6 columns has to be specified for iterator expression.

During handling of the above exception, another exception occurred:

Traceback (most recent call last):
  File "/home/airflow/.local/lib/python3.11/site-packages/airflow/models/dagbag.py", line 447, in _process_modules
    dag.validate()
  File "/home/airflow/.local/lib/python3.11/site-packages/airflow/models/dag.py", line 775, in validate
    self.timetable.validate()
  File "/home/airflow/.local/lib/python3.11/site-packages/airflow/timetables/_cron.py", line 102, in validate
    raise AirflowTimetableInvalid(str(e))
airflow.exceptions.AirflowTimetableInvalid: Exactly 5 or 6 columns has to be specified for iterator expression.
[2026-09-17T18:11:29.025+0000] {processor.py:842} WARNING - No viable dags retrieved from /opt/airflow/dags/etl.py
[2026-09-17T18:11:29.050+0000] {processor.py:183} INFO - Processing /opt/airflow/dags/etl.py took 0.056 seconds
[2026-09-17T18:11:59.204+0000] {processor.py:161} INFO - Started process (PID=341) to work on /opt/airflow/dags/etl.py
[2026-09-17T18:11:59.206+0000] {processor.py:830} INFO - Processing file /opt/airflow/dags/etl.py for tasks to queue
[2026-09-17T18:11:59.208+0000] {logging_mixin.py:188} INFO - [2026-09-17T18:11:59.208+0000] {dagbag.py:545} INFO - Filling up the DagBag from /opt/airflow/dags/etl.py
[2026-09-17T18:11:59.224+0000] {logging_mixin.py:188} INFO - [2026-09-17T18:11:59.219+0000] {dagbag.py:452} ERROR - Failed to bag_dag: /opt/airflow/dags/etl.py
Traceback (most recent call last):
  File "/home/airflow/.local/lib/python3.11/site-packages/airflow/timetables/_cron.py", line 100, in validate
    croniter(self._expression)
  File "/home/airflow/.local/lib/python3.11/site-packages/croniter/croniter.py", line 187, in __init__
    self.expanded, self.nth_weekday_of_month = self.expand(expr_format, hash_id=hash_id)
                                               ^^^^^^^^^^^^^^^^^^^^^^^^^^^^^^^^^^^^^^^^^
  File "/home/airflow/.local/lib/python3.11/site-packages/croniter/croniter.py", line 821, in expand
    return cls._expand(expr_format, hash_id=hash_id)
           ^^^^^^^^^^^^^^^^^^^^^^^^^^^^^^^^^^^^^^^^^
  File "/home/airflow/.local/lib/python3.11/site-packages/croniter/croniter.py", line 659, in _expand
    raise CroniterBadCronError(cls.bad_length)
croniter.croniter.CroniterBadCronError: Exactly 5 or 6 columns has to be specified for iterator expression.

During handling of the above exception, another exception occurred:

Traceback (most recent call last):
  File "/home/airflow/.local/lib/python3.11/site-packages/airflow/models/dagbag.py", line 447, in _process_modules
    dag.validate()
  File "/home/airflow/.local/lib/python3.11/site-packages/airflow/models/dag.py", line 775, in validate
    self.timetable.validate()
  File "/home/airflow/.local/lib/python3.11/site-packages/airflow/timetables/_cron.py", line 102, in validate
    raise AirflowTimetableInvalid(str(e))
airflow.exceptions.AirflowTimetableInvalid: Exactly 5 or 6 columns has to be specified for iterator expression.
[2026-09-17T18:11:59.225+0000] {processor.py:842} WARNING - No viable dags retrieved from /opt/airflow/dags/etl.py
[2026-09-17T18:11:59.250+0000] {processor.py:183} INFO - Processing /opt/airflow/dags/etl.py took 0.055 seconds
[2026-09-17T18:12:29.405+0000] {processor.py:161} INFO - Started process (PID=342) to work on /opt/airflow/dags/etl.py
[2026-09-17T18:12:29.414+0000] {processor.py:830} INFO - Processing file /opt/airflow/dags/etl.py for tasks to queue
[2026-09-17T18:12:29.417+0000] {logging_mixin.py:188} INFO - [2026-09-17T18:12:29.417+0000] {dagbag.py:545} INFO - Filling up the DagBag from /opt/airflow/dags/etl.py
[2026-09-17T18:12:29.433+0000] {logging_mixin.py:188} INFO - [2026-09-17T18:12:29.428+0000] {dagbag.py:452} ERROR - Failed to bag_dag: /opt/airflow/dags/etl.py
Traceback (most recent call last):
  File "/home/airflow/.local/lib/python3.11/site-packages/airflow/timetables/_cron.py", line 100, in validate
    croniter(self._expression)
  File "/home/airflow/.local/lib/python3.11/site-packages/croniter/croniter.py", line 187, in __init__
    self.expanded, self.nth_weekday_of_month = self.expand(expr_format, hash_id=hash_id)
                                               ^^^^^^^^^^^^^^^^^^^^^^^^^^^^^^^^^^^^^^^^^
  File "/home/airflow/.local/lib/python3.11/site-packages/croniter/croniter.py", line 821, in expand
    return cls._expand(expr_format, hash_id=hash_id)
           ^^^^^^^^^^^^^^^^^^^^^^^^^^^^^^^^^^^^^^^^^
  File "/home/airflow/.local/lib/python3.11/site-packages/croniter/croniter.py", line 659, in _expand
    raise CroniterBadCronError(cls.bad_length)
croniter.croniter.CroniterBadCronError: Exactly 5 or 6 columns has to be specified for iterator expression.

During handling of the above exception, another exception occurred:

Traceback (most recent call last):
  File "/home/airflow/.local/lib/python3.11/site-packages/airflow/models/dagbag.py", line 447, in _process_modules
    dag.validate()
  File "/home/airflow/.local/lib/python3.11/site-packages/airflow/models/dag.py", line 775, in validate
    self.timetable.validate()
  File "/home/airflow/.local/lib/python3.11/site-packages/airflow/timetables/_cron.py", line 102, in validate
    raise AirflowTimetableInvalid(str(e))
airflow.exceptions.AirflowTimetableInvalid: Exactly 5 or 6 columns has to be specified for iterator expression.
[2026-09-17T18:12:29.433+0000] {processor.py:842} WARNING - No viable dags retrieved from /opt/airflow/dags/etl.py
[2026-09-17T18:12:29.459+0000] {processor.py:183} INFO - Processing /opt/airflow/dags/etl.py took 0.065 seconds
[2026-09-17T18:12:59.528+0000] {processor.py:161} INFO - Started process (PID=343) to work on /opt/airflow/dags/etl.py
[2026-09-17T18:12:59.529+0000] {processor.py:830} INFO - Processing file /opt/airflow/dags/etl.py for tasks to queue
[2026-09-17T18:12:59.532+0000] {logging_mixin.py:188} INFO - [2026-09-17T18:12:59.531+0000] {dagbag.py:545} INFO - Filling up the DagBag from /opt/airflow/dags/etl.py
[2026-09-17T18:12:59.547+0000] {logging_mixin.py:188} INFO - [2026-09-17T18:12:59.542+0000] {dagbag.py:452} ERROR - Failed to bag_dag: /opt/airflow/dags/etl.py
Traceback (most recent call last):
  File "/home/airflow/.local/lib/python3.11/site-packages/airflow/timetables/_cron.py", line 100, in validate
    croniter(self._expression)
  File "/home/airflow/.local/lib/python3.11/site-packages/croniter/croniter.py", line 187, in __init__
    self.expanded, self.nth_weekday_of_month = self.expand(expr_format, hash_id=hash_id)
                                               ^^^^^^^^^^^^^^^^^^^^^^^^^^^^^^^^^^^^^^^^^
  File "/home/airflow/.local/lib/python3.11/site-packages/croniter/croniter.py", line 821, in expand
    return cls._expand(expr_format, hash_id=hash_id)
           ^^^^^^^^^^^^^^^^^^^^^^^^^^^^^^^^^^^^^^^^^
  File "/home/airflow/.local/lib/python3.11/site-packages/croniter/croniter.py", line 659, in _expand
    raise CroniterBadCronError(cls.bad_length)
croniter.croniter.CroniterBadCronError: Exactly 5 or 6 columns has to be specified for iterator expression.

During handling of the above exception, another exception occurred:

Traceback (most recent call last):
  File "/home/airflow/.local/lib/python3.11/site-packages/airflow/models/dagbag.py", line 447, in _process_modules
    dag.validate()
  File "/home/airflow/.local/lib/python3.11/site-packages/airflow/models/dag.py", line 775, in validate
    self.timetable.validate()
  File "/home/airflow/.local/lib/python3.11/site-packages/airflow/timetables/_cron.py", line 102, in validate
    raise AirflowTimetableInvalid(str(e))
airflow.exceptions.AirflowTimetableInvalid: Exactly 5 or 6 columns has to be specified for iterator expression.
[2026-09-17T18:12:59.548+0000] {processor.py:842} WARNING - No viable dags retrieved from /opt/airflow/dags/etl.py
[2026-09-17T18:12:59.571+0000] {processor.py:183} INFO - Processing /opt/airflow/dags/etl.py took 0.053 seconds
[2026-09-17T18:13:29.733+0000] {processor.py:161} INFO - Started process (PID=344) to work on /opt/airflow/dags/etl.py
[2026-09-17T18:13:29.736+0000] {processor.py:830} INFO - Processing file /opt/airflow/dags/etl.py for tasks to queue
[2026-09-17T18:13:29.739+0000] {logging_mixin.py:188} INFO - [2026-09-17T18:13:29.738+0000] {dagbag.py:545} INFO - Filling up the DagBag from /opt/airflow/dags/etl.py
[2026-09-17T18:13:29.754+0000] {logging_mixin.py:188} INFO - [2026-09-17T18:13:29.749+0000] {dagbag.py:452} ERROR - Failed to bag_dag: /opt/airflow/dags/etl.py
Traceback (most recent call last):
  File "/home/airflow/.local/lib/python3.11/site-packages/airflow/timetables/_cron.py", line 100, in validate
    croniter(self._expression)
  File "/home/airflow/.local/lib/python3.11/site-packages/croniter/croniter.py", line 187, in __init__
    self.expanded, self.nth_weekday_of_month = self.expand(expr_format, hash_id=hash_id)
                                               ^^^^^^^^^^^^^^^^^^^^^^^^^^^^^^^^^^^^^^^^^
  File "/home/airflow/.local/lib/python3.11/site-packages/croniter/croniter.py", line 821, in expand
    return cls._expand(expr_format, hash_id=hash_id)
           ^^^^^^^^^^^^^^^^^^^^^^^^^^^^^^^^^^^^^^^^^
  File "/home/airflow/.local/lib/python3.11/site-packages/croniter/croniter.py", line 659, in _expand
    raise CroniterBadCronError(cls.bad_length)
croniter.croniter.CroniterBadCronError: Exactly 5 or 6 columns has to be specified for iterator expression.

During handling of the above exception, another exception occurred:

Traceback (most recent call last):
  File "/home/airflow/.local/lib/python3.11/site-packages/airflow/models/dagbag.py", line 447, in _process_modules
    dag.validate()
  File "/home/airflow/.local/lib/python3.11/site-packages/airflow/models/dag.py", line 775, in validate
    self.timetable.validate()
  File "/home/airflow/.local/lib/python3.11/site-packages/airflow/timetables/_cron.py", line 102, in validate
    raise AirflowTimetableInvalid(str(e))
airflow.exceptions.AirflowTimetableInvalid: Exactly 5 or 6 columns has to be specified for iterator expression.
[2026-09-17T18:13:29.754+0000] {processor.py:842} WARNING - No viable dags retrieved from /opt/airflow/dags/etl.py
[2026-09-17T18:13:29.778+0000] {processor.py:183} INFO - Processing /opt/airflow/dags/etl.py took 0.055 seconds
[2026-09-17T18:13:59.939+0000] {processor.py:161} INFO - Started process (PID=345) to work on /opt/airflow/dags/etl.py
[2026-09-17T18:13:59.940+0000] {processor.py:830} INFO - Processing file /opt/airflow/dags/etl.py for tasks to queue
[2026-09-17T18:13:59.943+0000] {logging_mixin.py:188} INFO - [2026-09-17T18:13:59.942+0000] {dagbag.py:545} INFO - Filling up the DagBag from /opt/airflow/dags/etl.py
[2026-09-17T18:13:59.957+0000] {logging_mixin.py:188} INFO - [2026-09-17T18:13:59.952+0000] {dagbag.py:452} ERROR - Failed to bag_dag: /opt/airflow/dags/etl.py
Traceback (most recent call last):
  File "/home/airflow/.local/lib/python3.11/site-packages/airflow/timetables/_cron.py", line 100, in validate
    croniter(self._expression)
  File "/home/airflow/.local/lib/python3.11/site-packages/croniter/croniter.py", line 187, in __init__
    self.expanded, self.nth_weekday_of_month = self.expand(expr_format, hash_id=hash_id)
                                               ^^^^^^^^^^^^^^^^^^^^^^^^^^^^^^^^^^^^^^^^^
  File "/home/airflow/.local/lib/python3.11/site-packages/croniter/croniter.py", line 821, in expand
    return cls._expand(expr_format, hash_id=hash_id)
           ^^^^^^^^^^^^^^^^^^^^^^^^^^^^^^^^^^^^^^^^^
  File "/home/airflow/.local/lib/python3.11/site-packages/croniter/croniter.py", line 659, in _expand
    raise CroniterBadCronError(cls.bad_length)
croniter.croniter.CroniterBadCronError: Exactly 5 or 6 columns has to be specified for iterator expression.

During handling of the above exception, another exception occurred:

Traceback (most recent call last):
  File "/home/airflow/.local/lib/python3.11/site-packages/airflow/models/dagbag.py", line 447, in _process_modules
    dag.validate()
  File "/home/airflow/.local/lib/python3.11/site-packages/airflow/models/dag.py", line 775, in validate
    self.timetable.validate()
  File "/home/airflow/.local/lib/python3.11/site-packages/airflow/timetables/_cron.py", line 102, in validate
    raise AirflowTimetableInvalid(str(e))
airflow.exceptions.AirflowTimetableInvalid: Exactly 5 or 6 columns has to be specified for iterator expression.
[2026-09-17T18:13:59.957+0000] {processor.py:842} WARNING - No viable dags retrieved from /opt/airflow/dags/etl.py
[2026-09-17T18:13:59.981+0000] {processor.py:183} INFO - Processing /opt/airflow/dags/etl.py took 0.054 seconds
[2026-09-17T18:14:30.142+0000] {processor.py:161} INFO - Started process (PID=346) to work on /opt/airflow/dags/etl.py
[2026-09-17T18:14:30.145+0000] {processor.py:830} INFO - Processing file /opt/airflow/dags/etl.py for tasks to queue
[2026-09-17T18:14:30.148+0000] {logging_mixin.py:188} INFO - [2026-09-17T18:14:30.147+0000] {dagbag.py:545} INFO - Filling up the DagBag from /opt/airflow/dags/etl.py
[2026-09-17T18:14:30.163+0000] {logging_mixin.py:188} INFO - [2026-09-17T18:14:30.158+0000] {dagbag.py:452} ERROR - Failed to bag_dag: /opt/airflow/dags/etl.py
Traceback (most recent call last):
  File "/home/airflow/.local/lib/python3.11/site-packages/airflow/timetables/_cron.py", line 100, in validate
    croniter(self._expression)
  File "/home/airflow/.local/lib/python3.11/site-packages/croniter/croniter.py", line 187, in __init__
    self.expanded, self.nth_weekday_of_month = self.expand(expr_format, hash_id=hash_id)
                                               ^^^^^^^^^^^^^^^^^^^^^^^^^^^^^^^^^^^^^^^^^
  File "/home/airflow/.local/lib/python3.11/site-packages/croniter/croniter.py", line 821, in expand
    return cls._expand(expr_format, hash_id=hash_id)
           ^^^^^^^^^^^^^^^^^^^^^^^^^^^^^^^^^^^^^^^^^
  File "/home/airflow/.local/lib/python3.11/site-packages/croniter/croniter.py", line 659, in _expand
    raise CroniterBadCronError(cls.bad_length)
croniter.croniter.CroniterBadCronError: Exactly 5 or 6 columns has to be specified for iterator expression.

During handling of the above exception, another exception occurred:

Traceback (most recent call last):
  File "/home/airflow/.local/lib/python3.11/site-packages/airflow/models/dagbag.py", line 447, in _process_modules
    dag.validate()
  File "/home/airflow/.local/lib/python3.11/site-packages/airflow/models/dag.py", line 775, in validate
    self.timetable.validate()
  File "/home/airflow/.local/lib/python3.11/site-packages/airflow/timetables/_cron.py", line 102, in validate
    raise AirflowTimetableInvalid(str(e))
airflow.exceptions.AirflowTimetableInvalid: Exactly 5 or 6 columns has to be specified for iterator expression.
[2026-09-17T18:14:30.163+0000] {processor.py:842} WARNING - No viable dags retrieved from /opt/airflow/dags/etl.py
[2026-09-17T18:14:30.186+0000] {processor.py:183} INFO - Processing /opt/airflow/dags/etl.py took 0.055 seconds
[2026-09-17T18:15:00.351+0000] {processor.py:161} INFO - Started process (PID=347) to work on /opt/airflow/dags/etl.py
[2026-09-17T18:15:00.352+0000] {processor.py:830} INFO - Processing file /opt/airflow/dags/etl.py for tasks to queue
[2026-09-17T18:15:00.355+0000] {logging_mixin.py:188} INFO - [2026-09-17T18:15:00.354+0000] {dagbag.py:545} INFO - Filling up the DagBag from /opt/airflow/dags/etl.py
[2026-09-17T18:15:00.369+0000] {logging_mixin.py:188} INFO - [2026-09-17T18:15:00.364+0000] {dagbag.py:452} ERROR - Failed to bag_dag: /opt/airflow/dags/etl.py
Traceback (most recent call last):
  File "/home/airflow/.local/lib/python3.11/site-packages/airflow/timetables/_cron.py", line 100, in validate
    croniter(self._expression)
  File "/home/airflow/.local/lib/python3.11/site-packages/croniter/croniter.py", line 187, in __init__
    self.expanded, self.nth_weekday_of_month = self.expand(expr_format, hash_id=hash_id)
                                               ^^^^^^^^^^^^^^^^^^^^^^^^^^^^^^^^^^^^^^^^^
  File "/home/airflow/.local/lib/python3.11/site-packages/croniter/croniter.py", line 821, in expand
    return cls._expand(expr_format, hash_id=hash_id)
           ^^^^^^^^^^^^^^^^^^^^^^^^^^^^^^^^^^^^^^^^^
  File "/home/airflow/.local/lib/python3.11/site-packages/croniter/croniter.py", line 659, in _expand
    raise CroniterBadCronError(cls.bad_length)
croniter.croniter.CroniterBadCronError: Exactly 5 or 6 columns has to be specified for iterator expression.

During handling of the above exception, another exception occurred:

Traceback (most recent call last):
  File "/home/airflow/.local/lib/python3.11/site-packages/airflow/models/dagbag.py", line 447, in _process_modules
    dag.validate()
  File "/home/airflow/.local/lib/python3.11/site-packages/airflow/models/dag.py", line 775, in validate
    self.timetable.validate()
  File "/home/airflow/.local/lib/python3.11/site-packages/airflow/timetables/_cron.py", line 102, in validate
    raise AirflowTimetableInvalid(str(e))
airflow.exceptions.AirflowTimetableInvalid: Exactly 5 or 6 columns has to be specified for iterator expression.
[2026-09-17T18:15:00.370+0000] {processor.py:842} WARNING - No viable dags retrieved from /opt/airflow/dags/etl.py
[2026-09-17T18:15:00.392+0000] {processor.py:183} INFO - Processing /opt/airflow/dags/etl.py took 0.052 seconds
[2026-09-17T18:15:30.554+0000] {processor.py:161} INFO - Started process (PID=348) to work on /opt/airflow/dags/etl.py
[2026-09-17T18:15:30.557+0000] {processor.py:830} INFO - Processing file /opt/airflow/dags/etl.py for tasks to queue
[2026-09-17T18:15:30.560+0000] {logging_mixin.py:188} INFO - [2026-09-17T18:15:30.560+0000] {dagbag.py:545} INFO - Filling up the DagBag from /opt/airflow/dags/etl.py
[2026-09-17T18:15:30.576+0000] {logging_mixin.py:188} INFO - [2026-09-17T18:15:30.571+0000] {dagbag.py:452} ERROR - Failed to bag_dag: /opt/airflow/dags/etl.py
Traceback (most recent call last):
  File "/home/airflow/.local/lib/python3.11/site-packages/airflow/timetables/_cron.py", line 100, in validate
    croniter(self._expression)
  File "/home/airflow/.local/lib/python3.11/site-packages/croniter/croniter.py", line 187, in __init__
    self.expanded, self.nth_weekday_of_month = self.expand(expr_format, hash_id=hash_id)
                                               ^^^^^^^^^^^^^^^^^^^^^^^^^^^^^^^^^^^^^^^^^
  File "/home/airflow/.local/lib/python3.11/site-packages/croniter/croniter.py", line 821, in expand
    return cls._expand(expr_format, hash_id=hash_id)
           ^^^^^^^^^^^^^^^^^^^^^^^^^^^^^^^^^^^^^^^^^
  File "/home/airflow/.local/lib/python3.11/site-packages/croniter/croniter.py", line 659, in _expand
    raise CroniterBadCronError(cls.bad_length)
croniter.croniter.CroniterBadCronError: Exactly 5 or 6 columns has to be specified for iterator expression.

During handling of the above exception, another exception occurred:

Traceback (most recent call last):
  File "/home/airflow/.local/lib/python3.11/site-packages/airflow/models/dagbag.py", line 447, in _process_modules
    dag.validate()
  File "/home/airflow/.local/lib/python3.11/site-packages/airflow/models/dag.py", line 775, in validate
    self.timetable.validate()
  File "/home/airflow/.local/lib/python3.11/site-packages/airflow/timetables/_cron.py", line 102, in validate
    raise AirflowTimetableInvalid(str(e))
airflow.exceptions.AirflowTimetableInvalid: Exactly 5 or 6 columns has to be specified for iterator expression.
[2026-09-17T18:15:30.576+0000] {processor.py:842} WARNING - No viable dags retrieved from /opt/airflow/dags/etl.py
[2026-09-17T18:15:30.596+0000] {processor.py:183} INFO - Processing /opt/airflow/dags/etl.py took 0.052 seconds
[2026-09-17T18:16:00.759+0000] {processor.py:161} INFO - Started process (PID=349) to work on /opt/airflow/dags/etl.py
[2026-09-17T18:16:00.761+0000] {processor.py:830} INFO - Processing file /opt/airflow/dags/etl.py for tasks to queue
[2026-09-17T18:16:00.765+0000] {logging_mixin.py:188} INFO - [2026-09-17T18:16:00.764+0000] {dagbag.py:545} INFO - Filling up the DagBag from /opt/airflow/dags/etl.py
[2026-09-17T18:16:00.779+0000] {logging_mixin.py:188} INFO - [2026-09-17T18:16:00.774+0000] {dagbag.py:452} ERROR - Failed to bag_dag: /opt/airflow/dags/etl.py
Traceback (most recent call last):
  File "/home/airflow/.local/lib/python3.11/site-packages/airflow/timetables/_cron.py", line 100, in validate
    croniter(self._expression)
  File "/home/airflow/.local/lib/python3.11/site-packages/croniter/croniter.py", line 187, in __init__
    self.expanded, self.nth_weekday_of_month = self.expand(expr_format, hash_id=hash_id)
                                               ^^^^^^^^^^^^^^^^^^^^^^^^^^^^^^^^^^^^^^^^^
  File "/home/airflow/.local/lib/python3.11/site-packages/croniter/croniter.py", line 821, in expand
    return cls._expand(expr_format, hash_id=hash_id)
           ^^^^^^^^^^^^^^^^^^^^^^^^^^^^^^^^^^^^^^^^^
  File "/home/airflow/.local/lib/python3.11/site-packages/croniter/croniter.py", line 659, in _expand
    raise CroniterBadCronError(cls.bad_length)
croniter.croniter.CroniterBadCronError: Exactly 5 or 6 columns has to be specified for iterator expression.

During handling of the above exception, another exception occurred:

Traceback (most recent call last):
  File "/home/airflow/.local/lib/python3.11/site-packages/airflow/models/dagbag.py", line 447, in _process_modules
    dag.validate()
  File "/home/airflow/.local/lib/python3.11/site-packages/airflow/models/dag.py", line 775, in validate
    self.timetable.validate()
  File "/home/airflow/.local/lib/python3.11/site-packages/airflow/timetables/_cron.py", line 102, in validate
    raise AirflowTimetableInvalid(str(e))
airflow.exceptions.AirflowTimetableInvalid: Exactly 5 or 6 columns has to be specified for iterator expression.
[2026-09-17T18:16:00.779+0000] {processor.py:842} WARNING - No viable dags retrieved from /opt/airflow/dags/etl.py
[2026-09-17T18:16:00.803+0000] {processor.py:183} INFO - Processing /opt/airflow/dags/etl.py took 0.053 seconds
[2026-09-17T18:16:30.958+0000] {processor.py:161} INFO - Started process (PID=350) to work on /opt/airflow/dags/etl.py
[2026-09-17T18:16:30.962+0000] {processor.py:830} INFO - Processing file /opt/airflow/dags/etl.py for tasks to queue
[2026-09-17T18:16:30.964+0000] {logging_mixin.py:188} INFO - [2026-09-17T18:16:30.964+0000] {dagbag.py:545} INFO - Filling up the DagBag from /opt/airflow/dags/etl.py
[2026-09-17T18:16:30.979+0000] {logging_mixin.py:188} INFO - [2026-09-17T18:16:30.974+0000] {dagbag.py:452} ERROR - Failed to bag_dag: /opt/airflow/dags/etl.py
Traceback (most recent call last):
  File "/home/airflow/.local/lib/python3.11/site-packages/airflow/timetables/_cron.py", line 100, in validate
    croniter(self._expression)
  File "/home/airflow/.local/lib/python3.11/site-packages/croniter/croniter.py", line 187, in __init__
    self.expanded, self.nth_weekday_of_month = self.expand(expr_format, hash_id=hash_id)
                                               ^^^^^^^^^^^^^^^^^^^^^^^^^^^^^^^^^^^^^^^^^
  File "/home/airflow/.local/lib/python3.11/site-packages/croniter/croniter.py", line 821, in expand
    return cls._expand(expr_format, hash_id=hash_id)
           ^^^^^^^^^^^^^^^^^^^^^^^^^^^^^^^^^^^^^^^^^
  File "/home/airflow/.local/lib/python3.11/site-packages/croniter/croniter.py", line 659, in _expand
    raise CroniterBadCronError(cls.bad_length)
croniter.croniter.CroniterBadCronError: Exactly 5 or 6 columns has to be specified for iterator expression.

During handling of the above exception, another exception occurred:

Traceback (most recent call last):
  File "/home/airflow/.local/lib/python3.11/site-packages/airflow/models/dagbag.py", line 447, in _process_modules
    dag.validate()
  File "/home/airflow/.local/lib/python3.11/site-packages/airflow/models/dag.py", line 775, in validate
    self.timetable.validate()
  File "/home/airflow/.local/lib/python3.11/site-packages/airflow/timetables/_cron.py", line 102, in validate
    raise AirflowTimetableInvalid(str(e))
airflow.exceptions.AirflowTimetableInvalid: Exactly 5 or 6 columns has to be specified for iterator expression.
[2026-09-17T18:16:30.979+0000] {processor.py:842} WARNING - No viable dags retrieved from /opt/airflow/dags/etl.py
[2026-09-17T18:16:31.002+0000] {processor.py:183} INFO - Processing /opt/airflow/dags/etl.py took 0.054 seconds
[2026-09-17T18:17:01.161+0000] {processor.py:161} INFO - Started process (PID=351) to work on /opt/airflow/dags/etl.py
[2026-09-17T18:17:01.163+0000] {processor.py:830} INFO - Processing file /opt/airflow/dags/etl.py for tasks to queue
[2026-09-17T18:17:01.165+0000] {logging_mixin.py:188} INFO - [2026-09-17T18:17:01.165+0000] {dagbag.py:545} INFO - Filling up the DagBag from /opt/airflow/dags/etl.py
[2026-09-17T18:17:01.182+0000] {logging_mixin.py:188} INFO - [2026-09-17T18:17:01.177+0000] {dagbag.py:452} ERROR - Failed to bag_dag: /opt/airflow/dags/etl.py
Traceback (most recent call last):
  File "/home/airflow/.local/lib/python3.11/site-packages/airflow/timetables/_cron.py", line 100, in validate
    croniter(self._expression)
  File "/home/airflow/.local/lib/python3.11/site-packages/croniter/croniter.py", line 187, in __init__
    self.expanded, self.nth_weekday_of_month = self.expand(expr_format, hash_id=hash_id)
                                               ^^^^^^^^^^^^^^^^^^^^^^^^^^^^^^^^^^^^^^^^^
  File "/home/airflow/.local/lib/python3.11/site-packages/croniter/croniter.py", line 821, in expand
    return cls._expand(expr_format, hash_id=hash_id)
           ^^^^^^^^^^^^^^^^^^^^^^^^^^^^^^^^^^^^^^^^^
  File "/home/airflow/.local/lib/python3.11/site-packages/croniter/croniter.py", line 659, in _expand
    raise CroniterBadCronError(cls.bad_length)
croniter.croniter.CroniterBadCronError: Exactly 5 or 6 columns has to be specified for iterator expression.

During handling of the above exception, another exception occurred:

Traceback (most recent call last):
  File "/home/airflow/.local/lib/python3.11/site-packages/airflow/models/dagbag.py", line 447, in _process_modules
    dag.validate()
  File "/home/airflow/.local/lib/python3.11/site-packages/airflow/models/dag.py", line 775, in validate
    self.timetable.validate()
  File "/home/airflow/.local/lib/python3.11/site-packages/airflow/timetables/_cron.py", line 102, in validate
    raise AirflowTimetableInvalid(str(e))
airflow.exceptions.AirflowTimetableInvalid: Exactly 5 or 6 columns has to be specified for iterator expression.
[2026-09-17T18:17:01.182+0000] {processor.py:842} WARNING - No viable dags retrieved from /opt/airflow/dags/etl.py
[2026-09-17T18:17:01.207+0000] {processor.py:183} INFO - Processing /opt/airflow/dags/etl.py took 0.055 seconds
[2026-09-17T18:17:31.362+0000] {processor.py:161} INFO - Started process (PID=352) to work on /opt/airflow/dags/etl.py
[2026-09-17T18:17:31.365+0000] {processor.py:830} INFO - Processing file /opt/airflow/dags/etl.py for tasks to queue
[2026-09-17T18:17:31.368+0000] {logging_mixin.py:188} INFO - [2026-09-17T18:17:31.367+0000] {dagbag.py:545} INFO - Filling up the DagBag from /opt/airflow/dags/etl.py
[2026-09-17T18:17:31.382+0000] {logging_mixin.py:188} INFO - [2026-09-17T18:17:31.377+0000] {dagbag.py:452} ERROR - Failed to bag_dag: /opt/airflow/dags/etl.py
Traceback (most recent call last):
  File "/home/airflow/.local/lib/python3.11/site-packages/airflow/timetables/_cron.py", line 100, in validate
    croniter(self._expression)
  File "/home/airflow/.local/lib/python3.11/site-packages/croniter/croniter.py", line 187, in __init__
    self.expanded, self.nth_weekday_of_month = self.expand(expr_format, hash_id=hash_id)
                                               ^^^^^^^^^^^^^^^^^^^^^^^^^^^^^^^^^^^^^^^^^
  File "/home/airflow/.local/lib/python3.11/site-packages/croniter/croniter.py", line 821, in expand
    return cls._expand(expr_format, hash_id=hash_id)
           ^^^^^^^^^^^^^^^^^^^^^^^^^^^^^^^^^^^^^^^^^
  File "/home/airflow/.local/lib/python3.11/site-packages/croniter/croniter.py", line 659, in _expand
    raise CroniterBadCronError(cls.bad_length)
croniter.croniter.CroniterBadCronError: Exactly 5 or 6 columns has to be specified for iterator expression.

During handling of the above exception, another exception occurred:

Traceback (most recent call last):
  File "/home/airflow/.local/lib/python3.11/site-packages/airflow/models/dagbag.py", line 447, in _process_modules
    dag.validate()
  File "/home/airflow/.local/lib/python3.11/site-packages/airflow/models/dag.py", line 775, in validate
    self.timetable.validate()
  File "/home/airflow/.local/lib/python3.11/site-packages/airflow/timetables/_cron.py", line 102, in validate
    raise AirflowTimetableInvalid(str(e))
airflow.exceptions.AirflowTimetableInvalid: Exactly 5 or 6 columns has to be specified for iterator expression.
[2026-09-17T18:17:31.383+0000] {processor.py:842} WARNING - No viable dags retrieved from /opt/airflow/dags/etl.py
[2026-09-17T18:17:31.406+0000] {processor.py:183} INFO - Processing /opt/airflow/dags/etl.py took 0.055 seconds
[2026-09-17T18:18:01.566+0000] {processor.py:161} INFO - Started process (PID=353) to work on /opt/airflow/dags/etl.py
[2026-09-17T18:18:01.567+0000] {processor.py:830} INFO - Processing file /opt/airflow/dags/etl.py for tasks to queue
[2026-09-17T18:18:01.570+0000] {logging_mixin.py:188} INFO - [2026-09-17T18:18:01.570+0000] {dagbag.py:545} INFO - Filling up the DagBag from /opt/airflow/dags/etl.py
[2026-09-17T18:18:01.585+0000] {logging_mixin.py:188} INFO - [2026-09-17T18:18:01.580+0000] {dagbag.py:452} ERROR - Failed to bag_dag: /opt/airflow/dags/etl.py
Traceback (most recent call last):
  File "/home/airflow/.local/lib/python3.11/site-packages/airflow/timetables/_cron.py", line 100, in validate
    croniter(self._expression)
  File "/home/airflow/.local/lib/python3.11/site-packages/croniter/croniter.py", line 187, in __init__
    self.expanded, self.nth_weekday_of_month = self.expand(expr_format, hash_id=hash_id)
                                               ^^^^^^^^^^^^^^^^^^^^^^^^^^^^^^^^^^^^^^^^^
  File "/home/airflow/.local/lib/python3.11/site-packages/croniter/croniter.py", line 821, in expand
    return cls._expand(expr_format, hash_id=hash_id)
           ^^^^^^^^^^^^^^^^^^^^^^^^^^^^^^^^^^^^^^^^^
  File "/home/airflow/.local/lib/python3.11/site-packages/croniter/croniter.py", line 659, in _expand
    raise CroniterBadCronError(cls.bad_length)
croniter.croniter.CroniterBadCronError: Exactly 5 or 6 columns has to be specified for iterator expression.

During handling of the above exception, another exception occurred:

Traceback (most recent call last):
  File "/home/airflow/.local/lib/python3.11/site-packages/airflow/models/dagbag.py", line 447, in _process_modules
    dag.validate()
  File "/home/airflow/.local/lib/python3.11/site-packages/airflow/models/dag.py", line 775, in validate
    self.timetable.validate()
  File "/home/airflow/.local/lib/python3.11/site-packages/airflow/timetables/_cron.py", line 102, in validate
    raise AirflowTimetableInvalid(str(e))
airflow.exceptions.AirflowTimetableInvalid: Exactly 5 or 6 columns has to be specified for iterator expression.
[2026-09-17T18:18:01.585+0000] {processor.py:842} WARNING - No viable dags retrieved from /opt/airflow/dags/etl.py
[2026-09-17T18:18:01.608+0000] {processor.py:183} INFO - Processing /opt/airflow/dags/etl.py took 0.051 seconds
[2026-09-17T18:18:31.768+0000] {processor.py:161} INFO - Started process (PID=354) to work on /opt/airflow/dags/etl.py
[2026-09-17T18:18:31.771+0000] {processor.py:830} INFO - Processing file /opt/airflow/dags/etl.py for tasks to queue
[2026-09-17T18:18:31.774+0000] {logging_mixin.py:188} INFO - [2026-09-17T18:18:31.773+0000] {dagbag.py:545} INFO - Filling up the DagBag from /opt/airflow/dags/etl.py
[2026-09-17T18:18:31.789+0000] {logging_mixin.py:188} INFO - [2026-09-17T18:18:31.785+0000] {dagbag.py:452} ERROR - Failed to bag_dag: /opt/airflow/dags/etl.py
Traceback (most recent call last):
  File "/home/airflow/.local/lib/python3.11/site-packages/airflow/timetables/_cron.py", line 100, in validate
    croniter(self._expression)
  File "/home/airflow/.local/lib/python3.11/site-packages/croniter/croniter.py", line 187, in __init__
    self.expanded, self.nth_weekday_of_month = self.expand(expr_format, hash_id=hash_id)
                                               ^^^^^^^^^^^^^^^^^^^^^^^^^^^^^^^^^^^^^^^^^
  File "/home/airflow/.local/lib/python3.11/site-packages/croniter/croniter.py", line 821, in expand
    return cls._expand(expr_format, hash_id=hash_id)
           ^^^^^^^^^^^^^^^^^^^^^^^^^^^^^^^^^^^^^^^^^
  File "/home/airflow/.local/lib/python3.11/site-packages/croniter/croniter.py", line 659, in _expand
    raise CroniterBadCronError(cls.bad_length)
croniter.croniter.CroniterBadCronError: Exactly 5 or 6 columns has to be specified for iterator expression.

During handling of the above exception, another exception occurred:

Traceback (most recent call last):
  File "/home/airflow/.local/lib/python3.11/site-packages/airflow/models/dagbag.py", line 447, in _process_modules
    dag.validate()
  File "/home/airflow/.local/lib/python3.11/site-packages/airflow/models/dag.py", line 775, in validate
    self.timetable.validate()
  File "/home/airflow/.local/lib/python3.11/site-packages/airflow/timetables/_cron.py", line 102, in validate
    raise AirflowTimetableInvalid(str(e))
airflow.exceptions.AirflowTimetableInvalid: Exactly 5 or 6 columns has to be specified for iterator expression.
[2026-09-17T18:18:31.790+0000] {processor.py:842} WARNING - No viable dags retrieved from /opt/airflow/dags/etl.py
[2026-09-17T18:18:31.814+0000] {processor.py:183} INFO - Processing /opt/airflow/dags/etl.py took 0.056 seconds
[2026-09-17T18:19:01.970+0000] {processor.py:161} INFO - Started process (PID=355) to work on /opt/airflow/dags/etl.py
[2026-09-17T18:19:01.971+0000] {processor.py:830} INFO - Processing file /opt/airflow/dags/etl.py for tasks to queue
[2026-09-17T18:19:01.974+0000] {logging_mixin.py:188} INFO - [2026-09-17T18:19:01.974+0000] {dagbag.py:545} INFO - Filling up the DagBag from /opt/airflow/dags/etl.py
[2026-09-17T18:19:01.988+0000] {logging_mixin.py:188} INFO - [2026-09-17T18:19:01.983+0000] {dagbag.py:452} ERROR - Failed to bag_dag: /opt/airflow/dags/etl.py
Traceback (most recent call last):
  File "/home/airflow/.local/lib/python3.11/site-packages/airflow/timetables/_cron.py", line 100, in validate
    croniter(self._expression)
  File "/home/airflow/.local/lib/python3.11/site-packages/croniter/croniter.py", line 187, in __init__
    self.expanded, self.nth_weekday_of_month = self.expand(expr_format, hash_id=hash_id)
                                               ^^^^^^^^^^^^^^^^^^^^^^^^^^^^^^^^^^^^^^^^^
  File "/home/airflow/.local/lib/python3.11/site-packages/croniter/croniter.py", line 821, in expand
    return cls._expand(expr_format, hash_id=hash_id)
           ^^^^^^^^^^^^^^^^^^^^^^^^^^^^^^^^^^^^^^^^^
  File "/home/airflow/.local/lib/python3.11/site-packages/croniter/croniter.py", line 659, in _expand
    raise CroniterBadCronError(cls.bad_length)
croniter.croniter.CroniterBadCronError: Exactly 5 or 6 columns has to be specified for iterator expression.

During handling of the above exception, another exception occurred:

Traceback (most recent call last):
  File "/home/airflow/.local/lib/python3.11/site-packages/airflow/models/dagbag.py", line 447, in _process_modules
    dag.validate()
  File "/home/airflow/.local/lib/python3.11/site-packages/airflow/models/dag.py", line 775, in validate
    self.timetable.validate()
  File "/home/airflow/.local/lib/python3.11/site-packages/airflow/timetables/_cron.py", line 102, in validate
    raise AirflowTimetableInvalid(str(e))
airflow.exceptions.AirflowTimetableInvalid: Exactly 5 or 6 columns has to be specified for iterator expression.
[2026-09-17T18:19:01.988+0000] {processor.py:842} WARNING - No viable dags retrieved from /opt/airflow/dags/etl.py
[2026-09-17T18:19:02.007+0000] {processor.py:183} INFO - Processing /opt/airflow/dags/etl.py took 0.048 seconds
[2026-09-17T18:19:32.170+0000] {processor.py:161} INFO - Started process (PID=356) to work on /opt/airflow/dags/etl.py
[2026-09-17T18:19:32.173+0000] {processor.py:830} INFO - Processing file /opt/airflow/dags/etl.py for tasks to queue
[2026-09-17T18:19:32.176+0000] {logging_mixin.py:188} INFO - [2026-09-17T18:19:32.176+0000] {dagbag.py:545} INFO - Filling up the DagBag from /opt/airflow/dags/etl.py
[2026-09-17T18:19:32.191+0000] {logging_mixin.py:188} INFO - [2026-09-17T18:19:32.187+0000] {dagbag.py:452} ERROR - Failed to bag_dag: /opt/airflow/dags/etl.py
Traceback (most recent call last):
  File "/home/airflow/.local/lib/python3.11/site-packages/airflow/timetables/_cron.py", line 100, in validate
    croniter(self._expression)
  File "/home/airflow/.local/lib/python3.11/site-packages/croniter/croniter.py", line 187, in __init__
    self.expanded, self.nth_weekday_of_month = self.expand(expr_format, hash_id=hash_id)
                                               ^^^^^^^^^^^^^^^^^^^^^^^^^^^^^^^^^^^^^^^^^
  File "/home/airflow/.local/lib/python3.11/site-packages/croniter/croniter.py", line 821, in expand
    return cls._expand(expr_format, hash_id=hash_id)
           ^^^^^^^^^^^^^^^^^^^^^^^^^^^^^^^^^^^^^^^^^
  File "/home/airflow/.local/lib/python3.11/site-packages/croniter/croniter.py", line 659, in _expand
    raise CroniterBadCronError(cls.bad_length)
croniter.croniter.CroniterBadCronError: Exactly 5 or 6 columns has to be specified for iterator expression.

During handling of the above exception, another exception occurred:

Traceback (most recent call last):
  File "/home/airflow/.local/lib/python3.11/site-packages/airflow/models/dagbag.py", line 447, in _process_modules
    dag.validate()
  File "/home/airflow/.local/lib/python3.11/site-packages/airflow/models/dag.py", line 775, in validate
    self.timetable.validate()
  File "/home/airflow/.local/lib/python3.11/site-packages/airflow/timetables/_cron.py", line 102, in validate
    raise AirflowTimetableInvalid(str(e))
airflow.exceptions.AirflowTimetableInvalid: Exactly 5 or 6 columns has to be specified for iterator expression.
[2026-09-17T18:19:32.192+0000] {processor.py:842} WARNING - No viable dags retrieved from /opt/airflow/dags/etl.py
[2026-09-17T18:19:32.215+0000] {processor.py:183} INFO - Processing /opt/airflow/dags/etl.py took 0.054 seconds
[2026-09-17T18:20:02.372+0000] {processor.py:161} INFO - Started process (PID=357) to work on /opt/airflow/dags/etl.py
[2026-09-17T18:20:02.375+0000] {processor.py:830} INFO - Processing file /opt/airflow/dags/etl.py for tasks to queue
[2026-09-17T18:20:02.378+0000] {logging_mixin.py:188} INFO - [2026-09-17T18:20:02.377+0000] {dagbag.py:545} INFO - Filling up the DagBag from /opt/airflow/dags/etl.py
[2026-09-17T18:20:02.392+0000] {logging_mixin.py:188} INFO - [2026-09-17T18:20:02.387+0000] {dagbag.py:452} ERROR - Failed to bag_dag: /opt/airflow/dags/etl.py
Traceback (most recent call last):
  File "/home/airflow/.local/lib/python3.11/site-packages/airflow/timetables/_cron.py", line 100, in validate
    croniter(self._expression)
  File "/home/airflow/.local/lib/python3.11/site-packages/croniter/croniter.py", line 187, in __init__
    self.expanded, self.nth_weekday_of_month = self.expand(expr_format, hash_id=hash_id)
                                               ^^^^^^^^^^^^^^^^^^^^^^^^^^^^^^^^^^^^^^^^^
  File "/home/airflow/.local/lib/python3.11/site-packages/croniter/croniter.py", line 821, in expand
    return cls._expand(expr_format, hash_id=hash_id)
           ^^^^^^^^^^^^^^^^^^^^^^^^^^^^^^^^^^^^^^^^^
  File "/home/airflow/.local/lib/python3.11/site-packages/croniter/croniter.py", line 659, in _expand
    raise CroniterBadCronError(cls.bad_length)
croniter.croniter.CroniterBadCronError: Exactly 5 or 6 columns has to be specified for iterator expression.

During handling of the above exception, another exception occurred:

Traceback (most recent call last):
  File "/home/airflow/.local/lib/python3.11/site-packages/airflow/models/dagbag.py", line 447, in _process_modules
    dag.validate()
  File "/home/airflow/.local/lib/python3.11/site-packages/airflow/models/dag.py", line 775, in validate
    self.timetable.validate()
  File "/home/airflow/.local/lib/python3.11/site-packages/airflow/timetables/_cron.py", line 102, in validate
    raise AirflowTimetableInvalid(str(e))
airflow.exceptions.AirflowTimetableInvalid: Exactly 5 or 6 columns has to be specified for iterator expression.
[2026-09-17T18:20:02.392+0000] {processor.py:842} WARNING - No viable dags retrieved from /opt/airflow/dags/etl.py
[2026-09-17T18:20:02.416+0000] {processor.py:183} INFO - Processing /opt/airflow/dags/etl.py took 0.055 seconds
[2026-09-17T18:20:32.571+0000] {processor.py:161} INFO - Started process (PID=358) to work on /opt/airflow/dags/etl.py
[2026-09-17T18:20:32.572+0000] {processor.py:830} INFO - Processing file /opt/airflow/dags/etl.py for tasks to queue
[2026-09-17T18:20:32.575+0000] {logging_mixin.py:188} INFO - [2026-09-17T18:20:32.575+0000] {dagbag.py:545} INFO - Filling up the DagBag from /opt/airflow/dags/etl.py
[2026-09-17T18:20:32.591+0000] {logging_mixin.py:188} INFO - [2026-09-17T18:20:32.586+0000] {dagbag.py:452} ERROR - Failed to bag_dag: /opt/airflow/dags/etl.py
Traceback (most recent call last):
  File "/home/airflow/.local/lib/python3.11/site-packages/airflow/timetables/_cron.py", line 100, in validate
    croniter(self._expression)
  File "/home/airflow/.local/lib/python3.11/site-packages/croniter/croniter.py", line 187, in __init__
    self.expanded, self.nth_weekday_of_month = self.expand(expr_format, hash_id=hash_id)
                                               ^^^^^^^^^^^^^^^^^^^^^^^^^^^^^^^^^^^^^^^^^
  File "/home/airflow/.local/lib/python3.11/site-packages/croniter/croniter.py", line 821, in expand
    return cls._expand(expr_format, hash_id=hash_id)
           ^^^^^^^^^^^^^^^^^^^^^^^^^^^^^^^^^^^^^^^^^
  File "/home/airflow/.local/lib/python3.11/site-packages/croniter/croniter.py", line 659, in _expand
    raise CroniterBadCronError(cls.bad_length)
croniter.croniter.CroniterBadCronError: Exactly 5 or 6 columns has to be specified for iterator expression.

During handling of the above exception, another exception occurred:

Traceback (most recent call last):
  File "/home/airflow/.local/lib/python3.11/site-packages/airflow/models/dagbag.py", line 447, in _process_modules
    dag.validate()
  File "/home/airflow/.local/lib/python3.11/site-packages/airflow/models/dag.py", line 775, in validate
    self.timetable.validate()
  File "/home/airflow/.local/lib/python3.11/site-packages/airflow/timetables/_cron.py", line 102, in validate
    raise AirflowTimetableInvalid(str(e))
airflow.exceptions.AirflowTimetableInvalid: Exactly 5 or 6 columns has to be specified for iterator expression.
[2026-09-17T18:20:32.591+0000] {processor.py:842} WARNING - No viable dags retrieved from /opt/airflow/dags/etl.py
[2026-09-17T18:20:32.615+0000] {processor.py:183} INFO - Processing /opt/airflow/dags/etl.py took 0.054 seconds
[2026-09-17T18:21:02.686+0000] {processor.py:161} INFO - Started process (PID=359) to work on /opt/airflow/dags/etl.py
[2026-09-17T18:21:02.689+0000] {processor.py:830} INFO - Processing file /opt/airflow/dags/etl.py for tasks to queue
[2026-09-17T18:21:02.693+0000] {logging_mixin.py:188} INFO - [2026-09-17T18:21:02.693+0000] {dagbag.py:545} INFO - Filling up the DagBag from /opt/airflow/dags/etl.py
[2026-09-17T18:21:02.708+0000] {logging_mixin.py:188} INFO - [2026-09-17T18:21:02.703+0000] {dagbag.py:452} ERROR - Failed to bag_dag: /opt/airflow/dags/etl.py
Traceback (most recent call last):
  File "/home/airflow/.local/lib/python3.11/site-packages/airflow/timetables/_cron.py", line 100, in validate
    croniter(self._expression)
  File "/home/airflow/.local/lib/python3.11/site-packages/croniter/croniter.py", line 187, in __init__
    self.expanded, self.nth_weekday_of_month = self.expand(expr_format, hash_id=hash_id)
                                               ^^^^^^^^^^^^^^^^^^^^^^^^^^^^^^^^^^^^^^^^^
  File "/home/airflow/.local/lib/python3.11/site-packages/croniter/croniter.py", line 821, in expand
    return cls._expand(expr_format, hash_id=hash_id)
           ^^^^^^^^^^^^^^^^^^^^^^^^^^^^^^^^^^^^^^^^^
  File "/home/airflow/.local/lib/python3.11/site-packages/croniter/croniter.py", line 659, in _expand
    raise CroniterBadCronError(cls.bad_length)
croniter.croniter.CroniterBadCronError: Exactly 5 or 6 columns has to be specified for iterator expression.

During handling of the above exception, another exception occurred:

Traceback (most recent call last):
  File "/home/airflow/.local/lib/python3.11/site-packages/airflow/models/dagbag.py", line 447, in _process_modules
    dag.validate()
  File "/home/airflow/.local/lib/python3.11/site-packages/airflow/models/dag.py", line 775, in validate
    self.timetable.validate()
  File "/home/airflow/.local/lib/python3.11/site-packages/airflow/timetables/_cron.py", line 102, in validate
    raise AirflowTimetableInvalid(str(e))
airflow.exceptions.AirflowTimetableInvalid: Exactly 5 or 6 columns has to be specified for iterator expression.
[2026-09-17T18:21:02.708+0000] {processor.py:842} WARNING - No viable dags retrieved from /opt/airflow/dags/etl.py
[2026-09-17T18:21:02.732+0000] {processor.py:183} INFO - Processing /opt/airflow/dags/etl.py took 0.055 seconds
[2026-09-17T18:21:32.902+0000] {processor.py:161} INFO - Started process (PID=360) to work on /opt/airflow/dags/etl.py
[2026-09-17T18:21:32.903+0000] {processor.py:830} INFO - Processing file /opt/airflow/dags/etl.py for tasks to queue
[2026-09-17T18:21:32.906+0000] {logging_mixin.py:188} INFO - [2026-09-17T18:21:32.905+0000] {dagbag.py:545} INFO - Filling up the DagBag from /opt/airflow/dags/etl.py
[2026-09-17T18:21:32.923+0000] {logging_mixin.py:188} INFO - [2026-09-17T18:21:32.918+0000] {dagbag.py:452} ERROR - Failed to bag_dag: /opt/airflow/dags/etl.py
Traceback (most recent call last):
  File "/home/airflow/.local/lib/python3.11/site-packages/airflow/timetables/_cron.py", line 100, in validate
    croniter(self._expression)
  File "/home/airflow/.local/lib/python3.11/site-packages/croniter/croniter.py", line 187, in __init__
    self.expanded, self.nth_weekday_of_month = self.expand(expr_format, hash_id=hash_id)
                                               ^^^^^^^^^^^^^^^^^^^^^^^^^^^^^^^^^^^^^^^^^
  File "/home/airflow/.local/lib/python3.11/site-packages/croniter/croniter.py", line 821, in expand
    return cls._expand(expr_format, hash_id=hash_id)
           ^^^^^^^^^^^^^^^^^^^^^^^^^^^^^^^^^^^^^^^^^
  File "/home/airflow/.local/lib/python3.11/site-packages/croniter/croniter.py", line 659, in _expand
    raise CroniterBadCronError(cls.bad_length)
croniter.croniter.CroniterBadCronError: Exactly 5 or 6 columns has to be specified for iterator expression.

During handling of the above exception, another exception occurred:

Traceback (most recent call last):
  File "/home/airflow/.local/lib/python3.11/site-packages/airflow/models/dagbag.py", line 447, in _process_modules
    dag.validate()
  File "/home/airflow/.local/lib/python3.11/site-packages/airflow/models/dag.py", line 775, in validate
    self.timetable.validate()
  File "/home/airflow/.local/lib/python3.11/site-packages/airflow/timetables/_cron.py", line 102, in validate
    raise AirflowTimetableInvalid(str(e))
airflow.exceptions.AirflowTimetableInvalid: Exactly 5 or 6 columns has to be specified for iterator expression.
[2026-09-17T18:21:32.923+0000] {processor.py:842} WARNING - No viable dags retrieved from /opt/airflow/dags/etl.py
[2026-09-17T18:21:32.947+0000] {processor.py:183} INFO - Processing /opt/airflow/dags/etl.py took 0.055 seconds
[2026-09-17T18:22:03.110+0000] {processor.py:161} INFO - Started process (PID=361) to work on /opt/airflow/dags/etl.py
[2026-09-17T18:22:03.113+0000] {processor.py:830} INFO - Processing file /opt/airflow/dags/etl.py for tasks to queue
[2026-09-17T18:22:03.116+0000] {logging_mixin.py:188} INFO - [2026-09-17T18:22:03.115+0000] {dagbag.py:545} INFO - Filling up the DagBag from /opt/airflow/dags/etl.py
[2026-09-17T18:22:03.133+0000] {logging_mixin.py:188} INFO - [2026-09-17T18:22:03.128+0000] {dagbag.py:452} ERROR - Failed to bag_dag: /opt/airflow/dags/etl.py
Traceback (most recent call last):
  File "/home/airflow/.local/lib/python3.11/site-packages/airflow/timetables/_cron.py", line 100, in validate
    croniter(self._expression)
  File "/home/airflow/.local/lib/python3.11/site-packages/croniter/croniter.py", line 187, in __init__
    self.expanded, self.nth_weekday_of_month = self.expand(expr_format, hash_id=hash_id)
                                               ^^^^^^^^^^^^^^^^^^^^^^^^^^^^^^^^^^^^^^^^^
  File "/home/airflow/.local/lib/python3.11/site-packages/croniter/croniter.py", line 821, in expand
    return cls._expand(expr_format, hash_id=hash_id)
           ^^^^^^^^^^^^^^^^^^^^^^^^^^^^^^^^^^^^^^^^^
  File "/home/airflow/.local/lib/python3.11/site-packages/croniter/croniter.py", line 659, in _expand
    raise CroniterBadCronError(cls.bad_length)
croniter.croniter.CroniterBadCronError: Exactly 5 or 6 columns has to be specified for iterator expression.

During handling of the above exception, another exception occurred:

Traceback (most recent call last):
  File "/home/airflow/.local/lib/python3.11/site-packages/airflow/models/dagbag.py", line 447, in _process_modules
    dag.validate()
  File "/home/airflow/.local/lib/python3.11/site-packages/airflow/models/dag.py", line 775, in validate
    self.timetable.validate()
  File "/home/airflow/.local/lib/python3.11/site-packages/airflow/timetables/_cron.py", line 102, in validate
    raise AirflowTimetableInvalid(str(e))
airflow.exceptions.AirflowTimetableInvalid: Exactly 5 or 6 columns has to be specified for iterator expression.
[2026-09-17T18:22:03.133+0000] {processor.py:842} WARNING - No viable dags retrieved from /opt/airflow/dags/etl.py
[2026-09-17T18:22:03.157+0000] {processor.py:183} INFO - Processing /opt/airflow/dags/etl.py took 0.057 seconds
[2026-09-17T18:22:33.312+0000] {processor.py:161} INFO - Started process (PID=362) to work on /opt/airflow/dags/etl.py
[2026-09-17T18:22:33.313+0000] {processor.py:830} INFO - Processing file /opt/airflow/dags/etl.py for tasks to queue
[2026-09-17T18:22:33.316+0000] {logging_mixin.py:188} INFO - [2026-09-17T18:22:33.315+0000] {dagbag.py:545} INFO - Filling up the DagBag from /opt/airflow/dags/etl.py
[2026-09-17T18:22:33.330+0000] {logging_mixin.py:188} INFO - [2026-09-17T18:22:33.325+0000] {dagbag.py:452} ERROR - Failed to bag_dag: /opt/airflow/dags/etl.py
Traceback (most recent call last):
  File "/home/airflow/.local/lib/python3.11/site-packages/airflow/timetables/_cron.py", line 100, in validate
    croniter(self._expression)
  File "/home/airflow/.local/lib/python3.11/site-packages/croniter/croniter.py", line 187, in __init__
    self.expanded, self.nth_weekday_of_month = self.expand(expr_format, hash_id=hash_id)
                                               ^^^^^^^^^^^^^^^^^^^^^^^^^^^^^^^^^^^^^^^^^
  File "/home/airflow/.local/lib/python3.11/site-packages/croniter/croniter.py", line 821, in expand
    return cls._expand(expr_format, hash_id=hash_id)
           ^^^^^^^^^^^^^^^^^^^^^^^^^^^^^^^^^^^^^^^^^
  File "/home/airflow/.local/lib/python3.11/site-packages/croniter/croniter.py", line 659, in _expand
    raise CroniterBadCronError(cls.bad_length)
croniter.croniter.CroniterBadCronError: Exactly 5 or 6 columns has to be specified for iterator expression.

During handling of the above exception, another exception occurred:

Traceback (most recent call last):
  File "/home/airflow/.local/lib/python3.11/site-packages/airflow/models/dagbag.py", line 447, in _process_modules
    dag.validate()
  File "/home/airflow/.local/lib/python3.11/site-packages/airflow/models/dag.py", line 775, in validate
    self.timetable.validate()
  File "/home/airflow/.local/lib/python3.11/site-packages/airflow/timetables/_cron.py", line 102, in validate
    raise AirflowTimetableInvalid(str(e))
airflow.exceptions.AirflowTimetableInvalid: Exactly 5 or 6 columns has to be specified for iterator expression.
[2026-09-17T18:22:33.331+0000] {processor.py:842} WARNING - No viable dags retrieved from /opt/airflow/dags/etl.py
[2026-09-17T18:22:33.354+0000] {processor.py:183} INFO - Processing /opt/airflow/dags/etl.py took 0.053 seconds
[2026-09-17T18:23:03.520+0000] {processor.py:161} INFO - Started process (PID=363) to work on /opt/airflow/dags/etl.py
[2026-09-17T18:23:03.523+0000] {processor.py:830} INFO - Processing file /opt/airflow/dags/etl.py for tasks to queue
[2026-09-17T18:23:03.526+0000] {logging_mixin.py:188} INFO - [2026-09-17T18:23:03.525+0000] {dagbag.py:545} INFO - Filling up the DagBag from /opt/airflow/dags/etl.py
[2026-09-17T18:23:03.541+0000] {logging_mixin.py:188} INFO - [2026-09-17T18:23:03.536+0000] {dagbag.py:452} ERROR - Failed to bag_dag: /opt/airflow/dags/etl.py
Traceback (most recent call last):
  File "/home/airflow/.local/lib/python3.11/site-packages/airflow/timetables/_cron.py", line 100, in validate
    croniter(self._expression)
  File "/home/airflow/.local/lib/python3.11/site-packages/croniter/croniter.py", line 187, in __init__
    self.expanded, self.nth_weekday_of_month = self.expand(expr_format, hash_id=hash_id)
                                               ^^^^^^^^^^^^^^^^^^^^^^^^^^^^^^^^^^^^^^^^^
  File "/home/airflow/.local/lib/python3.11/site-packages/croniter/croniter.py", line 821, in expand
    return cls._expand(expr_format, hash_id=hash_id)
           ^^^^^^^^^^^^^^^^^^^^^^^^^^^^^^^^^^^^^^^^^
  File "/home/airflow/.local/lib/python3.11/site-packages/croniter/croniter.py", line 659, in _expand
    raise CroniterBadCronError(cls.bad_length)
croniter.croniter.CroniterBadCronError: Exactly 5 or 6 columns has to be specified for iterator expression.

During handling of the above exception, another exception occurred:

Traceback (most recent call last):
  File "/home/airflow/.local/lib/python3.11/site-packages/airflow/models/dagbag.py", line 447, in _process_modules
    dag.validate()
  File "/home/airflow/.local/lib/python3.11/site-packages/airflow/models/dag.py", line 775, in validate
    self.timetable.validate()
  File "/home/airflow/.local/lib/python3.11/site-packages/airflow/timetables/_cron.py", line 102, in validate
    raise AirflowTimetableInvalid(str(e))
airflow.exceptions.AirflowTimetableInvalid: Exactly 5 or 6 columns has to be specified for iterator expression.
[2026-09-17T18:23:03.542+0000] {processor.py:842} WARNING - No viable dags retrieved from /opt/airflow/dags/etl.py
[2026-09-17T18:23:03.564+0000] {processor.py:183} INFO - Processing /opt/airflow/dags/etl.py took 0.054 seconds
[2026-09-17T18:23:33.706+0000] {processor.py:161} INFO - Started process (PID=364) to work on /opt/airflow/dags/etl.py
[2026-09-17T18:23:33.707+0000] {processor.py:830} INFO - Processing file /opt/airflow/dags/etl.py for tasks to queue
[2026-09-17T18:23:33.709+0000] {logging_mixin.py:188} INFO - [2026-09-17T18:23:33.709+0000] {dagbag.py:545} INFO - Filling up the DagBag from /opt/airflow/dags/etl.py
[2026-09-17T18:23:33.716+0000] {logging_mixin.py:188} INFO - [2026-09-17T18:23:33.714+0000] {dagbag.py:452} ERROR - Failed to bag_dag: /opt/airflow/dags/etl.py
Traceback (most recent call last):
  File "/home/airflow/.local/lib/python3.11/site-packages/airflow/timetables/_cron.py", line 100, in validate
    croniter(self._expression)
  File "/home/airflow/.local/lib/python3.11/site-packages/croniter/croniter.py", line 187, in __init__
    self.expanded, self.nth_weekday_of_month = self.expand(expr_format, hash_id=hash_id)
                                               ^^^^^^^^^^^^^^^^^^^^^^^^^^^^^^^^^^^^^^^^^
  File "/home/airflow/.local/lib/python3.11/site-packages/croniter/croniter.py", line 821, in expand
    return cls._expand(expr_format, hash_id=hash_id)
           ^^^^^^^^^^^^^^^^^^^^^^^^^^^^^^^^^^^^^^^^^
  File "/home/airflow/.local/lib/python3.11/site-packages/croniter/croniter.py", line 659, in _expand
    raise CroniterBadCronError(cls.bad_length)
croniter.croniter.CroniterBadCronError: Exactly 5 or 6 columns has to be specified for iterator expression.

During handling of the above exception, another exception occurred:

Traceback (most recent call last):
  File "/home/airflow/.local/lib/python3.11/site-packages/airflow/models/dagbag.py", line 447, in _process_modules
    dag.validate()
  File "/home/airflow/.local/lib/python3.11/site-packages/airflow/models/dag.py", line 775, in validate
    self.timetable.validate()
  File "/home/airflow/.local/lib/python3.11/site-packages/airflow/timetables/_cron.py", line 102, in validate
    raise AirflowTimetableInvalid(str(e))
airflow.exceptions.AirflowTimetableInvalid: Exactly 5 or 6 columns has to be specified for iterator expression.
[2026-09-17T18:23:33.716+0000] {processor.py:842} WARNING - No viable dags retrieved from /opt/airflow/dags/etl.py
[2026-09-17T18:23:33.730+0000] {processor.py:183} INFO - Processing /opt/airflow/dags/etl.py took 0.028 seconds
[2026-09-17T18:24:03.852+0000] {processor.py:161} INFO - Started process (PID=365) to work on /opt/airflow/dags/etl.py
[2026-09-17T18:24:03.855+0000] {processor.py:830} INFO - Processing file /opt/airflow/dags/etl.py for tasks to queue
[2026-09-17T18:24:03.858+0000] {logging_mixin.py:188} INFO - [2026-09-17T18:24:03.857+0000] {dagbag.py:545} INFO - Filling up the DagBag from /opt/airflow/dags/etl.py
[2026-09-17T18:24:03.874+0000] {logging_mixin.py:188} INFO - [2026-09-17T18:24:03.868+0000] {dagbag.py:452} ERROR - Failed to bag_dag: /opt/airflow/dags/etl.py
Traceback (most recent call last):
  File "/home/airflow/.local/lib/python3.11/site-packages/airflow/timetables/_cron.py", line 100, in validate
    croniter(self._expression)
  File "/home/airflow/.local/lib/python3.11/site-packages/croniter/croniter.py", line 187, in __init__
    self.expanded, self.nth_weekday_of_month = self.expand(expr_format, hash_id=hash_id)
                                               ^^^^^^^^^^^^^^^^^^^^^^^^^^^^^^^^^^^^^^^^^
  File "/home/airflow/.local/lib/python3.11/site-packages/croniter/croniter.py", line 821, in expand
    return cls._expand(expr_format, hash_id=hash_id)
           ^^^^^^^^^^^^^^^^^^^^^^^^^^^^^^^^^^^^^^^^^
  File "/home/airflow/.local/lib/python3.11/site-packages/croniter/croniter.py", line 659, in _expand
    raise CroniterBadCronError(cls.bad_length)
croniter.croniter.CroniterBadCronError: Exactly 5 or 6 columns has to be specified for iterator expression.

During handling of the above exception, another exception occurred:

Traceback (most recent call last):
  File "/home/airflow/.local/lib/python3.11/site-packages/airflow/models/dagbag.py", line 447, in _process_modules
    dag.validate()
  File "/home/airflow/.local/lib/python3.11/site-packages/airflow/models/dag.py", line 775, in validate
    self.timetable.validate()
  File "/home/airflow/.local/lib/python3.11/site-packages/airflow/timetables/_cron.py", line 102, in validate
    raise AirflowTimetableInvalid(str(e))
airflow.exceptions.AirflowTimetableInvalid: Exactly 5 or 6 columns has to be specified for iterator expression.
[2026-09-17T18:24:03.875+0000] {processor.py:842} WARNING - No viable dags retrieved from /opt/airflow/dags/etl.py
[2026-09-17T18:24:03.898+0000] {processor.py:183} INFO - Processing /opt/airflow/dags/etl.py took 0.057 seconds
[2026-09-17T18:24:34.054+0000] {processor.py:161} INFO - Started process (PID=366) to work on /opt/airflow/dags/etl.py
[2026-09-17T18:24:34.055+0000] {processor.py:830} INFO - Processing file /opt/airflow/dags/etl.py for tasks to queue
[2026-09-17T18:24:34.058+0000] {logging_mixin.py:188} INFO - [2026-09-17T18:24:34.058+0000] {dagbag.py:545} INFO - Filling up the DagBag from /opt/airflow/dags/etl.py
[2026-09-17T18:24:34.074+0000] {logging_mixin.py:188} INFO - [2026-09-17T18:24:34.069+0000] {dagbag.py:452} ERROR - Failed to bag_dag: /opt/airflow/dags/etl.py
Traceback (most recent call last):
  File "/home/airflow/.local/lib/python3.11/site-packages/airflow/timetables/_cron.py", line 100, in validate
    croniter(self._expression)
  File "/home/airflow/.local/lib/python3.11/site-packages/croniter/croniter.py", line 187, in __init__
    self.expanded, self.nth_weekday_of_month = self.expand(expr_format, hash_id=hash_id)
                                               ^^^^^^^^^^^^^^^^^^^^^^^^^^^^^^^^^^^^^^^^^
  File "/home/airflow/.local/lib/python3.11/site-packages/croniter/croniter.py", line 821, in expand
    return cls._expand(expr_format, hash_id=hash_id)
           ^^^^^^^^^^^^^^^^^^^^^^^^^^^^^^^^^^^^^^^^^
  File "/home/airflow/.local/lib/python3.11/site-packages/croniter/croniter.py", line 659, in _expand
    raise CroniterBadCronError(cls.bad_length)
croniter.croniter.CroniterBadCronError: Exactly 5 or 6 columns has to be specified for iterator expression.

During handling of the above exception, another exception occurred:

Traceback (most recent call last):
  File "/home/airflow/.local/lib/python3.11/site-packages/airflow/models/dagbag.py", line 447, in _process_modules
    dag.validate()
  File "/home/airflow/.local/lib/python3.11/site-packages/airflow/models/dag.py", line 775, in validate
    self.timetable.validate()
  File "/home/airflow/.local/lib/python3.11/site-packages/airflow/timetables/_cron.py", line 102, in validate
    raise AirflowTimetableInvalid(str(e))
airflow.exceptions.AirflowTimetableInvalid: Exactly 5 or 6 columns has to be specified for iterator expression.
[2026-09-17T18:24:34.074+0000] {processor.py:842} WARNING - No viable dags retrieved from /opt/airflow/dags/etl.py
[2026-09-17T18:24:34.099+0000] {processor.py:183} INFO - Processing /opt/airflow/dags/etl.py took 0.056 seconds
[2026-09-17T18:25:04.256+0000] {processor.py:161} INFO - Started process (PID=367) to work on /opt/airflow/dags/etl.py
[2026-09-17T18:25:04.260+0000] {processor.py:830} INFO - Processing file /opt/airflow/dags/etl.py for tasks to queue
[2026-09-17T18:25:04.262+0000] {logging_mixin.py:188} INFO - [2026-09-17T18:25:04.262+0000] {dagbag.py:545} INFO - Filling up the DagBag from /opt/airflow/dags/etl.py
[2026-09-17T18:25:04.278+0000] {logging_mixin.py:188} INFO - [2026-09-17T18:25:04.273+0000] {dagbag.py:452} ERROR - Failed to bag_dag: /opt/airflow/dags/etl.py
Traceback (most recent call last):
  File "/home/airflow/.local/lib/python3.11/site-packages/airflow/timetables/_cron.py", line 100, in validate
    croniter(self._expression)
  File "/home/airflow/.local/lib/python3.11/site-packages/croniter/croniter.py", line 187, in __init__
    self.expanded, self.nth_weekday_of_month = self.expand(expr_format, hash_id=hash_id)
                                               ^^^^^^^^^^^^^^^^^^^^^^^^^^^^^^^^^^^^^^^^^
  File "/home/airflow/.local/lib/python3.11/site-packages/croniter/croniter.py", line 821, in expand
    return cls._expand(expr_format, hash_id=hash_id)
           ^^^^^^^^^^^^^^^^^^^^^^^^^^^^^^^^^^^^^^^^^
  File "/home/airflow/.local/lib/python3.11/site-packages/croniter/croniter.py", line 659, in _expand
    raise CroniterBadCronError(cls.bad_length)
croniter.croniter.CroniterBadCronError: Exactly 5 or 6 columns has to be specified for iterator expression.

During handling of the above exception, another exception occurred:

Traceback (most recent call last):
  File "/home/airflow/.local/lib/python3.11/site-packages/airflow/models/dagbag.py", line 447, in _process_modules
    dag.validate()
  File "/home/airflow/.local/lib/python3.11/site-packages/airflow/models/dag.py", line 775, in validate
    self.timetable.validate()
  File "/home/airflow/.local/lib/python3.11/site-packages/airflow/timetables/_cron.py", line 102, in validate
    raise AirflowTimetableInvalid(str(e))
airflow.exceptions.AirflowTimetableInvalid: Exactly 5 or 6 columns has to be specified for iterator expression.
[2026-09-17T18:25:04.279+0000] {processor.py:842} WARNING - No viable dags retrieved from /opt/airflow/dags/etl.py
[2026-09-17T18:25:04.302+0000] {processor.py:183} INFO - Processing /opt/airflow/dags/etl.py took 0.057 seconds
[2026-09-17T18:25:34.458+0000] {processor.py:161} INFO - Started process (PID=368) to work on /opt/airflow/dags/etl.py
[2026-09-17T18:25:34.459+0000] {processor.py:830} INFO - Processing file /opt/airflow/dags/etl.py for tasks to queue
[2026-09-17T18:25:34.462+0000] {logging_mixin.py:188} INFO - [2026-09-17T18:25:34.461+0000] {dagbag.py:545} INFO - Filling up the DagBag from /opt/airflow/dags/etl.py
[2026-09-17T18:25:34.477+0000] {logging_mixin.py:188} INFO - [2026-09-17T18:25:34.471+0000] {dagbag.py:452} ERROR - Failed to bag_dag: /opt/airflow/dags/etl.py
Traceback (most recent call last):
  File "/home/airflow/.local/lib/python3.11/site-packages/airflow/timetables/_cron.py", line 100, in validate
    croniter(self._expression)
  File "/home/airflow/.local/lib/python3.11/site-packages/croniter/croniter.py", line 187, in __init__
    self.expanded, self.nth_weekday_of_month = self.expand(expr_format, hash_id=hash_id)
                                               ^^^^^^^^^^^^^^^^^^^^^^^^^^^^^^^^^^^^^^^^^
  File "/home/airflow/.local/lib/python3.11/site-packages/croniter/croniter.py", line 821, in expand
    return cls._expand(expr_format, hash_id=hash_id)
           ^^^^^^^^^^^^^^^^^^^^^^^^^^^^^^^^^^^^^^^^^
  File "/home/airflow/.local/lib/python3.11/site-packages/croniter/croniter.py", line 659, in _expand
    raise CroniterBadCronError(cls.bad_length)
croniter.croniter.CroniterBadCronError: Exactly 5 or 6 columns has to be specified for iterator expression.

During handling of the above exception, another exception occurred:

Traceback (most recent call last):
  File "/home/airflow/.local/lib/python3.11/site-packages/airflow/models/dagbag.py", line 447, in _process_modules
    dag.validate()
  File "/home/airflow/.local/lib/python3.11/site-packages/airflow/models/dag.py", line 775, in validate
    self.timetable.validate()
  File "/home/airflow/.local/lib/python3.11/site-packages/airflow/timetables/_cron.py", line 102, in validate
    raise AirflowTimetableInvalid(str(e))
airflow.exceptions.AirflowTimetableInvalid: Exactly 5 or 6 columns has to be specified for iterator expression.
[2026-09-17T18:25:34.477+0000] {processor.py:842} WARNING - No viable dags retrieved from /opt/airflow/dags/etl.py
[2026-09-17T18:25:34.501+0000] {processor.py:183} INFO - Processing /opt/airflow/dags/etl.py took 0.053 seconds
[2026-09-17T18:26:04.657+0000] {processor.py:161} INFO - Started process (PID=369) to work on /opt/airflow/dags/etl.py
[2026-09-17T18:26:04.660+0000] {processor.py:830} INFO - Processing file /opt/airflow/dags/etl.py for tasks to queue
[2026-09-17T18:26:04.664+0000] {logging_mixin.py:188} INFO - [2026-09-17T18:26:04.664+0000] {dagbag.py:545} INFO - Filling up the DagBag from /opt/airflow/dags/etl.py
[2026-09-17T18:26:04.680+0000] {logging_mixin.py:188} INFO - [2026-09-17T18:26:04.675+0000] {dagbag.py:452} ERROR - Failed to bag_dag: /opt/airflow/dags/etl.py
Traceback (most recent call last):
  File "/home/airflow/.local/lib/python3.11/site-packages/airflow/timetables/_cron.py", line 100, in validate
    croniter(self._expression)
  File "/home/airflow/.local/lib/python3.11/site-packages/croniter/croniter.py", line 187, in __init__
    self.expanded, self.nth_weekday_of_month = self.expand(expr_format, hash_id=hash_id)
                                               ^^^^^^^^^^^^^^^^^^^^^^^^^^^^^^^^^^^^^^^^^
  File "/home/airflow/.local/lib/python3.11/site-packages/croniter/croniter.py", line 821, in expand
    return cls._expand(expr_format, hash_id=hash_id)
           ^^^^^^^^^^^^^^^^^^^^^^^^^^^^^^^^^^^^^^^^^
  File "/home/airflow/.local/lib/python3.11/site-packages/croniter/croniter.py", line 659, in _expand
    raise CroniterBadCronError(cls.bad_length)
croniter.croniter.CroniterBadCronError: Exactly 5 or 6 columns has to be specified for iterator expression.

During handling of the above exception, another exception occurred:

Traceback (most recent call last):
  File "/home/airflow/.local/lib/python3.11/site-packages/airflow/models/dagbag.py", line 447, in _process_modules
    dag.validate()
  File "/home/airflow/.local/lib/python3.11/site-packages/airflow/models/dag.py", line 775, in validate
    self.timetable.validate()
  File "/home/airflow/.local/lib/python3.11/site-packages/airflow/timetables/_cron.py", line 102, in validate
    raise AirflowTimetableInvalid(str(e))
airflow.exceptions.AirflowTimetableInvalid: Exactly 5 or 6 columns has to be specified for iterator expression.
[2026-09-17T18:26:04.680+0000] {processor.py:842} WARNING - No viable dags retrieved from /opt/airflow/dags/etl.py
[2026-09-17T18:26:04.703+0000] {processor.py:183} INFO - Processing /opt/airflow/dags/etl.py took 0.056 seconds
[2026-09-17T18:26:34.864+0000] {processor.py:161} INFO - Started process (PID=370) to work on /opt/airflow/dags/etl.py
[2026-09-17T18:26:34.865+0000] {processor.py:830} INFO - Processing file /opt/airflow/dags/etl.py for tasks to queue
[2026-09-17T18:26:34.868+0000] {logging_mixin.py:188} INFO - [2026-09-17T18:26:34.867+0000] {dagbag.py:545} INFO - Filling up the DagBag from /opt/airflow/dags/etl.py
[2026-09-17T18:26:34.885+0000] {logging_mixin.py:188} INFO - [2026-09-17T18:26:34.879+0000] {dagbag.py:452} ERROR - Failed to bag_dag: /opt/airflow/dags/etl.py
Traceback (most recent call last):
  File "/home/airflow/.local/lib/python3.11/site-packages/airflow/timetables/_cron.py", line 100, in validate
    croniter(self._expression)
  File "/home/airflow/.local/lib/python3.11/site-packages/croniter/croniter.py", line 187, in __init__
    self.expanded, self.nth_weekday_of_month = self.expand(expr_format, hash_id=hash_id)
                                               ^^^^^^^^^^^^^^^^^^^^^^^^^^^^^^^^^^^^^^^^^
  File "/home/airflow/.local/lib/python3.11/site-packages/croniter/croniter.py", line 821, in expand
    return cls._expand(expr_format, hash_id=hash_id)
           ^^^^^^^^^^^^^^^^^^^^^^^^^^^^^^^^^^^^^^^^^
  File "/home/airflow/.local/lib/python3.11/site-packages/croniter/croniter.py", line 659, in _expand
    raise CroniterBadCronError(cls.bad_length)
croniter.croniter.CroniterBadCronError: Exactly 5 or 6 columns has to be specified for iterator expression.

During handling of the above exception, another exception occurred:

Traceback (most recent call last):
  File "/home/airflow/.local/lib/python3.11/site-packages/airflow/models/dagbag.py", line 447, in _process_modules
    dag.validate()
  File "/home/airflow/.local/lib/python3.11/site-packages/airflow/models/dag.py", line 775, in validate
    self.timetable.validate()
  File "/home/airflow/.local/lib/python3.11/site-packages/airflow/timetables/_cron.py", line 102, in validate
    raise AirflowTimetableInvalid(str(e))
airflow.exceptions.AirflowTimetableInvalid: Exactly 5 or 6 columns has to be specified for iterator expression.
[2026-09-17T18:26:34.886+0000] {processor.py:842} WARNING - No viable dags retrieved from /opt/airflow/dags/etl.py
[2026-09-17T18:26:34.911+0000] {processor.py:183} INFO - Processing /opt/airflow/dags/etl.py took 0.058 seconds
[2026-09-17T18:27:05.048+0000] {processor.py:161} INFO - Started process (PID=371) to work on /opt/airflow/dags/etl.py
[2026-09-17T18:27:05.056+0000] {processor.py:830} INFO - Processing file /opt/airflow/dags/etl.py for tasks to queue
[2026-09-17T18:27:05.059+0000] {logging_mixin.py:188} INFO - [2026-09-17T18:27:05.058+0000] {dagbag.py:545} INFO - Filling up the DagBag from /opt/airflow/dags/etl.py
[2026-09-17T18:27:05.074+0000] {logging_mixin.py:188} INFO - [2026-09-17T18:27:05.069+0000] {dagbag.py:452} ERROR - Failed to bag_dag: /opt/airflow/dags/etl.py
Traceback (most recent call last):
  File "/home/airflow/.local/lib/python3.11/site-packages/airflow/timetables/_cron.py", line 100, in validate
    croniter(self._expression)
  File "/home/airflow/.local/lib/python3.11/site-packages/croniter/croniter.py", line 187, in __init__
    self.expanded, self.nth_weekday_of_month = self.expand(expr_format, hash_id=hash_id)
                                               ^^^^^^^^^^^^^^^^^^^^^^^^^^^^^^^^^^^^^^^^^
  File "/home/airflow/.local/lib/python3.11/site-packages/croniter/croniter.py", line 821, in expand
    return cls._expand(expr_format, hash_id=hash_id)
           ^^^^^^^^^^^^^^^^^^^^^^^^^^^^^^^^^^^^^^^^^
  File "/home/airflow/.local/lib/python3.11/site-packages/croniter/croniter.py", line 659, in _expand
    raise CroniterBadCronError(cls.bad_length)
croniter.croniter.CroniterBadCronError: Exactly 5 or 6 columns has to be specified for iterator expression.

During handling of the above exception, another exception occurred:

Traceback (most recent call last):
  File "/home/airflow/.local/lib/python3.11/site-packages/airflow/models/dagbag.py", line 447, in _process_modules
    dag.validate()
  File "/home/airflow/.local/lib/python3.11/site-packages/airflow/models/dag.py", line 775, in validate
    self.timetable.validate()
  File "/home/airflow/.local/lib/python3.11/site-packages/airflow/timetables/_cron.py", line 102, in validate
    raise AirflowTimetableInvalid(str(e))
airflow.exceptions.AirflowTimetableInvalid: Exactly 5 or 6 columns has to be specified for iterator expression.
[2026-09-17T18:27:05.075+0000] {processor.py:842} WARNING - No viable dags retrieved from /opt/airflow/dags/etl.py
[2026-09-17T18:27:05.098+0000] {processor.py:183} INFO - Processing /opt/airflow/dags/etl.py took 0.059 seconds
[2026-09-17T18:27:35.249+0000] {processor.py:161} INFO - Started process (PID=372) to work on /opt/airflow/dags/etl.py
[2026-09-17T18:27:35.251+0000] {processor.py:830} INFO - Processing file /opt/airflow/dags/etl.py for tasks to queue
[2026-09-17T18:27:35.254+0000] {logging_mixin.py:188} INFO - [2026-09-17T18:27:35.253+0000] {dagbag.py:545} INFO - Filling up the DagBag from /opt/airflow/dags/etl.py
[2026-09-17T18:27:35.268+0000] {logging_mixin.py:188} INFO - [2026-09-17T18:27:35.263+0000] {dagbag.py:452} ERROR - Failed to bag_dag: /opt/airflow/dags/etl.py
Traceback (most recent call last):
  File "/home/airflow/.local/lib/python3.11/site-packages/airflow/timetables/_cron.py", line 100, in validate
    croniter(self._expression)
  File "/home/airflow/.local/lib/python3.11/site-packages/croniter/croniter.py", line 187, in __init__
    self.expanded, self.nth_weekday_of_month = self.expand(expr_format, hash_id=hash_id)
                                               ^^^^^^^^^^^^^^^^^^^^^^^^^^^^^^^^^^^^^^^^^
  File "/home/airflow/.local/lib/python3.11/site-packages/croniter/croniter.py", line 821, in expand
    return cls._expand(expr_format, hash_id=hash_id)
           ^^^^^^^^^^^^^^^^^^^^^^^^^^^^^^^^^^^^^^^^^
  File "/home/airflow/.local/lib/python3.11/site-packages/croniter/croniter.py", line 659, in _expand
    raise CroniterBadCronError(cls.bad_length)
croniter.croniter.CroniterBadCronError: Exactly 5 or 6 columns has to be specified for iterator expression.

During handling of the above exception, another exception occurred:

Traceback (most recent call last):
  File "/home/airflow/.local/lib/python3.11/site-packages/airflow/models/dagbag.py", line 447, in _process_modules
    dag.validate()
  File "/home/airflow/.local/lib/python3.11/site-packages/airflow/models/dag.py", line 775, in validate
    self.timetable.validate()
  File "/home/airflow/.local/lib/python3.11/site-packages/airflow/timetables/_cron.py", line 102, in validate
    raise AirflowTimetableInvalid(str(e))
airflow.exceptions.AirflowTimetableInvalid: Exactly 5 or 6 columns has to be specified for iterator expression.
[2026-09-17T18:27:35.269+0000] {processor.py:842} WARNING - No viable dags retrieved from /opt/airflow/dags/etl.py
[2026-09-17T18:27:35.293+0000] {processor.py:183} INFO - Processing /opt/airflow/dags/etl.py took 0.056 seconds
[2026-09-17T18:28:05.449+0000] {processor.py:161} INFO - Started process (PID=373) to work on /opt/airflow/dags/etl.py
[2026-09-17T18:28:05.457+0000] {processor.py:830} INFO - Processing file /opt/airflow/dags/etl.py for tasks to queue
[2026-09-17T18:28:05.459+0000] {logging_mixin.py:188} INFO - [2026-09-17T18:28:05.459+0000] {dagbag.py:545} INFO - Filling up the DagBag from /opt/airflow/dags/etl.py
[2026-09-17T18:28:05.474+0000] {logging_mixin.py:188} INFO - [2026-09-17T18:28:05.470+0000] {dagbag.py:452} ERROR - Failed to bag_dag: /opt/airflow/dags/etl.py
Traceback (most recent call last):
  File "/home/airflow/.local/lib/python3.11/site-packages/airflow/timetables/_cron.py", line 100, in validate
    croniter(self._expression)
  File "/home/airflow/.local/lib/python3.11/site-packages/croniter/croniter.py", line 187, in __init__
    self.expanded, self.nth_weekday_of_month = self.expand(expr_format, hash_id=hash_id)
                                               ^^^^^^^^^^^^^^^^^^^^^^^^^^^^^^^^^^^^^^^^^
  File "/home/airflow/.local/lib/python3.11/site-packages/croniter/croniter.py", line 821, in expand
    return cls._expand(expr_format, hash_id=hash_id)
           ^^^^^^^^^^^^^^^^^^^^^^^^^^^^^^^^^^^^^^^^^
  File "/home/airflow/.local/lib/python3.11/site-packages/croniter/croniter.py", line 659, in _expand
    raise CroniterBadCronError(cls.bad_length)
croniter.croniter.CroniterBadCronError: Exactly 5 or 6 columns has to be specified for iterator expression.

During handling of the above exception, another exception occurred:

Traceback (most recent call last):
  File "/home/airflow/.local/lib/python3.11/site-packages/airflow/models/dagbag.py", line 447, in _process_modules
    dag.validate()
  File "/home/airflow/.local/lib/python3.11/site-packages/airflow/models/dag.py", line 775, in validate
    self.timetable.validate()
  File "/home/airflow/.local/lib/python3.11/site-packages/airflow/timetables/_cron.py", line 102, in validate
    raise AirflowTimetableInvalid(str(e))
airflow.exceptions.AirflowTimetableInvalid: Exactly 5 or 6 columns has to be specified for iterator expression.
[2026-09-17T18:28:05.475+0000] {processor.py:842} WARNING - No viable dags retrieved from /opt/airflow/dags/etl.py
[2026-09-17T18:28:05.499+0000] {processor.py:183} INFO - Processing /opt/airflow/dags/etl.py took 0.060 seconds
[2026-09-17T18:28:35.565+0000] {processor.py:161} INFO - Started process (PID=374) to work on /opt/airflow/dags/etl.py
[2026-09-17T18:28:35.568+0000] {processor.py:830} INFO - Processing file /opt/airflow/dags/etl.py for tasks to queue
[2026-09-17T18:28:35.571+0000] {logging_mixin.py:188} INFO - [2026-09-17T18:28:35.570+0000] {dagbag.py:545} INFO - Filling up the DagBag from /opt/airflow/dags/etl.py
[2026-09-17T18:28:35.584+0000] {logging_mixin.py:188} INFO - [2026-09-17T18:28:35.580+0000] {dagbag.py:452} ERROR - Failed to bag_dag: /opt/airflow/dags/etl.py
Traceback (most recent call last):
  File "/home/airflow/.local/lib/python3.11/site-packages/airflow/timetables/_cron.py", line 100, in validate
    croniter(self._expression)
  File "/home/airflow/.local/lib/python3.11/site-packages/croniter/croniter.py", line 187, in __init__
    self.expanded, self.nth_weekday_of_month = self.expand(expr_format, hash_id=hash_id)
                                               ^^^^^^^^^^^^^^^^^^^^^^^^^^^^^^^^^^^^^^^^^
  File "/home/airflow/.local/lib/python3.11/site-packages/croniter/croniter.py", line 821, in expand
    return cls._expand(expr_format, hash_id=hash_id)
           ^^^^^^^^^^^^^^^^^^^^^^^^^^^^^^^^^^^^^^^^^
  File "/home/airflow/.local/lib/python3.11/site-packages/croniter/croniter.py", line 659, in _expand
    raise CroniterBadCronError(cls.bad_length)
croniter.croniter.CroniterBadCronError: Exactly 5 or 6 columns has to be specified for iterator expression.

During handling of the above exception, another exception occurred:

Traceback (most recent call last):
  File "/home/airflow/.local/lib/python3.11/site-packages/airflow/models/dagbag.py", line 447, in _process_modules
    dag.validate()
  File "/home/airflow/.local/lib/python3.11/site-packages/airflow/models/dag.py", line 775, in validate
    self.timetable.validate()
  File "/home/airflow/.local/lib/python3.11/site-packages/airflow/timetables/_cron.py", line 102, in validate
    raise AirflowTimetableInvalid(str(e))
airflow.exceptions.AirflowTimetableInvalid: Exactly 5 or 6 columns has to be specified for iterator expression.
[2026-09-17T18:28:35.585+0000] {processor.py:842} WARNING - No viable dags retrieved from /opt/airflow/dags/etl.py
[2026-09-17T18:28:35.609+0000] {processor.py:183} INFO - Processing /opt/airflow/dags/etl.py took 0.054 seconds
[2026-09-17T18:29:05.768+0000] {processor.py:161} INFO - Started process (PID=375) to work on /opt/airflow/dags/etl.py
[2026-09-17T18:29:05.772+0000] {processor.py:830} INFO - Processing file /opt/airflow/dags/etl.py for tasks to queue
[2026-09-17T18:29:05.774+0000] {logging_mixin.py:188} INFO - [2026-09-17T18:29:05.774+0000] {dagbag.py:545} INFO - Filling up the DagBag from /opt/airflow/dags/etl.py
[2026-09-17T18:29:05.790+0000] {logging_mixin.py:188} INFO - [2026-09-17T18:29:05.785+0000] {dagbag.py:452} ERROR - Failed to bag_dag: /opt/airflow/dags/etl.py
Traceback (most recent call last):
  File "/home/airflow/.local/lib/python3.11/site-packages/airflow/timetables/_cron.py", line 100, in validate
    croniter(self._expression)
  File "/home/airflow/.local/lib/python3.11/site-packages/croniter/croniter.py", line 187, in __init__
    self.expanded, self.nth_weekday_of_month = self.expand(expr_format, hash_id=hash_id)
                                               ^^^^^^^^^^^^^^^^^^^^^^^^^^^^^^^^^^^^^^^^^
  File "/home/airflow/.local/lib/python3.11/site-packages/croniter/croniter.py", line 821, in expand
    return cls._expand(expr_format, hash_id=hash_id)
           ^^^^^^^^^^^^^^^^^^^^^^^^^^^^^^^^^^^^^^^^^
  File "/home/airflow/.local/lib/python3.11/site-packages/croniter/croniter.py", line 659, in _expand
    raise CroniterBadCronError(cls.bad_length)
croniter.croniter.CroniterBadCronError: Exactly 5 or 6 columns has to be specified for iterator expression.

During handling of the above exception, another exception occurred:

Traceback (most recent call last):
  File "/home/airflow/.local/lib/python3.11/site-packages/airflow/models/dagbag.py", line 447, in _process_modules
    dag.validate()
  File "/home/airflow/.local/lib/python3.11/site-packages/airflow/models/dag.py", line 775, in validate
    self.timetable.validate()
  File "/home/airflow/.local/lib/python3.11/site-packages/airflow/timetables/_cron.py", line 102, in validate
    raise AirflowTimetableInvalid(str(e))
airflow.exceptions.AirflowTimetableInvalid: Exactly 5 or 6 columns has to be specified for iterator expression.
[2026-09-17T18:29:05.790+0000] {processor.py:842} WARNING - No viable dags retrieved from /opt/airflow/dags/etl.py
[2026-09-17T18:29:05.815+0000] {processor.py:183} INFO - Processing /opt/airflow/dags/etl.py took 0.056 seconds
[2026-09-17T18:29:35.964+0000] {processor.py:161} INFO - Started process (PID=376) to work on /opt/airflow/dags/etl.py
[2026-09-17T18:29:35.965+0000] {processor.py:830} INFO - Processing file /opt/airflow/dags/etl.py for tasks to queue
[2026-09-17T18:29:35.966+0000] {logging_mixin.py:188} INFO - [2026-09-17T18:29:35.966+0000] {dagbag.py:545} INFO - Filling up the DagBag from /opt/airflow/dags/etl.py
[2026-09-17T18:29:35.976+0000] {logging_mixin.py:188} INFO - [2026-09-17T18:29:35.972+0000] {dagbag.py:452} ERROR - Failed to bag_dag: /opt/airflow/dags/etl.py
Traceback (most recent call last):
  File "/home/airflow/.local/lib/python3.11/site-packages/airflow/timetables/_cron.py", line 100, in validate
    croniter(self._expression)
  File "/home/airflow/.local/lib/python3.11/site-packages/croniter/croniter.py", line 187, in __init__
    self.expanded, self.nth_weekday_of_month = self.expand(expr_format, hash_id=hash_id)
                                               ^^^^^^^^^^^^^^^^^^^^^^^^^^^^^^^^^^^^^^^^^
  File "/home/airflow/.local/lib/python3.11/site-packages/croniter/croniter.py", line 821, in expand
    return cls._expand(expr_format, hash_id=hash_id)
           ^^^^^^^^^^^^^^^^^^^^^^^^^^^^^^^^^^^^^^^^^
  File "/home/airflow/.local/lib/python3.11/site-packages/croniter/croniter.py", line 659, in _expand
    raise CroniterBadCronError(cls.bad_length)
croniter.croniter.CroniterBadCronError: Exactly 5 or 6 columns has to be specified for iterator expression.

During handling of the above exception, another exception occurred:

Traceback (most recent call last):
  File "/home/airflow/.local/lib/python3.11/site-packages/airflow/models/dagbag.py", line 447, in _process_modules
    dag.validate()
  File "/home/airflow/.local/lib/python3.11/site-packages/airflow/models/dag.py", line 775, in validate
    self.timetable.validate()
  File "/home/airflow/.local/lib/python3.11/site-packages/airflow/timetables/_cron.py", line 102, in validate
    raise AirflowTimetableInvalid(str(e))
airflow.exceptions.AirflowTimetableInvalid: Exactly 5 or 6 columns has to be specified for iterator expression.
[2026-09-17T18:29:35.976+0000] {processor.py:842} WARNING - No viable dags retrieved from /opt/airflow/dags/etl.py
[2026-09-17T18:29:35.994+0000] {processor.py:183} INFO - Processing /opt/airflow/dags/etl.py took 0.035 seconds
[2026-09-17T18:30:06.179+0000] {processor.py:161} INFO - Started process (PID=377) to work on /opt/airflow/dags/etl.py
[2026-09-17T18:30:06.182+0000] {processor.py:830} INFO - Processing file /opt/airflow/dags/etl.py for tasks to queue
[2026-09-17T18:30:06.185+0000] {logging_mixin.py:188} INFO - [2026-09-17T18:30:06.185+0000] {dagbag.py:545} INFO - Filling up the DagBag from /opt/airflow/dags/etl.py
[2026-09-17T18:30:06.202+0000] {logging_mixin.py:188} INFO - [2026-09-17T18:30:06.196+0000] {dagbag.py:452} ERROR - Failed to bag_dag: /opt/airflow/dags/etl.py
Traceback (most recent call last):
  File "/home/airflow/.local/lib/python3.11/site-packages/airflow/timetables/_cron.py", line 100, in validate
    croniter(self._expression)
  File "/home/airflow/.local/lib/python3.11/site-packages/croniter/croniter.py", line 187, in __init__
    self.expanded, self.nth_weekday_of_month = self.expand(expr_format, hash_id=hash_id)
                                               ^^^^^^^^^^^^^^^^^^^^^^^^^^^^^^^^^^^^^^^^^
  File "/home/airflow/.local/lib/python3.11/site-packages/croniter/croniter.py", line 821, in expand
    return cls._expand(expr_format, hash_id=hash_id)
           ^^^^^^^^^^^^^^^^^^^^^^^^^^^^^^^^^^^^^^^^^
  File "/home/airflow/.local/lib/python3.11/site-packages/croniter/croniter.py", line 659, in _expand
    raise CroniterBadCronError(cls.bad_length)
croniter.croniter.CroniterBadCronError: Exactly 5 or 6 columns has to be specified for iterator expression.

During handling of the above exception, another exception occurred:

Traceback (most recent call last):
  File "/home/airflow/.local/lib/python3.11/site-packages/airflow/models/dagbag.py", line 447, in _process_modules
    dag.validate()
  File "/home/airflow/.local/lib/python3.11/site-packages/airflow/models/dag.py", line 775, in validate
    self.timetable.validate()
  File "/home/airflow/.local/lib/python3.11/site-packages/airflow/timetables/_cron.py", line 102, in validate
    raise AirflowTimetableInvalid(str(e))
airflow.exceptions.AirflowTimetableInvalid: Exactly 5 or 6 columns has to be specified for iterator expression.
[2026-09-17T18:30:06.202+0000] {processor.py:842} WARNING - No viable dags retrieved from /opt/airflow/dags/etl.py
[2026-09-17T18:30:06.231+0000] {processor.py:183} INFO - Processing /opt/airflow/dags/etl.py took 0.063 seconds
[2026-09-17T18:30:36.378+0000] {processor.py:161} INFO - Started process (PID=378) to work on /opt/airflow/dags/etl.py
[2026-09-17T18:30:36.379+0000] {processor.py:830} INFO - Processing file /opt/airflow/dags/etl.py for tasks to queue
[2026-09-17T18:30:36.382+0000] {logging_mixin.py:188} INFO - [2026-09-17T18:30:36.381+0000] {dagbag.py:545} INFO - Filling up the DagBag from /opt/airflow/dags/etl.py
[2026-09-17T18:30:36.396+0000] {logging_mixin.py:188} INFO - [2026-09-17T18:30:36.392+0000] {dagbag.py:452} ERROR - Failed to bag_dag: /opt/airflow/dags/etl.py
Traceback (most recent call last):
  File "/home/airflow/.local/lib/python3.11/site-packages/airflow/timetables/_cron.py", line 100, in validate
    croniter(self._expression)
  File "/home/airflow/.local/lib/python3.11/site-packages/croniter/croniter.py", line 187, in __init__
    self.expanded, self.nth_weekday_of_month = self.expand(expr_format, hash_id=hash_id)
                                               ^^^^^^^^^^^^^^^^^^^^^^^^^^^^^^^^^^^^^^^^^
  File "/home/airflow/.local/lib/python3.11/site-packages/croniter/croniter.py", line 821, in expand
    return cls._expand(expr_format, hash_id=hash_id)
           ^^^^^^^^^^^^^^^^^^^^^^^^^^^^^^^^^^^^^^^^^
  File "/home/airflow/.local/lib/python3.11/site-packages/croniter/croniter.py", line 659, in _expand
    raise CroniterBadCronError(cls.bad_length)
croniter.croniter.CroniterBadCronError: Exactly 5 or 6 columns has to be specified for iterator expression.

During handling of the above exception, another exception occurred:

Traceback (most recent call last):
  File "/home/airflow/.local/lib/python3.11/site-packages/airflow/models/dagbag.py", line 447, in _process_modules
    dag.validate()
  File "/home/airflow/.local/lib/python3.11/site-packages/airflow/models/dag.py", line 775, in validate
    self.timetable.validate()
  File "/home/airflow/.local/lib/python3.11/site-packages/airflow/timetables/_cron.py", line 102, in validate
    raise AirflowTimetableInvalid(str(e))
airflow.exceptions.AirflowTimetableInvalid: Exactly 5 or 6 columns has to be specified for iterator expression.
[2026-09-17T18:30:36.397+0000] {processor.py:842} WARNING - No viable dags retrieved from /opt/airflow/dags/etl.py
[2026-09-17T18:30:36.420+0000] {processor.py:183} INFO - Processing /opt/airflow/dags/etl.py took 0.052 seconds
[2026-09-17T18:31:06.591+0000] {processor.py:161} INFO - Started process (PID=379) to work on /opt/airflow/dags/etl.py
[2026-09-17T18:31:06.594+0000] {processor.py:830} INFO - Processing file /opt/airflow/dags/etl.py for tasks to queue
[2026-09-17T18:31:06.598+0000] {logging_mixin.py:188} INFO - [2026-09-17T18:31:06.597+0000] {dagbag.py:545} INFO - Filling up the DagBag from /opt/airflow/dags/etl.py
[2026-09-17T18:31:06.613+0000] {logging_mixin.py:188} INFO - [2026-09-17T18:31:06.608+0000] {dagbag.py:452} ERROR - Failed to bag_dag: /opt/airflow/dags/etl.py
Traceback (most recent call last):
  File "/home/airflow/.local/lib/python3.11/site-packages/airflow/timetables/_cron.py", line 100, in validate
    croniter(self._expression)
  File "/home/airflow/.local/lib/python3.11/site-packages/croniter/croniter.py", line 187, in __init__
    self.expanded, self.nth_weekday_of_month = self.expand(expr_format, hash_id=hash_id)
                                               ^^^^^^^^^^^^^^^^^^^^^^^^^^^^^^^^^^^^^^^^^
  File "/home/airflow/.local/lib/python3.11/site-packages/croniter/croniter.py", line 821, in expand
    return cls._expand(expr_format, hash_id=hash_id)
           ^^^^^^^^^^^^^^^^^^^^^^^^^^^^^^^^^^^^^^^^^
  File "/home/airflow/.local/lib/python3.11/site-packages/croniter/croniter.py", line 659, in _expand
    raise CroniterBadCronError(cls.bad_length)
croniter.croniter.CroniterBadCronError: Exactly 5 or 6 columns has to be specified for iterator expression.

During handling of the above exception, another exception occurred:

Traceback (most recent call last):
  File "/home/airflow/.local/lib/python3.11/site-packages/airflow/models/dagbag.py", line 447, in _process_modules
    dag.validate()
  File "/home/airflow/.local/lib/python3.11/site-packages/airflow/models/dag.py", line 775, in validate
    self.timetable.validate()
  File "/home/airflow/.local/lib/python3.11/site-packages/airflow/timetables/_cron.py", line 102, in validate
    raise AirflowTimetableInvalid(str(e))
airflow.exceptions.AirflowTimetableInvalid: Exactly 5 or 6 columns has to be specified for iterator expression.
[2026-09-17T18:31:06.613+0000] {processor.py:842} WARNING - No viable dags retrieved from /opt/airflow/dags/etl.py
[2026-09-17T18:31:06.636+0000] {processor.py:183} INFO - Processing /opt/airflow/dags/etl.py took 0.055 seconds
[2026-09-17T18:31:36.788+0000] {processor.py:161} INFO - Started process (PID=380) to work on /opt/airflow/dags/etl.py
[2026-09-17T18:31:36.789+0000] {processor.py:830} INFO - Processing file /opt/airflow/dags/etl.py for tasks to queue
[2026-09-17T18:31:36.791+0000] {logging_mixin.py:188} INFO - [2026-09-17T18:31:36.791+0000] {dagbag.py:545} INFO - Filling up the DagBag from /opt/airflow/dags/etl.py
[2026-09-17T18:31:36.803+0000] {logging_mixin.py:188} INFO - [2026-09-17T18:31:36.799+0000] {dagbag.py:452} ERROR - Failed to bag_dag: /opt/airflow/dags/etl.py
Traceback (most recent call last):
  File "/home/airflow/.local/lib/python3.11/site-packages/airflow/timetables/_cron.py", line 100, in validate
    croniter(self._expression)
  File "/home/airflow/.local/lib/python3.11/site-packages/croniter/croniter.py", line 187, in __init__
    self.expanded, self.nth_weekday_of_month = self.expand(expr_format, hash_id=hash_id)
                                               ^^^^^^^^^^^^^^^^^^^^^^^^^^^^^^^^^^^^^^^^^
  File "/home/airflow/.local/lib/python3.11/site-packages/croniter/croniter.py", line 821, in expand
    return cls._expand(expr_format, hash_id=hash_id)
           ^^^^^^^^^^^^^^^^^^^^^^^^^^^^^^^^^^^^^^^^^
  File "/home/airflow/.local/lib/python3.11/site-packages/croniter/croniter.py", line 659, in _expand
    raise CroniterBadCronError(cls.bad_length)
croniter.croniter.CroniterBadCronError: Exactly 5 or 6 columns has to be specified for iterator expression.

During handling of the above exception, another exception occurred:

Traceback (most recent call last):
  File "/home/airflow/.local/lib/python3.11/site-packages/airflow/models/dagbag.py", line 447, in _process_modules
    dag.validate()
  File "/home/airflow/.local/lib/python3.11/site-packages/airflow/models/dag.py", line 775, in validate
    self.timetable.validate()
  File "/home/airflow/.local/lib/python3.11/site-packages/airflow/timetables/_cron.py", line 102, in validate
    raise AirflowTimetableInvalid(str(e))
airflow.exceptions.AirflowTimetableInvalid: Exactly 5 or 6 columns has to be specified for iterator expression.
[2026-09-17T18:31:36.803+0000] {processor.py:842} WARNING - No viable dags retrieved from /opt/airflow/dags/etl.py
[2026-09-17T18:31:36.816+0000] {processor.py:183} INFO - Processing /opt/airflow/dags/etl.py took 0.036 seconds
[2026-09-17T18:32:06.979+0000] {processor.py:161} INFO - Started process (PID=381) to work on /opt/airflow/dags/etl.py
[2026-09-17T18:32:06.980+0000] {processor.py:830} INFO - Processing file /opt/airflow/dags/etl.py for tasks to queue
[2026-09-17T18:32:06.982+0000] {logging_mixin.py:188} INFO - [2026-09-17T18:32:06.982+0000] {dagbag.py:545} INFO - Filling up the DagBag from /opt/airflow/dags/etl.py
[2026-09-17T18:32:06.990+0000] {logging_mixin.py:188} INFO - [2026-09-17T18:32:06.987+0000] {dagbag.py:452} ERROR - Failed to bag_dag: /opt/airflow/dags/etl.py
Traceback (most recent call last):
  File "/home/airflow/.local/lib/python3.11/site-packages/airflow/timetables/_cron.py", line 100, in validate
    croniter(self._expression)
  File "/home/airflow/.local/lib/python3.11/site-packages/croniter/croniter.py", line 187, in __init__
    self.expanded, self.nth_weekday_of_month = self.expand(expr_format, hash_id=hash_id)
                                               ^^^^^^^^^^^^^^^^^^^^^^^^^^^^^^^^^^^^^^^^^
  File "/home/airflow/.local/lib/python3.11/site-packages/croniter/croniter.py", line 821, in expand
    return cls._expand(expr_format, hash_id=hash_id)
           ^^^^^^^^^^^^^^^^^^^^^^^^^^^^^^^^^^^^^^^^^
  File "/home/airflow/.local/lib/python3.11/site-packages/croniter/croniter.py", line 659, in _expand
    raise CroniterBadCronError(cls.bad_length)
croniter.croniter.CroniterBadCronError: Exactly 5 or 6 columns has to be specified for iterator expression.

During handling of the above exception, another exception occurred:

Traceback (most recent call last):
  File "/home/airflow/.local/lib/python3.11/site-packages/airflow/models/dagbag.py", line 447, in _process_modules
    dag.validate()
  File "/home/airflow/.local/lib/python3.11/site-packages/airflow/models/dag.py", line 775, in validate
    self.timetable.validate()
  File "/home/airflow/.local/lib/python3.11/site-packages/airflow/timetables/_cron.py", line 102, in validate
    raise AirflowTimetableInvalid(str(e))
airflow.exceptions.AirflowTimetableInvalid: Exactly 5 or 6 columns has to be specified for iterator expression.
[2026-09-17T18:32:06.990+0000] {processor.py:842} WARNING - No viable dags retrieved from /opt/airflow/dags/etl.py
[2026-09-17T18:32:07.005+0000] {processor.py:183} INFO - Processing /opt/airflow/dags/etl.py took 0.033 seconds
[2026-09-17T18:32:37.149+0000] {processor.py:161} INFO - Started process (PID=382) to work on /opt/airflow/dags/etl.py
[2026-09-17T18:32:37.150+0000] {processor.py:830} INFO - Processing file /opt/airflow/dags/etl.py for tasks to queue
[2026-09-17T18:32:37.152+0000] {logging_mixin.py:188} INFO - [2026-09-17T18:32:37.152+0000] {dagbag.py:545} INFO - Filling up the DagBag from /opt/airflow/dags/etl.py
[2026-09-17T18:32:37.166+0000] {logging_mixin.py:188} INFO - [2026-09-17T18:32:37.161+0000] {dagbag.py:452} ERROR - Failed to bag_dag: /opt/airflow/dags/etl.py
Traceback (most recent call last):
  File "/home/airflow/.local/lib/python3.11/site-packages/airflow/timetables/_cron.py", line 100, in validate
    croniter(self._expression)
  File "/home/airflow/.local/lib/python3.11/site-packages/croniter/croniter.py", line 187, in __init__
    self.expanded, self.nth_weekday_of_month = self.expand(expr_format, hash_id=hash_id)
                                               ^^^^^^^^^^^^^^^^^^^^^^^^^^^^^^^^^^^^^^^^^
  File "/home/airflow/.local/lib/python3.11/site-packages/croniter/croniter.py", line 821, in expand
    return cls._expand(expr_format, hash_id=hash_id)
           ^^^^^^^^^^^^^^^^^^^^^^^^^^^^^^^^^^^^^^^^^
  File "/home/airflow/.local/lib/python3.11/site-packages/croniter/croniter.py", line 659, in _expand
    raise CroniterBadCronError(cls.bad_length)
croniter.croniter.CroniterBadCronError: Exactly 5 or 6 columns has to be specified for iterator expression.

During handling of the above exception, another exception occurred:

Traceback (most recent call last):
  File "/home/airflow/.local/lib/python3.11/site-packages/airflow/models/dagbag.py", line 447, in _process_modules
    dag.validate()
  File "/home/airflow/.local/lib/python3.11/site-packages/airflow/models/dag.py", line 775, in validate
    self.timetable.validate()
  File "/home/airflow/.local/lib/python3.11/site-packages/airflow/timetables/_cron.py", line 102, in validate
    raise AirflowTimetableInvalid(str(e))
airflow.exceptions.AirflowTimetableInvalid: Exactly 5 or 6 columns has to be specified for iterator expression.
[2026-09-17T18:32:37.166+0000] {processor.py:842} WARNING - No viable dags retrieved from /opt/airflow/dags/etl.py
[2026-09-17T18:32:37.191+0000] {processor.py:183} INFO - Processing /opt/airflow/dags/etl.py took 0.052 seconds
[2026-09-17T18:33:07.357+0000] {processor.py:161} INFO - Started process (PID=383) to work on /opt/airflow/dags/etl.py
[2026-09-17T18:33:07.360+0000] {processor.py:830} INFO - Processing file /opt/airflow/dags/etl.py for tasks to queue
[2026-09-17T18:33:07.362+0000] {logging_mixin.py:188} INFO - [2026-09-17T18:33:07.361+0000] {dagbag.py:545} INFO - Filling up the DagBag from /opt/airflow/dags/etl.py
[2026-09-17T18:33:07.372+0000] {logging_mixin.py:188} INFO - [2026-09-17T18:33:07.369+0000] {dagbag.py:452} ERROR - Failed to bag_dag: /opt/airflow/dags/etl.py
Traceback (most recent call last):
  File "/home/airflow/.local/lib/python3.11/site-packages/airflow/timetables/_cron.py", line 100, in validate
    croniter(self._expression)
  File "/home/airflow/.local/lib/python3.11/site-packages/croniter/croniter.py", line 187, in __init__
    self.expanded, self.nth_weekday_of_month = self.expand(expr_format, hash_id=hash_id)
                                               ^^^^^^^^^^^^^^^^^^^^^^^^^^^^^^^^^^^^^^^^^
  File "/home/airflow/.local/lib/python3.11/site-packages/croniter/croniter.py", line 821, in expand
    return cls._expand(expr_format, hash_id=hash_id)
           ^^^^^^^^^^^^^^^^^^^^^^^^^^^^^^^^^^^^^^^^^
  File "/home/airflow/.local/lib/python3.11/site-packages/croniter/croniter.py", line 659, in _expand
    raise CroniterBadCronError(cls.bad_length)
croniter.croniter.CroniterBadCronError: Exactly 5 or 6 columns has to be specified for iterator expression.

During handling of the above exception, another exception occurred:

Traceback (most recent call last):
  File "/home/airflow/.local/lib/python3.11/site-packages/airflow/models/dagbag.py", line 447, in _process_modules
    dag.validate()
  File "/home/airflow/.local/lib/python3.11/site-packages/airflow/models/dag.py", line 775, in validate
    self.timetable.validate()
  File "/home/airflow/.local/lib/python3.11/site-packages/airflow/timetables/_cron.py", line 102, in validate
    raise AirflowTimetableInvalid(str(e))
airflow.exceptions.AirflowTimetableInvalid: Exactly 5 or 6 columns has to be specified for iterator expression.
[2026-09-17T18:33:07.372+0000] {processor.py:842} WARNING - No viable dags retrieved from /opt/airflow/dags/etl.py
[2026-09-17T18:33:07.389+0000] {processor.py:183} INFO - Processing /opt/airflow/dags/etl.py took 0.039 seconds
[2026-09-17T18:33:37.552+0000] {processor.py:161} INFO - Started process (PID=384) to work on /opt/airflow/dags/etl.py
[2026-09-17T18:33:37.553+0000] {processor.py:830} INFO - Processing file /opt/airflow/dags/etl.py for tasks to queue
[2026-09-17T18:33:37.556+0000] {logging_mixin.py:188} INFO - [2026-09-17T18:33:37.555+0000] {dagbag.py:545} INFO - Filling up the DagBag from /opt/airflow/dags/etl.py
[2026-09-17T18:33:37.571+0000] {logging_mixin.py:188} INFO - [2026-09-17T18:33:37.567+0000] {dagbag.py:452} ERROR - Failed to bag_dag: /opt/airflow/dags/etl.py
Traceback (most recent call last):
  File "/home/airflow/.local/lib/python3.11/site-packages/airflow/timetables/_cron.py", line 100, in validate
    croniter(self._expression)
  File "/home/airflow/.local/lib/python3.11/site-packages/croniter/croniter.py", line 187, in __init__
    self.expanded, self.nth_weekday_of_month = self.expand(expr_format, hash_id=hash_id)
                                               ^^^^^^^^^^^^^^^^^^^^^^^^^^^^^^^^^^^^^^^^^
  File "/home/airflow/.local/lib/python3.11/site-packages/croniter/croniter.py", line 821, in expand
    return cls._expand(expr_format, hash_id=hash_id)
           ^^^^^^^^^^^^^^^^^^^^^^^^^^^^^^^^^^^^^^^^^
  File "/home/airflow/.local/lib/python3.11/site-packages/croniter/croniter.py", line 659, in _expand
    raise CroniterBadCronError(cls.bad_length)
croniter.croniter.CroniterBadCronError: Exactly 5 or 6 columns has to be specified for iterator expression.

During handling of the above exception, another exception occurred:

Traceback (most recent call last):
  File "/home/airflow/.local/lib/python3.11/site-packages/airflow/models/dagbag.py", line 447, in _process_modules
    dag.validate()
  File "/home/airflow/.local/lib/python3.11/site-packages/airflow/models/dag.py", line 775, in validate
    self.timetable.validate()
  File "/home/airflow/.local/lib/python3.11/site-packages/airflow/timetables/_cron.py", line 102, in validate
    raise AirflowTimetableInvalid(str(e))
airflow.exceptions.AirflowTimetableInvalid: Exactly 5 or 6 columns has to be specified for iterator expression.
[2026-09-17T18:33:37.572+0000] {processor.py:842} WARNING - No viable dags retrieved from /opt/airflow/dags/etl.py
[2026-09-17T18:33:37.596+0000] {processor.py:183} INFO - Processing /opt/airflow/dags/etl.py took 0.055 seconds
