[2026-09-16T16:54:46.826+0000] {manager.py:470} INFO - Processing files using up to 1 processes at a time 
[2026-09-16T16:54:46.826+0000] {manager.py:471} INFO - Process each file at most once every 30 seconds
[2026-09-16T16:54:46.826+0000] {manager.py:472} INFO - Checking for new files in /opt/airflow/dags every 300 seconds
[2026-09-16T16:54:46.826+0000] {manager.py:737} INFO - Searching for files in /opt/airflow/dags
[2026-09-16T16:54:46.827+0000] {manager.py:740} INFO - There are 0 files in /opt/airflow/dags
[2026-09-16T16:59:46.831+0000] {manager.py:737} INFO - Searching for files in /opt/airflow/dags
[2026-09-16T16:59:46.833+0000] {manager.py:740} INFO - There are 0 files in /opt/airflow/dags
[2026-09-16T17:04:46.905+0000] {manager.py:737} INFO - Searching for files in /opt/airflow/dags
[2026-09-16T17:04:46.909+0000] {manager.py:740} INFO - There are 0 files in /opt/airflow/dags
[2026-09-16T17:09:46.962+0000] {manager.py:737} INFO - Searching for files in /opt/airflow/dags
[2026-09-16T17:09:46.963+0000] {manager.py:740} INFO - There are 0 files in /opt/airflow/dags
[2026-09-16T17:14:47.012+0000] {manager.py:737} INFO - Searching for files in /opt/airflow/dags
[2026-09-16T17:14:47.014+0000] {manager.py:740} INFO - There are 0 files in /opt/airflow/dags
[2026-09-16T17:19:47.075+0000] {manager.py:737} INFO - Searching for files in /opt/airflow/dags
[2026-09-16T17:19:47.076+0000] {manager.py:740} INFO - There are 0 files in /opt/airflow/dags
[2026-09-16T17:24:47.124+0000] {manager.py:737} INFO - Searching for files in /opt/airflow/dags
[2026-09-16T17:24:47.125+0000] {manager.py:740} INFO - There are 0 files in /opt/airflow/dags
[2026-09-16T17:29:47.186+0000] {manager.py:737} INFO - Searching for files in /opt/airflow/dags
[2026-09-16T17:29:47.187+0000] {manager.py:740} INFO - There are 0 files in /opt/airflow/dags
[2026-09-16T17:34:47.243+0000] {manager.py:737} INFO - Searching for files in /opt/airflow/dags
[2026-09-16T17:34:47.245+0000] {manager.py:740} INFO - There are 0 files in /opt/airflow/dags
[2026-09-16T17:39:47.331+0000] {manager.py:737} INFO - Searching for files in /opt/airflow/dags
[2026-09-16T17:39:47.335+0000] {manager.py:740} INFO - There are 0 files in /opt/airflow/dags
[2026-09-16T17:44:47.425+0000] {manager.py:737} INFO - Searching for files in /opt/airflow/dags
[2026-09-16T17:44:47.427+0000] {manager.py:740} INFO - There are 0 files in /opt/airflow/dags
[2026-09-16T17:49:47.497+0000] {manager.py:737} INFO - Searching for files in /opt/airflow/dags
[2026-09-16T17:49:47.498+0000] {manager.py:740} INFO - There are 0 files in /opt/airflow/dags
[2026-09-16T17:54:47.561+0000] {manager.py:737} INFO - Searching for files in /opt/airflow/dags
[2026-09-16T17:54:47.564+0000] {manager.py:740} INFO - There are 0 files in /opt/airflow/dags
[2026-09-16T17:59:47.655+0000] {manager.py:737} INFO - Searching for files in /opt/airflow/dags
[2026-09-16T17:59:47.659+0000] {manager.py:740} INFO - There are 0 files in /opt/airflow/dags
[2026-09-16T18:04:47.721+0000] {manager.py:737} INFO - Searching for files in /opt/airflow/dags
[2026-09-16T18:04:47.722+0000] {manager.py:740} INFO - There are 0 files in /opt/airflow/dags
[2026-09-16T18:09:47.783+0000] {manager.py:737} INFO - Searching for files in /opt/airflow/dags
[2026-09-16T18:09:47.784+0000] {manager.py:740} INFO - There are 0 files in /opt/airflow/dags
[2026-09-16T18:14:47.845+0000] {manager.py:737} INFO - Searching for files in /opt/airflow/dags
[2026-09-16T18:14:47.846+0000] {manager.py:740} INFO - There are 0 files in /opt/airflow/dags
[2026-09-16T18:19:47.908+0000] {manager.py:737} INFO - Searching for files in /opt/airflow/dags
[2026-09-16T18:19:47.909+0000] {manager.py:740} INFO - There are 0 files in /opt/airflow/dags
[2026-09-16T18:24:47.971+0000] {manager.py:737} INFO - Searching for files in /opt/airflow/dags
[2026-09-16T18:24:47.973+0000] {manager.py:740} INFO - There are 0 files in /opt/airflow/dags
[2026-09-16T18:29:48.035+0000] {manager.py:737} INFO - Searching for files in /opt/airflow/dags
[2026-09-16T18:29:48.036+0000] {manager.py:740} INFO - There are 0 files in /opt/airflow/dags
[2026-09-16T18:34:48.045+0000] {manager.py:737} INFO - Searching for files in /opt/airflow/dags
[2026-09-16T18:34:48.046+0000] {manager.py:740} INFO - There are 0 files in /opt/airflow/dags
[2026-09-16T18:39:48.127+0000] {manager.py:737} INFO - Searching for files in /opt/airflow/dags
[2026-09-16T18:39:48.128+0000] {manager.py:740} INFO - There are 0 files in /opt/airflow/dags
[2026-09-16T18:44:48.189+0000] {manager.py:737} INFO - Searching for files in /opt/airflow/dags
[2026-09-16T18:44:48.191+0000] {manager.py:740} INFO - There are 0 files in /opt/airflow/dags
[2026-09-16T18:49:48.255+0000] {manager.py:737} INFO - Searching for files in /opt/airflow/dags
[2026-09-16T18:49:48.256+0000] {manager.py:740} INFO - There are 0 files in /opt/airflow/dags
[2026-09-17T15:26:57.292+0000] {manager.py:470} INFO - Processing files using up to 1 processes at a time 
[2026-09-17T15:26:57.294+0000] {manager.py:471} INFO - Process each file at most once every 30 seconds
[2026-09-17T15:26:57.294+0000] {manager.py:472} INFO - Checking for new files in /opt/airflow/dags every 300 seconds
[2026-09-17T15:26:57.294+0000] {manager.py:737} INFO - Searching for files in /opt/airflow/dags
[2026-09-17T15:26:57.295+0000] {manager.py:740} INFO - There are 0 files in /opt/airflow/dags
[2026-09-17T15:31:57.418+0000] {manager.py:737} INFO - Searching for files in /opt/airflow/dags
[2026-09-17T15:31:57.420+0000] {manager.py:740} INFO - There are 0 files in /opt/airflow/dags
[2026-09-17T15:36:57.454+0000] {manager.py:737} INFO - Searching for files in /opt/airflow/dags
[2026-09-17T15:36:57.455+0000] {manager.py:740} INFO - There are 0 files in /opt/airflow/dags
[2026-09-17T15:41:57.891+0000] {manager.py:737} INFO - Searching for files in /opt/airflow/dags
[2026-09-17T15:41:57.893+0000] {manager.py:740} INFO - There are 0 files in /opt/airflow/dags
[2026-09-17T15:46:58.115+0000] {manager.py:737} INFO - Searching for files in /opt/airflow/dags
[2026-09-17T15:46:58.116+0000] {manager.py:740} INFO - There are 0 files in /opt/airflow/dags
[2026-09-17T15:51:58.307+0000] {manager.py:737} INFO - Searching for files in /opt/airflow/dags
[2026-09-17T15:51:58.308+0000] {manager.py:740} INFO - There are 1 files in /opt/airflow/dags
[2026-09-17T15:52:01.586+0000] {manager.py:878} INFO - 
================================================================================
DAG File Processing Stats

File Path                 PID    Runtime      # DAGs    # Errors  Last Runtime    Last Run
------------------------  -----  ---------  --------  ----------  --------------  -------------------
/opt/airflow/dags/etl.py                           0           0  0.10s           2026-09-17T15:51:58
================================================================================
[2026-09-17T15:52:31.679+0000] {manager.py:878} INFO - 
================================================================================
DAG File Processing Stats

File Path                 PID    Runtime      # DAGs    # Errors  Last Runtime    Last Run
------------------------  -----  ---------  --------  ----------  --------------  -------------------
/opt/airflow/dags/etl.py                           0           0  0.21s           2026-09-17T15:52:29
================================================================================
[2026-09-17T15:53:01.779+0000] {manager.py:878} INFO - 
================================================================================
DAG File Processing Stats

File Path                 PID    Runtime      # DAGs    # Errors  Last Runtime    Last Run
------------------------  -----  ---------  --------  ----------  --------------  -------------------
/opt/airflow/dags/etl.py                           0           0  0.11s           2026-09-17T15:52:59
================================================================================
[2026-09-17T15:53:31.867+0000] {manager.py:878} INFO - 
================================================================================
DAG File Processing Stats

File Path                 PID    Runtime      # DAGs    # Errors  Last Runtime    Last Run
------------------------  -----  ---------  --------  ----------  --------------  -------------------
/opt/airflow/dags/etl.py                           0           0  0.11s           2026-09-17T15:53:30
================================================================================
[2026-09-17T15:54:01.941+0000] {manager.py:878} INFO - 
================================================================================
DAG File Processing Stats

File Path                 PID    Runtime      # DAGs    # Errors  Last Runtime    Last Run
------------------------  -----  ---------  --------  ----------  --------------  -------------------
/opt/airflow/dags/etl.py                           0           0  0.10s           2026-09-17T15:54:00
================================================================================
[2026-09-17T15:54:32.016+0000] {manager.py:878} INFO - 
================================================================================
DAG File Processing Stats

File Path                 PID    Runtime      # DAGs    # Errors  Last Runtime    Last Run
------------------------  -----  ---------  --------  ----------  --------------  -------------------
/opt/airflow/dags/etl.py                           0           0  0.11s           2026-09-17T15:54:30
================================================================================
[2026-09-17T15:55:02.082+0000] {manager.py:878} INFO - 
================================================================================
DAG File Processing Stats

File Path                 PID    Runtime      # DAGs    # Errors  Last Runtime    Last Run
------------------------  -----  ---------  --------  ----------  --------------  -------------------
/opt/airflow/dags/etl.py                           0           0  0.11s           2026-09-17T15:55:01
================================================================================
[2026-09-17T15:55:32.160+0000] {manager.py:878} INFO - 
================================================================================
DAG File Processing Stats

File Path                 PID    Runtime      # DAGs    # Errors  Last Runtime    Last Run
------------------------  -----  ---------  --------  ----------  --------------  -------------------
/opt/airflow/dags/etl.py                           0           0  0.11s           2026-09-17T15:55:31
================================================================================
[2026-09-17T15:56:02.260+0000] {manager.py:878} INFO - 
================================================================================
DAG File Processing Stats

File Path                 PID    Runtime      # DAGs    # Errors  Last Runtime    Last Run
------------------------  -----  ---------  --------  ----------  --------------  -------------------
/opt/airflow/dags/etl.py                           0           0  0.11s           2026-09-17T15:56:01
================================================================================
[2026-09-17T15:56:32.335+0000] {manager.py:878} INFO - 
================================================================================
DAG File Processing Stats

File Path                 PID    Runtime      # DAGs    # Errors  Last Runtime    Last Run
------------------------  -----  ---------  --------  ----------  --------------  -------------------
/opt/airflow/dags/etl.py                           0           0  0.10s           2026-09-17T15:56:31
================================================================================
[2026-09-17T15:56:58.677+0000] {manager.py:737} INFO - Searching for files in /opt/airflow/dags
[2026-09-17T15:56:58.679+0000] {manager.py:740} INFO - There are 1 files in /opt/airflow/dags
[2026-09-17T15:57:02.436+0000] {manager.py:878} INFO - 
================================================================================
DAG File Processing Stats

File Path                 PID    Runtime      # DAGs    # Errors  Last Runtime    Last Run
------------------------  -----  ---------  --------  ----------  --------------  -------------------
/opt/airflow/dags/etl.py                           0           0  0.11s           2026-09-17T15:57:02
================================================================================
[2026-09-17T15:57:32.517+0000] {manager.py:878} INFO - 
================================================================================
DAG File Processing Stats

File Path                 PID    Runtime      # DAGs    # Errors  Last Runtime    Last Run
------------------------  -----  ---------  --------  ----------  --------------  -------------------
/opt/airflow/dags/etl.py                           0           0  0.11s           2026-09-17T15:57:32
================================================================================
[2026-09-17T15:58:02.689+0000] {manager.py:878} INFO - 
================================================================================
DAG File Processing Stats

File Path                 PID    Runtime      # DAGs    # Errors  Last Runtime    Last Run
------------------------  -----  ---------  --------  ----------  --------------  -------------------
/opt/airflow/dags/etl.py                           0           0  0.11s           2026-09-17T15:58:02
================================================================================
[2026-09-17T15:58:32.875+0000] {manager.py:878} INFO - 
================================================================================
DAG File Processing Stats

File Path                 PID    Runtime      # DAGs    # Errors  Last Runtime    Last Run
------------------------  -----  ---------  --------  ----------  --------------  -------------------
/opt/airflow/dags/etl.py                           0           0  0.11s           2026-09-17T15:58:32
================================================================================
[2026-09-17T15:59:03.065+0000] {manager.py:878} INFO - 
================================================================================
DAG File Processing Stats

File Path                 PID    Runtime      # DAGs    # Errors  Last Runtime    Last Run
------------------------  -----  ---------  --------  ----------  --------------  -------------------
/opt/airflow/dags/etl.py                           0           0  0.11s           2026-09-17T15:59:03
================================================================================
[2026-09-17T15:59:33.264+0000] {manager.py:878} INFO - 
================================================================================
DAG File Processing Stats

File Path                 PID    Runtime      # DAGs    # Errors  Last Runtime    Last Run
------------------------  -----  ---------  --------  ----------  --------------  -------------------
/opt/airflow/dags/etl.py                           0           0  0.11s           2026-09-17T15:59:33
================================================================================
[2026-09-17T16:00:03.467+0000] {manager.py:878} INFO - 
================================================================================
DAG File Processing Stats

File Path                 PID    Runtime      # DAGs    # Errors  Last Runtime    Last Run
------------------------  -----  ---------  --------  ----------  --------------  -------------------
/opt/airflow/dags/etl.py                           0           0  0.11s           2026-09-17T16:00:03
================================================================================
[2026-09-17T16:00:33.669+0000] {manager.py:878} INFO - 
================================================================================
DAG File Processing Stats

File Path                 PID    Runtime      # DAGs    # Errors  Last Runtime    Last Run
------------------------  -----  ---------  --------  ----------  --------------  -------------------
/opt/airflow/dags/etl.py                           0           0  0.11s           2026-09-17T16:00:33
================================================================================
[2026-09-17T16:01:03.867+0000] {manager.py:878} INFO - 
================================================================================
DAG File Processing Stats

File Path                 PID    Runtime      # DAGs    # Errors  Last Runtime    Last Run
------------------------  -----  ---------  --------  ----------  --------------  -------------------
/opt/airflow/dags/etl.py                           0           0  0.11s           2026-09-17T16:01:03
================================================================================
[2026-09-17T16:01:34.069+0000] {manager.py:878} INFO - 
================================================================================
DAG File Processing Stats

File Path                 PID    Runtime      # DAGs    # Errors  Last Runtime    Last Run
------------------------  -----  ---------  --------  ----------  --------------  -------------------
/opt/airflow/dags/etl.py                           0           0  0.11s           2026-09-17T16:01:34
================================================================================
[2026-09-17T16:01:58.920+0000] {manager.py:737} INFO - Searching for files in /opt/airflow/dags
[2026-09-17T16:01:58.922+0000] {manager.py:740} INFO - There are 1 files in /opt/airflow/dags
[2026-09-17T16:02:04.269+0000] {manager.py:878} INFO - 
================================================================================
DAG File Processing Stats

File Path                 PID    Runtime      # DAGs    # Errors  Last Runtime    Last Run
------------------------  -----  ---------  --------  ----------  --------------  -------------------
/opt/airflow/dags/etl.py                           0           0  0.11s           2026-09-17T16:02:04
================================================================================
[2026-09-17T16:02:34.475+0000] {manager.py:878} INFO - 
================================================================================
DAG File Processing Stats

File Path                 PID    Runtime      # DAGs    # Errors  Last Runtime    Last Run
------------------------  -----  ---------  --------  ----------  --------------  -------------------
/opt/airflow/dags/etl.py                           0           0  0.11s           2026-09-17T16:02:34
================================================================================
[2026-09-17T16:03:04.684+0000] {manager.py:878} INFO - 
================================================================================
DAG File Processing Stats

File Path                 PID    Runtime      # DAGs    # Errors  Last Runtime    Last Run
------------------------  -----  ---------  --------  ----------  --------------  -------------------
/opt/airflow/dags/etl.py                           0           0  0.11s           2026-09-17T16:03:04
================================================================================
[2026-09-17T16:03:34.885+0000] {manager.py:878} INFO - 
================================================================================
DAG File Processing Stats

File Path                 PID    Runtime      # DAGs    # Errors  Last Runtime    Last Run
------------------------  -----  ---------  --------  ----------  --------------  -------------------
/opt/airflow/dags/etl.py                           0           0  0.11s           2026-09-17T16:03:34
================================================================================
[2026-09-17T16:04:05.081+0000] {manager.py:878} INFO - 
================================================================================
DAG File Processing Stats

File Path                 PID    Runtime      # DAGs    # Errors  Last Runtime    Last Run
------------------------  -----  ---------  --------  ----------  --------------  -------------------
/opt/airflow/dags/etl.py                           0           0  0.11s           2026-09-17T16:04:05
================================================================================
[2026-09-17T16:04:35.280+0000] {manager.py:878} INFO - 
================================================================================
DAG File Processing Stats

File Path                 PID    Runtime      # DAGs    # Errors  Last Runtime    Last Run
------------------------  -----  ---------  --------  ----------  --------------  -------------------
/opt/airflow/dags/etl.py                           0           0  0.11s           2026-09-17T16:04:35
================================================================================
[2026-09-17T16:05:05.463+0000] {manager.py:878} INFO - 
================================================================================
DAG File Processing Stats

File Path                 PID    Runtime      # DAGs    # Errors  Last Runtime    Last Run
------------------------  -----  ---------  --------  ----------  --------------  -------------------
/opt/airflow/dags/etl.py                           0           0  0.11s           2026-09-17T16:05:05
================================================================================
[2026-09-17T16:05:35.668+0000] {manager.py:878} INFO - 
================================================================================
DAG File Processing Stats

File Path                 PID    Runtime      # DAGs    # Errors  Last Runtime    Last Run
------------------------  -----  ---------  --------  ----------  --------------  -------------------
/opt/airflow/dags/etl.py                           0           0  0.11s           2026-09-17T16:05:35
================================================================================
[2026-09-17T16:06:05.873+0000] {manager.py:878} INFO - 
================================================================================
DAG File Processing Stats

File Path                 PID    Runtime      # DAGs    # Errors  Last Runtime    Last Run
------------------------  -----  ---------  --------  ----------  --------------  -------------------
/opt/airflow/dags/etl.py                           0           0  0.11s           2026-09-17T16:06:05
================================================================================
[2026-09-17T16:06:36.076+0000] {manager.py:878} INFO - 
================================================================================
DAG File Processing Stats

File Path                 PID    Runtime      # DAGs    # Errors  Last Runtime    Last Run
------------------------  -----  ---------  --------  ----------  --------------  -------------------
/opt/airflow/dags/etl.py                           0           0  0.11s           2026-09-17T16:06:36
================================================================================
[2026-09-17T16:06:59.164+0000] {manager.py:737} INFO - Searching for files in /opt/airflow/dags
[2026-09-17T16:06:59.166+0000] {manager.py:740} INFO - There are 1 files in /opt/airflow/dags
[2026-09-17T16:07:06.280+0000] {manager.py:878} INFO - 
================================================================================
DAG File Processing Stats

File Path                 PID    Runtime      # DAGs    # Errors  Last Runtime    Last Run
------------------------  -----  ---------  --------  ----------  --------------  -------------------
/opt/airflow/dags/etl.py                           0           0  0.11s           2026-09-17T16:07:06
================================================================================
[2026-09-17T16:07:36.489+0000] {manager.py:878} INFO - 
================================================================================
DAG File Processing Stats

File Path                 PID    Runtime      # DAGs    # Errors  Last Runtime    Last Run
------------------------  -----  ---------  --------  ----------  --------------  -------------------
/opt/airflow/dags/etl.py                           0           0  0.11s           2026-09-17T16:07:36
================================================================================
[2026-09-17T16:08:06.691+0000] {manager.py:878} INFO - 
================================================================================
DAG File Processing Stats

File Path                 PID    Runtime      # DAGs    # Errors  Last Runtime    Last Run
------------------------  -----  ---------  --------  ----------  --------------  -------------------
/opt/airflow/dags/etl.py                           0           0  0.11s           2026-09-17T16:08:06
================================================================================
[2026-09-17T16:08:36.892+0000] {manager.py:878} INFO - 
================================================================================
DAG File Processing Stats

File Path                 PID    Runtime      # DAGs    # Errors  Last Runtime    Last Run
------------------------  -----  ---------  --------  ----------  --------------  -------------------
/opt/airflow/dags/etl.py                           0           0  0.11s           2026-09-17T16:08:36
================================================================================
[2026-09-17T16:09:07.043+0000] {manager.py:878} INFO - 
================================================================================
DAG File Processing Stats

File Path                 PID    Runtime      # DAGs    # Errors  Last Runtime    Last Run
------------------------  -----  ---------  --------  ----------  --------------  -------------------
/opt/airflow/dags/etl.py                           0           0  0.11s           2026-09-17T16:09:07
================================================================================
[2026-09-17T16:09:37.243+0000] {manager.py:878} INFO - 
================================================================================
DAG File Processing Stats

File Path                 PID    Runtime      # DAGs    # Errors  Last Runtime    Last Run
------------------------  -----  ---------  --------  ----------  --------------  -------------------
/opt/airflow/dags/etl.py                           0           0  0.11s           2026-09-17T16:09:37
================================================================================
[2026-09-17T16:10:07.445+0000] {manager.py:878} INFO - 
================================================================================
DAG File Processing Stats

File Path                 PID    Runtime      # DAGs    # Errors  Last Runtime    Last Run
------------------------  -----  ---------  --------  ----------  --------------  -------------------
/opt/airflow/dags/etl.py                           0           0  0.11s           2026-09-17T16:10:07
================================================================================
[2026-09-17T16:10:37.647+0000] {manager.py:878} INFO - 
================================================================================
DAG File Processing Stats

File Path                 PID    Runtime      # DAGs    # Errors  Last Runtime    Last Run
------------------------  -----  ---------  --------  ----------  --------------  -------------------
/opt/airflow/dags/etl.py                           0           0  0.11s           2026-09-17T16:10:37
================================================================================
[2026-09-17T16:11:07.851+0000] {manager.py:878} INFO - 
================================================================================
DAG File Processing Stats

File Path                 PID    Runtime      # DAGs    # Errors  Last Runtime    Last Run
------------------------  -----  ---------  --------  ----------  --------------  -------------------
/opt/airflow/dags/etl.py                           0           0  0.11s           2026-09-17T16:11:07
================================================================================
[2026-09-17T16:11:38.056+0000] {manager.py:878} INFO - 
================================================================================
DAG File Processing Stats

File Path                 PID    Runtime      # DAGs    # Errors  Last Runtime    Last Run
------------------------  -----  ---------  --------  ----------  --------------  -------------------
/opt/airflow/dags/etl.py                           0           0  0.11s           2026-09-17T16:11:38
================================================================================
[2026-09-17T16:11:59.409+0000] {manager.py:737} INFO - Searching for files in /opt/airflow/dags
[2026-09-17T16:11:59.411+0000] {manager.py:740} INFO - There are 1 files in /opt/airflow/dags
[2026-09-17T16:12:08.259+0000] {manager.py:878} INFO - 
================================================================================
DAG File Processing Stats

File Path                 PID    Runtime      # DAGs    # Errors  Last Runtime    Last Run
------------------------  -----  ---------  --------  ----------  --------------  -------------------
/opt/airflow/dags/etl.py                           0           0  0.11s           2026-09-17T16:12:08
================================================================================
[2026-09-17T16:12:38.459+0000] {manager.py:878} INFO - 
================================================================================
DAG File Processing Stats

File Path                 PID    Runtime      # DAGs    # Errors  Last Runtime    Last Run
------------------------  -----  ---------  --------  ----------  --------------  -------------------
/opt/airflow/dags/etl.py                           0           0  0.11s           2026-09-17T16:12:38
================================================================================
[2026-09-17T16:13:08.665+0000] {manager.py:878} INFO - 
================================================================================
DAG File Processing Stats

File Path                 PID    Runtime      # DAGs    # Errors  Last Runtime    Last Run
------------------------  -----  ---------  --------  ----------  --------------  -------------------
/opt/airflow/dags/etl.py                           0           0  0.11s           2026-09-17T16:13:08
================================================================================
[2026-09-17T16:13:38.866+0000] {manager.py:878} INFO - 
================================================================================
DAG File Processing Stats

File Path                 PID    Runtime      # DAGs    # Errors  Last Runtime    Last Run
------------------------  -----  ---------  --------  ----------  --------------  -------------------
/opt/airflow/dags/etl.py                           0           0  0.11s           2026-09-17T16:13:38
================================================================================
[2026-09-17T16:14:09.072+0000] {manager.py:878} INFO - 
================================================================================
DAG File Processing Stats

File Path                 PID    Runtime      # DAGs    # Errors  Last Runtime    Last Run
------------------------  -----  ---------  --------  ----------  --------------  -------------------
/opt/airflow/dags/etl.py                           0           0  0.11s           2026-09-17T16:14:09
================================================================================
[2026-09-17T16:14:39.273+0000] {manager.py:878} INFO - 
================================================================================
DAG File Processing Stats

File Path                 PID    Runtime      # DAGs    # Errors  Last Runtime    Last Run
------------------------  -----  ---------  --------  ----------  --------------  -------------------
/opt/airflow/dags/etl.py                           0           0  0.11s           2026-09-17T16:14:39
================================================================================
[2026-09-17T16:15:09.469+0000] {manager.py:878} INFO - 
================================================================================
DAG File Processing Stats

File Path                 PID    Runtime      # DAGs    # Errors  Last Runtime    Last Run
------------------------  -----  ---------  --------  ----------  --------------  -------------------
/opt/airflow/dags/etl.py                           0           0  0.11s           2026-09-17T16:15:09
================================================================================
[2026-09-17T16:15:39.668+0000] {manager.py:878} INFO - 
================================================================================
DAG File Processing Stats

File Path                 PID    Runtime      # DAGs    # Errors  Last Runtime    Last Run
------------------------  -----  ---------  --------  ----------  --------------  -------------------
/opt/airflow/dags/etl.py                           0           0  0.11s           2026-09-17T16:15:39
================================================================================
[2026-09-17T16:16:09.867+0000] {manager.py:878} INFO - 
================================================================================
DAG File Processing Stats

File Path                 PID    Runtime      # DAGs    # Errors  Last Runtime    Last Run
------------------------  -----  ---------  --------  ----------  --------------  -------------------
/opt/airflow/dags/etl.py                           0           0  0.11s           2026-09-17T16:16:09
================================================================================
[2026-09-17T16:16:40.080+0000] {manager.py:878} INFO - 
================================================================================
DAG File Processing Stats

File Path                 PID    Runtime      # DAGs    # Errors  Last Runtime    Last Run
------------------------  -----  ---------  --------  ----------  --------------  -------------------
/opt/airflow/dags/etl.py                           0           0  0.11s           2026-09-17T16:16:40
================================================================================
[2026-09-17T16:16:59.635+0000] {manager.py:737} INFO - Searching for files in /opt/airflow/dags
[2026-09-17T16:16:59.636+0000] {manager.py:740} INFO - There are 1 files in /opt/airflow/dags
[2026-09-17T16:17:10.286+0000] {manager.py:878} INFO - 
================================================================================
DAG File Processing Stats

File Path                 PID    Runtime      # DAGs    # Errors  Last Runtime    Last Run
------------------------  -----  ---------  --------  ----------  --------------  -------------------
/opt/airflow/dags/etl.py                           0           0  0.11s           2026-09-17T16:17:10
================================================================================
[2026-09-17T16:17:40.488+0000] {manager.py:878} INFO - 
================================================================================
DAG File Processing Stats

File Path                 PID    Runtime      # DAGs    # Errors  Last Runtime    Last Run
------------------------  -----  ---------  --------  ----------  --------------  -------------------
/opt/airflow/dags/etl.py                           0           0  0.11s           2026-09-17T16:17:40
================================================================================
[2026-09-17T16:18:10.692+0000] {manager.py:878} INFO - 
================================================================================
DAG File Processing Stats

File Path                 PID    Runtime      # DAGs    # Errors  Last Runtime    Last Run
------------------------  -----  ---------  --------  ----------  --------------  -------------------
/opt/airflow/dags/etl.py                           0           0  0.11s           2026-09-17T16:18:10
================================================================================
[2026-09-17T16:18:40.890+0000] {manager.py:878} INFO - 
================================================================================
DAG File Processing Stats

File Path                 PID    Runtime      # DAGs    # Errors  Last Runtime    Last Run
------------------------  -----  ---------  --------  ----------  --------------  -------------------
/opt/airflow/dags/etl.py                           0           0  0.11s           2026-09-17T16:18:40
================================================================================
[2026-09-17T16:19:11.089+0000] {manager.py:878} INFO - 
================================================================================
DAG File Processing Stats

File Path                 PID    Runtime      # DAGs    # Errors  Last Runtime    Last Run
------------------------  -----  ---------  --------  ----------  --------------  -------------------
/opt/airflow/dags/etl.py                           0           0  0.11s           2026-09-17T16:19:11
================================================================================
[2026-09-17T16:19:41.272+0000] {manager.py:878} INFO - 
================================================================================
DAG File Processing Stats

File Path                 PID    Runtime      # DAGs    # Errors  Last Runtime    Last Run
------------------------  -----  ---------  --------  ----------  --------------  -------------------
/opt/airflow/dags/etl.py                           0           0  0.11s           2026-09-17T16:19:41
================================================================================
[2026-09-17T16:20:11.443+0000] {manager.py:878} INFO - 
================================================================================
DAG File Processing Stats

File Path                 PID    Runtime      # DAGs    # Errors  Last Runtime    Last Run
------------------------  -----  ---------  --------  ----------  --------------  -------------------
/opt/airflow/dags/etl.py                           0           0  0.10s           2026-09-17T16:20:11
================================================================================
[2026-09-17T16:20:41.554+0000] {manager.py:878} INFO - 
================================================================================
DAG File Processing Stats

File Path                 PID    Runtime      # DAGs    # Errors  Last Runtime    Last Run
------------------------  -----  ---------  --------  ----------  --------------  -------------------
/opt/airflow/dags/etl.py                           0           0  0.11s           2026-09-17T16:20:41
================================================================================
[2026-09-17T16:21:11.758+0000] {manager.py:878} INFO - 
================================================================================
DAG File Processing Stats

File Path                 PID    Runtime      # DAGs    # Errors  Last Runtime    Last Run
------------------------  -----  ---------  --------  ----------  --------------  -------------------
/opt/airflow/dags/etl.py                           0           0  0.11s           2026-09-17T16:21:11
================================================================================
[2026-09-17T16:21:41.921+0000] {manager.py:878} INFO - 
================================================================================
DAG File Processing Stats

File Path                 PID    Runtime      # DAGs    # Errors  Last Runtime    Last Run
------------------------  -----  ---------  --------  ----------  --------------  -------------------
/opt/airflow/dags/etl.py                           0           0  0.10s           2026-09-17T16:21:41
================================================================================
[2026-09-17T16:21:59.817+0000] {manager.py:737} INFO - Searching for files in /opt/airflow/dags
[2026-09-17T16:21:59.819+0000] {manager.py:740} INFO - There are 1 files in /opt/airflow/dags
[2026-09-17T16:22:12.110+0000] {manager.py:878} INFO - 
================================================================================
DAG File Processing Stats

File Path                 PID    Runtime      # DAGs    # Errors  Last Runtime    Last Run
------------------------  -----  ---------  --------  ----------  --------------  -------------------
/opt/airflow/dags/etl.py                           0           0  0.11s           2026-09-17T16:22:12
================================================================================
[2026-09-17T16:22:42.318+0000] {manager.py:878} INFO - 
================================================================================
DAG File Processing Stats

File Path                 PID    Runtime      # DAGs    # Errors  Last Runtime    Last Run
------------------------  -----  ---------  --------  ----------  --------------  -------------------
/opt/airflow/dags/etl.py                           0           0  0.11s           2026-09-17T16:22:42
================================================================================
[2026-09-17T16:23:12.438+0000] {manager.py:878} INFO - 
================================================================================
DAG File Processing Stats

File Path                 PID    Runtime      # DAGs    # Errors  Last Runtime    Last Run
------------------------  -----  ---------  --------  ----------  --------------  -------------------
/opt/airflow/dags/etl.py                           0           0  0.11s           2026-09-17T16:23:12
================================================================================
[2026-09-17T16:23:42.640+0000] {manager.py:878} INFO - 
================================================================================
DAG File Processing Stats

File Path                 PID    Runtime      # DAGs    # Errors  Last Runtime    Last Run
------------------------  -----  ---------  --------  ----------  --------------  -------------------
/opt/airflow/dags/etl.py                           0           0  0.11s           2026-09-17T16:23:42
================================================================================
[2026-09-17T16:24:12.845+0000] {manager.py:878} INFO - 
================================================================================
DAG File Processing Stats

File Path                 PID    Runtime      # DAGs    # Errors  Last Runtime    Last Run
------------------------  -----  ---------  --------  ----------  --------------  -------------------
/opt/airflow/dags/etl.py                           0           0  0.11s           2026-09-17T16:24:12
================================================================================
[2026-09-17T16:24:43.046+0000] {manager.py:878} INFO - 
================================================================================
DAG File Processing Stats

File Path                 PID    Runtime      # DAGs    # Errors  Last Runtime    Last Run
------------------------  -----  ---------  --------  ----------  --------------  -------------------
/opt/airflow/dags/etl.py                           0           0  0.11s           2026-09-17T16:24:43
================================================================================
[2026-09-17T16:25:13.250+0000] {manager.py:878} INFO - 
================================================================================
DAG File Processing Stats

File Path                 PID    Runtime      # DAGs    # Errors  Last Runtime    Last Run
------------------------  -----  ---------  --------  ----------  --------------  -------------------
/opt/airflow/dags/etl.py                           0           0  0.11s           2026-09-17T16:25:13
================================================================================
[2026-09-17T16:25:43.449+0000] {manager.py:878} INFO - 
================================================================================
DAG File Processing Stats

File Path                 PID    Runtime      # DAGs    # Errors  Last Runtime    Last Run
------------------------  -----  ---------  --------  ----------  --------------  -------------------
/opt/airflow/dags/etl.py                           0           0  0.11s           2026-09-17T16:25:43
================================================================================
[2026-09-17T16:26:13.647+0000] {manager.py:878} INFO - 
================================================================================
DAG File Processing Stats

File Path                 PID    Runtime      # DAGs    # Errors  Last Runtime    Last Run
------------------------  -----  ---------  --------  ----------  --------------  -------------------
/opt/airflow/dags/etl.py                           0           0  0.11s           2026-09-17T16:26:13
================================================================================
[2026-09-17T16:26:43.845+0000] {manager.py:878} INFO - 
================================================================================
DAG File Processing Stats

File Path                 PID    Runtime      # DAGs    # Errors  Last Runtime    Last Run
------------------------  -----  ---------  --------  ----------  --------------  -------------------
/opt/airflow/dags/etl.py                           0           0  0.11s           2026-09-17T16:26:43
================================================================================
[2026-09-17T16:26:59.939+0000] {manager.py:737} INFO - Searching for files in /opt/airflow/dags
[2026-09-17T16:26:59.942+0000] {manager.py:740} INFO - There are 1 files in /opt/airflow/dags
[2026-09-17T16:27:14.051+0000] {manager.py:878} INFO - 
================================================================================
DAG File Processing Stats

File Path                 PID    Runtime      # DAGs    # Errors  Last Runtime    Last Run
------------------------  -----  ---------  --------  ----------  --------------  -------------------
/opt/airflow/dags/etl.py                           0           0  0.11s           2026-09-17T16:27:14
================================================================================
[2026-09-17T16:27:44.252+0000] {manager.py:878} INFO - 
================================================================================
DAG File Processing Stats

File Path                 PID    Runtime      # DAGs    # Errors  Last Runtime    Last Run
------------------------  -----  ---------  --------  ----------  --------------  -------------------
/opt/airflow/dags/etl.py                           0           0  0.11s           2026-09-17T16:27:44
================================================================================
[2026-09-17T16:28:14.455+0000] {manager.py:878} INFO - 
================================================================================
DAG File Processing Stats

File Path                 PID    Runtime      # DAGs    # Errors  Last Runtime    Last Run
------------------------  -----  ---------  --------  ----------  --------------  -------------------
/opt/airflow/dags/etl.py                           0           0  0.11s           2026-09-17T16:28:14
================================================================================
[2026-09-17T16:28:44.658+0000] {manager.py:878} INFO - 
================================================================================
DAG File Processing Stats

File Path                 PID    Runtime      # DAGs    # Errors  Last Runtime    Last Run
------------------------  -----  ---------  --------  ----------  --------------  -------------------
/opt/airflow/dags/etl.py                           0           0  0.11s           2026-09-17T16:28:44
================================================================================
[2026-09-17T16:29:14.824+0000] {manager.py:878} INFO - 
================================================================================
DAG File Processing Stats

File Path                 PID    Runtime      # DAGs    # Errors  Last Runtime    Last Run
------------------------  -----  ---------  --------  ----------  --------------  -------------------
/opt/airflow/dags/etl.py                           0           0  0.11s           2026-09-17T16:29:14
================================================================================
[2026-09-17T16:29:45.024+0000] {manager.py:878} INFO - 
================================================================================
DAG File Processing Stats

File Path                 PID    Runtime      # DAGs    # Errors  Last Runtime    Last Run
------------------------  -----  ---------  --------  ----------  --------------  -------------------
/opt/airflow/dags/etl.py                           0           0  0.11s           2026-09-17T16:29:45
================================================================================
[2026-09-17T16:30:15.225+0000] {manager.py:878} INFO - 
================================================================================
DAG File Processing Stats

File Path                 PID    Runtime      # DAGs    # Errors  Last Runtime    Last Run
------------------------  -----  ---------  --------  ----------  --------------  -------------------
/opt/airflow/dags/etl.py                           0           0  0.11s           2026-09-17T16:30:15
================================================================================
[2026-09-17T16:30:45.416+0000] {manager.py:878} INFO - 
================================================================================
DAG File Processing Stats

File Path                 PID    Runtime      # DAGs    # Errors  Last Runtime    Last Run
------------------------  -----  ---------  --------  ----------  --------------  -------------------
/opt/airflow/dags/etl.py                           0           0  0.11s           2026-09-17T16:30:45
================================================================================
[2026-09-17T16:31:15.616+0000] {manager.py:878} INFO - 
================================================================================
DAG File Processing Stats

File Path                 PID    Runtime      # DAGs    # Errors  Last Runtime    Last Run
------------------------  -----  ---------  --------  ----------  --------------  -------------------
/opt/airflow/dags/etl.py                           0           0  0.11s           2026-09-17T16:31:15
================================================================================
[2026-09-17T16:31:45.815+0000] {manager.py:878} INFO - 
================================================================================
DAG File Processing Stats

File Path                 PID    Runtime      # DAGs    # Errors  Last Runtime    Last Run
------------------------  -----  ---------  --------  ----------  --------------  -------------------
/opt/airflow/dags/etl.py                           0           0  0.11s           2026-09-17T16:31:45
================================================================================
[2026-09-17T16:32:00.126+0000] {manager.py:737} INFO - Searching for files in /opt/airflow/dags
[2026-09-17T16:32:00.128+0000] {manager.py:740} INFO - There are 1 files in /opt/airflow/dags
[2026-09-17T16:32:16.019+0000] {manager.py:878} INFO - 
================================================================================
DAG File Processing Stats

File Path                 PID    Runtime      # DAGs    # Errors  Last Runtime    Last Run
------------------------  -----  ---------  --------  ----------  --------------  -------------------
/opt/airflow/dags/etl.py                           0           0  0.11s           2026-09-17T16:32:16
================================================================================
[2026-09-17T16:32:46.225+0000] {manager.py:878} INFO - 
================================================================================
DAG File Processing Stats

File Path                 PID    Runtime      # DAGs    # Errors  Last Runtime    Last Run
------------------------  -----  ---------  --------  ----------  --------------  -------------------
/opt/airflow/dags/etl.py                           0           0  0.11s           2026-09-17T16:32:46
================================================================================
[2026-09-17T16:33:16.424+0000] {manager.py:878} INFO - 
================================================================================
DAG File Processing Stats

File Path                 PID    Runtime      # DAGs    # Errors  Last Runtime    Last Run
------------------------  -----  ---------  --------  ----------  --------------  -------------------
/opt/airflow/dags/etl.py                           0           0  0.11s           2026-09-17T16:33:16
================================================================================
[2026-09-17T16:33:46.626+0000] {manager.py:878} INFO - 
================================================================================
DAG File Processing Stats

File Path                 PID    Runtime      # DAGs    # Errors  Last Runtime    Last Run
------------------------  -----  ---------  --------  ----------  --------------  -------------------
/opt/airflow/dags/etl.py                           0           0  0.11s           2026-09-17T16:33:46
================================================================================
[2026-09-17T16:34:16.742+0000] {manager.py:878} INFO - 
================================================================================
DAG File Processing Stats

File Path                 PID    Runtime      # DAGs    # Errors  Last Runtime    Last Run
------------------------  -----  ---------  --------  ----------  --------------  -------------------
/opt/airflow/dags/etl.py                           0           0  0.11s           2026-09-17T16:34:16
================================================================================
[2026-09-17T16:34:46.951+0000] {manager.py:878} INFO - 
================================================================================
DAG File Processing Stats

File Path                 PID    Runtime      # DAGs    # Errors  Last Runtime    Last Run
------------------------  -----  ---------  --------  ----------  --------------  -------------------
/opt/airflow/dags/etl.py                           0           0  0.11s           2026-09-17T16:34:46
================================================================================
[2026-09-17T16:35:17.154+0000] {manager.py:878} INFO - 
================================================================================
DAG File Processing Stats

File Path                 PID    Runtime      # DAGs    # Errors  Last Runtime    Last Run
------------------------  -----  ---------  --------  ----------  --------------  -------------------
/opt/airflow/dags/etl.py                           0           0  0.11s           2026-09-17T16:35:17
================================================================================
[2026-09-17T16:35:47.358+0000] {manager.py:878} INFO - 
================================================================================
DAG File Processing Stats

File Path                 PID    Runtime      # DAGs    # Errors  Last Runtime    Last Run
------------------------  -----  ---------  --------  ----------  --------------  -------------------
/opt/airflow/dags/etl.py                           0           0  0.11s           2026-09-17T16:35:47
================================================================================
[2026-09-17T16:36:17.559+0000] {manager.py:878} INFO - 
================================================================================
DAG File Processing Stats

File Path                 PID    Runtime      # DAGs    # Errors  Last Runtime    Last Run
------------------------  -----  ---------  --------  ----------  --------------  -------------------
/opt/airflow/dags/etl.py                           0           0  0.11s           2026-09-17T16:36:17
================================================================================
[2026-09-17T16:36:47.767+0000] {manager.py:878} INFO - 
================================================================================
DAG File Processing Stats

File Path                 PID    Runtime      # DAGs    # Errors  Last Runtime    Last Run
------------------------  -----  ---------  --------  ----------  --------------  -------------------
/opt/airflow/dags/etl.py                           0           0  0.11s           2026-09-17T16:36:47
================================================================================
[2026-09-17T16:37:00.534+0000] {manager.py:737} INFO - Searching for files in /opt/airflow/dags
[2026-09-17T16:37:00.536+0000] {manager.py:740} INFO - There are 1 files in /opt/airflow/dags
[2026-09-17T16:37:17.969+0000] {manager.py:878} INFO - 
================================================================================
DAG File Processing Stats

File Path                 PID    Runtime      # DAGs    # Errors  Last Runtime    Last Run
------------------------  -----  ---------  --------  ----------  --------------  -------------------
/opt/airflow/dags/etl.py                           0           0  0.11s           2026-09-17T16:37:17
================================================================================
[2026-09-17T16:37:48.163+0000] {manager.py:878} INFO - 
================================================================================
DAG File Processing Stats

File Path                 PID    Runtime      # DAGs    # Errors  Last Runtime    Last Run
------------------------  -----  ---------  --------  ----------  --------------  -------------------
/opt/airflow/dags/etl.py                           0           0  0.11s           2026-09-17T16:37:48
================================================================================
[2026-09-17T16:38:18.369+0000] {manager.py:878} INFO - 
================================================================================
DAG File Processing Stats

File Path                 PID    Runtime      # DAGs    # Errors  Last Runtime    Last Run
------------------------  -----  ---------  --------  ----------  --------------  -------------------
/opt/airflow/dags/etl.py                           0           0  0.11s           2026-09-17T16:38:18
================================================================================
[2026-09-17T16:38:48.580+0000] {manager.py:878} INFO - 
================================================================================
DAG File Processing Stats

File Path                 PID    Runtime      # DAGs    # Errors  Last Runtime    Last Run
------------------------  -----  ---------  --------  ----------  --------------  -------------------
/opt/airflow/dags/etl.py                           0           0  0.11s           2026-09-17T16:38:48
================================================================================
[2026-09-17T16:39:18.798+0000] {manager.py:878} INFO - 
================================================================================
DAG File Processing Stats

File Path                 PID    Runtime      # DAGs    # Errors  Last Runtime    Last Run
------------------------  -----  ---------  --------  ----------  --------------  -------------------
/opt/airflow/dags/etl.py                           0           0  0.11s           2026-09-17T16:39:18
================================================================================
[2026-09-17T16:39:48.998+0000] {manager.py:878} INFO - 
================================================================================
DAG File Processing Stats

File Path                 PID    Runtime      # DAGs    # Errors  Last Runtime    Last Run
------------------------  -----  ---------  --------  ----------  --------------  -------------------
/opt/airflow/dags/etl.py                           0           0  0.11s           2026-09-17T16:39:48
================================================================================
[2026-09-17T16:40:19.197+0000] {manager.py:878} INFO - 
================================================================================
DAG File Processing Stats

File Path                 PID    Runtime      # DAGs    # Errors  Last Runtime    Last Run
------------------------  -----  ---------  --------  ----------  --------------  -------------------
/opt/airflow/dags/etl.py                           0           0  0.11s           2026-09-17T16:40:19
================================================================================
[2026-09-17T16:40:49.397+0000] {manager.py:878} INFO - 
================================================================================
DAG File Processing Stats

File Path                 PID    Runtime      # DAGs    # Errors  Last Runtime    Last Run
------------------------  -----  ---------  --------  ----------  --------------  -------------------
/opt/airflow/dags/etl.py                           0           0  0.11s           2026-09-17T16:40:49
================================================================================
[2026-09-17T16:41:19.597+0000] {manager.py:878} INFO - 
================================================================================
DAG File Processing Stats

File Path                 PID    Runtime      # DAGs    # Errors  Last Runtime    Last Run
------------------------  -----  ---------  --------  ----------  --------------  -------------------
/opt/airflow/dags/etl.py                           0           0  0.11s           2026-09-17T16:41:19
================================================================================
[2026-09-17T16:41:49.797+0000] {manager.py:878} INFO - 
================================================================================
DAG File Processing Stats

File Path                 PID    Runtime      # DAGs    # Errors  Last Runtime    Last Run
------------------------  -----  ---------  --------  ----------  --------------  -------------------
/opt/airflow/dags/etl.py                           0           0  0.11s           2026-09-17T16:41:49
================================================================================
[2026-09-17T16:42:00.561+0000] {manager.py:737} INFO - Searching for files in /opt/airflow/dags
[2026-09-17T16:42:00.562+0000] {manager.py:740} INFO - There are 1 files in /opt/airflow/dags
[2026-09-17T16:42:19.996+0000] {manager.py:878} INFO - 
================================================================================
DAG File Processing Stats

File Path                 PID    Runtime      # DAGs    # Errors  Last Runtime    Last Run
------------------------  -----  ---------  --------  ----------  --------------  -------------------
/opt/airflow/dags/etl.py                           0           0  0.11s           2026-09-17T16:42:19
================================================================================
[2026-09-17T16:42:50.197+0000] {manager.py:878} INFO - 
================================================================================
DAG File Processing Stats

File Path                 PID    Runtime      # DAGs    # Errors  Last Runtime    Last Run
------------------------  -----  ---------  --------  ----------  --------------  -------------------
/opt/airflow/dags/etl.py                           0           0  0.11s           2026-09-17T16:42:50
================================================================================
[2026-09-17T16:43:20.404+0000] {manager.py:878} INFO - 
================================================================================
DAG File Processing Stats

File Path                 PID    Runtime      # DAGs    # Errors  Last Runtime    Last Run
------------------------  -----  ---------  --------  ----------  --------------  -------------------
/opt/airflow/dags/etl.py                           0           0  0.11s           2026-09-17T16:43:20
================================================================================
[2026-09-17T16:43:50.606+0000] {manager.py:878} INFO - 
================================================================================
DAG File Processing Stats

File Path                 PID    Runtime      # DAGs    # Errors  Last Runtime    Last Run
------------------------  -----  ---------  --------  ----------  --------------  -------------------
/opt/airflow/dags/etl.py                           0           0  0.11s           2026-09-17T16:43:50
================================================================================
[2026-09-17T16:44:20.811+0000] {manager.py:878} INFO - 
================================================================================
DAG File Processing Stats

File Path                 PID    Runtime      # DAGs    # Errors  Last Runtime    Last Run
------------------------  -----  ---------  --------  ----------  --------------  -------------------
/opt/airflow/dags/etl.py                           0           0  0.11s           2026-09-17T16:44:20
================================================================================
[2026-09-17T16:44:51.013+0000] {manager.py:878} INFO - 
================================================================================
DAG File Processing Stats

File Path                 PID    Runtime      # DAGs    # Errors  Last Runtime    Last Run
------------------------  -----  ---------  --------  ----------  --------------  -------------------
/opt/airflow/dags/etl.py                           0           0  0.11s           2026-09-17T16:44:51
================================================================================
[2026-09-17T16:45:21.157+0000] {manager.py:878} INFO - 
================================================================================
DAG File Processing Stats

File Path                 PID    Runtime      # DAGs    # Errors  Last Runtime    Last Run
------------------------  -----  ---------  --------  ----------  --------------  -------------------
/opt/airflow/dags/etl.py                           0           0  0.11s           2026-09-17T16:45:21
================================================================================
[2026-09-17T16:45:51.352+0000] {manager.py:878} INFO - 
================================================================================
DAG File Processing Stats

File Path                 PID    Runtime      # DAGs    # Errors  Last Runtime    Last Run
------------------------  -----  ---------  --------  ----------  --------------  -------------------
/opt/airflow/dags/etl.py                           0           0  0.11s           2026-09-17T16:45:51
================================================================================
[2026-09-17T16:46:21.562+0000] {manager.py:878} INFO - 
================================================================================
DAG File Processing Stats

File Path                 PID    Runtime      # DAGs    # Errors  Last Runtime    Last Run
------------------------  -----  ---------  --------  ----------  --------------  -------------------
/opt/airflow/dags/etl.py                           0           0  0.11s           2026-09-17T16:46:21
================================================================================
[2026-09-17T16:46:51.764+0000] {manager.py:878} INFO - 
================================================================================
DAG File Processing Stats

File Path                 PID    Runtime      # DAGs    # Errors  Last Runtime    Last Run
------------------------  -----  ---------  --------  ----------  --------------  -------------------
/opt/airflow/dags/etl.py                           0           0  0.11s           2026-09-17T16:46:51
================================================================================
[2026-09-17T16:47:00.999+0000] {manager.py:737} INFO - Searching for files in /opt/airflow/dags
[2026-09-17T16:47:01.001+0000] {manager.py:740} INFO - There are 1 files in /opt/airflow/dags
[2026-09-17T16:47:21.968+0000] {manager.py:878} INFO - 
================================================================================
DAG File Processing Stats

File Path                 PID    Runtime      # DAGs    # Errors  Last Runtime    Last Run
------------------------  -----  ---------  --------  ----------  --------------  -------------------
/opt/airflow/dags/etl.py                           0           0  0.11s           2026-09-17T16:47:21
================================================================================
[2026-09-17T16:47:52.172+0000] {manager.py:878} INFO - 
================================================================================
DAG File Processing Stats

File Path                 PID    Runtime      # DAGs    # Errors  Last Runtime    Last Run
------------------------  -----  ---------  --------  ----------  --------------  -------------------
/opt/airflow/dags/etl.py                           0           0  0.11s           2026-09-17T16:47:52
================================================================================
[2026-09-17T16:48:22.374+0000] {manager.py:878} INFO - 
================================================================================
DAG File Processing Stats

File Path                 PID    Runtime      # DAGs    # Errors  Last Runtime    Last Run
------------------------  -----  ---------  --------  ----------  --------------  -------------------
/opt/airflow/dags/etl.py                           0           0  0.11s           2026-09-17T16:48:22
================================================================================
[2026-09-17T16:48:52.573+0000] {manager.py:878} INFO - 
================================================================================
DAG File Processing Stats

File Path                 PID    Runtime      # DAGs    # Errors  Last Runtime    Last Run
------------------------  -----  ---------  --------  ----------  --------------  -------------------
/opt/airflow/dags/etl.py                           0           0  0.11s           2026-09-17T16:48:52
================================================================================
[2026-09-17T16:49:22.728+0000] {manager.py:878} INFO - 
================================================================================
DAG File Processing Stats

File Path                 PID    Runtime      # DAGs    # Errors  Last Runtime    Last Run
------------------------  -----  ---------  --------  ----------  --------------  -------------------
/opt/airflow/dags/etl.py                           0           0  0.11s           2026-09-17T16:49:22
================================================================================
[2026-09-17T16:49:52.929+0000] {manager.py:878} INFO - 
================================================================================
DAG File Processing Stats

File Path                 PID    Runtime      # DAGs    # Errors  Last Runtime    Last Run
------------------------  -----  ---------  --------  ----------  --------------  -------------------
/opt/airflow/dags/etl.py                           0           0  0.11s           2026-09-17T16:49:52
================================================================================
[2026-09-17T16:50:23.139+0000] {manager.py:878} INFO - 
================================================================================
DAG File Processing Stats

File Path                 PID    Runtime      # DAGs    # Errors  Last Runtime    Last Run
------------------------  -----  ---------  --------  ----------  --------------  -------------------
/opt/airflow/dags/etl.py                           0           0  0.11s           2026-09-17T16:50:23
================================================================================
[2026-09-17T16:50:53.342+0000] {manager.py:878} INFO - 
================================================================================
DAG File Processing Stats

File Path                 PID    Runtime      # DAGs    # Errors  Last Runtime    Last Run
------------------------  -----  ---------  --------  ----------  --------------  -------------------
/opt/airflow/dags/etl.py                           0           0  0.11s           2026-09-17T16:50:53
================================================================================
[2026-09-17T16:51:23.545+0000] {manager.py:878} INFO - 
================================================================================
DAG File Processing Stats

File Path                 PID    Runtime      # DAGs    # Errors  Last Runtime    Last Run
------------------------  -----  ---------  --------  ----------  --------------  -------------------
/opt/airflow/dags/etl.py                           0           0  0.11s           2026-09-17T16:51:23
================================================================================
[2026-09-17T16:51:53.747+0000] {manager.py:878} INFO - 
================================================================================
DAG File Processing Stats

File Path                 PID    Runtime      # DAGs    # Errors  Last Runtime    Last Run
------------------------  -----  ---------  --------  ----------  --------------  -------------------
/opt/airflow/dags/etl.py                           0           0  0.11s           2026-09-17T16:51:53
================================================================================
[2026-09-17T16:52:01.161+0000] {manager.py:737} INFO - Searching for files in /opt/airflow/dags
[2026-09-17T16:52:01.163+0000] {manager.py:740} INFO - There are 1 files in /opt/airflow/dags
[2026-09-17T16:52:23.949+0000] {manager.py:878} INFO - 
================================================================================
DAG File Processing Stats

File Path                 PID    Runtime      # DAGs    # Errors  Last Runtime    Last Run
------------------------  -----  ---------  --------  ----------  --------------  -------------------
/opt/airflow/dags/etl.py                           0           0  0.11s           2026-09-17T16:52:23
================================================================================
[2026-09-17T16:52:54.151+0000] {manager.py:878} INFO - 
================================================================================
DAG File Processing Stats

File Path                 PID    Runtime      # DAGs    # Errors  Last Runtime    Last Run
------------------------  -----  ---------  --------  ----------  --------------  -------------------
/opt/airflow/dags/etl.py                           0           0  0.11s           2026-09-17T16:52:54
================================================================================
[2026-09-17T16:53:24.304+0000] {manager.py:878} INFO - 
================================================================================
DAG File Processing Stats

File Path                 PID    Runtime      # DAGs    # Errors  Last Runtime    Last Run
------------------------  -----  ---------  --------  ----------  --------------  -------------------
/opt/airflow/dags/etl.py                           0           0  0.11s           2026-09-17T16:53:24
================================================================================
[2026-09-17T16:53:54.506+0000] {manager.py:878} INFO - 
================================================================================
DAG File Processing Stats

File Path                 PID    Runtime      # DAGs    # Errors  Last Runtime    Last Run
------------------------  -----  ---------  --------  ----------  --------------  -------------------
/opt/airflow/dags/etl.py                           0           0  0.11s           2026-09-17T16:53:54
================================================================================
[2026-09-17T16:54:24.722+0000] {manager.py:878} INFO - 
================================================================================
DAG File Processing Stats

File Path                 PID    Runtime      # DAGs    # Errors  Last Runtime    Last Run
------------------------  -----  ---------  --------  ----------  --------------  -------------------
/opt/airflow/dags/etl.py                           0           0  0.11s           2026-09-17T16:54:24
================================================================================
[2026-09-17T16:54:54.922+0000] {manager.py:878} INFO - 
================================================================================
DAG File Processing Stats

File Path                 PID    Runtime      # DAGs    # Errors  Last Runtime    Last Run
------------------------  -----  ---------  --------  ----------  --------------  -------------------
/opt/airflow/dags/etl.py                           0           0  0.11s           2026-09-17T16:54:54
================================================================================
[2026-09-17T16:55:25.127+0000] {manager.py:878} INFO - 
================================================================================
DAG File Processing Stats

File Path                 PID    Runtime      # DAGs    # Errors  Last Runtime    Last Run
------------------------  -----  ---------  --------  ----------  --------------  -------------------
/opt/airflow/dags/etl.py                           0           0  0.11s           2026-09-17T16:55:25
================================================================================
[2026-09-17T16:55:55.328+0000] {manager.py:878} INFO - 
================================================================================
DAG File Processing Stats

File Path                 PID    Runtime      # DAGs    # Errors  Last Runtime    Last Run
------------------------  -----  ---------  --------  ----------  --------------  -------------------
/opt/airflow/dags/etl.py                           0           0  0.11s           2026-09-17T16:55:55
================================================================================
[2026-09-17T16:56:25.534+0000] {manager.py:878} INFO - 
================================================================================
DAG File Processing Stats

File Path                 PID    Runtime      # DAGs    # Errors  Last Runtime    Last Run
------------------------  -----  ---------  --------  ----------  --------------  -------------------
/opt/airflow/dags/etl.py                           0           0  0.11s           2026-09-17T16:56:25
================================================================================
[2026-09-17T16:56:55.735+0000] {manager.py:878} INFO - 
================================================================================
DAG File Processing Stats

File Path                 PID    Runtime      # DAGs    # Errors  Last Runtime    Last Run
------------------------  -----  ---------  --------  ----------  --------------  -------------------
/opt/airflow/dags/etl.py                           0           0  0.11s           2026-09-17T16:56:55
================================================================================
[2026-09-17T16:57:01.431+0000] {manager.py:737} INFO - Searching for files in /opt/airflow/dags
[2026-09-17T16:57:01.432+0000] {manager.py:740} INFO - There are 1 files in /opt/airflow/dags
[2026-09-17T16:57:25.939+0000] {manager.py:878} INFO - 
================================================================================
DAG File Processing Stats

File Path                 PID    Runtime      # DAGs    # Errors  Last Runtime    Last Run
------------------------  -----  ---------  --------  ----------  --------------  -------------------
/opt/airflow/dags/etl.py                           0           0  0.11s           2026-09-17T16:57:25
================================================================================
[2026-09-17T16:57:56.150+0000] {manager.py:878} INFO - 
================================================================================
DAG File Processing Stats

File Path                 PID    Runtime      # DAGs    # Errors  Last Runtime    Last Run
------------------------  -----  ---------  --------  ----------  --------------  -------------------
/opt/airflow/dags/etl.py                           0           0  0.11s           2026-09-17T16:57:56
================================================================================
[2026-09-17T16:58:26.354+0000] {manager.py:878} INFO - 
================================================================================
DAG File Processing Stats

File Path                 PID    Runtime      # DAGs    # Errors  Last Runtime    Last Run
------------------------  -----  ---------  --------  ----------  --------------  -------------------
/opt/airflow/dags/etl.py                           0           0  0.11s           2026-09-17T16:58:26
================================================================================
[2026-09-17T16:58:56.555+0000] {manager.py:878} INFO - 
================================================================================
DAG File Processing Stats

File Path                 PID    Runtime      # DAGs    # Errors  Last Runtime    Last Run
------------------------  -----  ---------  --------  ----------  --------------  -------------------
/opt/airflow/dags/etl.py                           0           0  0.11s           2026-09-17T16:58:56
================================================================================
[2026-09-17T16:59:26.759+0000] {manager.py:878} INFO - 
================================================================================
DAG File Processing Stats

File Path                 PID    Runtime      # DAGs    # Errors  Last Runtime    Last Run
------------------------  -----  ---------  --------  ----------  --------------  -------------------
/opt/airflow/dags/etl.py                           0           0  0.11s           2026-09-17T16:59:26
================================================================================
[2026-09-17T16:59:56.961+0000] {manager.py:878} INFO - 
================================================================================
DAG File Processing Stats

File Path                 PID    Runtime      # DAGs    # Errors  Last Runtime    Last Run
------------------------  -----  ---------  --------  ----------  --------------  -------------------
/opt/airflow/dags/etl.py                           0           0  0.11s           2026-09-17T16:59:56
================================================================================
[2026-09-17T17:00:27.145+0000] {manager.py:878} INFO - 
================================================================================
DAG File Processing Stats

File Path                 PID    Runtime      # DAGs    # Errors  Last Runtime    Last Run
------------------------  -----  ---------  --------  ----------  --------------  -------------------
/opt/airflow/dags/etl.py                           0           0  0.11s           2026-09-17T17:00:27
================================================================================
[2026-09-17T17:00:57.355+0000] {manager.py:878} INFO - 
================================================================================
DAG File Processing Stats

File Path                 PID    Runtime      # DAGs    # Errors  Last Runtime    Last Run
------------------------  -----  ---------  --------  ----------  --------------  -------------------
/opt/airflow/dags/etl.py                           0           0  0.11s           2026-09-17T17:00:57
================================================================================
[2026-09-17T17:01:27.559+0000] {manager.py:878} INFO - 
================================================================================
DAG File Processing Stats

File Path                 PID    Runtime      # DAGs    # Errors  Last Runtime    Last Run
------------------------  -----  ---------  --------  ----------  --------------  -------------------
/opt/airflow/dags/etl.py                           0           0  0.11s           2026-09-17T17:01:27
================================================================================
[2026-09-17T17:01:57.760+0000] {manager.py:878} INFO - 
================================================================================
DAG File Processing Stats

File Path                 PID    Runtime      # DAGs    # Errors  Last Runtime    Last Run
------------------------  -----  ---------  --------  ----------  --------------  -------------------
/opt/airflow/dags/etl.py                           0           0  0.11s           2026-09-17T17:01:57
================================================================================
[2026-09-17T17:02:01.677+0000] {manager.py:737} INFO - Searching for files in /opt/airflow/dags
[2026-09-17T17:02:01.679+0000] {manager.py:740} INFO - There are 1 files in /opt/airflow/dags
[2026-09-17T17:02:27.963+0000] {manager.py:878} INFO - 
================================================================================
DAG File Processing Stats

File Path                 PID    Runtime      # DAGs    # Errors  Last Runtime    Last Run
------------------------  -----  ---------  --------  ----------  --------------  -------------------
/opt/airflow/dags/etl.py                           0           0  0.11s           2026-09-17T17:02:27
================================================================================
[2026-09-17T17:02:58.151+0000] {manager.py:878} INFO - 
================================================================================
DAG File Processing Stats

File Path                 PID    Runtime      # DAGs    # Errors  Last Runtime    Last Run
------------------------  -----  ---------  --------  ----------  --------------  -------------------
/opt/airflow/dags/etl.py                           0           0  0.11s           2026-09-17T17:02:58
================================================================================
[2026-09-17T17:03:28.349+0000] {manager.py:878} INFO - 
================================================================================
DAG File Processing Stats

File Path                 PID    Runtime      # DAGs    # Errors  Last Runtime    Last Run
------------------------  -----  ---------  --------  ----------  --------------  -------------------
/opt/airflow/dags/etl.py                           0           0  0.11s           2026-09-17T17:03:28
================================================================================
[2026-09-17T17:03:58.483+0000] {manager.py:878} INFO - 
================================================================================
DAG File Processing Stats

File Path                 PID    Runtime      # DAGs    # Errors  Last Runtime    Last Run
------------------------  -----  ---------  --------  ----------  --------------  -------------------
/opt/airflow/dags/etl.py                           0           0  0.11s           2026-09-17T17:03:58
================================================================================
[2026-09-17T17:04:28.685+0000] {manager.py:878} INFO - 
================================================================================
DAG File Processing Stats

File Path                 PID    Runtime      # DAGs    # Errors  Last Runtime    Last Run
------------------------  -----  ---------  --------  ----------  --------------  -------------------
/opt/airflow/dags/etl.py                           0           0  0.11s           2026-09-17T17:04:28
================================================================================
[2026-09-17T17:04:58.886+0000] {manager.py:878} INFO - 
================================================================================
DAG File Processing Stats

File Path                 PID    Runtime      # DAGs    # Errors  Last Runtime    Last Run
------------------------  -----  ---------  --------  ----------  --------------  -------------------
/opt/airflow/dags/etl.py                           0           0  0.11s           2026-09-17T17:04:58
================================================================================
[2026-09-17T17:05:29.084+0000] {manager.py:878} INFO - 
================================================================================
DAG File Processing Stats

File Path                 PID    Runtime      # DAGs    # Errors  Last Runtime    Last Run
------------------------  -----  ---------  --------  ----------  --------------  -------------------
/opt/airflow/dags/etl.py                           0           0  0.10s           2026-09-17T17:05:29
================================================================================
[2026-09-17T17:05:59.265+0000] {manager.py:878} INFO - 
================================================================================
DAG File Processing Stats

File Path                 PID    Runtime      # DAGs    # Errors  Last Runtime    Last Run
------------------------  -----  ---------  --------  ----------  --------------  -------------------
/opt/airflow/dags/etl.py                           0           0  0.11s           2026-09-17T17:05:59
================================================================================
[2026-09-17T17:06:29.464+0000] {manager.py:878} INFO - 
================================================================================
DAG File Processing Stats

File Path                 PID    Runtime      # DAGs    # Errors  Last Runtime    Last Run
------------------------  -----  ---------  --------  ----------  --------------  -------------------
/opt/airflow/dags/etl.py                           0           0  0.11s           2026-09-17T17:06:29
================================================================================
[2026-09-17T17:06:59.659+0000] {manager.py:878} INFO - 
================================================================================
DAG File Processing Stats

File Path                 PID    Runtime      # DAGs    # Errors  Last Runtime    Last Run
------------------------  -----  ---------  --------  ----------  --------------  -------------------
/opt/airflow/dags/etl.py                           0           0  0.11s           2026-09-17T17:06:59
================================================================================
[2026-09-17T17:07:01.752+0000] {manager.py:737} INFO - Searching for files in /opt/airflow/dags
[2026-09-17T17:07:01.753+0000] {manager.py:740} INFO - There are 1 files in /opt/airflow/dags
[2026-09-17T17:07:29.858+0000] {manager.py:878} INFO - 
================================================================================
DAG File Processing Stats

File Path                 PID    Runtime      # DAGs    # Errors  Last Runtime    Last Run
------------------------  -----  ---------  --------  ----------  --------------  -------------------
/opt/airflow/dags/etl.py                           0           0  0.11s           2026-09-17T17:07:29
================================================================================
[2026-09-17T17:08:00.057+0000] {manager.py:878} INFO - 
================================================================================
DAG File Processing Stats

File Path                 PID    Runtime      # DAGs    # Errors  Last Runtime    Last Run
------------------------  -----  ---------  --------  ----------  --------------  -------------------
/opt/airflow/dags/etl.py                           0           0  0.11s           2026-09-17T17:08:00
================================================================================
[2026-09-17T17:08:30.260+0000] {manager.py:878} INFO - 
================================================================================
DAG File Processing Stats

File Path                 PID    Runtime      # DAGs    # Errors  Last Runtime    Last Run
------------------------  -----  ---------  --------  ----------  --------------  -------------------
/opt/airflow/dags/etl.py                           0           0  0.11s           2026-09-17T17:08:30
================================================================================
[2026-09-17T17:09:00.459+0000] {manager.py:878} INFO - 
================================================================================
DAG File Processing Stats

File Path                 PID    Runtime      # DAGs    # Errors  Last Runtime    Last Run
------------------------  -----  ---------  --------  ----------  --------------  -------------------
/opt/airflow/dags/etl.py                           0           0  0.11s           2026-09-17T17:09:00
================================================================================
[2026-09-17T17:09:30.659+0000] {manager.py:878} INFO - 
================================================================================
DAG File Processing Stats

File Path                 PID    Runtime      # DAGs    # Errors  Last Runtime    Last Run
------------------------  -----  ---------  --------  ----------  --------------  -------------------
/opt/airflow/dags/etl.py                           0           0  0.11s           2026-09-17T17:09:30
================================================================================
[2026-09-17T17:10:00.859+0000] {manager.py:878} INFO - 
================================================================================
DAG File Processing Stats

File Path                 PID    Runtime      # DAGs    # Errors  Last Runtime    Last Run
------------------------  -----  ---------  --------  ----------  --------------  -------------------
/opt/airflow/dags/etl.py                           0           0  0.11s           2026-09-17T17:10:00
================================================================================
[2026-09-17T17:10:31.058+0000] {manager.py:878} INFO - 
================================================================================
DAG File Processing Stats

File Path                 PID    Runtime      # DAGs    # Errors  Last Runtime    Last Run
------------------------  -----  ---------  --------  ----------  --------------  -------------------
/opt/airflow/dags/etl.py                           0           0  0.11s           2026-09-17T17:10:31
================================================================================
[2026-09-17T17:11:01.250+0000] {manager.py:878} INFO - 
================================================================================
DAG File Processing Stats

File Path                 PID    Runtime      # DAGs    # Errors  Last Runtime    Last Run
------------------------  -----  ---------  --------  ----------  --------------  -------------------
/opt/airflow/dags/etl.py                           0           0  0.11s           2026-09-17T17:11:01
================================================================================
[2026-09-17T17:11:31.452+0000] {manager.py:878} INFO - 
================================================================================
DAG File Processing Stats

File Path                 PID    Runtime      # DAGs    # Errors  Last Runtime    Last Run
------------------------  -----  ---------  --------  ----------  --------------  -------------------
/opt/airflow/dags/etl.py                           0           0  0.11s           2026-09-17T17:11:31
================================================================================
[2026-09-17T17:12:01.652+0000] {manager.py:878} INFO - 
================================================================================
DAG File Processing Stats

File Path                 PID    Runtime      # DAGs    # Errors  Last Runtime    Last Run
------------------------  -----  ---------  --------  ----------  --------------  -------------------
/opt/airflow/dags/etl.py                           0           0  0.11s           2026-09-17T17:12:01
================================================================================
[2026-09-17T17:12:02.095+0000] {manager.py:737} INFO - Searching for files in /opt/airflow/dags
[2026-09-17T17:12:02.097+0000] {manager.py:740} INFO - There are 1 files in /opt/airflow/dags
[2026-09-17T17:12:31.855+0000] {manager.py:878} INFO - 
================================================================================
DAG File Processing Stats

File Path                 PID    Runtime      # DAGs    # Errors  Last Runtime    Last Run
------------------------  -----  ---------  --------  ----------  --------------  -------------------
/opt/airflow/dags/etl.py                           0           0  0.11s           2026-09-17T17:12:31
================================================================================
[2026-09-17T17:19:28.236+0000] {manager.py:737} INFO - Searching for files in /opt/airflow/dags
[2026-09-17T17:19:28.249+0000] {manager.py:740} INFO - There are 1 files in /opt/airflow/dags
[2026-09-17T17:19:48.108+0000] {manager.py:878} INFO - 
================================================================================
DAG File Processing Stats

File Path                 PID    Runtime      # DAGs    # Errors  Last Runtime    Last Run
------------------------  -----  ---------  --------  ----------  --------------  -------------------
/opt/airflow/dags/etl.py                           0           0  0.11s           2026-09-17T17:19:28
================================================================================
[2026-09-17T17:20:18.204+0000] {manager.py:878} INFO - 
================================================================================
DAG File Processing Stats

File Path                 PID    Runtime      # DAGs    # Errors  Last Runtime    Last Run
------------------------  -----  ---------  --------  ----------  --------------  -------------------
/opt/airflow/dags/etl.py                           0           0  0.11s           2026-09-17T17:19:58
================================================================================
[2026-09-17T17:20:48.297+0000] {manager.py:878} INFO - 
================================================================================
DAG File Processing Stats

File Path                 PID    Runtime      # DAGs    # Errors  Last Runtime    Last Run
------------------------  -----  ---------  --------  ----------  --------------  -------------------
/opt/airflow/dags/etl.py                           0           0  0.11s           2026-09-17T17:20:28
================================================================================
[2026-09-17T17:21:18.391+0000] {manager.py:878} INFO - 
================================================================================
DAG File Processing Stats

File Path                 PID    Runtime      # DAGs    # Errors  Last Runtime    Last Run
------------------------  -----  ---------  --------  ----------  --------------  -------------------
/opt/airflow/dags/etl.py                           0           0  0.11s           2026-09-17T17:20:59
================================================================================
[2026-09-17T17:21:48.417+0000] {manager.py:878} INFO - 
================================================================================
DAG File Processing Stats

File Path                 PID    Runtime      # DAGs    # Errors  Last Runtime    Last Run
------------------------  -----  ---------  --------  ----------  --------------  -------------------
/opt/airflow/dags/etl.py                           0           0  0.11s           2026-09-17T17:21:29
================================================================================
[2026-09-17T17:22:18.561+0000] {manager.py:878} INFO - 
================================================================================
DAG File Processing Stats

File Path                 PID    Runtime      # DAGs    # Errors  Last Runtime    Last Run
------------------------  -----  ---------  --------  ----------  --------------  -------------------
/opt/airflow/dags/etl.py                           0           0  0.11s           2026-09-17T17:21:59
================================================================================
[2026-09-17T17:22:48.659+0000] {manager.py:878} INFO - 
================================================================================
DAG File Processing Stats

File Path                 PID    Runtime      # DAGs    # Errors  Last Runtime    Last Run
------------------------  -----  ---------  --------  ----------  --------------  -------------------
/opt/airflow/dags/etl.py                           0           0  0.11s           2026-09-17T17:22:29
================================================================================
[2026-09-17T17:23:18.733+0000] {manager.py:878} INFO - 
================================================================================
DAG File Processing Stats

File Path                 PID    Runtime      # DAGs    # Errors  Last Runtime    Last Run
------------------------  -----  ---------  --------  ----------  --------------  -------------------
/opt/airflow/dags/etl.py                           0           0  0.11s           2026-09-17T17:22:59
================================================================================
[2026-09-17T17:23:48.823+0000] {manager.py:878} INFO - 
================================================================================
DAG File Processing Stats

File Path                 PID    Runtime      # DAGs    # Errors  Last Runtime    Last Run
------------------------  -----  ---------  --------  ----------  --------------  -------------------
/opt/airflow/dags/etl.py                           0           0  0.11s           2026-09-17T17:23:30
================================================================================
[2026-09-17T17:24:18.917+0000] {manager.py:878} INFO - 
================================================================================
DAG File Processing Stats

File Path                 PID    Runtime      # DAGs    # Errors  Last Runtime    Last Run
------------------------  -----  ---------  --------  ----------  --------------  -------------------
/opt/airflow/dags/etl.py                           0           0  0.10s           2026-09-17T17:24:00
================================================================================
[2026-09-17T17:24:28.739+0000] {manager.py:737} INFO - Searching for files in /opt/airflow/dags
[2026-09-17T17:24:28.741+0000] {manager.py:740} INFO - There are 1 files in /opt/airflow/dags
[2026-09-17T17:24:49.023+0000] {manager.py:878} INFO - 
================================================================================
DAG File Processing Stats

File Path                 PID    Runtime      # DAGs    # Errors  Last Runtime    Last Run
------------------------  -----  ---------  --------  ----------  --------------  -------------------
/opt/airflow/dags/etl.py                           0           0  0.11s           2026-09-17T17:24:30
================================================================================
[2026-09-17T17:25:19.117+0000] {manager.py:878} INFO - 
================================================================================
DAG File Processing Stats

File Path                 PID    Runtime      # DAGs    # Errors  Last Runtime    Last Run
------------------------  -----  ---------  --------  ----------  --------------  -------------------
/opt/airflow/dags/etl.py                           0           0  0.11s           2026-09-17T17:25:00
================================================================================
[2026-09-17T17:25:49.210+0000] {manager.py:878} INFO - 
================================================================================
DAG File Processing Stats

File Path                 PID    Runtime      # DAGs    # Errors  Last Runtime    Last Run
------------------------  -----  ---------  --------  ----------  --------------  -------------------
/opt/airflow/dags/etl.py                           0           0  0.11s           2026-09-17T17:25:31
================================================================================
[2026-09-17T17:26:19.299+0000] {manager.py:878} INFO - 
================================================================================
DAG File Processing Stats

File Path                 PID    Runtime      # DAGs    # Errors  Last Runtime    Last Run
------------------------  -----  ---------  --------  ----------  --------------  -------------------
/opt/airflow/dags/etl.py                           0           0  0.11s           2026-09-17T17:26:01
================================================================================
[2026-09-17T17:26:49.380+0000] {manager.py:878} INFO - 
================================================================================
DAG File Processing Stats

File Path                 PID    Runtime      # DAGs    # Errors  Last Runtime    Last Run
------------------------  -----  ---------  --------  ----------  --------------  -------------------
/opt/airflow/dags/etl.py                           0           0  0.10s           2026-09-17T17:26:31
================================================================================
[2026-09-17T17:27:19.474+0000] {manager.py:878} INFO - 
================================================================================
DAG File Processing Stats

File Path                 PID    Runtime      # DAGs    # Errors  Last Runtime    Last Run
------------------------  -----  ---------  --------  ----------  --------------  -------------------
/opt/airflow/dags/etl.py                           0           0  0.11s           2026-09-17T17:27:01
================================================================================
[2026-09-17T17:27:49.551+0000] {manager.py:878} INFO - 
================================================================================
DAG File Processing Stats

File Path                 PID    Runtime      # DAGs    # Errors  Last Runtime    Last Run
------------------------  -----  ---------  --------  ----------  --------------  -------------------
/opt/airflow/dags/etl.py                           0           0  0.11s           2026-09-17T17:27:32
================================================================================
[2026-09-17T17:28:19.624+0000] {manager.py:878} INFO - 
================================================================================
DAG File Processing Stats

File Path                 PID    Runtime      # DAGs    # Errors  Last Runtime    Last Run
------------------------  -----  ---------  --------  ----------  --------------  -------------------
/opt/airflow/dags/etl.py                           0           0  0.10s           2026-09-17T17:28:02
================================================================================
[2026-09-17T17:28:49.714+0000] {manager.py:878} INFO - 
================================================================================
DAG File Processing Stats

File Path                 PID    Runtime      # DAGs    # Errors  Last Runtime    Last Run
------------------------  -----  ---------  --------  ----------  --------------  -------------------
/opt/airflow/dags/etl.py                           0           0  0.11s           2026-09-17T17:28:32
================================================================================
[2026-09-17T17:29:19.807+0000] {manager.py:878} INFO - 
================================================================================
DAG File Processing Stats

File Path                 PID    Runtime      # DAGs    # Errors  Last Runtime    Last Run
------------------------  -----  ---------  --------  ----------  --------------  -------------------
/opt/airflow/dags/etl.py                           0           0  0.11s           2026-09-17T17:29:02
================================================================================
[2026-09-17T17:29:28.920+0000] {manager.py:737} INFO - Searching for files in /opt/airflow/dags
[2026-09-17T17:29:28.921+0000] {manager.py:740} INFO - There are 1 files in /opt/airflow/dags
[2026-09-17T17:29:49.821+0000] {manager.py:878} INFO - 
================================================================================
DAG File Processing Stats

File Path                 PID    Runtime      # DAGs    # Errors  Last Runtime    Last Run
------------------------  -----  ---------  --------  ----------  --------------  -------------------
/opt/airflow/dags/etl.py                           0           0  0.11s           2026-09-17T17:29:33
================================================================================
[2026-09-17T17:30:19.997+0000] {manager.py:878} INFO - 
================================================================================
DAG File Processing Stats

File Path                 PID    Runtime      # DAGs    # Errors  Last Runtime    Last Run
------------------------  -----  ---------  --------  ----------  --------------  -------------------
/opt/airflow/dags/etl.py                           0           0  0.11s           2026-09-17T17:30:03
================================================================================
[2026-09-17T17:30:50.088+0000] {manager.py:878} INFO - 
================================================================================
DAG File Processing Stats

File Path                 PID    Runtime      # DAGs    # Errors  Last Runtime    Last Run
------------------------  -----  ---------  --------  ----------  --------------  -------------------
/opt/airflow/dags/etl.py                           0           0  0.11s           2026-09-17T17:30:33
================================================================================
[2026-09-17T17:31:20.181+0000] {manager.py:878} INFO - 
================================================================================
DAG File Processing Stats

File Path                 PID    Runtime      # DAGs    # Errors  Last Runtime    Last Run
------------------------  -----  ---------  --------  ----------  --------------  -------------------
/opt/airflow/dags/etl.py                           0           0  0.11s           2026-09-17T17:31:03
================================================================================
[2026-09-17T17:31:50.276+0000] {manager.py:878} INFO - 
================================================================================
DAG File Processing Stats

File Path                 PID    Runtime      # DAGs    # Errors  Last Runtime    Last Run
------------------------  -----  ---------  --------  ----------  --------------  -------------------
/opt/airflow/dags/etl.py                           0           0  0.11s           2026-09-17T17:31:34
================================================================================
[2026-09-17T17:32:20.342+0000] {manager.py:878} INFO - 
================================================================================
DAG File Processing Stats

File Path                 PID    Runtime      # DAGs    # Errors  Last Runtime    Last Run
------------------------  -----  ---------  --------  ----------  --------------  -------------------
/opt/airflow/dags/etl.py                           0           0  0.11s           2026-09-17T17:32:04
================================================================================
[2026-09-17T17:32:50.440+0000] {manager.py:878} INFO - 
================================================================================
DAG File Processing Stats

File Path                 PID    Runtime      # DAGs    # Errors  Last Runtime    Last Run
------------------------  -----  ---------  --------  ----------  --------------  -------------------
/opt/airflow/dags/etl.py                           0           0  0.11s           2026-09-17T17:32:34
================================================================================
[2026-09-17T17:33:20.491+0000] {manager.py:878} INFO - 
================================================================================
DAG File Processing Stats

File Path                 PID    Runtime      # DAGs    # Errors  Last Runtime    Last Run
------------------------  -----  ---------  --------  ----------  --------------  -------------------
/opt/airflow/dags/etl.py                           0           0  0.11s           2026-09-17T17:33:04
================================================================================
[2026-09-17T17:33:50.626+0000] {manager.py:878} INFO - 
================================================================================
DAG File Processing Stats

File Path                 PID    Runtime      # DAGs    # Errors  Last Runtime    Last Run
------------------------  -----  ---------  --------  ----------  --------------  -------------------
/opt/airflow/dags/etl.py                           0           0  0.11s           2026-09-17T17:33:34
================================================================================
[2026-09-17T17:34:20.719+0000] {manager.py:878} INFO - 
================================================================================
DAG File Processing Stats

File Path                 PID    Runtime      # DAGs    # Errors  Last Runtime    Last Run
------------------------  -----  ---------  --------  ----------  --------------  -------------------
/opt/airflow/dags/etl.py                           0           0  0.11s           2026-09-17T17:34:19
================================================================================
[2026-09-17T17:34:29.109+0000] {manager.py:737} INFO - Searching for files in /opt/airflow/dags
[2026-09-17T17:34:29.110+0000] {manager.py:740} INFO - There are 1 files in /opt/airflow/dags
[2026-09-17T17:34:50.816+0000] {manager.py:878} INFO - 
================================================================================
DAG File Processing Stats

File Path                 PID    Runtime      # DAGs    # Errors  Last Runtime    Last Run
------------------------  -----  ---------  --------  ----------  --------------  -------------------
/opt/airflow/dags/etl.py                           0           0  0.11s           2026-09-17T17:34:50
================================================================================
[2026-09-17T17:35:20.907+0000] {manager.py:878} INFO - 
================================================================================
DAG File Processing Stats

File Path                 PID    Runtime      # DAGs    # Errors  Last Runtime    Last Run
------------------------  -----  ---------  --------  ----------  --------------  -------------------
/opt/airflow/dags/etl.py                           0           0  0.11s           2026-09-17T17:34:58
================================================================================
[2026-09-17T17:35:50.988+0000] {manager.py:878} INFO - 
================================================================================
DAG File Processing Stats

File Path                 PID    Runtime      # DAGs    # Errors  Last Runtime    Last Run
------------------------  -----  ---------  --------  ----------  --------------  -------------------
/opt/airflow/dags/etl.py                           0           0  0.11s           2026-09-17T17:35:43
================================================================================
[2026-09-17T17:36:21.060+0000] {manager.py:878} INFO - 
================================================================================
DAG File Processing Stats

File Path                 PID    Runtime      # DAGs    # Errors  Last Runtime    Last Run
------------------------  -----  ---------  --------  ----------  --------------  -------------------
/opt/airflow/dags/etl.py                           0           0  0.11s           2026-09-17T17:36:12
================================================================================
[2026-09-17T17:36:51.123+0000] {manager.py:878} INFO - 
================================================================================
DAG File Processing Stats

File Path                 PID    Runtime      # DAGs    # Errors  Last Runtime    Last Run
------------------------  -----  ---------  --------  ----------  --------------  -------------------
/opt/airflow/dags/etl.py                           0           0  0.11s           2026-09-17T17:36:40
================================================================================
[2026-09-17T17:37:21.196+0000] {manager.py:878} INFO - 
================================================================================
DAG File Processing Stats

File Path                 PID    Runtime      # DAGs    # Errors  Last Runtime    Last Run
------------------------  -----  ---------  --------  ----------  --------------  -------------------
/opt/airflow/dags/etl.py                           0           0  0.11s           2026-09-17T17:37:11
================================================================================
[2026-09-17T17:37:51.293+0000] {manager.py:878} INFO - 
================================================================================
DAG File Processing Stats

File Path                 PID    Runtime      # DAGs    # Errors  Last Runtime    Last Run
------------------------  -----  ---------  --------  ----------  --------------  -------------------
/opt/airflow/dags/etl.py                           0           0  0.11s           2026-09-17T17:37:41
================================================================================
[2026-09-17T17:38:21.372+0000] {manager.py:878} INFO - 
================================================================================
DAG File Processing Stats

File Path                 PID    Runtime      # DAGs    # Errors  Last Runtime    Last Run
------------------------  -----  ---------  --------  ----------  --------------  -------------------
/opt/airflow/dags/etl.py                           0           0  0.11s           2026-09-17T17:38:01
================================================================================
[2026-09-17T17:38:51.453+0000] {manager.py:878} INFO - 
================================================================================
DAG File Processing Stats

File Path                 PID    Runtime      # DAGs    # Errors  Last Runtime    Last Run
------------------------  -----  ---------  --------  ----------  --------------  -------------------
/opt/airflow/dags/etl.py                           0           1  0.11s           2026-09-17T17:38:30
================================================================================
[2026-09-17T17:39:21.541+0000] {manager.py:878} INFO - 
================================================================================
DAG File Processing Stats

File Path                 PID    Runtime      # DAGs    # Errors  Last Runtime    Last Run
------------------------  -----  ---------  --------  ----------  --------------  -------------------
/opt/airflow/dags/etl.py                           0           1  0.11s           2026-09-17T17:39:00
================================================================================
[2026-09-17T17:39:29.733+0000] {manager.py:737} INFO - Searching for files in /opt/airflow/dags
[2026-09-17T17:39:29.734+0000] {manager.py:740} INFO - There are 1 files in /opt/airflow/dags
[2026-09-17T17:39:51.608+0000] {manager.py:878} INFO - 
================================================================================
DAG File Processing Stats

File Path                 PID    Runtime      # DAGs    # Errors  Last Runtime    Last Run
------------------------  -----  ---------  --------  ----------  --------------  -------------------
/opt/airflow/dags/etl.py                           0           1  0.11s           2026-09-17T17:39:43
================================================================================
[2026-09-17T17:40:21.700+0000] {manager.py:878} INFO - 
================================================================================
DAG File Processing Stats

File Path                 PID    Runtime      # DAGs    # Errors  Last Runtime    Last Run
------------------------  -----  ---------  --------  ----------  --------------  -------------------
/opt/airflow/dags/etl.py                           0           1  0.11s           2026-09-17T17:40:14
================================================================================
[2026-09-17T17:40:51.787+0000] {manager.py:878} INFO - 
================================================================================
DAG File Processing Stats

File Path                 PID    Runtime      # DAGs    # Errors  Last Runtime    Last Run
------------------------  -----  ---------  --------  ----------  --------------  -------------------
/opt/airflow/dags/etl.py                           0           1  0.11s           2026-09-17T17:40:44
================================================================================
[2026-09-17T17:41:21.884+0000] {manager.py:878} INFO - 
================================================================================
DAG File Processing Stats

File Path                 PID    Runtime      # DAGs    # Errors  Last Runtime    Last Run
------------------------  -----  ---------  --------  ----------  --------------  -------------------
/opt/airflow/dags/etl.py                           0           1  0.11s           2026-09-17T17:41:14
================================================================================
[2026-09-17T17:41:51.951+0000] {manager.py:878} INFO - 
================================================================================
DAG File Processing Stats

File Path                 PID    Runtime      # DAGs    # Errors  Last Runtime    Last Run
------------------------  -----  ---------  --------  ----------  --------------  -------------------
/opt/airflow/dags/etl.py                           0           1  0.11s           2026-09-17T17:41:45
================================================================================
[2026-09-17T17:42:22.024+0000] {manager.py:878} INFO - 
================================================================================
DAG File Processing Stats

File Path                 PID    Runtime      # DAGs    # Errors  Last Runtime    Last Run
------------------------  -----  ---------  --------  ----------  --------------  -------------------
/opt/airflow/dags/etl.py                           0           1  0.11s           2026-09-17T17:42:15
================================================================================
[2026-09-17T17:42:52.122+0000] {manager.py:878} INFO - 
================================================================================
DAG File Processing Stats

File Path                 PID    Runtime      # DAGs    # Errors  Last Runtime    Last Run
------------------------  -----  ---------  --------  ----------  --------------  -------------------
/opt/airflow/dags/etl.py                           0           1  0.11s           2026-09-17T17:42:45
================================================================================
[2026-09-17T17:43:22.213+0000] {manager.py:878} INFO - 
================================================================================
DAG File Processing Stats

File Path                 PID    Runtime      # DAGs    # Errors  Last Runtime    Last Run
------------------------  -----  ---------  --------  ----------  --------------  -------------------
/opt/airflow/dags/etl.py                           0           1  0.11s           2026-09-17T17:43:15
================================================================================
[2026-09-17T17:43:52.305+0000] {manager.py:878} INFO - 
================================================================================
DAG File Processing Stats

File Path                 PID    Runtime      # DAGs    # Errors  Last Runtime    Last Run
------------------------  -----  ---------  --------  ----------  --------------  -------------------
/opt/airflow/dags/etl.py                           0           1  0.11s           2026-09-17T17:43:46
================================================================================
[2026-09-17T17:44:22.396+0000] {manager.py:878} INFO - 
================================================================================
DAG File Processing Stats

File Path                 PID    Runtime      # DAGs    # Errors  Last Runtime    Last Run
------------------------  -----  ---------  --------  ----------  --------------  -------------------
/opt/airflow/dags/etl.py                           0           1  0.11s           2026-09-17T17:44:16
================================================================================
[2026-09-17T17:44:30.638+0000] {manager.py:737} INFO - Searching for files in /opt/airflow/dags
[2026-09-17T17:44:30.641+0000] {manager.py:740} INFO - There are 1 files in /opt/airflow/dags
[2026-09-17T17:44:52.498+0000] {manager.py:878} INFO - 
================================================================================
DAG File Processing Stats

File Path                 PID    Runtime      # DAGs    # Errors  Last Runtime    Last Run
------------------------  -----  ---------  --------  ----------  --------------  -------------------
/opt/airflow/dags/etl.py                           0           1  0.11s           2026-09-17T17:44:46
================================================================================
[2026-09-17T17:45:22.590+0000] {manager.py:878} INFO - 
================================================================================
DAG File Processing Stats

File Path                 PID    Runtime      # DAGs    # Errors  Last Runtime    Last Run
------------------------  -----  ---------  --------  ----------  --------------  -------------------
/opt/airflow/dags/etl.py                           0           1  0.11s           2026-09-17T17:45:17
================================================================================
[2026-09-17T17:45:52.694+0000] {manager.py:878} INFO - 
================================================================================
DAG File Processing Stats

File Path                 PID    Runtime      # DAGs    # Errors  Last Runtime    Last Run
------------------------  -----  ---------  --------  ----------  --------------  -------------------
/opt/airflow/dags/etl.py                           0           1  0.11s           2026-09-17T17:45:47
================================================================================
[2026-09-17T17:46:22.747+0000] {manager.py:878} INFO - 
================================================================================
DAG File Processing Stats

File Path                 PID    Runtime      # DAGs    # Errors  Last Runtime    Last Run
------------------------  -----  ---------  --------  ----------  --------------  -------------------
/opt/airflow/dags/etl.py                           0           1  0.11s           2026-09-17T17:46:17
================================================================================
[2026-09-17T17:46:52.854+0000] {manager.py:878} INFO - 
================================================================================
DAG File Processing Stats

File Path                 PID    Runtime      # DAGs    # Errors  Last Runtime    Last Run
------------------------  -----  ---------  --------  ----------  --------------  -------------------
/opt/airflow/dags/etl.py                           0           1  0.11s           2026-09-17T17:46:48
================================================================================
[2026-09-17T17:47:22.927+0000] {manager.py:878} INFO - 
================================================================================
DAG File Processing Stats

File Path                 PID    Runtime      # DAGs    # Errors  Last Runtime    Last Run
------------------------  -----  ---------  --------  ----------  --------------  -------------------
/opt/airflow/dags/etl.py                           0           1  0.11s           2026-09-17T17:47:18
================================================================================
[2026-09-17T17:47:53.002+0000] {manager.py:878} INFO - 
================================================================================
DAG File Processing Stats

File Path                 PID    Runtime      # DAGs    # Errors  Last Runtime    Last Run
------------------------  -----  ---------  --------  ----------  --------------  -------------------
/opt/airflow/dags/etl.py                           0           1  0.11s           2026-09-17T17:47:48
================================================================================
[2026-09-17T17:48:23.075+0000] {manager.py:878} INFO - 
================================================================================
DAG File Processing Stats

File Path                 PID    Runtime      # DAGs    # Errors  Last Runtime    Last Run
------------------------  -----  ---------  --------  ----------  --------------  -------------------
/opt/airflow/dags/etl.py                           0           1  0.11s           2026-09-17T17:48:19
================================================================================
[2026-09-17T17:48:53.137+0000] {manager.py:878} INFO - 
================================================================================
DAG File Processing Stats

File Path                 PID    Runtime      # DAGs    # Errors  Last Runtime    Last Run
------------------------  -----  ---------  --------  ----------  --------------  -------------------
/opt/airflow/dags/etl.py                           0           1  0.11s           2026-09-17T17:48:49
================================================================================
[2026-09-17T17:49:23.228+0000] {manager.py:878} INFO - 
================================================================================
DAG File Processing Stats

File Path                 PID    Runtime      # DAGs    # Errors  Last Runtime    Last Run
------------------------  -----  ---------  --------  ----------  --------------  -------------------
/opt/airflow/dags/etl.py                           0           1  0.11s           2026-09-17T17:49:19
================================================================================
[2026-09-17T17:49:31.648+0000] {manager.py:737} INFO - Searching for files in /opt/airflow/dags
[2026-09-17T17:49:31.651+0000] {manager.py:740} INFO - There are 1 files in /opt/airflow/dags
[2026-09-17T17:49:53.322+0000] {manager.py:878} INFO - 
================================================================================
DAG File Processing Stats

File Path                 PID    Runtime      # DAGs    # Errors  Last Runtime    Last Run
------------------------  -----  ---------  --------  ----------  --------------  -------------------
/opt/airflow/dags/etl.py                           0           1  0.11s           2026-09-17T17:49:49
================================================================================
[2026-09-17T17:50:23.399+0000] {manager.py:878} INFO - 
================================================================================
DAG File Processing Stats

File Path                 PID    Runtime      # DAGs    # Errors  Last Runtime    Last Run
------------------------  -----  ---------  --------  ----------  --------------  -------------------
/opt/airflow/dags/etl.py                           0           1  0.11s           2026-09-17T17:50:20
================================================================================
[2026-09-17T17:50:53.493+0000] {manager.py:878} INFO - 
================================================================================
DAG File Processing Stats

File Path                 PID    Runtime      # DAGs    # Errors  Last Runtime    Last Run
------------------------  -----  ---------  --------  ----------  --------------  -------------------
/opt/airflow/dags/etl.py                           0           1  0.11s           2026-09-17T17:50:50
================================================================================
[2026-09-17T17:51:23.564+0000] {manager.py:878} INFO - 
================================================================================
DAG File Processing Stats

File Path                 PID    Runtime      # DAGs    # Errors  Last Runtime    Last Run
------------------------  -----  ---------  --------  ----------  --------------  -------------------
/opt/airflow/dags/etl.py                           0           1  0.10s           2026-09-17T17:51:20
================================================================================
[2026-09-17T17:51:53.657+0000] {manager.py:878} INFO - 
================================================================================
DAG File Processing Stats

File Path                 PID    Runtime      # DAGs    # Errors  Last Runtime    Last Run
------------------------  -----  ---------  --------  ----------  --------------  -------------------
/opt/airflow/dags/etl.py                           0           1  0.11s           2026-09-17T17:51:50
================================================================================
[2026-09-17T17:52:23.738+0000] {manager.py:878} INFO - 
================================================================================
DAG File Processing Stats

File Path                 PID    Runtime      # DAGs    # Errors  Last Runtime    Last Run
------------------------  -----  ---------  --------  ----------  --------------  -------------------
/opt/airflow/dags/etl.py                           0           1  0.11s           2026-09-17T17:52:20
================================================================================
[2026-09-17T17:52:53.833+0000] {manager.py:878} INFO - 
================================================================================
DAG File Processing Stats

File Path                 PID    Runtime      # DAGs    # Errors  Last Runtime    Last Run
------------------------  -----  ---------  --------  ----------  --------------  -------------------
/opt/airflow/dags/etl.py                           0           1  0.11s           2026-09-17T17:52:51
================================================================================
[2026-09-17T17:53:23.929+0000] {manager.py:878} INFO - 
================================================================================
DAG File Processing Stats

File Path                 PID    Runtime      # DAGs    # Errors  Last Runtime    Last Run
------------------------  -----  ---------  --------  ----------  --------------  -------------------
/opt/airflow/dags/etl.py                           0           1  0.11s           2026-09-17T17:53:21
================================================================================
[2026-09-17T17:53:54.020+0000] {manager.py:878} INFO - 
================================================================================
DAG File Processing Stats

File Path                 PID    Runtime      # DAGs    # Errors  Last Runtime    Last Run
------------------------  -----  ---------  --------  ----------  --------------  -------------------
/opt/airflow/dags/etl.py                           0           1  0.11s           2026-09-17T17:53:51
================================================================================
[2026-09-17T17:54:24.121+0000] {manager.py:878} INFO - 
================================================================================
DAG File Processing Stats

File Path                 PID    Runtime      # DAGs    # Errors  Last Runtime    Last Run
------------------------  -----  ---------  --------  ----------  --------------  -------------------
/opt/airflow/dags/etl.py                           0           1  0.11s           2026-09-17T17:54:21
================================================================================
[2026-09-17T17:54:31.927+0000] {manager.py:737} INFO - Searching for files in /opt/airflow/dags
[2026-09-17T17:54:31.930+0000] {manager.py:740} INFO - There are 1 files in /opt/airflow/dags
[2026-09-17T17:54:54.202+0000] {manager.py:878} INFO - 
================================================================================
DAG File Processing Stats

File Path                 PID    Runtime      # DAGs    # Errors  Last Runtime    Last Run
------------------------  -----  ---------  --------  ----------  --------------  -------------------
/opt/airflow/dags/etl.py                           0           1  0.11s           2026-09-17T17:54:52
================================================================================
[2026-09-17T17:55:24.289+0000] {manager.py:878} INFO - 
================================================================================
DAG File Processing Stats

File Path                 PID    Runtime      # DAGs    # Errors  Last Runtime    Last Run
------------------------  -----  ---------  --------  ----------  --------------  -------------------
/opt/airflow/dags/etl.py                           0           1  0.11s           2026-09-17T17:55:22
================================================================================
[2026-09-17T17:55:54.334+0000] {manager.py:878} INFO - 
================================================================================
DAG File Processing Stats

File Path                 PID    Runtime      # DAGs    # Errors  Last Runtime    Last Run
------------------------  -----  ---------  --------  ----------  --------------  -------------------
/opt/airflow/dags/etl.py                           0           1  0.11s           2026-09-17T17:55:52
================================================================================
[2026-09-17T17:56:24.425+0000] {manager.py:878} INFO - 
================================================================================
DAG File Processing Stats

File Path                 PID    Runtime      # DAGs    # Errors  Last Runtime    Last Run
------------------------  -----  ---------  --------  ----------  --------------  -------------------
/opt/airflow/dags/etl.py                           0           1  0.11s           2026-09-17T17:56:22
================================================================================
[2026-09-17T17:56:54.504+0000] {manager.py:878} INFO - 
================================================================================
DAG File Processing Stats

File Path                 PID    Runtime      # DAGs    # Errors  Last Runtime    Last Run
------------------------  -----  ---------  --------  ----------  --------------  -------------------
/opt/airflow/dags/etl.py                           0           1  0.11s           2026-09-17T17:56:52
================================================================================
[2026-09-17T17:57:24.599+0000] {manager.py:878} INFO - 
================================================================================
DAG File Processing Stats

File Path                 PID    Runtime      # DAGs    # Errors  Last Runtime    Last Run
------------------------  -----  ---------  --------  ----------  --------------  -------------------
/opt/airflow/dags/etl.py                           0           1  0.11s           2026-09-17T17:57:23
================================================================================
[2026-09-17T17:57:54.693+0000] {manager.py:878} INFO - 
================================================================================
DAG File Processing Stats

File Path                 PID    Runtime      # DAGs    # Errors  Last Runtime    Last Run
------------------------  -----  ---------  --------  ----------  --------------  -------------------
/opt/airflow/dags/etl.py                           0           1  0.11s           2026-09-17T17:57:53
================================================================================
[2026-09-17T17:58:24.717+0000] {manager.py:878} INFO - 
================================================================================
DAG File Processing Stats

File Path                 PID    Runtime      # DAGs    # Errors  Last Runtime    Last Run
------------------------  -----  ---------  --------  ----------  --------------  -------------------
/opt/airflow/dags/etl.py                           0           1  0.11s           2026-09-17T17:58:23
================================================================================
[2026-09-17T17:58:54.879+0000] {manager.py:878} INFO - 
================================================================================
DAG File Processing Stats

File Path                 PID    Runtime      # DAGs    # Errors  Last Runtime    Last Run
------------------------  -----  ---------  --------  ----------  --------------  -------------------
/opt/airflow/dags/etl.py                           0           1  0.11s           2026-09-17T17:58:53
================================================================================
[2026-09-17T17:59:24.973+0000] {manager.py:878} INFO - 
================================================================================
DAG File Processing Stats

File Path                 PID    Runtime      # DAGs    # Errors  Last Runtime    Last Run
------------------------  -----  ---------  --------  ----------  --------------  -------------------
/opt/airflow/dags/etl.py                           0           1  0.11s           2026-09-17T17:59:24
================================================================================
[2026-09-17T17:59:32.731+0000] {manager.py:737} INFO - Searching for files in /opt/airflow/dags
[2026-09-17T17:59:32.733+0000] {manager.py:740} INFO - There are 1 files in /opt/airflow/dags
[2026-09-17T17:59:55.073+0000] {manager.py:878} INFO - 
================================================================================
DAG File Processing Stats

File Path                 PID    Runtime      # DAGs    # Errors  Last Runtime    Last Run
------------------------  -----  ---------  --------  ----------  --------------  -------------------
/opt/airflow/dags/etl.py                           0           1  0.11s           2026-09-17T17:59:54
================================================================================
[2026-09-17T18:00:25.168+0000] {manager.py:878} INFO - 
================================================================================
DAG File Processing Stats

File Path                 PID    Runtime      # DAGs    # Errors  Last Runtime    Last Run
------------------------  -----  ---------  --------  ----------  --------------  -------------------
/opt/airflow/dags/etl.py                           0           1  0.11s           2026-09-17T18:00:24
================================================================================
[2026-09-17T18:00:55.265+0000] {manager.py:878} INFO - 
================================================================================
DAG File Processing Stats

File Path                 PID    Runtime      # DAGs    # Errors  Last Runtime    Last Run
------------------------  -----  ---------  --------  ----------  --------------  -------------------
/opt/airflow/dags/etl.py                           0           1  0.11s           2026-09-17T18:00:54
================================================================================
[2026-09-17T18:01:25.358+0000] {manager.py:878} INFO - 
================================================================================
DAG File Processing Stats

File Path                 PID    Runtime      # DAGs    # Errors  Last Runtime    Last Run
------------------------  -----  ---------  --------  ----------  --------------  -------------------
/opt/airflow/dags/etl.py                           0           1  0.11s           2026-09-17T18:01:25
================================================================================
[2026-09-17T18:01:55.376+0000] {manager.py:878} INFO - 
================================================================================
DAG File Processing Stats

File Path                 PID    Runtime      # DAGs    # Errors  Last Runtime    Last Run
------------------------  -----  ---------  --------  ----------  --------------  -------------------
/opt/airflow/dags/etl.py                           0           1  0.11s           2026-09-17T18:01:55
================================================================================
[2026-09-17T18:02:25.524+0000] {manager.py:878} INFO - 
================================================================================
DAG File Processing Stats

File Path                 PID    Runtime      # DAGs    # Errors  Last Runtime    Last Run
------------------------  -----  ---------  --------  ----------  --------------  -------------------
/opt/airflow/dags/etl.py                           0           1  0.11s           2026-09-17T18:02:25
================================================================================
[2026-09-17T18:02:55.758+0000] {manager.py:878} INFO - 
================================================================================
DAG File Processing Stats

File Path                 PID    Runtime      # DAGs    # Errors  Last Runtime    Last Run
------------------------  -----  ---------  --------  ----------  --------------  -------------------
/opt/airflow/dags/etl.py                           0           1  0.11s           2026-09-17T18:02:55
================================================================================
[2026-09-17T18:03:25.962+0000] {manager.py:878} INFO - 
================================================================================
DAG File Processing Stats

File Path                 PID    Runtime      # DAGs    # Errors  Last Runtime    Last Run
------------------------  -----  ---------  --------  ----------  --------------  -------------------
/opt/airflow/dags/etl.py                           0           1  0.11s           2026-09-17T18:03:25
================================================================================
[2026-09-17T18:03:56.167+0000] {manager.py:878} INFO - 
================================================================================
DAG File Processing Stats

File Path                 PID    Runtime      # DAGs    # Errors  Last Runtime    Last Run
------------------------  -----  ---------  --------  ----------  --------------  -------------------
/opt/airflow/dags/etl.py                           0           1  0.11s           2026-09-17T18:03:56
================================================================================
[2026-09-17T18:04:26.341+0000] {manager.py:878} INFO - 
================================================================================
DAG File Processing Stats

File Path                 PID    Runtime      # DAGs    # Errors  Last Runtime    Last Run
------------------------  -----  ---------  --------  ----------  --------------  -------------------
/opt/airflow/dags/etl.py                           0           1  0.11s           2026-09-17T18:04:26
================================================================================
[2026-09-17T18:04:32.849+0000] {manager.py:737} INFO - Searching for files in /opt/airflow/dags
[2026-09-17T18:04:32.850+0000] {manager.py:740} INFO - There are 1 files in /opt/airflow/dags
[2026-09-17T18:04:56.528+0000] {manager.py:878} INFO - 
================================================================================
DAG File Processing Stats

File Path                 PID    Runtime      # DAGs    # Errors  Last Runtime    Last Run
------------------------  -----  ---------  --------  ----------  --------------  -------------------
/opt/airflow/dags/etl.py                           0           1  0.11s           2026-09-17T18:04:56
================================================================================
[2026-09-17T18:05:26.733+0000] {manager.py:878} INFO - 
================================================================================
DAG File Processing Stats

File Path                 PID    Runtime      # DAGs    # Errors  Last Runtime    Last Run
------------------------  -----  ---------  --------  ----------  --------------  -------------------
/opt/airflow/dags/etl.py                           0           1  0.11s           2026-09-17T18:05:26
================================================================================
[2026-09-17T18:05:56.916+0000] {manager.py:878} INFO - 
================================================================================
DAG File Processing Stats

File Path                 PID    Runtime      # DAGs    # Errors  Last Runtime    Last Run
------------------------  -----  ---------  --------  ----------  --------------  -------------------
/opt/airflow/dags/etl.py                           0           1  0.11s           2026-09-17T18:05:56
================================================================================
[2026-09-17T18:06:27.117+0000] {manager.py:878} INFO - 
================================================================================
DAG File Processing Stats

File Path                 PID    Runtime      # DAGs    # Errors  Last Runtime    Last Run
------------------------  -----  ---------  --------  ----------  --------------  -------------------
/opt/airflow/dags/etl.py                           0           1  0.11s           2026-09-17T18:06:27
================================================================================
[2026-09-17T18:06:57.320+0000] {manager.py:878} INFO - 
================================================================================
DAG File Processing Stats

File Path                 PID    Runtime      # DAGs    # Errors  Last Runtime    Last Run
------------------------  -----  ---------  --------  ----------  --------------  -------------------
/opt/airflow/dags/etl.py                           0           1  0.11s           2026-09-17T18:06:57
================================================================================
[2026-09-17T18:07:27.510+0000] {manager.py:878} INFO - 
================================================================================
DAG File Processing Stats

File Path                 PID    Runtime      # DAGs    # Errors  Last Runtime    Last Run
------------------------  -----  ---------  --------  ----------  --------------  -------------------
/opt/airflow/dags/etl.py                           0           1  0.11s           2026-09-17T18:07:27
================================================================================
[2026-09-17T18:07:57.727+0000] {manager.py:878} INFO - 
================================================================================
DAG File Processing Stats

File Path                 PID    Runtime      # DAGs    # Errors  Last Runtime    Last Run
------------------------  -----  ---------  --------  ----------  --------------  -------------------
/opt/airflow/dags/etl.py                           0           1  0.11s           2026-09-17T18:07:57
================================================================================
[2026-09-17T18:08:27.905+0000] {manager.py:878} INFO - 
================================================================================
DAG File Processing Stats

File Path                 PID    Runtime      # DAGs    # Errors  Last Runtime    Last Run
------------------------  -----  ---------  --------  ----------  --------------  -------------------
/opt/airflow/dags/etl.py                           0           1  0.10s           2026-09-17T18:08:27
================================================================================
[2026-09-17T18:08:58.102+0000] {manager.py:878} INFO - 
================================================================================
DAG File Processing Stats

File Path                 PID    Runtime      # DAGs    # Errors  Last Runtime    Last Run
------------------------  -----  ---------  --------  ----------  --------------  -------------------
/opt/airflow/dags/etl.py                           0           1  0.11s           2026-09-17T18:08:58
================================================================================
[2026-09-17T18:09:28.278+0000] {manager.py:878} INFO - 
================================================================================
DAG File Processing Stats

File Path                 PID    Runtime      # DAGs    # Errors  Last Runtime    Last Run
------------------------  -----  ---------  --------  ----------  --------------  -------------------
/opt/airflow/dags/etl.py                           0           1  0.11s           2026-09-17T18:09:28
================================================================================
[2026-09-17T18:09:33.221+0000] {manager.py:737} INFO - Searching for files in /opt/airflow/dags
[2026-09-17T18:09:33.222+0000] {manager.py:740} INFO - There are 1 files in /opt/airflow/dags
[2026-09-17T18:09:58.481+0000] {manager.py:878} INFO - 
================================================================================
DAG File Processing Stats

File Path                 PID    Runtime      # DAGs    # Errors  Last Runtime    Last Run
------------------------  -----  ---------  --------  ----------  --------------  -------------------
/opt/airflow/dags/etl.py                           0           1  0.11s           2026-09-17T18:09:58
================================================================================
[2026-09-17T18:10:28.685+0000] {manager.py:878} INFO - 
================================================================================
DAG File Processing Stats

File Path                 PID    Runtime      # DAGs    # Errors  Last Runtime    Last Run
------------------------  -----  ---------  --------  ----------  --------------  -------------------
/opt/airflow/dags/etl.py                           0           1  0.11s           2026-09-17T18:10:28
================================================================================
[2026-09-17T18:10:58.890+0000] {manager.py:878} INFO - 
================================================================================
DAG File Processing Stats

File Path                 PID    Runtime      # DAGs    # Errors  Last Runtime    Last Run
------------------------  -----  ---------  --------  ----------  --------------  -------------------
/opt/airflow/dags/etl.py                           0           1  0.11s           2026-09-17T18:10:58
================================================================================
[2026-09-17T18:11:29.090+0000] {manager.py:878} INFO - 
================================================================================
DAG File Processing Stats

File Path                 PID    Runtime      # DAGs    # Errors  Last Runtime    Last Run
------------------------  -----  ---------  --------  ----------  --------------  -------------------
/opt/airflow/dags/etl.py                           0           1  0.11s           2026-09-17T18:11:29
================================================================================
[2026-09-17T18:11:59.292+0000] {manager.py:878} INFO - 
================================================================================
DAG File Processing Stats

File Path                 PID    Runtime      # DAGs    # Errors  Last Runtime    Last Run
------------------------  -----  ---------  --------  ----------  --------------  -------------------
/opt/airflow/dags/etl.py                           0           1  0.11s           2026-09-17T18:11:59
================================================================================
[2026-09-17T18:12:29.491+0000] {manager.py:878} INFO - 
================================================================================
DAG File Processing Stats

File Path                 PID    Runtime      # DAGs    # Errors  Last Runtime    Last Run
------------------------  -----  ---------  --------  ----------  --------------  -------------------
/opt/airflow/dags/etl.py                           0           1  0.11s           2026-09-17T18:12:29
================================================================================
[2026-09-17T18:12:59.616+0000] {manager.py:878} INFO - 
================================================================================
DAG File Processing Stats

File Path                 PID    Runtime      # DAGs    # Errors  Last Runtime    Last Run
------------------------  -----  ---------  --------  ----------  --------------  -------------------
/opt/airflow/dags/etl.py                           0           1  0.11s           2026-09-17T18:12:59
================================================================================
[2026-09-17T18:13:29.820+0000] {manager.py:878} INFO - 
================================================================================
DAG File Processing Stats

File Path                 PID    Runtime      # DAGs    # Errors  Last Runtime    Last Run
------------------------  -----  ---------  --------  ----------  --------------  -------------------
/opt/airflow/dags/etl.py                           0           1  0.11s           2026-09-17T18:13:29
================================================================================
[2026-09-17T18:14:00.024+0000] {manager.py:878} INFO - 
================================================================================
DAG File Processing Stats

File Path                 PID    Runtime      # DAGs    # Errors  Last Runtime    Last Run
------------------------  -----  ---------  --------  ----------  --------------  -------------------
/opt/airflow/dags/etl.py                           0           1  0.11s           2026-09-17T18:14:00
================================================================================
[2026-09-17T18:14:30.228+0000] {manager.py:878} INFO - 
================================================================================
DAG File Processing Stats

File Path                 PID    Runtime      # DAGs    # Errors  Last Runtime    Last Run
------------------------  -----  ---------  --------  ----------  --------------  -------------------
/opt/airflow/dags/etl.py                           0           1  0.11s           2026-09-17T18:14:30
================================================================================
[2026-09-17T18:14:33.365+0000] {manager.py:737} INFO - Searching for files in /opt/airflow/dags
[2026-09-17T18:14:33.367+0000] {manager.py:740} INFO - There are 1 files in /opt/airflow/dags
[2026-09-17T18:15:00.437+0000] {manager.py:878} INFO - 
================================================================================
DAG File Processing Stats

File Path                 PID    Runtime      # DAGs    # Errors  Last Runtime    Last Run
------------------------  -----  ---------  --------  ----------  --------------  -------------------
/opt/airflow/dags/etl.py                           0           1  0.11s           2026-09-17T18:15:00
================================================================================
[2026-09-17T18:15:30.641+0000] {manager.py:878} INFO - 
================================================================================
DAG File Processing Stats

File Path                 PID    Runtime      # DAGs    # Errors  Last Runtime    Last Run
------------------------  -----  ---------  --------  ----------  --------------  -------------------
/opt/airflow/dags/etl.py                           0           1  0.11s           2026-09-17T18:15:30
================================================================================
[2026-09-17T18:16:00.846+0000] {manager.py:878} INFO - 
================================================================================
DAG File Processing Stats

File Path                 PID    Runtime      # DAGs    # Errors  Last Runtime    Last Run
------------------------  -----  ---------  --------  ----------  --------------  -------------------
/opt/airflow/dags/etl.py                           0           1  0.11s           2026-09-17T18:16:00
================================================================================
[2026-09-17T18:16:31.045+0000] {manager.py:878} INFO - 
================================================================================
DAG File Processing Stats

File Path                 PID    Runtime      # DAGs    # Errors  Last Runtime    Last Run
------------------------  -----  ---------  --------  ----------  --------------  -------------------
/opt/airflow/dags/etl.py                           0           1  0.11s           2026-09-17T18:16:31
================================================================================
[2026-09-17T18:17:01.248+0000] {manager.py:878} INFO - 
================================================================================
DAG File Processing Stats

File Path                 PID    Runtime      # DAGs    # Errors  Last Runtime    Last Run
------------------------  -----  ---------  --------  ----------  --------------  -------------------
/opt/airflow/dags/etl.py                           0           1  0.11s           2026-09-17T18:17:01
================================================================================
[2026-09-17T18:17:31.449+0000] {manager.py:878} INFO - 
================================================================================
DAG File Processing Stats

File Path                 PID    Runtime      # DAGs    # Errors  Last Runtime    Last Run
------------------------  -----  ---------  --------  ----------  --------------  -------------------
/opt/airflow/dags/etl.py                           0           1  0.11s           2026-09-17T18:17:31
================================================================================
[2026-09-17T18:18:01.654+0000] {manager.py:878} INFO - 
================================================================================
DAG File Processing Stats

File Path                 PID    Runtime      # DAGs    # Errors  Last Runtime    Last Run
------------------------  -----  ---------  --------  ----------  --------------  -------------------
/opt/airflow/dags/etl.py                           0           1  0.11s           2026-09-17T18:18:01
================================================================================
[2026-09-17T18:18:31.855+0000] {manager.py:878} INFO - 
================================================================================
DAG File Processing Stats

File Path                 PID    Runtime      # DAGs    # Errors  Last Runtime    Last Run
------------------------  -----  ---------  --------  ----------  --------------  -------------------
/opt/airflow/dags/etl.py                           0           1  0.11s           2026-09-17T18:18:31
================================================================================
[2026-09-17T18:19:02.057+0000] {manager.py:878} INFO - 
================================================================================
DAG File Processing Stats

File Path                 PID    Runtime      # DAGs    # Errors  Last Runtime    Last Run
------------------------  -----  ---------  --------  ----------  --------------  -------------------
/opt/airflow/dags/etl.py                           0           1  0.11s           2026-09-17T18:19:02
================================================================================
[2026-09-17T18:19:32.258+0000] {manager.py:878} INFO - 
================================================================================
DAG File Processing Stats

File Path                 PID    Runtime      # DAGs    # Errors  Last Runtime    Last Run
------------------------  -----  ---------  --------  ----------  --------------  -------------------
/opt/airflow/dags/etl.py                           0           1  0.11s           2026-09-17T18:19:32
================================================================================
[2026-09-17T18:19:34.352+0000] {manager.py:737} INFO - Searching for files in /opt/airflow/dags
[2026-09-17T18:19:34.354+0000] {manager.py:740} INFO - There are 1 files in /opt/airflow/dags
[2026-09-17T18:20:02.458+0000] {manager.py:878} INFO - 
================================================================================
DAG File Processing Stats

File Path                 PID    Runtime      # DAGs    # Errors  Last Runtime    Last Run
------------------------  -----  ---------  --------  ----------  --------------  -------------------
/opt/airflow/dags/etl.py                           0           1  0.11s           2026-09-17T18:20:02
================================================================================
[2026-09-17T18:20:32.658+0000] {manager.py:878} INFO - 
================================================================================
DAG File Processing Stats

File Path                 PID    Runtime      # DAGs    # Errors  Last Runtime    Last Run
------------------------  -----  ---------  --------  ----------  --------------  -------------------
/opt/airflow/dags/etl.py                           0           1  0.11s           2026-09-17T18:20:32
================================================================================
[2026-09-17T18:21:02.774+0000] {manager.py:878} INFO - 
================================================================================
DAG File Processing Stats

File Path                 PID    Runtime      # DAGs    # Errors  Last Runtime    Last Run
------------------------  -----  ---------  --------  ----------  --------------  -------------------
/opt/airflow/dags/etl.py                           0           1  0.11s           2026-09-17T18:21:02
================================================================================
[2026-09-17T18:21:32.989+0000] {manager.py:878} INFO - 
================================================================================
DAG File Processing Stats

File Path                 PID    Runtime      # DAGs    # Errors  Last Runtime    Last Run
------------------------  -----  ---------  --------  ----------  --------------  -------------------
/opt/airflow/dags/etl.py                           0           1  0.11s           2026-09-17T18:21:32
================================================================================
[2026-09-17T18:22:03.197+0000] {manager.py:878} INFO - 
================================================================================
DAG File Processing Stats

File Path                 PID    Runtime      # DAGs    # Errors  Last Runtime    Last Run
------------------------  -----  ---------  --------  ----------  --------------  -------------------
/opt/airflow/dags/etl.py                           0           1  0.11s           2026-09-17T18:22:03
================================================================================
[2026-09-17T18:22:33.398+0000] {manager.py:878} INFO - 
================================================================================
DAG File Processing Stats

File Path                 PID    Runtime      # DAGs    # Errors  Last Runtime    Last Run
------------------------  -----  ---------  --------  ----------  --------------  -------------------
/opt/airflow/dags/etl.py                           0           1  0.11s           2026-09-17T18:22:33
================================================================================
[2026-09-17T18:23:03.607+0000] {manager.py:878} INFO - 
================================================================================
DAG File Processing Stats

File Path                 PID    Runtime      # DAGs    # Errors  Last Runtime    Last Run
------------------------  -----  ---------  --------  ----------  --------------  -------------------
/opt/airflow/dags/etl.py                           0           1  0.11s           2026-09-17T18:23:03
================================================================================
[2026-09-17T18:23:33.800+0000] {manager.py:878} INFO - 
================================================================================
DAG File Processing Stats

File Path                 PID    Runtime      # DAGs    # Errors  Last Runtime    Last Run
------------------------  -----  ---------  --------  ----------  --------------  -------------------
/opt/airflow/dags/etl.py                           0           1  0.10s           2026-09-17T18:23:33
================================================================================
[2026-09-17T18:24:03.939+0000] {manager.py:878} INFO - 
================================================================================
DAG File Processing Stats

File Path                 PID    Runtime      # DAGs    # Errors  Last Runtime    Last Run
------------------------  -----  ---------  --------  ----------  --------------  -------------------
/opt/airflow/dags/etl.py                           0           1  0.11s           2026-09-17T18:24:03
================================================================================
[2026-09-17T18:24:34.140+0000] {manager.py:878} INFO - 
================================================================================
DAG File Processing Stats

File Path                 PID    Runtime      # DAGs    # Errors  Last Runtime    Last Run
------------------------  -----  ---------  --------  ----------  --------------  -------------------
/opt/airflow/dags/etl.py                           0           1  0.11s           2026-09-17T18:24:34
================================================================================
[2026-09-17T18:24:35.028+0000] {manager.py:737} INFO - Searching for files in /opt/airflow/dags
[2026-09-17T18:24:35.030+0000] {manager.py:740} INFO - There are 1 files in /opt/airflow/dags
[2026-09-17T18:25:04.342+0000] {manager.py:878} INFO - 
================================================================================
DAG File Processing Stats

File Path                 PID    Runtime      # DAGs    # Errors  Last Runtime    Last Run
------------------------  -----  ---------  --------  ----------  --------------  -------------------
/opt/airflow/dags/etl.py                           0           1  0.11s           2026-09-17T18:25:04
================================================================================
[2026-09-17T18:25:34.544+0000] {manager.py:878} INFO - 
================================================================================
DAG File Processing Stats

File Path                 PID    Runtime      # DAGs    # Errors  Last Runtime    Last Run
------------------------  -----  ---------  --------  ----------  --------------  -------------------
/opt/airflow/dags/etl.py                           0           1  0.11s           2026-09-17T18:25:34
================================================================================
[2026-09-17T18:26:04.745+0000] {manager.py:878} INFO - 
================================================================================
DAG File Processing Stats

File Path                 PID    Runtime      # DAGs    # Errors  Last Runtime    Last Run
------------------------  -----  ---------  --------  ----------  --------------  -------------------
/opt/airflow/dags/etl.py                           0           1  0.11s           2026-09-17T18:26:04
================================================================================
[2026-09-17T18:26:34.950+0000] {manager.py:878} INFO - 
================================================================================
DAG File Processing Stats

File Path                 PID    Runtime      # DAGs    # Errors  Last Runtime    Last Run
------------------------  -----  ---------  --------  ----------  --------------  -------------------
/opt/airflow/dags/etl.py                           0           1  0.11s           2026-09-17T18:26:34
================================================================================
[2026-09-17T18:27:05.136+0000] {manager.py:878} INFO - 
================================================================================
DAG File Processing Stats

File Path                 PID    Runtime      # DAGs    # Errors  Last Runtime    Last Run
------------------------  -----  ---------  --------  ----------  --------------  -------------------
/opt/airflow/dags/etl.py                           0           1  0.11s           2026-09-17T18:27:05
================================================================================
[2026-09-17T18:27:35.333+0000] {manager.py:878} INFO - 
================================================================================
DAG File Processing Stats

File Path                 PID    Runtime      # DAGs    # Errors  Last Runtime    Last Run
------------------------  -----  ---------  --------  ----------  --------------  -------------------
/opt/airflow/dags/etl.py                           0           1  0.11s           2026-09-17T18:27:35
================================================================================
[2026-09-17T18:28:05.537+0000] {manager.py:878} INFO - 
================================================================================
DAG File Processing Stats

File Path                 PID    Runtime      # DAGs    # Errors  Last Runtime    Last Run
------------------------  -----  ---------  --------  ----------  --------------  -------------------
/opt/airflow/dags/etl.py                           0           1  0.11s           2026-09-17T18:28:05
================================================================================
[2026-09-17T18:28:35.653+0000] {manager.py:878} INFO - 
================================================================================
DAG File Processing Stats

File Path                 PID    Runtime      # DAGs    # Errors  Last Runtime    Last Run
------------------------  -----  ---------  --------  ----------  --------------  -------------------
/opt/airflow/dags/etl.py                           0           1  0.11s           2026-09-17T18:28:35
================================================================================
[2026-09-17T18:29:05.856+0000] {manager.py:878} INFO - 
================================================================================
DAG File Processing Stats

File Path                 PID    Runtime      # DAGs    # Errors  Last Runtime    Last Run
------------------------  -----  ---------  --------  ----------  --------------  -------------------
/opt/airflow/dags/etl.py                           0           1  0.11s           2026-09-17T18:29:05
================================================================================
[2026-09-17T18:29:35.181+0000] {manager.py:737} INFO - Searching for files in /opt/airflow/dags
[2026-09-17T18:29:35.183+0000] {manager.py:740} INFO - There are 1 files in /opt/airflow/dags
[2026-09-17T18:29:36.059+0000] {manager.py:878} INFO - 
================================================================================
DAG File Processing Stats

File Path                 PID    Runtime      # DAGs    # Errors  Last Runtime    Last Run
------------------------  -----  ---------  --------  ----------  --------------  -------------------
/opt/airflow/dags/etl.py                           0           1  0.11s           2026-09-17T18:29:36
================================================================================
[2026-09-17T18:30:06.266+0000] {manager.py:878} INFO - 
================================================================================
DAG File Processing Stats

File Path                 PID    Runtime      # DAGs    # Errors  Last Runtime    Last Run
------------------------  -----  ---------  --------  ----------  --------------  -------------------
/opt/airflow/dags/etl.py                           0           1  0.11s           2026-09-17T18:30:06
================================================================================
[2026-09-17T18:30:36.465+0000] {manager.py:878} INFO - 
================================================================================
DAG File Processing Stats

File Path                 PID    Runtime      # DAGs    # Errors  Last Runtime    Last Run
------------------------  -----  ---------  --------  ----------  --------------  -------------------
/opt/airflow/dags/etl.py                           0           1  0.11s           2026-09-17T18:30:36
================================================================================
[2026-09-17T18:31:06.678+0000] {manager.py:878} INFO - 
================================================================================
DAG File Processing Stats

File Path                 PID    Runtime      # DAGs    # Errors  Last Runtime    Last Run
------------------------  -----  ---------  --------  ----------  --------------  -------------------
/opt/airflow/dags/etl.py                           0           1  0.11s           2026-09-17T18:31:06
================================================================================
[2026-09-17T18:31:36.878+0000] {manager.py:878} INFO - 
================================================================================
DAG File Processing Stats

File Path                 PID    Runtime      # DAGs    # Errors  Last Runtime    Last Run
------------------------  -----  ---------  --------  ----------  --------------  -------------------
/opt/airflow/dags/etl.py                           0           1  0.11s           2026-09-17T18:31:36
================================================================================
[2026-09-17T18:32:07.071+0000] {manager.py:878} INFO - 
================================================================================
DAG File Processing Stats

File Path                 PID    Runtime      # DAGs    # Errors  Last Runtime    Last Run
------------------------  -----  ---------  --------  ----------  --------------  -------------------
/opt/airflow/dags/etl.py                           0           1  0.10s           2026-09-17T18:32:07
================================================================================
[2026-09-17T18:32:37.236+0000] {manager.py:878} INFO - 
================================================================================
DAG File Processing Stats

File Path                 PID    Runtime      # DAGs    # Errors  Last Runtime    Last Run
------------------------  -----  ---------  --------  ----------  --------------  -------------------
/opt/airflow/dags/etl.py                           0           1  0.11s           2026-09-17T18:32:37
================================================================================
[2026-09-17T18:33:07.447+0000] {manager.py:878} INFO - 
================================================================================
DAG File Processing Stats

File Path                 PID    Runtime      # DAGs    # Errors  Last Runtime    Last Run
------------------------  -----  ---------  --------  ----------  --------------  -------------------
/opt/airflow/dags/etl.py                           0           1  0.11s           2026-09-17T18:33:07
================================================================================
[2026-09-17T18:33:37.638+0000] {manager.py:878} INFO - 
================================================================================
DAG File Processing Stats

File Path                 PID    Runtime      # DAGs    # Errors  Last Runtime    Last Run
------------------------  -----  ---------  --------  ----------  --------------  -------------------
/opt/airflow/dags/etl.py                           0           1  0.11s           2026-09-17T18:33:37
================================================================================
[2026-09-18T11:36:33.366+0000] {manager.py:470} INFO - Processing files using up to 1 processes at a time 
[2026-09-18T11:36:33.367+0000] {manager.py:471} INFO - Process each file at most once every 30 seconds
[2026-09-18T11:36:33.367+0000] {manager.py:472} INFO - Checking for new files in /opt/airflow/dags every 300 seconds
[2026-09-18T11:36:33.367+0000] {manager.py:737} INFO - Searching for files in /opt/airflow/dags
[2026-09-18T11:36:33.368+0000] {manager.py:740} INFO - There are 1 files in /opt/airflow/dags
[2026-09-18T11:36:33.517+0000] {manager.py:878} INFO - 
================================================================================
DAG File Processing Stats

File Path                 PID    Runtime      # DAGs    # Errors  Last Runtime    Last Run
------------------------  -----  ---------  --------  ----------  --------------  -------------------
/opt/airflow/dags/etl.py                           0           1  0.10s           2026-09-18T11:36:33
================================================================================
[2026-09-18T11:37:03.689+0000] {manager.py:878} INFO - 
================================================================================
DAG File Processing Stats

File Path                 PID    Runtime      # DAGs    # Errors  Last Runtime    Last Run
------------------------  -----  ---------  --------  ----------  --------------  -------------------
/opt/airflow/dags/etl.py                           0           1  0.11s           2026-09-18T11:37:03
================================================================================
[2026-09-18T11:37:33.994+0000] {manager.py:878} INFO - 
================================================================================
DAG File Processing Stats

File Path                 PID    Runtime      # DAGs    # Errors  Last Runtime    Last Run
------------------------  -----  ---------  --------  ----------  --------------  -------------------
/opt/airflow/dags/etl.py                           0           1  0.11s           2026-09-18T11:37:33
================================================================================
[2026-09-18T11:38:04.346+0000] {manager.py:878} INFO - 
================================================================================
DAG File Processing Stats

File Path                 PID    Runtime      # DAGs    # Errors  Last Runtime    Last Run
------------------------  -----  ---------  --------  ----------  --------------  -------------------
/opt/airflow/dags/etl.py                           0           1  0.11s           2026-09-18T11:38:04
================================================================================
[2026-09-18T11:38:34.736+0000] {manager.py:878} INFO - 
================================================================================
DAG File Processing Stats

File Path                 PID    Runtime      # DAGs    # Errors  Last Runtime    Last Run
------------------------  -----  ---------  --------  ----------  --------------  -------------------
/opt/airflow/dags/etl.py                           0           1  0.11s           2026-09-18T11:38:34
================================================================================
[2026-09-18T11:39:04.882+0000] {manager.py:878} INFO - 
================================================================================
DAG File Processing Stats

File Path                 PID    Runtime      # DAGs    # Errors  Last Runtime    Last Run
------------------------  -----  ---------  --------  ----------  --------------  -------------------
/opt/airflow/dags/etl.py                           0           1  0.11s           2026-09-18T11:39:04
================================================================================
[2026-09-18T11:39:35.372+0000] {manager.py:878} INFO - 
================================================================================
DAG File Processing Stats

File Path                 PID    Runtime      # DAGs    # Errors  Last Runtime    Last Run
------------------------  -----  ---------  --------  ----------  --------------  -------------------
/opt/airflow/dags/etl.py                           0           1  0.10s           2026-09-18T11:39:35
================================================================================
[2026-09-18T11:40:05.741+0000] {manager.py:878} INFO - 
================================================================================
DAG File Processing Stats

File Path                 PID    Runtime      # DAGs    # Errors  Last Runtime    Last Run
------------------------  -----  ---------  --------  ----------  --------------  -------------------
/opt/airflow/dags/etl.py                           0           1  0.10s           2026-09-18T11:40:05
================================================================================
[2026-09-18T11:40:36.083+0000] {manager.py:878} INFO - 
================================================================================
DAG File Processing Stats

File Path                 PID    Runtime      # DAGs    # Errors  Last Runtime    Last Run
------------------------  -----  ---------  --------  ----------  --------------  -------------------
/opt/airflow/dags/etl.py                           0           1  0.10s           2026-09-18T11:40:36
================================================================================
[2026-09-18T11:41:06.225+0000] {manager.py:878} INFO - 
================================================================================
DAG File Processing Stats

File Path                 PID    Runtime      # DAGs    # Errors  Last Runtime    Last Run
------------------------  -----  ---------  --------  ----------  --------------  -------------------
/opt/airflow/dags/etl.py                           0           1  0.10s           2026-09-18T11:41:06
================================================================================
[2026-09-18T11:41:33.369+0000] {manager.py:737} INFO - Searching for files in /opt/airflow/dags
[2026-09-18T11:41:33.370+0000] {manager.py:740} INFO - There are 1 files in /opt/airflow/dags
[2026-09-18T11:41:36.562+0000] {manager.py:878} INFO - 
================================================================================
DAG File Processing Stats

File Path                 PID    Runtime      # DAGs    # Errors  Last Runtime    Last Run
------------------------  -----  ---------  --------  ----------  --------------  -------------------
/opt/airflow/dags/etl.py                           0           1  0.10s           2026-09-18T11:41:36
================================================================================
[2026-09-18T11:42:06.836+0000] {manager.py:878} INFO - 
================================================================================
DAG File Processing Stats

File Path                 PID    Runtime      # DAGs    # Errors  Last Runtime    Last Run
------------------------  -----  ---------  --------  ----------  --------------  -------------------
/opt/airflow/dags/etl.py                           0           1  0.10s           2026-09-18T11:42:06
================================================================================
[2026-09-18T11:42:37.111+0000] {manager.py:878} INFO - 
================================================================================
DAG File Processing Stats

File Path                 PID    Runtime      # DAGs    # Errors  Last Runtime    Last Run
------------------------  -----  ---------  --------  ----------  --------------  -------------------
/opt/airflow/dags/etl.py                           0           1  0.10s           2026-09-18T11:42:37
================================================================================
[2026-09-18T11:43:07.386+0000] {manager.py:878} INFO - 
================================================================================
DAG File Processing Stats

File Path                 PID    Runtime      # DAGs    # Errors  Last Runtime    Last Run
------------------------  -----  ---------  --------  ----------  --------------  -------------------
/opt/airflow/dags/etl.py                           0           1  0.10s           2026-09-18T11:43:07
================================================================================
[2026-09-18T11:43:37.625+0000] {manager.py:878} INFO - 
================================================================================
DAG File Processing Stats

File Path                 PID    Runtime      # DAGs    # Errors  Last Runtime    Last Run
------------------------  -----  ---------  --------  ----------  --------------  -------------------
/opt/airflow/dags/etl.py                           0           1  0.10s           2026-09-18T11:43:37
================================================================================
[2026-09-18T11:44:07.915+0000] {manager.py:878} INFO - 
================================================================================
DAG File Processing Stats

File Path                 PID    Runtime      # DAGs    # Errors  Last Runtime    Last Run
------------------------  -----  ---------  --------  ----------  --------------  -------------------
/opt/airflow/dags/etl.py                           0           1  0.11s           2026-09-18T11:44:07
================================================================================
[2026-09-18T11:44:38.322+0000] {manager.py:878} INFO - 
================================================================================
DAG File Processing Stats

File Path                 PID    Runtime      # DAGs    # Errors  Last Runtime    Last Run
------------------------  -----  ---------  --------  ----------  --------------  -------------------
/opt/airflow/dags/etl.py                           0           1  0.21s           2026-09-18T11:44:38
================================================================================
[2026-09-18T11:45:08.651+0000] {manager.py:878} INFO - 
================================================================================
DAG File Processing Stats

File Path                 PID    Runtime      # DAGs    # Errors  Last Runtime    Last Run
------------------------  -----  ---------  --------  ----------  --------------  -------------------
/opt/airflow/dags/etl.py                           0           1  0.10s           2026-09-18T11:45:08
================================================================================
[2026-09-18T11:45:38.983+0000] {manager.py:878} INFO - 
================================================================================
DAG File Processing Stats

File Path                 PID    Runtime      # DAGs    # Errors  Last Runtime    Last Run
------------------------  -----  ---------  --------  ----------  --------------  -------------------
/opt/airflow/dags/etl.py                           0           1  0.10s           2026-09-18T11:45:38
================================================================================
[2026-09-18T11:46:09.119+0000] {manager.py:878} INFO - 
================================================================================
DAG File Processing Stats

File Path                 PID    Runtime      # DAGs    # Errors  Last Runtime    Last Run
------------------------  -----  ---------  --------  ----------  --------------  -------------------
/opt/airflow/dags/etl.py                           0           1  0.10s           2026-09-18T11:46:09
================================================================================
[2026-09-18T11:46:33.417+0000] {manager.py:737} INFO - Searching for files in /opt/airflow/dags
[2026-09-18T11:46:33.419+0000] {manager.py:740} INFO - There are 1 files in /opt/airflow/dags
[2026-09-18T11:46:39.585+0000] {manager.py:878} INFO - 
================================================================================
DAG File Processing Stats

File Path                 PID    Runtime      # DAGs    # Errors  Last Runtime    Last Run
------------------------  -----  ---------  --------  ----------  --------------  -------------------
/opt/airflow/dags/etl.py                           0           1  0.11s           2026-09-18T11:46:39
================================================================================
[2026-09-18T11:47:09.917+0000] {manager.py:878} INFO - 
================================================================================
DAG File Processing Stats

File Path                 PID    Runtime      # DAGs    # Errors  Last Runtime    Last Run
------------------------  -----  ---------  --------  ----------  --------------  -------------------
/opt/airflow/dags/etl.py                           0           1  0.11s           2026-09-18T11:47:09
================================================================================
[2026-09-18T11:47:40.253+0000] {manager.py:878} INFO - 
================================================================================
DAG File Processing Stats

File Path                 PID    Runtime      # DAGs    # Errors  Last Runtime    Last Run
------------------------  -----  ---------  --------  ----------  --------------  -------------------
/opt/airflow/dags/etl.py                           0           1  0.10s           2026-09-18T11:47:40
================================================================================
[2026-09-18T11:48:10.610+0000] {manager.py:878} INFO - 
================================================================================
DAG File Processing Stats

File Path                 PID    Runtime      # DAGs    # Errors  Last Runtime    Last Run
------------------------  -----  ---------  --------  ----------  --------------  -------------------
/opt/airflow/dags/etl.py                           0           1  0.11s           2026-09-18T11:48:10
================================================================================
[2026-09-18T11:48:40.906+0000] {manager.py:878} INFO - 
================================================================================
DAG File Processing Stats

File Path                 PID    Runtime      # DAGs    # Errors  Last Runtime    Last Run
------------------------  -----  ---------  --------  ----------  --------------  -------------------
/opt/airflow/dags/etl.py                           0           1  0.10s           2026-09-18T11:48:40
================================================================================
[2026-09-18T11:49:11.262+0000] {manager.py:878} INFO - 
================================================================================
DAG File Processing Stats

File Path                 PID    Runtime      # DAGs    # Errors  Last Runtime    Last Run
------------------------  -----  ---------  --------  ----------  --------------  -------------------
/opt/airflow/dags/etl.py                           0           1  0.10s           2026-09-18T11:49:11
================================================================================
[2026-09-18T11:49:41.643+0000] {manager.py:878} INFO - 
================================================================================
DAG File Processing Stats

File Path                 PID    Runtime      # DAGs    # Errors  Last Runtime    Last Run
------------------------  -----  ---------  --------  ----------  --------------  -------------------
/opt/airflow/dags/etl.py                           0           1  0.11s           2026-09-18T11:49:41
================================================================================
[2026-09-18T11:50:11.987+0000] {manager.py:878} INFO - 
================================================================================
DAG File Processing Stats

File Path                 PID    Runtime      # DAGs    # Errors  Last Runtime    Last Run
------------------------  -----  ---------  --------  ----------  --------------  -------------------
/opt/airflow/dags/etl.py                           0           1  0.11s           2026-09-18T11:50:11
================================================================================
[2026-09-18T11:50:42.336+0000] {manager.py:878} INFO - 
================================================================================
DAG File Processing Stats

File Path                 PID    Runtime      # DAGs    # Errors  Last Runtime    Last Run
------------------------  -----  ---------  --------  ----------  --------------  -------------------
/opt/airflow/dags/etl.py                           0           1  0.11s           2026-09-18T11:50:42
================================================================================
[2026-09-18T11:51:12.673+0000] {manager.py:878} INFO - 
================================================================================
DAG File Processing Stats

File Path                 PID    Runtime      # DAGs    # Errors  Last Runtime    Last Run
------------------------  -----  ---------  --------  ----------  --------------  -------------------
/opt/airflow/dags/etl.py                           0           1  0.11s           2026-09-18T11:51:12
================================================================================
[2026-09-18T11:51:33.459+0000] {manager.py:737} INFO - Searching for files in /opt/airflow/dags
[2026-09-18T11:51:33.460+0000] {manager.py:740} INFO - There are 1 files in /opt/airflow/dags
[2026-09-18T11:51:43.019+0000] {manager.py:878} INFO - 
================================================================================
DAG File Processing Stats

File Path                 PID    Runtime      # DAGs    # Errors  Last Runtime    Last Run
------------------------  -----  ---------  --------  ----------  --------------  -------------------
/opt/airflow/dags/etl.py                           0           1  0.11s           2026-09-18T11:51:43
================================================================================
[2026-09-18T11:52:13.385+0000] {manager.py:878} INFO - 
================================================================================
DAG File Processing Stats

File Path                 PID    Runtime      # DAGs    # Errors  Last Runtime    Last Run
------------------------  -----  ---------  --------  ----------  --------------  -------------------
/opt/airflow/dags/etl.py                           0           1  0.11s           2026-09-18T11:52:13
================================================================================
[2026-09-18T11:52:43.778+0000] {manager.py:878} INFO - 
================================================================================
DAG File Processing Stats

File Path                 PID    Runtime      # DAGs    # Errors  Last Runtime    Last Run
------------------------  -----  ---------  --------  ----------  --------------  -------------------
/opt/airflow/dags/etl.py                           0           1  0.11s           2026-09-18T11:52:43
================================================================================
[2026-09-18T11:53:14.120+0000] {manager.py:878} INFO - 
================================================================================
DAG File Processing Stats

File Path                 PID    Runtime      # DAGs    # Errors  Last Runtime    Last Run
------------------------  -----  ---------  --------  ----------  --------------  -------------------
/opt/airflow/dags/etl.py                           0           1  0.10s           2026-09-18T11:53:14
================================================================================
[2026-09-18T11:53:44.474+0000] {manager.py:878} INFO - 
================================================================================
DAG File Processing Stats

File Path                 PID    Runtime      # DAGs    # Errors  Last Runtime    Last Run
------------------------  -----  ---------  --------  ----------  --------------  -------------------
/opt/airflow/dags/etl.py                           0           1  0.11s           2026-09-18T11:53:44
================================================================================
[2026-09-18T11:54:14.798+0000] {manager.py:878} INFO - 
================================================================================
DAG File Processing Stats

File Path                 PID    Runtime      # DAGs    # Errors  Last Runtime    Last Run
------------------------  -----  ---------  --------  ----------  --------------  -------------------
/opt/airflow/dags/etl.py                           0           1  0.11s           2026-09-18T11:54:14
================================================================================
[2026-09-18T11:54:45.136+0000] {manager.py:878} INFO - 
================================================================================
DAG File Processing Stats

File Path                 PID    Runtime      # DAGs    # Errors  Last Runtime    Last Run
------------------------  -----  ---------  --------  ----------  --------------  -------------------
/opt/airflow/dags/etl.py                           0           1  0.10s           2026-09-18T11:54:45
================================================================================
[2026-09-18T11:55:15.474+0000] {manager.py:878} INFO - 
================================================================================
DAG File Processing Stats

File Path                 PID    Runtime      # DAGs    # Errors  Last Runtime    Last Run
------------------------  -----  ---------  --------  ----------  --------------  -------------------
/opt/airflow/dags/etl.py                           0           1  0.11s           2026-09-18T11:55:15
================================================================================
[2026-09-18T11:55:45.825+0000] {manager.py:878} INFO - 
================================================================================
DAG File Processing Stats

File Path                 PID    Runtime      # DAGs    # Errors  Last Runtime    Last Run
------------------------  -----  ---------  --------  ----------  --------------  -------------------
/opt/airflow/dags/etl.py                           0           1  0.10s           2026-09-18T11:55:45
================================================================================
[2026-09-18T11:56:16.120+0000] {manager.py:878} INFO - 
================================================================================
DAG File Processing Stats

File Path                 PID    Runtime      # DAGs    # Errors  Last Runtime    Last Run
------------------------  -----  ---------  --------  ----------  --------------  -------------------
/opt/airflow/dags/etl.py                           0           1  0.10s           2026-09-18T11:56:16
================================================================================
[2026-09-18T11:56:33.498+0000] {manager.py:737} INFO - Searching for files in /opt/airflow/dags
[2026-09-18T11:56:33.499+0000] {manager.py:740} INFO - There are 1 files in /opt/airflow/dags
[2026-09-18T11:56:46.483+0000] {manager.py:878} INFO - 
================================================================================
DAG File Processing Stats

File Path                 PID    Runtime      # DAGs    # Errors  Last Runtime    Last Run
------------------------  -----  ---------  --------  ----------  --------------  -------------------
/opt/airflow/dags/etl.py                           0           1  0.10s           2026-09-18T11:56:46
================================================================================
[2026-09-18T11:57:16.826+0000] {manager.py:878} INFO - 
================================================================================
DAG File Processing Stats

File Path                 PID    Runtime      # DAGs    # Errors  Last Runtime    Last Run
------------------------  -----  ---------  --------  ----------  --------------  -------------------
/opt/airflow/dags/etl.py                           0           1  0.10s           2026-09-18T11:57:16
================================================================================
[2026-09-18T11:57:47.120+0000] {manager.py:878} INFO - 
================================================================================
DAG File Processing Stats

File Path                 PID    Runtime      # DAGs    # Errors  Last Runtime    Last Run
------------------------  -----  ---------  --------  ----------  --------------  -------------------
/opt/airflow/dags/etl.py                           0           1  0.11s           2026-09-18T11:57:47
================================================================================
[2026-09-18T11:58:17.393+0000] {manager.py:878} INFO - 
================================================================================
DAG File Processing Stats

File Path                 PID    Runtime      # DAGs    # Errors  Last Runtime    Last Run
------------------------  -----  ---------  --------  ----------  --------------  -------------------
/opt/airflow/dags/etl.py                           0           1  0.11s           2026-09-18T11:58:17
================================================================================
[2026-09-18T11:58:47.597+0000] {manager.py:878} INFO - 
================================================================================
DAG File Processing Stats

File Path                 PID    Runtime      # DAGs    # Errors  Last Runtime    Last Run
------------------------  -----  ---------  --------  ----------  --------------  -------------------
/opt/airflow/dags/etl.py                           0           1  0.10s           2026-09-18T11:58:47
================================================================================
[2026-09-18T11:59:17.812+0000] {manager.py:878} INFO - 
================================================================================
DAG File Processing Stats

File Path                 PID    Runtime      # DAGs    # Errors  Last Runtime    Last Run
------------------------  -----  ---------  --------  ----------  --------------  -------------------
/opt/airflow/dags/etl.py                           0           1  0.11s           2026-09-18T11:59:17
================================================================================
[2026-09-18T11:59:48.012+0000] {manager.py:878} INFO - 
================================================================================
DAG File Processing Stats

File Path                 PID    Runtime      # DAGs    # Errors  Last Runtime    Last Run
------------------------  -----  ---------  --------  ----------  --------------  -------------------
/opt/airflow/dags/etl.py                           0           1  0.11s           2026-09-18T11:59:48
================================================================================
[2026-09-18T12:00:18.222+0000] {manager.py:878} INFO - 
================================================================================
DAG File Processing Stats

File Path                 PID    Runtime      # DAGs    # Errors  Last Runtime    Last Run
------------------------  -----  ---------  --------  ----------  --------------  -------------------
/opt/airflow/dags/etl.py                           0           1  0.10s           2026-09-18T12:00:18
================================================================================
[2026-09-18T12:00:48.428+0000] {manager.py:878} INFO - 
================================================================================
DAG File Processing Stats

File Path                 PID    Runtime      # DAGs    # Errors  Last Runtime    Last Run
------------------------  -----  ---------  --------  ----------  --------------  -------------------
/opt/airflow/dags/etl.py                           0           1  0.10s           2026-09-18T12:00:48
================================================================================
[2026-09-18T12:01:18.647+0000] {manager.py:878} INFO - 
================================================================================
DAG File Processing Stats

File Path                 PID    Runtime      # DAGs    # Errors  Last Runtime    Last Run
------------------------  -----  ---------  --------  ----------  --------------  -------------------
/opt/airflow/dags/etl.py                           0           1  0.10s           2026-09-18T12:01:18
================================================================================
[2026-09-18T12:01:33.528+0000] {manager.py:737} INFO - Searching for files in /opt/airflow/dags
[2026-09-18T12:01:33.530+0000] {manager.py:740} INFO - There are 1 files in /opt/airflow/dags
[2026-09-18T12:01:48.866+0000] {manager.py:878} INFO - 
================================================================================
DAG File Processing Stats

File Path                 PID    Runtime      # DAGs    # Errors  Last Runtime    Last Run
------------------------  -----  ---------  --------  ----------  --------------  -------------------
/opt/airflow/dags/etl.py                           0           1  0.11s           2026-09-18T12:01:48
================================================================================
[2026-09-18T12:02:19.062+0000] {manager.py:878} INFO - 
================================================================================
DAG File Processing Stats

File Path                 PID    Runtime      # DAGs    # Errors  Last Runtime    Last Run
------------------------  -----  ---------  --------  ----------  --------------  -------------------
/opt/airflow/dags/etl.py                           0           1  0.10s           2026-09-18T12:02:19
================================================================================
[2026-09-18T12:02:49.290+0000] {manager.py:878} INFO - 
================================================================================
DAG File Processing Stats

File Path                 PID    Runtime      # DAGs    # Errors  Last Runtime    Last Run
------------------------  -----  ---------  --------  ----------  --------------  -------------------
/opt/airflow/dags/etl.py                           0           1  0.11s           2026-09-18T12:02:49
================================================================================
[2026-09-18T12:03:19.498+0000] {manager.py:878} INFO - 
================================================================================
DAG File Processing Stats

File Path                 PID    Runtime      # DAGs    # Errors  Last Runtime    Last Run
------------------------  -----  ---------  --------  ----------  --------------  -------------------
/opt/airflow/dags/etl.py                           0           1  0.10s           2026-09-18T12:03:19
================================================================================
[2026-09-18T12:03:49.697+0000] {manager.py:878} INFO - 
================================================================================
DAG File Processing Stats

File Path                 PID    Runtime      # DAGs    # Errors  Last Runtime    Last Run
------------------------  -----  ---------  --------  ----------  --------------  -------------------
/opt/airflow/dags/etl.py                           0           1  0.11s           2026-09-18T12:03:49
================================================================================
[2026-09-18T12:04:19.899+0000] {manager.py:878} INFO - 
================================================================================
DAG File Processing Stats

File Path                 PID    Runtime      # DAGs    # Errors  Last Runtime    Last Run
------------------------  -----  ---------  --------  ----------  --------------  -------------------
/opt/airflow/dags/etl.py                           0           1  0.10s           2026-09-18T12:04:19
================================================================================
[2026-09-18T12:04:50.097+0000] {manager.py:878} INFO - 
================================================================================
DAG File Processing Stats

File Path                 PID    Runtime      # DAGs    # Errors  Last Runtime    Last Run
------------------------  -----  ---------  --------  ----------  --------------  -------------------
/opt/airflow/dags/etl.py                           0           1  0.11s           2026-09-18T12:04:50
================================================================================
[2026-09-18T12:05:20.328+0000] {manager.py:878} INFO - 
================================================================================
DAG File Processing Stats

File Path                 PID    Runtime      # DAGs    # Errors  Last Runtime    Last Run
------------------------  -----  ---------  --------  ----------  --------------  -------------------
/opt/airflow/dags/etl.py                           0           1  0.11s           2026-09-18T12:05:20
================================================================================
[2026-09-18T12:05:50.550+0000] {manager.py:878} INFO - 
================================================================================
DAG File Processing Stats

File Path                 PID    Runtime      # DAGs    # Errors  Last Runtime    Last Run
------------------------  -----  ---------  --------  ----------  --------------  -------------------
/opt/airflow/dags/etl.py                           0           1  0.10s           2026-09-18T12:05:50
================================================================================
[2026-09-18T12:06:20.754+0000] {manager.py:878} INFO - 
================================================================================
DAG File Processing Stats

File Path                 PID    Runtime      # DAGs    # Errors  Last Runtime    Last Run
------------------------  -----  ---------  --------  ----------  --------------  -------------------
/opt/airflow/dags/etl.py                           0           1  0.10s           2026-09-18T12:06:20
================================================================================
[2026-09-18T12:06:33.567+0000] {manager.py:737} INFO - Searching for files in /opt/airflow/dags
[2026-09-18T12:06:33.568+0000] {manager.py:740} INFO - There are 1 files in /opt/airflow/dags
[2026-09-18T12:06:50.982+0000] {manager.py:878} INFO - 
================================================================================
DAG File Processing Stats

File Path                 PID    Runtime      # DAGs    # Errors  Last Runtime    Last Run
------------------------  -----  ---------  --------  ----------  --------------  -------------------
/opt/airflow/dags/etl.py                           0           1  0.11s           2026-09-18T12:06:50
================================================================================
[2026-09-18T12:07:21.211+0000] {manager.py:878} INFO - 
================================================================================
DAG File Processing Stats

File Path                 PID    Runtime      # DAGs    # Errors  Last Runtime    Last Run
------------------------  -----  ---------  --------  ----------  --------------  -------------------
/opt/airflow/dags/etl.py                           0           1  0.11s           2026-09-18T12:07:21
================================================================================
[2026-09-18T12:07:51.401+0000] {manager.py:878} INFO - 
================================================================================
DAG File Processing Stats

File Path                 PID    Runtime      # DAGs    # Errors  Last Runtime    Last Run
------------------------  -----  ---------  --------  ----------  --------------  -------------------
/opt/airflow/dags/etl.py                           0           1  0.11s           2026-09-18T12:07:51
================================================================================
[2026-09-18T12:08:21.508+0000] {manager.py:878} INFO - 
================================================================================
DAG File Processing Stats

File Path                 PID    Runtime      # DAGs    # Errors  Last Runtime    Last Run
------------------------  -----  ---------  --------  ----------  --------------  -------------------
/opt/airflow/dags/etl.py                           0           1  0.10s           2026-09-18T12:08:21
================================================================================
[2026-09-18T12:08:51.698+0000] {manager.py:878} INFO - 
================================================================================
DAG File Processing Stats

File Path                 PID    Runtime      # DAGs    # Errors  Last Runtime    Last Run
------------------------  -----  ---------  --------  ----------  --------------  -------------------
/opt/airflow/dags/etl.py                           0           1  0.10s           2026-09-18T12:08:51
================================================================================
[2026-09-18T12:09:21.869+0000] {manager.py:878} INFO - 
================================================================================
DAG File Processing Stats

File Path                 PID    Runtime      # DAGs    # Errors  Last Runtime    Last Run
------------------------  -----  ---------  --------  ----------  --------------  -------------------
/opt/airflow/dags/etl.py                           0           1  0.10s           2026-09-18T12:09:21
================================================================================
[2026-09-18T12:09:52.092+0000] {manager.py:878} INFO - 
================================================================================
DAG File Processing Stats

File Path                 PID    Runtime      # DAGs    # Errors  Last Runtime    Last Run
------------------------  -----  ---------  --------  ----------  --------------  -------------------
/opt/airflow/dags/etl.py                           0           1  0.11s           2026-09-18T12:09:52
================================================================================
[2026-09-18T12:10:22.312+0000] {manager.py:878} INFO - 
================================================================================
DAG File Processing Stats

File Path                 PID    Runtime      # DAGs    # Errors  Last Runtime    Last Run
------------------------  -----  ---------  --------  ----------  --------------  -------------------
/opt/airflow/dags/etl.py                           0           1  0.11s           2026-09-18T12:10:22
================================================================================
[2026-09-18T12:10:52.541+0000] {manager.py:878} INFO - 
================================================================================
DAG File Processing Stats

File Path                 PID    Runtime      # DAGs    # Errors  Last Runtime    Last Run
------------------------  -----  ---------  --------  ----------  --------------  -------------------
/opt/airflow/dags/etl.py                           0           1  0.11s           2026-09-18T12:10:52
================================================================================
[2026-09-18T12:11:22.715+0000] {manager.py:878} INFO - 
================================================================================
DAG File Processing Stats

File Path                 PID    Runtime      # DAGs    # Errors  Last Runtime    Last Run
------------------------  -----  ---------  --------  ----------  --------------  -------------------
/opt/airflow/dags/etl.py                           0           1  0.11s           2026-09-18T12:11:22
================================================================================
[2026-09-18T12:11:33.599+0000] {manager.py:737} INFO - Searching for files in /opt/airflow/dags
[2026-09-18T12:11:33.601+0000] {manager.py:740} INFO - There are 1 files in /opt/airflow/dags
[2026-09-18T12:11:52.901+0000] {manager.py:878} INFO - 
================================================================================
DAG File Processing Stats

File Path                 PID    Runtime      # DAGs    # Errors  Last Runtime    Last Run
------------------------  -----  ---------  --------  ----------  --------------  -------------------
/opt/airflow/dags/etl.py                           0           1  0.11s           2026-09-18T12:11:52
================================================================================
[2026-09-18T12:12:23.078+0000] {manager.py:878} INFO - 
================================================================================
DAG File Processing Stats

File Path                 PID    Runtime      # DAGs    # Errors  Last Runtime    Last Run
------------------------  -----  ---------  --------  ----------  --------------  -------------------
/opt/airflow/dags/etl.py                           0           1  0.11s           2026-09-18T12:12:23
================================================================================
[2026-09-18T12:12:53.267+0000] {manager.py:878} INFO - 
================================================================================
DAG File Processing Stats

File Path                 PID    Runtime      # DAGs    # Errors  Last Runtime    Last Run
------------------------  -----  ---------  --------  ----------  --------------  -------------------
/opt/airflow/dags/etl.py                           0           1  0.11s           2026-09-18T12:12:53
================================================================================
[2026-09-18T12:13:23.439+0000] {manager.py:878} INFO - 
================================================================================
DAG File Processing Stats

File Path                 PID    Runtime      # DAGs    # Errors  Last Runtime    Last Run
------------------------  -----  ---------  --------  ----------  --------------  -------------------
/opt/airflow/dags/etl.py                           0           1  0.11s           2026-09-18T12:13:23
================================================================================
[2026-09-18T12:13:53.601+0000] {manager.py:878} INFO - 
================================================================================
DAG File Processing Stats

File Path                 PID    Runtime      # DAGs    # Errors  Last Runtime    Last Run
------------------------  -----  ---------  --------  ----------  --------------  -------------------
/opt/airflow/dags/etl.py                           0           1  0.11s           2026-09-18T12:13:53
================================================================================
[2026-09-18T12:14:23.767+0000] {manager.py:878} INFO - 
================================================================================
DAG File Processing Stats

File Path                 PID    Runtime      # DAGs    # Errors  Last Runtime    Last Run
------------------------  -----  ---------  --------  ----------  --------------  -------------------
/opt/airflow/dags/etl.py                           0           1  0.10s           2026-09-18T12:14:23
================================================================================
[2026-09-18T12:14:53.941+0000] {manager.py:878} INFO - 
================================================================================
DAG File Processing Stats

File Path                 PID    Runtime      # DAGs    # Errors  Last Runtime    Last Run
------------------------  -----  ---------  --------  ----------  --------------  -------------------
/opt/airflow/dags/etl.py                           0           1  0.11s           2026-09-18T12:14:53
================================================================================
[2026-09-18T12:15:24.122+0000] {manager.py:878} INFO - 
================================================================================
DAG File Processing Stats

File Path                 PID    Runtime      # DAGs    # Errors  Last Runtime    Last Run
------------------------  -----  ---------  --------  ----------  --------------  -------------------
/opt/airflow/dags/etl.py                           0           1  0.11s           2026-09-18T12:15:24
================================================================================
[2026-09-18T12:15:54.312+0000] {manager.py:878} INFO - 
================================================================================
DAG File Processing Stats

File Path                 PID    Runtime      # DAGs    # Errors  Last Runtime    Last Run
------------------------  -----  ---------  --------  ----------  --------------  -------------------
/opt/airflow/dags/etl.py                           0           1  0.11s           2026-09-18T12:15:54
================================================================================
[2026-09-18T12:16:24.491+0000] {manager.py:878} INFO - 
================================================================================
DAG File Processing Stats

File Path                 PID    Runtime      # DAGs    # Errors  Last Runtime    Last Run
------------------------  -----  ---------  --------  ----------  --------------  -------------------
/opt/airflow/dags/etl.py                           0           1  0.10s           2026-09-18T12:16:24
================================================================================
[2026-09-18T12:16:33.649+0000] {manager.py:737} INFO - Searching for files in /opt/airflow/dags
[2026-09-18T12:16:33.651+0000] {manager.py:740} INFO - There are 1 files in /opt/airflow/dags
[2026-09-18T12:16:54.658+0000] {manager.py:878} INFO - 
================================================================================
DAG File Processing Stats

File Path                 PID    Runtime      # DAGs    # Errors  Last Runtime    Last Run
------------------------  -----  ---------  --------  ----------  --------------  -------------------
/opt/airflow/dags/etl.py                           0           1  0.11s           2026-09-18T12:16:54
================================================================================
[2026-09-18T12:17:24.841+0000] {manager.py:878} INFO - 
================================================================================
DAG File Processing Stats

File Path                 PID    Runtime      # DAGs    # Errors  Last Runtime    Last Run
------------------------  -----  ---------  --------  ----------  --------------  -------------------
/opt/airflow/dags/etl.py                           0           1  0.11s           2026-09-18T12:17:24
================================================================================
[2026-09-18T12:17:55.011+0000] {manager.py:878} INFO - 
================================================================================
DAG File Processing Stats

File Path                 PID    Runtime      # DAGs    # Errors  Last Runtime    Last Run
------------------------  -----  ---------  --------  ----------  --------------  -------------------
/opt/airflow/dags/etl.py                           0           1  0.11s           2026-09-18T12:17:55
================================================================================
[2026-09-18T12:18:25.214+0000] {manager.py:878} INFO - 
================================================================================
DAG File Processing Stats

File Path                 PID    Runtime      # DAGs    # Errors  Last Runtime    Last Run
------------------------  -----  ---------  --------  ----------  --------------  -------------------
/opt/airflow/dags/etl.py                           0           1  0.11s           2026-09-18T12:18:25
================================================================================
[2026-09-18T12:18:55.393+0000] {manager.py:878} INFO - 
================================================================================
DAG File Processing Stats

File Path                 PID    Runtime      # DAGs    # Errors  Last Runtime    Last Run
------------------------  -----  ---------  --------  ----------  --------------  -------------------
/opt/airflow/dags/etl.py                           0           1  0.10s           2026-09-18T12:18:55
================================================================================
[2026-09-18T12:19:25.577+0000] {manager.py:878} INFO - 
================================================================================
DAG File Processing Stats

File Path                 PID    Runtime      # DAGs    # Errors  Last Runtime    Last Run
------------------------  -----  ---------  --------  ----------  --------------  -------------------
/opt/airflow/dags/etl.py                           0           1  0.11s           2026-09-18T12:19:25
================================================================================
[2026-09-18T12:19:55.741+0000] {manager.py:878} INFO - 
================================================================================
DAG File Processing Stats

File Path                 PID    Runtime      # DAGs    # Errors  Last Runtime    Last Run
------------------------  -----  ---------  --------  ----------  --------------  -------------------
/opt/airflow/dags/etl.py                           0           1  0.11s           2026-09-18T12:19:55
================================================================================
[2026-09-18T12:20:25.922+0000] {manager.py:878} INFO - 
================================================================================
DAG File Processing Stats

File Path                 PID    Runtime      # DAGs    # Errors  Last Runtime    Last Run
------------------------  -----  ---------  --------  ----------  --------------  -------------------
/opt/airflow/dags/etl.py                           0           1  0.11s           2026-09-18T12:20:25
================================================================================
[2026-09-18T12:20:56.099+0000] {manager.py:878} INFO - 
================================================================================
DAG File Processing Stats

File Path                 PID    Runtime      # DAGs    # Errors  Last Runtime    Last Run
------------------------  -----  ---------  --------  ----------  --------------  -------------------
/opt/airflow/dags/etl.py                           0           1  0.11s           2026-09-18T12:20:56
================================================================================
[2026-09-18T12:21:26.273+0000] {manager.py:878} INFO - 
================================================================================
DAG File Processing Stats

File Path                 PID    Runtime      # DAGs    # Errors  Last Runtime    Last Run
------------------------  -----  ---------  --------  ----------  --------------  -------------------
/opt/airflow/dags/etl.py                           0           1  0.11s           2026-09-18T12:21:26
================================================================================
[2026-09-18T12:21:33.697+0000] {manager.py:737} INFO - Searching for files in /opt/airflow/dags
[2026-09-18T12:21:33.699+0000] {manager.py:740} INFO - There are 1 files in /opt/airflow/dags
[2026-09-18T12:21:56.438+0000] {manager.py:878} INFO - 
================================================================================
DAG File Processing Stats

File Path                 PID    Runtime      # DAGs    # Errors  Last Runtime    Last Run
------------------------  -----  ---------  --------  ----------  --------------  -------------------
/opt/airflow/dags/etl.py                           0           1  0.11s           2026-09-18T12:21:56
================================================================================
[2026-09-18T12:22:26.612+0000] {manager.py:878} INFO - 
================================================================================
DAG File Processing Stats

File Path                 PID    Runtime      # DAGs    # Errors  Last Runtime    Last Run
------------------------  -----  ---------  --------  ----------  --------------  -------------------
/opt/airflow/dags/etl.py                           0           1  0.10s           2026-09-18T12:22:26
================================================================================
[2026-09-18T12:22:56.798+0000] {manager.py:878} INFO - 
================================================================================
DAG File Processing Stats

File Path                 PID    Runtime      # DAGs    # Errors  Last Runtime    Last Run
------------------------  -----  ---------  --------  ----------  --------------  -------------------
/opt/airflow/dags/etl.py                           0           1  0.11s           2026-09-18T12:22:56
================================================================================
[2026-09-18T12:23:26.964+0000] {manager.py:878} INFO - 
================================================================================
DAG File Processing Stats

File Path                 PID    Runtime      # DAGs    # Errors  Last Runtime    Last Run
------------------------  -----  ---------  --------  ----------  --------------  -------------------
/opt/airflow/dags/etl.py                           0           1  0.11s           2026-09-18T12:23:26
================================================================================
[2026-09-18T12:23:57.131+0000] {manager.py:878} INFO - 
================================================================================
DAG File Processing Stats

File Path                 PID    Runtime      # DAGs    # Errors  Last Runtime    Last Run
------------------------  -----  ---------  --------  ----------  --------------  -------------------
/opt/airflow/dags/etl.py                           0           1  0.11s           2026-09-18T12:23:57
================================================================================
[2026-09-18T12:24:27.300+0000] {manager.py:878} INFO - 
================================================================================
DAG File Processing Stats

File Path                 PID    Runtime      # DAGs    # Errors  Last Runtime    Last Run
------------------------  -----  ---------  --------  ----------  --------------  -------------------
/opt/airflow/dags/etl.py                           0           1  0.11s           2026-09-18T12:24:27
================================================================================
[2026-09-18T12:24:56.668+0000] {manager.py:470} INFO - Processing files using up to 1 processes at a time 
[2026-09-18T12:24:56.668+0000] {manager.py:471} INFO - Process each file at most once every 30 seconds
[2026-09-18T12:24:56.668+0000] {manager.py:472} INFO - Checking for new files in /opt/airflow/dags every 300 seconds
[2026-09-18T12:24:56.669+0000] {manager.py:737} INFO - Searching for files in /opt/airflow/dags
[2026-09-18T12:24:56.669+0000] {manager.py:740} INFO - There are 1 files in /opt/airflow/dags
[2026-09-18T12:24:56.832+0000] {manager.py:878} INFO - 
================================================================================
DAG File Processing Stats

File Path                 PID    Runtime      # DAGs    # Errors  Last Runtime    Last Run
------------------------  -----  ---------  --------  ----------  --------------  -------------------
/opt/airflow/dags/etl.py                           0           1  0.11s           2026-09-18T12:24:56
================================================================================
[2026-09-18T12:25:26.967+0000] {manager.py:878} INFO - 
================================================================================
DAG File Processing Stats

File Path                 PID    Runtime      # DAGs    # Errors  Last Runtime    Last Run
------------------------  -----  ---------  --------  ----------  --------------  -------------------
/opt/airflow/dags/etl.py                           0           1  0.11s           2026-09-18T12:25:26
================================================================================
[2026-09-18T12:25:57.351+0000] {manager.py:878} INFO - 
================================================================================
DAG File Processing Stats

File Path                 PID    Runtime      # DAGs    # Errors  Last Runtime    Last Run
------------------------  -----  ---------  --------  ----------  --------------  -------------------
/opt/airflow/dags/etl.py                           0           1  0.10s           2026-09-18T12:25:57
================================================================================
[2026-09-18T12:26:27.654+0000] {manager.py:878} INFO - 
================================================================================
DAG File Processing Stats

File Path                 PID    Runtime      # DAGs    # Errors  Last Runtime    Last Run
------------------------  -----  ---------  --------  ----------  --------------  -------------------
/opt/airflow/dags/etl.py                           0           1  0.11s           2026-09-18T12:26:27
================================================================================
[2026-09-18T12:26:58.046+0000] {manager.py:878} INFO - 
================================================================================
DAG File Processing Stats

File Path                 PID    Runtime      # DAGs    # Errors  Last Runtime    Last Run
------------------------  -----  ---------  --------  ----------  --------------  -------------------
/opt/airflow/dags/etl.py                           0           1  0.11s           2026-09-18T12:26:58
================================================================================
[2026-09-18T12:27:28.265+0000] {manager.py:878} INFO - 
================================================================================
DAG File Processing Stats

File Path                 PID    Runtime      # DAGs    # Errors  Last Runtime    Last Run
------------------------  -----  ---------  --------  ----------  --------------  -------------------
/opt/airflow/dags/etl.py                           0           1  0.11s           2026-09-18T12:27:28
================================================================================
[2026-09-18T12:27:58.619+0000] {manager.py:878} INFO - 
================================================================================
DAG File Processing Stats

File Path                 PID    Runtime      # DAGs    # Errors  Last Runtime    Last Run
------------------------  -----  ---------  --------  ----------  --------------  -------------------
/opt/airflow/dags/etl.py                           0           1  0.10s           2026-09-18T12:27:58
================================================================================
[2026-09-18T12:28:28.909+0000] {manager.py:878} INFO - 
================================================================================
DAG File Processing Stats

File Path                 PID    Runtime      # DAGs    # Errors  Last Runtime    Last Run
------------------------  -----  ---------  --------  ----------  --------------  -------------------
/opt/airflow/dags/etl.py                           0           1  0.11s           2026-09-18T12:28:28
================================================================================
[2026-09-18T12:28:59.264+0000] {manager.py:878} INFO - 
================================================================================
DAG File Processing Stats

File Path                 PID    Runtime      # DAGs    # Errors  Last Runtime    Last Run
------------------------  -----  ---------  --------  ----------  --------------  -------------------
/opt/airflow/dags/etl.py                           0           1  0.10s           2026-09-18T12:28:59
================================================================================
[2026-09-18T12:29:29.565+0000] {manager.py:878} INFO - 
================================================================================
DAG File Processing Stats

File Path                 PID    Runtime      # DAGs    # Errors  Last Runtime    Last Run
------------------------  -----  ---------  --------  ----------  --------------  -------------------
/opt/airflow/dags/etl.py                           0           1  0.10s           2026-09-18T12:29:29
================================================================================
[2026-09-18T12:29:56.673+0000] {manager.py:737} INFO - Searching for files in /opt/airflow/dags
[2026-09-18T12:29:56.675+0000] {manager.py:740} INFO - There are 1 files in /opt/airflow/dags
[2026-09-18T12:29:59.775+0000] {manager.py:878} INFO - 
================================================================================
DAG File Processing Stats

File Path                 PID    Runtime      # DAGs    # Errors  Last Runtime    Last Run
------------------------  -----  ---------  --------  ----------  --------------  -------------------
/opt/airflow/dags/etl.py                           0           1  0.11s           2026-09-18T12:29:59
================================================================================
[2026-09-18T12:30:30.115+0000] {manager.py:878} INFO - 
================================================================================
DAG File Processing Stats

File Path                 PID    Runtime      # DAGs    # Errors  Last Runtime    Last Run
------------------------  -----  ---------  --------  ----------  --------------  -------------------
/opt/airflow/dags/etl.py                           0           1  0.10s           2026-09-18T12:30:30
================================================================================
[2026-09-18T12:31:00.447+0000] {manager.py:878} INFO - 
================================================================================
DAG File Processing Stats

File Path                 PID    Runtime      # DAGs    # Errors  Last Runtime    Last Run
------------------------  -----  ---------  --------  ----------  --------------  -------------------
/opt/airflow/dags/etl.py                           0           1  0.11s           2026-09-18T12:31:00
================================================================================
[2026-09-18T12:31:30.658+0000] {manager.py:878} INFO - 
================================================================================
DAG File Processing Stats

File Path                 PID    Runtime      # DAGs    # Errors  Last Runtime    Last Run
------------------------  -----  ---------  --------  ----------  --------------  -------------------
/opt/airflow/dags/etl.py                           1           0  0.20s           2026-09-18T12:31:01
================================================================================
[2026-09-18T12:32:06.087+0000] {manager.py:878} INFO - 
================================================================================
DAG File Processing Stats

File Path                 PID    Runtime      # DAGs    # Errors  Last Runtime    Last Run
------------------------  -----  ---------  --------  ----------  --------------  -------------------
/opt/airflow/dags/etl.py                           1           0  0.20s           2026-09-18T12:32:06
================================================================================
[2026-09-18T12:32:39.373+0000] {manager.py:878} INFO - 
================================================================================
DAG File Processing Stats

File Path                 PID    Runtime      # DAGs    # Errors  Last Runtime    Last Run
------------------------  -----  ---------  --------  ----------  --------------  -------------------
/opt/airflow/dags/etl.py                           1           0  0.20s           2026-09-18T12:32:39
================================================================================
[2026-09-18T12:33:09.902+0000] {manager.py:878} INFO - 
================================================================================
DAG File Processing Stats

File Path                 PID    Runtime      # DAGs    # Errors  Last Runtime    Last Run
------------------------  -----  ---------  --------  ----------  --------------  -------------------
/opt/airflow/dags/etl.py                           1           0  0.20s           2026-09-18T12:33:09
================================================================================
[2026-09-18T12:33:40.922+0000] {manager.py:878} INFO - 
================================================================================
DAG File Processing Stats

File Path                 PID    Runtime      # DAGs    # Errors  Last Runtime    Last Run
------------------------  -----  ---------  --------  ----------  --------------  -------------------
/opt/airflow/dags/etl.py                           1           0  0.21s           2026-09-18T12:33:40
================================================================================
[2026-09-18T12:34:13.630+0000] {manager.py:878} INFO - 
================================================================================
DAG File Processing Stats

File Path                 PID    Runtime      # DAGs    # Errors  Last Runtime    Last Run
------------------------  -----  ---------  --------  ----------  --------------  -------------------
/opt/airflow/dags/etl.py                           1           0  0.20s           2026-09-18T12:34:13
================================================================================
[2026-09-18T12:34:43.943+0000] {manager.py:878} INFO - 
================================================================================
DAG File Processing Stats

File Path                 PID    Runtime      # DAGs    # Errors  Last Runtime    Last Run
------------------------  -----  ---------  --------  ----------  --------------  -------------------
/opt/airflow/dags/etl.py                           1           0  0.21s           2026-09-18T12:34:43
================================================================================
[2026-09-18T12:34:56.712+0000] {manager.py:737} INFO - Searching for files in /opt/airflow/dags
[2026-09-18T12:34:56.714+0000] {manager.py:740} INFO - There are 1 files in /opt/airflow/dags
[2026-09-18T12:35:14.376+0000] {manager.py:878} INFO - 
================================================================================
DAG File Processing Stats

File Path                 PID    Runtime      # DAGs    # Errors  Last Runtime    Last Run
------------------------  -----  ---------  --------  ----------  --------------  -------------------
/opt/airflow/dags/etl.py                           1           0  0.21s           2026-09-18T12:35:14
================================================================================
[2026-09-18T12:35:44.805+0000] {manager.py:878} INFO - 
================================================================================
DAG File Processing Stats

File Path                 PID    Runtime      # DAGs    # Errors  Last Runtime    Last Run
------------------------  -----  ---------  --------  ----------  --------------  -------------------
/opt/airflow/dags/etl.py                           1           0  0.20s           2026-09-18T12:35:44
================================================================================
[2026-09-18T12:36:15.139+0000] {manager.py:878} INFO - 
================================================================================
DAG File Processing Stats

File Path                 PID    Runtime      # DAGs    # Errors  Last Runtime    Last Run
------------------------  -----  ---------  --------  ----------  --------------  -------------------
/opt/airflow/dags/etl.py                           1           0  0.11s           2026-09-18T12:36:15
================================================================================
[2026-09-18T12:36:45.464+0000] {manager.py:878} INFO - 
================================================================================
DAG File Processing Stats

File Path                 PID    Runtime      # DAGs    # Errors  Last Runtime    Last Run
------------------------  -----  ---------  --------  ----------  --------------  -------------------
/opt/airflow/dags/etl.py                           1           0  0.10s           2026-09-18T12:36:45
================================================================================
[2026-09-18T12:37:15.755+0000] {manager.py:878} INFO - 
================================================================================
DAG File Processing Stats

File Path                 PID    Runtime      # DAGs    # Errors  Last Runtime    Last Run
------------------------  -----  ---------  --------  ----------  --------------  -------------------
/opt/airflow/dags/etl.py                           1           0  0.11s           2026-09-18T12:37:15
================================================================================
[2026-09-18T12:37:46.113+0000] {manager.py:878} INFO - 
================================================================================
DAG File Processing Stats

File Path                 PID    Runtime      # DAGs    # Errors  Last Runtime    Last Run
------------------------  -----  ---------  --------  ----------  --------------  -------------------
/opt/airflow/dags/etl.py                           1           0  0.11s           2026-09-18T12:37:46
================================================================================
[2026-09-18T12:38:16.430+0000] {manager.py:878} INFO - 
================================================================================
DAG File Processing Stats

File Path                 PID    Runtime      # DAGs    # Errors  Last Runtime    Last Run
------------------------  -----  ---------  --------  ----------  --------------  -------------------
/opt/airflow/dags/etl.py                           1           0  0.10s           2026-09-18T12:38:16
================================================================================
[2026-09-18T12:38:46.638+0000] {manager.py:878} INFO - 
================================================================================
DAG File Processing Stats

File Path                 PID    Runtime      # DAGs    # Errors  Last Runtime    Last Run
------------------------  -----  ---------  --------  ----------  --------------  -------------------
/opt/airflow/dags/etl.py                           1           0  0.11s           2026-09-18T12:38:20
================================================================================
[2026-09-18T12:39:16.901+0000] {manager.py:878} INFO - 
================================================================================
DAG File Processing Stats

File Path                 PID    Runtime      # DAGs    # Errors  Last Runtime    Last Run
------------------------  -----  ---------  --------  ----------  --------------  -------------------
/opt/airflow/dags/etl.py                           1           0  0.11s           2026-09-18T12:38:51
================================================================================
[2026-09-18T12:39:47.159+0000] {manager.py:878} INFO - 
================================================================================
DAG File Processing Stats

File Path                 PID    Runtime      # DAGs    # Errors  Last Runtime    Last Run
------------------------  -----  ---------  --------  ----------  --------------  -------------------
/opt/airflow/dags/etl.py                           1           0  0.11s           2026-09-18T12:39:21
================================================================================
[2026-09-18T12:39:56.752+0000] {manager.py:737} INFO - Searching for files in /opt/airflow/dags
[2026-09-18T12:39:56.755+0000] {manager.py:740} INFO - There are 1 files in /opt/airflow/dags
[2026-09-18T12:40:17.461+0000] {manager.py:878} INFO - 
================================================================================
DAG File Processing Stats

File Path                 PID    Runtime      # DAGs    # Errors  Last Runtime    Last Run
------------------------  -----  ---------  --------  ----------  --------------  -------------------
/opt/airflow/dags/etl.py                           1           0  0.11s           2026-09-18T12:39:51
================================================================================
[2026-09-18T12:40:47.679+0000] {manager.py:878} INFO - 
================================================================================
DAG File Processing Stats

File Path                 PID    Runtime      # DAGs    # Errors  Last Runtime    Last Run
------------------------  -----  ---------  --------  ----------  --------------  -------------------
/opt/airflow/dags/etl.py                           1           0  0.11s           2026-09-18T12:40:28
================================================================================
[2026-09-18T12:41:17.859+0000] {manager.py:878} INFO - 
================================================================================
DAG File Processing Stats

File Path                 PID    Runtime      # DAGs    # Errors  Last Runtime    Last Run
------------------------  -----  ---------  --------  ----------  --------------  -------------------
/opt/airflow/dags/etl.py                           1           0  0.10s           2026-09-18T12:40:58
================================================================================
[2026-09-18T12:41:48.119+0000] {manager.py:878} INFO - 
================================================================================
DAG File Processing Stats

File Path                 PID    Runtime      # DAGs    # Errors  Last Runtime    Last Run
------------------------  -----  ---------  --------  ----------  --------------  -------------------
/opt/airflow/dags/etl.py                           1           0  0.10s           2026-09-18T12:41:29
================================================================================
[2026-09-18T12:42:18.387+0000] {manager.py:878} INFO - 
================================================================================
DAG File Processing Stats

File Path                 PID    Runtime      # DAGs    # Errors  Last Runtime    Last Run
------------------------  -----  ---------  --------  ----------  --------------  -------------------
/opt/airflow/dags/etl.py                           1           0  0.11s           2026-09-18T12:41:59
================================================================================
[2026-09-18T12:42:48.640+0000] {manager.py:878} INFO - 
================================================================================
DAG File Processing Stats

File Path                 PID    Runtime      # DAGs    # Errors  Last Runtime    Last Run
------------------------  -----  ---------  --------  ----------  --------------  -------------------
/opt/airflow/dags/etl.py                           1           0  0.11s           2026-09-18T12:42:29
================================================================================
[2026-09-18T12:43:18.851+0000] {manager.py:878} INFO - 
================================================================================
DAG File Processing Stats

File Path                 PID    Runtime      # DAGs    # Errors  Last Runtime    Last Run
------------------------  -----  ---------  --------  ----------  --------------  -------------------
/opt/airflow/dags/etl.py                           1           0  0.11s           2026-09-18T12:42:59
================================================================================
[2026-09-18T12:43:49.054+0000] {manager.py:878} INFO - 
================================================================================
DAG File Processing Stats

File Path                 PID    Runtime      # DAGs    # Errors  Last Runtime    Last Run
------------------------  -----  ---------  --------  ----------  --------------  -------------------
/opt/airflow/dags/etl.py                           1           0  0.11s           2026-09-18T12:43:30
================================================================================
[2026-09-18T12:44:19.242+0000] {manager.py:878} INFO - 
================================================================================
DAG File Processing Stats

File Path                 PID    Runtime      # DAGs    # Errors  Last Runtime    Last Run
------------------------  -----  ---------  --------  ----------  --------------  -------------------
/opt/airflow/dags/etl.py                           1           0  0.10s           2026-09-18T12:44:00
================================================================================
[2026-09-18T12:46:11.233+0000] {manager.py:452} INFO - Exiting gracefully upon receiving signal 15
[2026-09-18T12:46:11.388+0000] {manager.py:470} INFO - Processing files using up to 1 processes at a time 
[2026-09-18T12:46:11.388+0000] {manager.py:471} INFO - Process each file at most once every 30 seconds
[2026-09-18T12:46:11.388+0000] {manager.py:472} INFO - Checking for new files in /opt/airflow/dags every 300 seconds
[2026-09-18T12:46:11.388+0000] {manager.py:737} INFO - Searching for files in /opt/airflow/dags
[2026-09-18T12:46:11.389+0000] {manager.py:740} INFO - There are 1 files in /opt/airflow/dags
[2026-09-18T12:46:11.517+0000] {manager.py:878} INFO - 
================================================================================
DAG File Processing Stats

File Path                 PID    Runtime      # DAGs    # Errors  Last Runtime    Last Run
------------------------  -----  ---------  --------  ----------  --------------  -------------------
/opt/airflow/dags/etl.py                           1           0  0.10s           2026-09-18T12:46:11
================================================================================
[2026-09-18T12:47:30.153+0000] {manager.py:452} INFO - Exiting gracefully upon receiving signal 15
[2026-09-18T12:47:30.310+0000] {manager.py:470} INFO - Processing files using up to 1 processes at a time 
[2026-09-18T12:47:30.310+0000] {manager.py:471} INFO - Process each file at most once every 30 seconds
[2026-09-18T12:47:30.310+0000] {manager.py:472} INFO - Checking for new files in /opt/airflow/dags every 300 seconds
[2026-09-18T12:47:30.310+0000] {manager.py:737} INFO - Searching for files in /opt/airflow/dags
[2026-09-18T12:47:30.311+0000] {manager.py:740} INFO - There are 1 files in /opt/airflow/dags
[2026-09-18T12:47:30.448+0000] {manager.py:878} INFO - 
================================================================================
DAG File Processing Stats

File Path                 PID    Runtime      # DAGs    # Errors  Last Runtime    Last Run
------------------------  -----  ---------  --------  ----------  --------------  -------------------
/opt/airflow/dags/etl.py                           1           0  0.10s           2026-09-18T12:47:30
================================================================================
[2026-09-18T12:48:01.578+0000] {manager.py:878} INFO - 
================================================================================
DAG File Processing Stats

File Path                 PID    Runtime      # DAGs    # Errors  Last Runtime    Last Run
------------------------  -----  ---------  --------  ----------  --------------  -------------------
/opt/airflow/dags/etl.py                           1           0  0.11s           2026-09-18T12:48:01
================================================================================
[2026-09-18T12:48:31.839+0000] {manager.py:878} INFO - 
================================================================================
DAG File Processing Stats

File Path                 PID    Runtime      # DAGs    # Errors  Last Runtime    Last Run
------------------------  -----  ---------  --------  ----------  --------------  -------------------
/opt/airflow/dags/etl.py                           1           0  0.11s           2026-09-18T12:48:31
================================================================================
[2026-09-18T12:49:02.037+0000] {manager.py:878} INFO - 
================================================================================
DAG File Processing Stats

File Path                 PID    Runtime      # DAGs    # Errors  Last Runtime    Last Run
------------------------  -----  ---------  --------  ----------  --------------  -------------------
/opt/airflow/dags/etl.py                           1           0  0.11s           2026-09-18T12:49:02
================================================================================
[2026-09-19T13:07:50.216+0000] {manager.py:470} INFO - Processing files using up to 1 processes at a time 
[2026-09-19T13:07:50.217+0000] {manager.py:471} INFO - Process each file at most once every 30 seconds
[2026-09-19T13:07:50.218+0000] {manager.py:472} INFO - Checking for new files in /opt/airflow/dags every 300 seconds
[2026-09-19T13:07:50.218+0000] {manager.py:737} INFO - Searching for files in /opt/airflow/dags
[2026-09-19T13:07:50.219+0000] {manager.py:740} INFO - There are 1 files in /opt/airflow/dags
[2026-09-19T13:07:50.490+0000] {manager.py:878} INFO - 
================================================================================
DAG File Processing Stats

File Path                 PID    Runtime      # DAGs    # Errors  Last Runtime    Last Run
------------------------  -----  ---------  --------  ----------  --------------  -------------------
/opt/airflow/dags/etl.py                           1           0  0.20s           2026-09-19T13:07:50
================================================================================
[2026-09-19T13:08:21.630+0000] {manager.py:878} INFO - 
================================================================================
DAG File Processing Stats

File Path                 PID    Runtime      # DAGs    # Errors  Last Runtime    Last Run
------------------------  -----  ---------  --------  ----------  --------------  -------------------
/opt/airflow/dags/etl.py                           1           0  0.11s           2026-09-19T13:08:21
================================================================================
[2026-09-19T13:08:51.814+0000] {manager.py:878} INFO - 
================================================================================
DAG File Processing Stats

File Path                 PID    Runtime      # DAGs    # Errors  Last Runtime    Last Run
------------------------  -----  ---------  --------  ----------  --------------  -------------------
/opt/airflow/dags/etl.py                           1           0  0.31s           2026-09-19T13:08:48
================================================================================
[2026-09-19T13:09:17.178+0000] {manager.py:470} INFO - Processing files using up to 1 processes at a time 
[2026-09-19T13:09:17.178+0000] {manager.py:471} INFO - Process each file at most once every 30 seconds
[2026-09-19T13:09:17.178+0000] {manager.py:472} INFO - Checking for new files in /opt/airflow/dags every 300 seconds
[2026-09-19T13:09:17.179+0000] {manager.py:737} INFO - Searching for files in /opt/airflow/dags
[2026-09-19T13:09:17.180+0000] {manager.py:740} INFO - There are 1 files in /opt/airflow/dags
[2026-09-19T13:09:17.343+0000] {manager.py:878} INFO - 
================================================================================
DAG File Processing Stats

File Path                 PID    Runtime      # DAGs    # Errors  Last Runtime    Last Run
------------------------  -----  ---------  --------  ----------  --------------  -------------------
/opt/airflow/dags/etl.py                           1           0  0.11s           2026-09-19T13:09:17
================================================================================
[2026-09-19T13:09:47.628+0000] {manager.py:878} INFO - 
================================================================================
DAG File Processing Stats

File Path                 PID    Runtime      # DAGs    # Errors  Last Runtime    Last Run
------------------------  -----  ---------  --------  ----------  --------------  -------------------
/opt/airflow/dags/etl.py                           1           0  0.21s           2026-09-19T13:09:47
================================================================================
[2026-09-19T13:10:18.048+0000] {manager.py:878} INFO - 
================================================================================
DAG File Processing Stats

File Path                 PID    Runtime      # DAGs    # Errors  Last Runtime    Last Run
------------------------  -----  ---------  --------  ----------  --------------  -------------------
/opt/airflow/dags/etl.py                           1           0  0.11s           2026-09-19T13:10:18
================================================================================
[2026-09-19T13:10:49.516+0000] {manager.py:878} INFO - 
================================================================================
DAG File Processing Stats

File Path                 PID    Runtime      # DAGs    # Errors  Last Runtime    Last Run
------------------------  -----  ---------  --------  ----------  --------------  -------------------
/opt/airflow/dags/etl.py                           1           0  0.11s           2026-09-19T13:10:49
================================================================================
[2026-09-19T13:11:26.132+0000] {manager.py:878} INFO - 
================================================================================
DAG File Processing Stats

File Path                 PID    Runtime      # DAGs    # Errors  Last Runtime    Last Run
------------------------  -----  ---------  --------  ----------  --------------  -------------------
/opt/airflow/dags/etl.py                           1           0  0.11s           2026-09-19T13:11:26
================================================================================
[2026-09-19T13:12:03.119+0000] {manager.py:878} INFO - 
================================================================================
DAG File Processing Stats

File Path                 PID    Runtime      # DAGs    # Errors  Last Runtime    Last Run
------------------------  -----  ---------  --------  ----------  --------------  -------------------
/opt/airflow/dags/etl.py                           1           0  0.11s           2026-09-19T13:12:03
================================================================================
[2026-09-19T13:12:33.496+0000] {manager.py:878} INFO - 
================================================================================
DAG File Processing Stats

File Path                 PID    Runtime      # DAGs    # Errors  Last Runtime    Last Run
------------------------  -----  ---------  --------  ----------  --------------  -------------------
/opt/airflow/dags/etl.py                           1           0  0.11s           2026-09-19T13:12:33
================================================================================
[2026-09-19T13:13:03.915+0000] {manager.py:878} INFO - 
================================================================================
DAG File Processing Stats

File Path                 PID    Runtime      # DAGs    # Errors  Last Runtime    Last Run
------------------------  -----  ---------  --------  ----------  --------------  -------------------
/opt/airflow/dags/etl.py                           1           0  0.21s           2026-09-19T13:13:03
================================================================================
[2026-09-19T13:13:34.145+0000] {manager.py:878} INFO - 
================================================================================
DAG File Processing Stats

File Path                 PID    Runtime      # DAGs    # Errors  Last Runtime    Last Run
------------------------  -----  ---------  --------  ----------  --------------  -------------------
/opt/airflow/dags/etl.py                           1           0  0.11s           2026-09-19T13:13:34
================================================================================
[2026-09-19T13:14:04.569+0000] {manager.py:878} INFO - 
================================================================================
DAG File Processing Stats

File Path                 PID    Runtime      # DAGs    # Errors  Last Runtime    Last Run
------------------------  -----  ---------  --------  ----------  --------------  -------------------
/opt/airflow/dags/etl.py                           1           0  0.21s           2026-09-19T13:14:04
================================================================================
[2026-09-19T13:14:17.180+0000] {manager.py:737} INFO - Searching for files in /opt/airflow/dags
[2026-09-19T13:14:17.183+0000] {manager.py:740} INFO - There are 1 files in /opt/airflow/dags
[2026-09-19T13:14:34.789+0000] {manager.py:878} INFO - 
================================================================================
DAG File Processing Stats

File Path                 PID    Runtime      # DAGs    # Errors  Last Runtime    Last Run
------------------------  -----  ---------  --------  ----------  --------------  -------------------
/opt/airflow/dags/etl.py                           1           0  0.10s           2026-09-19T13:14:34
================================================================================
[2026-09-19T13:15:05.102+0000] {manager.py:878} INFO - 
================================================================================
DAG File Processing Stats

File Path                 PID    Runtime      # DAGs    # Errors  Last Runtime    Last Run
------------------------  -----  ---------  --------  ----------  --------------  -------------------
/opt/airflow/dags/etl.py                           1           0  0.11s           2026-09-19T13:15:05
================================================================================
[2026-09-19T13:15:35.425+0000] {manager.py:878} INFO - 
================================================================================
DAG File Processing Stats

File Path                 PID    Runtime      # DAGs    # Errors  Last Runtime    Last Run
------------------------  -----  ---------  --------  ----------  --------------  -------------------
/opt/airflow/dags/etl.py                           1           0  0.11s           2026-09-19T13:15:35
================================================================================
[2026-09-19T13:16:05.835+0000] {manager.py:878} INFO - 
================================================================================
DAG File Processing Stats

File Path                 PID    Runtime      # DAGs    # Errors  Last Runtime    Last Run
------------------------  -----  ---------  --------  ----------  --------------  -------------------
/opt/airflow/dags/etl.py                           1           0  0.21s           2026-09-19T13:16:05
================================================================================
[2026-09-19T13:16:36.129+0000] {manager.py:878} INFO - 
================================================================================
DAG File Processing Stats

File Path                 PID    Runtime      # DAGs    # Errors  Last Runtime    Last Run
------------------------  -----  ---------  --------  ----------  --------------  -------------------
/opt/airflow/dags/etl.py                           1           0  0.20s           2026-09-19T13:16:36
================================================================================
[2026-09-19T13:17:07.047+0000] {manager.py:470} INFO - Processing files using up to 1 processes at a time 
[2026-09-19T13:17:07.049+0000] {manager.py:471} INFO - Process each file at most once every 30 seconds
[2026-09-19T13:17:07.049+0000] {manager.py:472} INFO - Checking for new files in /opt/airflow/dags every 300 seconds
[2026-09-19T13:17:07.049+0000] {manager.py:737} INFO - Searching for files in /opt/airflow/dags
[2026-09-19T13:17:07.050+0000] {manager.py:740} INFO - There are 1 files in /opt/airflow/dags
[2026-09-19T13:17:07.204+0000] {manager.py:878} INFO - 
================================================================================
DAG File Processing Stats

File Path                 PID    Runtime      # DAGs    # Errors  Last Runtime    Last Run
------------------------  -----  ---------  --------  ----------  --------------  -------------------
/opt/airflow/dags/etl.py                           1           0  0.11s           2026-09-19T13:17:07
================================================================================
[2026-09-19T13:17:37.510+0000] {manager.py:878} INFO - 
================================================================================
DAG File Processing Stats

File Path                 PID    Runtime      # DAGs    # Errors  Last Runtime    Last Run
------------------------  -----  ---------  --------  ----------  --------------  -------------------
/opt/airflow/dags/etl.py                           1           0  0.21s           2026-09-19T13:17:37
================================================================================
[2026-09-19T13:18:31.164+0000] {manager.py:878} INFO - 
================================================================================
DAG File Processing Stats

File Path                 PID    Runtime      # DAGs    # Errors  Last Runtime    Last Run
------------------------  -----  ---------  --------  ----------  --------------  -------------------
/opt/airflow/dags/etl.py                           1           0  0.11s           2026-09-19T13:18:31
================================================================================
[2026-09-19T13:19:02.024+0000] {manager.py:878} INFO - 
================================================================================
DAG File Processing Stats

File Path                 PID    Runtime      # DAGs    # Errors  Last Runtime    Last Run
------------------------  -----  ---------  --------  ----------  --------------  -------------------
/opt/airflow/dags/etl.py                           1           0  0.11s           2026-09-19T13:19:02
================================================================================
[2026-09-19T13:19:32.304+0000] {manager.py:878} INFO - 
================================================================================
DAG File Processing Stats

File Path                 PID    Runtime      # DAGs    # Errors  Last Runtime    Last Run
------------------------  -----  ---------  --------  ----------  --------------  -------------------
/opt/airflow/dags/etl.py                           1           0  0.21s           2026-09-19T13:19:32
================================================================================
[2026-09-19T13:20:02.601+0000] {manager.py:878} INFO - 
================================================================================
DAG File Processing Stats

File Path                 PID    Runtime      # DAGs    # Errors  Last Runtime    Last Run
------------------------  -----  ---------  --------  ----------  --------------  -------------------
/opt/airflow/dags/etl.py                           1           0  0.12s           2026-09-19T13:20:02
================================================================================
[2026-09-19T13:20:33.405+0000] {manager.py:878} INFO - 
================================================================================
DAG File Processing Stats

File Path                 PID    Runtime      # DAGs    # Errors  Last Runtime    Last Run
------------------------  -----  ---------  --------  ----------  --------------  -------------------
/opt/airflow/dags/etl.py                           1           0  0.21s           2026-09-19T13:20:33
================================================================================
[2026-09-19T13:21:07.030+0000] {manager.py:470} INFO - Processing files using up to 1 processes at a time 
[2026-09-19T13:21:07.030+0000] {manager.py:471} INFO - Process each file at most once every 30 seconds
[2026-09-19T13:21:07.031+0000] {manager.py:472} INFO - Checking for new files in /opt/airflow/dags every 300 seconds
[2026-09-19T13:21:07.031+0000] {manager.py:737} INFO - Searching for files in /opt/airflow/dags
[2026-09-19T13:21:07.032+0000] {manager.py:740} INFO - There are 1 files in /opt/airflow/dags
[2026-09-19T13:21:07.186+0000] {manager.py:878} INFO - 
================================================================================
DAG File Processing Stats

File Path                 PID    Runtime      # DAGs    # Errors  Last Runtime    Last Run
------------------------  -----  ---------  --------  ----------  --------------  -------------------
/opt/airflow/dags/etl.py                           1           0  0.11s           2026-09-19T13:21:07
================================================================================
[2026-09-19T13:21:37.475+0000] {manager.py:878} INFO - 
================================================================================
DAG File Processing Stats

File Path                 PID    Runtime      # DAGs    # Errors  Last Runtime    Last Run
------------------------  -----  ---------  --------  ----------  --------------  -------------------
/opt/airflow/dags/etl.py                           1           0  0.21s           2026-09-19T13:21:37
================================================================================
[2026-09-19T13:22:08.063+0000] {manager.py:878} INFO - 
================================================================================
DAG File Processing Stats

File Path                 PID    Runtime      # DAGs    # Errors  Last Runtime    Last Run
------------------------  -----  ---------  --------  ----------  --------------  -------------------
/opt/airflow/dags/etl.py                           1           0  0.21s           2026-09-19T13:22:08
================================================================================
[2026-09-19T13:22:45.662+0000] {manager.py:878} INFO - 
================================================================================
DAG File Processing Stats

File Path                 PID    Runtime      # DAGs    # Errors  Last Runtime    Last Run
------------------------  -----  ---------  --------  ----------  --------------  -------------------
/opt/airflow/dags/etl.py                           1           0  0.11s           2026-09-19T13:22:45
================================================================================
[2026-09-19T13:23:16.856+0000] {manager.py:878} INFO - 
================================================================================
DAG File Processing Stats

File Path                 PID    Runtime      # DAGs    # Errors  Last Runtime    Last Run
------------------------  -----  ---------  --------  ----------  --------------  -------------------
/opt/airflow/dags/etl.py                           1           0  0.21s           2026-09-19T13:23:16
================================================================================
[2026-09-19T13:23:47.163+0000] {manager.py:878} INFO - 
================================================================================
DAG File Processing Stats

File Path                 PID    Runtime      # DAGs    # Errors  Last Runtime    Last Run
------------------------  -----  ---------  --------  ----------  --------------  -------------------
/opt/airflow/dags/etl.py                           1           0  0.21s           2026-09-19T13:23:47
================================================================================
[2026-09-19T13:24:17.454+0000] {manager.py:878} INFO - 
================================================================================
DAG File Processing Stats

File Path                 PID    Runtime      # DAGs    # Errors  Last Runtime    Last Run
------------------------  -----  ---------  --------  ----------  --------------  -------------------
/opt/airflow/dags/etl.py                           1           0  0.11s           2026-09-19T13:24:17
================================================================================
[2026-09-19T13:24:54.809+0000] {manager.py:878} INFO - 
================================================================================
DAG File Processing Stats

File Path                 PID    Runtime      # DAGs    # Errors  Last Runtime    Last Run
------------------------  -----  ---------  --------  ----------  --------------  -------------------
/opt/airflow/dags/etl.py                           1           0  0.21s           2026-09-19T13:24:54
================================================================================
[2026-09-19T13:25:25.063+0000] {manager.py:878} INFO - 
================================================================================
DAG File Processing Stats

File Path                 PID    Runtime      # DAGs    # Errors  Last Runtime    Last Run
------------------------  -----  ---------  --------  ----------  --------------  -------------------
/opt/airflow/dags/etl.py                           1           0  0.11s           2026-09-19T13:25:25
================================================================================
[2026-09-19T13:26:03.678+0000] {manager.py:878} INFO - 
================================================================================
DAG File Processing Stats

File Path                 PID    Runtime      # DAGs    # Errors  Last Runtime    Last Run
------------------------  -----  ---------  --------  ----------  --------------  -------------------
/opt/airflow/dags/etl.py                           1           0  0.11s           2026-09-19T13:26:03
================================================================================
[2026-09-19T13:26:13.259+0000] {manager.py:737} INFO - Searching for files in /opt/airflow/dags
[2026-09-19T13:26:13.261+0000] {manager.py:740} INFO - There are 1 files in /opt/airflow/dags
[2026-09-19T13:26:34.798+0000] {manager.py:878} INFO - 
================================================================================
DAG File Processing Stats

File Path                 PID    Runtime      # DAGs    # Errors  Last Runtime    Last Run
------------------------  -----  ---------  --------  ----------  --------------  -------------------
/opt/airflow/dags/etl.py                           1           0  0.11s           2026-09-19T13:26:34
================================================================================
[2026-09-19T13:27:06.049+0000] {manager.py:878} INFO - 
================================================================================
DAG File Processing Stats

File Path                 PID    Runtime      # DAGs    # Errors  Last Runtime    Last Run
------------------------  -----  ---------  --------  ----------  --------------  -------------------
/opt/airflow/dags/etl.py                           1           0  0.21s           2026-09-19T13:27:06
================================================================================
[2026-09-19T13:27:36.268+0000] {manager.py:878} INFO - 
================================================================================
DAG File Processing Stats

File Path                 PID    Runtime      # DAGs    # Errors  Last Runtime    Last Run
------------------------  -----  ---------  --------  ----------  --------------  -------------------
/opt/airflow/dags/etl.py                           1           0  0.11s           2026-09-19T13:27:36
================================================================================
[2026-09-19T13:28:08.846+0000] {manager.py:878} INFO - 
================================================================================
DAG File Processing Stats

File Path                 PID    Runtime      # DAGs    # Errors  Last Runtime    Last Run
------------------------  -----  ---------  --------  ----------  --------------  -------------------
/opt/airflow/dags/etl.py                           1           0  0.11s           2026-09-19T13:28:08
================================================================================
[2026-09-19T13:28:39.743+0000] {manager.py:878} INFO - 
================================================================================
DAG File Processing Stats

File Path                 PID    Runtime      # DAGs    # Errors  Last Runtime    Last Run
------------------------  -----  ---------  --------  ----------  --------------  -------------------
/opt/airflow/dags/etl.py                           1           0  0.11s           2026-09-19T13:28:39
================================================================================
[2026-09-19T13:29:10.983+0000] {manager.py:878} INFO - 
================================================================================
DAG File Processing Stats

File Path                 PID    Runtime      # DAGs    # Errors  Last Runtime    Last Run
------------------------  -----  ---------  --------  ----------  --------------  -------------------
/opt/airflow/dags/etl.py                           1           0  0.31s           2026-09-19T13:29:10
================================================================================
[2026-09-19T13:29:41.672+0000] {manager.py:878} INFO - 
================================================================================
DAG File Processing Stats

File Path                 PID    Runtime      # DAGs    # Errors  Last Runtime    Last Run
------------------------  -----  ---------  --------  ----------  --------------  -------------------
/opt/airflow/dags/etl.py                           1           0  0.31s           2026-09-19T13:29:41
================================================================================
[2026-09-19T13:30:11.993+0000] {manager.py:878} INFO - 
================================================================================
DAG File Processing Stats

File Path                 PID    Runtime      # DAGs    # Errors  Last Runtime    Last Run
------------------------  -----  ---------  --------  ----------  --------------  -------------------
/opt/airflow/dags/etl.py                           1           0  0.31s           2026-09-19T13:30:11
================================================================================
[2026-09-19T13:30:42.315+0000] {manager.py:878} INFO - 
================================================================================
DAG File Processing Stats

File Path                 PID    Runtime      # DAGs    # Errors  Last Runtime    Last Run
------------------------  -----  ---------  --------  ----------  --------------  -------------------
/opt/airflow/dags/etl.py                           1           0  0.31s           2026-09-19T13:30:42
================================================================================
[2026-09-19T13:31:12.766+0000] {manager.py:878} INFO - 
================================================================================
DAG File Processing Stats

File Path                 PID    Runtime      # DAGs    # Errors  Last Runtime    Last Run
------------------------  -----  ---------  --------  ----------  --------------  -------------------
/opt/airflow/dags/etl.py                           1           0  0.31s           2026-09-19T13:31:12
================================================================================
[2026-09-19T13:31:14.258+0000] {manager.py:737} INFO - Searching for files in /opt/airflow/dags
[2026-09-19T13:31:14.259+0000] {manager.py:740} INFO - There are 1 files in /opt/airflow/dags
[2026-09-19T13:31:43.213+0000] {manager.py:878} INFO - 
================================================================================
DAG File Processing Stats

File Path                 PID    Runtime      # DAGs    # Errors  Last Runtime    Last Run
------------------------  -----  ---------  --------  ----------  --------------  -------------------
/opt/airflow/dags/etl.py                           1           0  0.31s           2026-09-19T13:31:43
================================================================================
[2026-09-19T13:32:13.659+0000] {manager.py:878} INFO - 
================================================================================
DAG File Processing Stats

File Path                 PID    Runtime      # DAGs    # Errors  Last Runtime    Last Run
------------------------  -----  ---------  --------  ----------  --------------  -------------------
/opt/airflow/dags/etl.py                           1           0  0.31s           2026-09-19T13:32:13
================================================================================
[2026-09-19T13:32:44.010+0000] {manager.py:878} INFO - 
================================================================================
DAG File Processing Stats

File Path                 PID    Runtime      # DAGs    # Errors  Last Runtime    Last Run
------------------------  -----  ---------  --------  ----------  --------------  -------------------
/opt/airflow/dags/etl.py                           1           0  0.21s           2026-09-19T13:32:44
================================================================================
[2026-09-19T13:33:14.359+0000] {manager.py:878} INFO - 
================================================================================
DAG File Processing Stats

File Path                 PID    Runtime      # DAGs    # Errors  Last Runtime    Last Run
------------------------  -----  ---------  --------  ----------  --------------  -------------------
/opt/airflow/dags/etl.py                           1           0  0.21s           2026-09-19T13:33:14
================================================================================
[2026-09-19T13:33:44.708+0000] {manager.py:878} INFO - 
================================================================================
DAG File Processing Stats

File Path                 PID    Runtime      # DAGs    # Errors  Last Runtime    Last Run
------------------------  -----  ---------  --------  ----------  --------------  -------------------
/opt/airflow/dags/etl.py                           1           0  0.21s           2026-09-19T13:33:44
================================================================================
[2026-09-19T13:34:15.056+0000] {manager.py:878} INFO - 
================================================================================
DAG File Processing Stats

File Path                 PID    Runtime      # DAGs    # Errors  Last Runtime    Last Run
------------------------  -----  ---------  --------  ----------  --------------  -------------------
/opt/airflow/dags/etl.py                           1           0  0.21s           2026-09-19T13:34:15
================================================================================
[2026-09-19T13:34:45.401+0000] {manager.py:878} INFO - 
================================================================================
DAG File Processing Stats

File Path                 PID    Runtime      # DAGs    # Errors  Last Runtime    Last Run
------------------------  -----  ---------  --------  ----------  --------------  -------------------
/opt/airflow/dags/etl.py                           1           0  0.21s           2026-09-19T13:34:45
================================================================================
[2026-09-19T13:35:15.750+0000] {manager.py:878} INFO - 
================================================================================
DAG File Processing Stats

File Path                 PID    Runtime      # DAGs    # Errors  Last Runtime    Last Run
------------------------  -----  ---------  --------  ----------  --------------  -------------------
/opt/airflow/dags/etl.py                           1           0  0.21s           2026-09-19T13:35:15
================================================================================
[2026-09-19T13:35:45.979+0000] {manager.py:878} INFO - 
================================================================================
DAG File Processing Stats

File Path                 PID    Runtime      # DAGs    # Errors  Last Runtime    Last Run
------------------------  -----  ---------  --------  ----------  --------------  -------------------
/opt/airflow/dags/etl.py                           1           0  0.11s           2026-09-19T13:35:45
================================================================================
[2026-09-19T13:36:12.962+0000] {manager.py:470} INFO - Processing files using up to 1 processes at a time 
[2026-09-19T13:36:12.964+0000] {manager.py:471} INFO - Process each file at most once every 30 seconds
[2026-09-19T13:36:12.964+0000] {manager.py:472} INFO - Checking for new files in /opt/airflow/dags every 300 seconds
[2026-09-19T13:36:12.964+0000] {manager.py:737} INFO - Searching for files in /opt/airflow/dags
[2026-09-19T13:36:12.965+0000] {manager.py:740} INFO - There are 1 files in /opt/airflow/dags
[2026-09-19T13:36:13.119+0000] {manager.py:878} INFO - 
================================================================================
DAG File Processing Stats

File Path                 PID    Runtime      # DAGs    # Errors  Last Runtime    Last Run
------------------------  -----  ---------  --------  ----------  --------------  -------------------
/opt/airflow/dags/etl.py                           1           0  0.11s           2026-09-19T13:36:13
================================================================================
[2026-09-19T13:36:43.375+0000] {manager.py:878} INFO - 
================================================================================
DAG File Processing Stats

File Path                 PID    Runtime      # DAGs    # Errors  Last Runtime    Last Run
------------------------  -----  ---------  --------  ----------  --------------  -------------------
/opt/airflow/dags/etl.py                           1           0  0.21s           2026-09-19T13:36:43
================================================================================
[2026-09-19T13:37:14.239+0000] {manager.py:878} INFO - 
================================================================================
DAG File Processing Stats

File Path                 PID    Runtime      # DAGs    # Errors  Last Runtime    Last Run
------------------------  -----  ---------  --------  ----------  --------------  -------------------
/opt/airflow/dags/etl.py                           1           0  0.21s           2026-09-19T13:37:14
================================================================================
[2026-09-19T13:37:44.596+0000] {manager.py:878} INFO - 
================================================================================
DAG File Processing Stats

File Path                 PID    Runtime      # DAGs    # Errors  Last Runtime    Last Run
------------------------  -----  ---------  --------  ----------  --------------  -------------------
/opt/airflow/dags/etl.py                           1           0  0.11s           2026-09-19T13:37:44
================================================================================
[2026-09-19T13:38:15.178+0000] {manager.py:878} INFO - 
================================================================================
DAG File Processing Stats

File Path                 PID    Runtime      # DAGs    # Errors  Last Runtime    Last Run
------------------------  -----  ---------  --------  ----------  --------------  -------------------
/opt/airflow/dags/etl.py                           1           0  0.21s           2026-09-19T13:38:15
================================================================================
[2026-09-19T13:38:45.443+0000] {manager.py:878} INFO - 
================================================================================
DAG File Processing Stats

File Path                 PID    Runtime      # DAGs    # Errors  Last Runtime    Last Run
------------------------  -----  ---------  --------  ----------  --------------  -------------------
/opt/airflow/dags/etl.py                           1           0  0.11s           2026-09-19T13:38:45
================================================================================
[2026-09-19T13:39:18.564+0000] {manager.py:878} INFO - 
================================================================================
DAG File Processing Stats

File Path                 PID    Runtime      # DAGs    # Errors  Last Runtime    Last Run
------------------------  -----  ---------  --------  ----------  --------------  -------------------
/opt/airflow/dags/etl.py                           1           0  0.11s           2026-09-19T13:39:18
================================================================================
[2026-09-19T13:39:52.390+0000] {manager.py:878} INFO - 
================================================================================
DAG File Processing Stats

File Path                 PID    Runtime      # DAGs    # Errors  Last Runtime    Last Run
------------------------  -----  ---------  --------  ----------  --------------  -------------------
/opt/airflow/dags/etl.py                           1           0  0.11s           2026-09-19T13:39:52
================================================================================
[2026-09-19T13:40:28.525+0000] {manager.py:878} INFO - 
================================================================================
DAG File Processing Stats

File Path                 PID    Runtime      # DAGs    # Errors  Last Runtime    Last Run
------------------------  -----  ---------  --------  ----------  --------------  -------------------
/opt/airflow/dags/etl.py                           1           0  0.11s           2026-09-19T13:40:28
================================================================================
[2026-09-19T13:41:00.475+0000] {manager.py:878} INFO - 
================================================================================
DAG File Processing Stats

File Path                 PID    Runtime      # DAGs    # Errors  Last Runtime    Last Run
------------------------  -----  ---------  --------  ----------  --------------  -------------------
/opt/airflow/dags/etl.py                           1           0  0.11s           2026-09-19T13:41:00
================================================================================
[2026-09-19T13:41:16.403+0000] {manager.py:737} INFO - Searching for files in /opt/airflow/dags
[2026-09-19T13:41:16.404+0000] {manager.py:740} INFO - There are 1 files in /opt/airflow/dags
[2026-09-19T13:41:30.845+0000] {manager.py:878} INFO - 
================================================================================
DAG File Processing Stats

File Path                 PID    Runtime      # DAGs    # Errors  Last Runtime    Last Run
------------------------  -----  ---------  --------  ----------  --------------  -------------------
/opt/airflow/dags/etl.py                           1           0  0.21s           2026-09-19T13:41:30
================================================================================
[2026-09-19T13:42:01.372+0000] {manager.py:878} INFO - 
================================================================================
DAG File Processing Stats

File Path                 PID    Runtime      # DAGs    # Errors  Last Runtime    Last Run
------------------------  -----  ---------  --------  ----------  --------------  -------------------
/opt/airflow/dags/etl.py                           1           0  0.21s           2026-09-19T13:42:01
================================================================================
[2026-09-19T13:42:31.597+0000] {manager.py:878} INFO - 
================================================================================
DAG File Processing Stats

File Path                 PID    Runtime      # DAGs    # Errors  Last Runtime    Last Run
------------------------  -----  ---------  --------  ----------  --------------  -------------------
/opt/airflow/dags/etl.py                           1           0  0.11s           2026-09-19T13:42:31
================================================================================
[2026-09-19T13:43:02.038+0000] {manager.py:878} INFO - 
================================================================================
DAG File Processing Stats

File Path                 PID    Runtime      # DAGs    # Errors  Last Runtime    Last Run
------------------------  -----  ---------  --------  ----------  --------------  -------------------
/opt/airflow/dags/etl.py                           1           0  0.21s           2026-09-19T13:43:02
================================================================================
[2026-09-19T13:43:32.366+0000] {manager.py:878} INFO - 
================================================================================
DAG File Processing Stats

File Path                 PID    Runtime      # DAGs    # Errors  Last Runtime    Last Run
------------------------  -----  ---------  --------  ----------  --------------  -------------------
/opt/airflow/dags/etl.py                           1           0  0.21s           2026-09-19T13:43:32
================================================================================
[2026-09-19T13:44:02.709+0000] {manager.py:878} INFO - 
================================================================================
DAG File Processing Stats

File Path                 PID    Runtime      # DAGs    # Errors  Last Runtime    Last Run
------------------------  -----  ---------  --------  ----------  --------------  -------------------
/opt/airflow/dags/etl.py                           1           0  0.21s           2026-09-19T13:44:02
================================================================================
[2026-09-19T13:44:32.993+0000] {manager.py:878} INFO - 
================================================================================
DAG File Processing Stats

File Path                 PID    Runtime      # DAGs    # Errors  Last Runtime    Last Run
------------------------  -----  ---------  --------  ----------  --------------  -------------------
/opt/airflow/dags/etl.py                           1           0  0.21s           2026-09-19T13:44:32
================================================================================
[2026-09-19T13:45:03.292+0000] {manager.py:878} INFO - 
================================================================================
DAG File Processing Stats

File Path                 PID    Runtime      # DAGs    # Errors  Last Runtime    Last Run
------------------------  -----  ---------  --------  ----------  --------------  -------------------
/opt/airflow/dags/etl.py                           1           0  0.21s           2026-09-19T13:45:03
================================================================================
[2026-09-19T13:45:33.594+0000] {manager.py:878} INFO - 
================================================================================
DAG File Processing Stats

File Path                 PID    Runtime      # DAGs    # Errors  Last Runtime    Last Run
------------------------  -----  ---------  --------  ----------  --------------  -------------------
/opt/airflow/dags/etl.py                           1           0  0.21s           2026-09-19T13:45:33
================================================================================
[2026-09-19T13:46:03.999+0000] {manager.py:878} INFO - 
================================================================================
DAG File Processing Stats

File Path                 PID    Runtime      # DAGs    # Errors  Last Runtime    Last Run
------------------------  -----  ---------  --------  ----------  --------------  -------------------
/opt/airflow/dags/etl.py                           1           0  0.31s           2026-09-19T13:46:03
================================================================================
[2026-09-19T13:46:16.403+0000] {manager.py:737} INFO - Searching for files in /opt/airflow/dags
[2026-09-19T13:46:16.405+0000] {manager.py:740} INFO - There are 1 files in /opt/airflow/dags
[2026-09-19T13:46:34.399+0000] {manager.py:878} INFO - 
================================================================================
DAG File Processing Stats

File Path                 PID    Runtime      # DAGs    # Errors  Last Runtime    Last Run
------------------------  -----  ---------  --------  ----------  --------------  -------------------
/opt/airflow/dags/etl.py                           1           0  0.31s           2026-09-19T13:46:34
================================================================================
[2026-09-19T13:47:04.800+0000] {manager.py:878} INFO - 
================================================================================
DAG File Processing Stats

File Path                 PID    Runtime      # DAGs    # Errors  Last Runtime    Last Run
------------------------  -----  ---------  --------  ----------  --------------  -------------------
/opt/airflow/dags/etl.py                           1           0  0.31s           2026-09-19T13:47:04
================================================================================
[2026-09-19T13:47:35.174+0000] {manager.py:878} INFO - 
================================================================================
DAG File Processing Stats

File Path                 PID    Runtime      # DAGs    # Errors  Last Runtime    Last Run
------------------------  -----  ---------  --------  ----------  --------------  -------------------
/opt/airflow/dags/etl.py                           1           0  0.31s           2026-09-19T13:47:35
================================================================================
[2026-09-19T13:48:05.491+0000] {manager.py:878} INFO - 
================================================================================
DAG File Processing Stats

File Path                 PID    Runtime      # DAGs    # Errors  Last Runtime    Last Run
------------------------  -----  ---------  --------  ----------  --------------  -------------------
/opt/airflow/dags/etl.py                           1           0  0.31s           2026-09-19T13:48:05
================================================================================
[2026-09-19T13:48:35.805+0000] {manager.py:878} INFO - 
================================================================================
DAG File Processing Stats

File Path                 PID    Runtime      # DAGs    # Errors  Last Runtime    Last Run
------------------------  -----  ---------  --------  ----------  --------------  -------------------
/opt/airflow/dags/etl.py                           1           0  0.31s           2026-09-19T13:48:35
================================================================================
[2026-09-19T13:49:06.004+0000] {manager.py:878} INFO - 
================================================================================
DAG File Processing Stats

File Path                 PID    Runtime      # DAGs    # Errors  Last Runtime    Last Run
------------------------  -----  ---------  --------  ----------  --------------  -------------------
/opt/airflow/dags/etl.py                           1           0  0.11s           2026-09-19T13:49:06
================================================================================
[2026-09-19T13:49:36.280+0000] {manager.py:878} INFO - 
================================================================================
DAG File Processing Stats

File Path                 PID    Runtime      # DAGs    # Errors  Last Runtime    Last Run
------------------------  -----  ---------  --------  ----------  --------------  -------------------
/opt/airflow/dags/etl.py                           1           0  0.21s           2026-09-19T13:49:36
================================================================================
[2026-09-19T13:50:06.555+0000] {manager.py:878} INFO - 
================================================================================
DAG File Processing Stats

File Path                 PID    Runtime      # DAGs    # Errors  Last Runtime    Last Run
------------------------  -----  ---------  --------  ----------  --------------  -------------------
/opt/airflow/dags/etl.py                           1           0  0.21s           2026-09-19T13:50:06
================================================================================
[2026-09-19T13:50:24.374+0000] {manager.py:470} INFO - Processing files using up to 1 processes at a time 
[2026-09-19T13:50:24.374+0000] {manager.py:471} INFO - Process each file at most once every 30 seconds
[2026-09-19T13:50:24.375+0000] {manager.py:472} INFO - Checking for new files in /opt/airflow/dags every 300 seconds
[2026-09-19T13:50:24.375+0000] {manager.py:737} INFO - Searching for files in /opt/airflow/dags
[2026-09-19T13:50:24.376+0000] {manager.py:740} INFO - There are 1 files in /opt/airflow/dags
[2026-09-19T13:50:24.530+0000] {manager.py:878} INFO - 
================================================================================
DAG File Processing Stats

File Path                 PID    Runtime      # DAGs    # Errors  Last Runtime    Last Run
------------------------  -----  ---------  --------  ----------  --------------  -------------------
/opt/airflow/dags/etl.py                           1           0  0.11s           2026-09-19T13:50:24
================================================================================
[2026-09-19T13:50:54.830+0000] {manager.py:878} INFO - 
================================================================================
DAG File Processing Stats

File Path                 PID    Runtime      # DAGs    # Errors  Last Runtime    Last Run
------------------------  -----  ---------  --------  ----------  --------------  -------------------
/opt/airflow/dags/etl.py                           1           0  0.21s           2026-09-19T13:50:54
================================================================================
[2026-09-19T13:51:25.376+0000] {manager.py:878} INFO - 
================================================================================
DAG File Processing Stats

File Path                 PID    Runtime      # DAGs    # Errors  Last Runtime    Last Run
------------------------  -----  ---------  --------  ----------  --------------  -------------------
/opt/airflow/dags/etl.py                           1           0  0.21s           2026-09-19T13:51:25
================================================================================
[2026-09-19T13:51:55.949+0000] {manager.py:878} INFO - 
================================================================================
DAG File Processing Stats

File Path                 PID    Runtime      # DAGs    # Errors  Last Runtime    Last Run
------------------------  -----  ---------  --------  ----------  --------------  -------------------
/opt/airflow/dags/etl.py                           1           0  0.21s           2026-09-19T13:51:55
================================================================================
[2026-09-19T13:52:26.527+0000] {manager.py:878} INFO - 
================================================================================
DAG File Processing Stats

File Path                 PID    Runtime      # DAGs    # Errors  Last Runtime    Last Run
------------------------  -----  ---------  --------  ----------  --------------  -------------------
/opt/airflow/dags/etl.py                           1           0  0.21s           2026-09-19T13:52:26
================================================================================
[2026-09-19T13:52:57.086+0000] {manager.py:878} INFO - 
================================================================================
DAG File Processing Stats

File Path                 PID    Runtime      # DAGs    # Errors  Last Runtime    Last Run
------------------------  -----  ---------  --------  ----------  --------------  -------------------
/opt/airflow/dags/etl.py                           1           0  0.21s           2026-09-19T13:52:57
================================================================================
[2026-09-19T13:53:27.347+0000] {manager.py:878} INFO - 
================================================================================
DAG File Processing Stats

File Path                 PID    Runtime      # DAGs    # Errors  Last Runtime    Last Run
------------------------  -----  ---------  --------  ----------  --------------  -------------------
/opt/airflow/dags/etl.py                           1           0  0.11s           2026-09-19T13:53:27
================================================================================
[2026-09-19T13:53:57.582+0000] {manager.py:878} INFO - 
================================================================================
DAG File Processing Stats

File Path                 PID    Runtime      # DAGs    # Errors  Last Runtime    Last Run
------------------------  -----  ---------  --------  ----------  --------------  -------------------
/opt/airflow/dags/etl.py                           1           0  0.21s           2026-09-19T13:53:57
================================================================================
[2026-09-19T13:54:28.267+0000] {manager.py:878} INFO - 
================================================================================
DAG File Processing Stats

File Path                 PID    Runtime      # DAGs    # Errors  Last Runtime    Last Run
------------------------  -----  ---------  --------  ----------  --------------  -------------------
/opt/airflow/dags/etl.py                           1           0  0.11s           2026-09-19T13:54:28
================================================================================
[2026-09-19T13:54:58.728+0000] {manager.py:878} INFO - 
================================================================================
DAG File Processing Stats

File Path                 PID    Runtime      # DAGs    # Errors  Last Runtime    Last Run
------------------------  -----  ---------  --------  ----------  --------------  -------------------
/opt/airflow/dags/etl.py                           1           0  0.11s           2026-09-19T13:54:58
================================================================================
[2026-09-19T13:55:24.387+0000] {manager.py:737} INFO - Searching for files in /opt/airflow/dags
[2026-09-19T13:55:24.389+0000] {manager.py:740} INFO - There are 1 files in /opt/airflow/dags
[2026-09-19T13:55:28.914+0000] {manager.py:878} INFO - 
================================================================================
DAG File Processing Stats

File Path                 PID    Runtime      # DAGs    # Errors  Last Runtime    Last Run
------------------------  -----  ---------  --------  ----------  --------------  -------------------
/opt/airflow/dags/etl.py                           1           0  0.11s           2026-09-19T13:55:28
================================================================================
[2026-09-19T13:56:05.882+0000] {manager.py:878} INFO - 
================================================================================
DAG File Processing Stats

File Path                 PID    Runtime      # DAGs    # Errors  Last Runtime    Last Run
------------------------  -----  ---------  --------  ----------  --------------  -------------------
/opt/airflow/dags/etl.py                           1           0  0.11s           2026-09-19T13:56:05
================================================================================
[2026-09-19T13:56:37.176+0000] {manager.py:878} INFO - 
================================================================================
DAG File Processing Stats

File Path                 PID    Runtime      # DAGs    # Errors  Last Runtime    Last Run
------------------------  -----  ---------  --------  ----------  --------------  -------------------
/opt/airflow/dags/etl.py                           1           0  0.31s           2026-09-19T13:56:37
================================================================================
[2026-09-19T13:57:08.309+0000] {manager.py:878} INFO - 
================================================================================
DAG File Processing Stats

File Path                 PID    Runtime      # DAGs    # Errors  Last Runtime    Last Run
------------------------  -----  ---------  --------  ----------  --------------  -------------------
/opt/airflow/dags/etl.py                           1           0  0.31s           2026-09-19T13:57:08
================================================================================
[2026-09-19T13:57:39.411+0000] {manager.py:878} INFO - 
================================================================================
DAG File Processing Stats

File Path                 PID    Runtime      # DAGs    # Errors  Last Runtime    Last Run
------------------------  -----  ---------  --------  ----------  --------------  -------------------
/opt/airflow/dags/etl.py                           1           0  0.31s           2026-09-19T13:57:39
================================================================================
[2026-09-19T13:58:09.586+0000] {manager.py:878} INFO - 
================================================================================
DAG File Processing Stats

File Path                 PID    Runtime      # DAGs    # Errors  Last Runtime    Last Run
------------------------  -----  ---------  --------  ----------  --------------  -------------------
/opt/airflow/dags/etl.py                           1           0  0.31s           2026-09-19T13:57:45
================================================================================
[2026-09-19T13:58:39.667+0000] {manager.py:878} INFO - 
================================================================================
DAG File Processing Stats

File Path                 PID    Runtime      # DAGs    # Errors  Last Runtime    Last Run
------------------------  -----  ---------  --------  ----------  --------------  -------------------
/opt/airflow/dags/etl.py                           1           0  0.21s           2026-09-19T13:58:15
================================================================================
[2026-09-19T13:59:09.782+0000] {manager.py:878} INFO - 
================================================================================
DAG File Processing Stats

File Path                 PID    Runtime      # DAGs    # Errors  Last Runtime    Last Run
------------------------  -----  ---------  --------  ----------  --------------  -------------------
/opt/airflow/dags/etl.py                           1           0  0.31s           2026-09-19T13:58:46
================================================================================
[2026-09-19T13:59:40.459+0000] {manager.py:878} INFO - 
================================================================================
DAG File Processing Stats

File Path                 PID    Runtime      # DAGs    # Errors  Last Runtime    Last Run
------------------------  -----  ---------  --------  ----------  --------------  -------------------
/opt/airflow/dags/etl.py                           1           0  0.31s           2026-09-19T13:59:16
================================================================================
[2026-09-19T14:00:10.633+0000] {manager.py:878} INFO - 
================================================================================
DAG File Processing Stats

File Path                 PID    Runtime      # DAGs    # Errors  Last Runtime    Last Run
------------------------  -----  ---------  --------  ----------  --------------  -------------------
/opt/airflow/dags/etl.py                           1           0  0.31s           2026-09-19T13:59:48
================================================================================
[2026-09-19T14:00:24.457+0000] {manager.py:737} INFO - Searching for files in /opt/airflow/dags
[2026-09-19T14:00:24.460+0000] {manager.py:740} INFO - There are 1 files in /opt/airflow/dags
[2026-09-19T14:00:49.122+0000] {manager.py:878} INFO - 
================================================================================
DAG File Processing Stats

File Path                 PID    Runtime      # DAGs    # Errors  Last Runtime    Last Run
------------------------  -----  ---------  --------  ----------  --------------  -------------------
/opt/airflow/dags/etl.py                           1           0  0.11s           2026-09-19T14:00:49
================================================================================
[2026-09-19T14:01:19.859+0000] {manager.py:878} INFO - 
================================================================================
DAG File Processing Stats

File Path                 PID    Runtime      # DAGs    # Errors  Last Runtime    Last Run
------------------------  -----  ---------  --------  ----------  --------------  -------------------
/opt/airflow/dags/etl.py                           1           0  0.21s           2026-09-19T14:01:19
================================================================================
[2026-09-19T14:01:50.149+0000] {manager.py:878} INFO - 
================================================================================
DAG File Processing Stats

File Path                 PID    Runtime      # DAGs    # Errors  Last Runtime    Last Run
------------------------  -----  ---------  --------  ----------  --------------  -------------------
/opt/airflow/dags/etl.py                           1           0  0.21s           2026-09-19T14:01:50
================================================================================
[2026-09-19T14:02:20.462+0000] {manager.py:878} INFO - 
================================================================================
DAG File Processing Stats

File Path                 PID    Runtime      # DAGs    # Errors  Last Runtime    Last Run
------------------------  -----  ---------  --------  ----------  --------------  -------------------
/opt/airflow/dags/etl.py                           1           0  0.21s           2026-09-19T14:02:20
================================================================================
[2026-09-19T14:02:50.797+0000] {manager.py:878} INFO - 
================================================================================
DAG File Processing Stats

File Path                 PID    Runtime      # DAGs    # Errors  Last Runtime    Last Run
------------------------  -----  ---------  --------  ----------  --------------  -------------------
/opt/airflow/dags/etl.py                           1           0  0.21s           2026-09-19T14:02:50
================================================================================
[2026-09-19T14:03:21.119+0000] {manager.py:878} INFO - 
================================================================================
DAG File Processing Stats

File Path                 PID    Runtime      # DAGs    # Errors  Last Runtime    Last Run
------------------------  -----  ---------  --------  ----------  --------------  -------------------
/opt/airflow/dags/etl.py                           1           0  0.21s           2026-09-19T14:03:21
================================================================================
[2026-09-19T14:03:51.367+0000] {manager.py:878} INFO - 
================================================================================
DAG File Processing Stats

File Path                 PID    Runtime      # DAGs    # Errors  Last Runtime    Last Run
------------------------  -----  ---------  --------  ----------  --------------  -------------------
/opt/airflow/dags/etl.py                           1           0  0.11s           2026-09-19T14:03:51
================================================================================
[2026-09-19T14:04:21.713+0000] {manager.py:878} INFO - 
================================================================================
DAG File Processing Stats

File Path                 PID    Runtime      # DAGs    # Errors  Last Runtime    Last Run
------------------------  -----  ---------  --------  ----------  --------------  -------------------
/opt/airflow/dags/etl.py                           1           0  0.21s           2026-09-19T14:04:21
================================================================================
[2026-09-19T14:04:51.966+0000] {manager.py:878} INFO - 
================================================================================
DAG File Processing Stats

File Path                 PID    Runtime      # DAGs    # Errors  Last Runtime    Last Run
------------------------  -----  ---------  --------  ----------  --------------  -------------------
/opt/airflow/dags/etl.py                           1           0  0.11s           2026-09-19T14:04:51
================================================================================
[2026-09-19T14:05:22.269+0000] {manager.py:878} INFO - 
================================================================================
DAG File Processing Stats

File Path                 PID    Runtime      # DAGs    # Errors  Last Runtime    Last Run
------------------------  -----  ---------  --------  ----------  --------------  -------------------
/opt/airflow/dags/etl.py                           1           0  0.21s           2026-09-19T14:05:22
================================================================================
[2026-09-19T14:05:24.535+0000] {manager.py:737} INFO - Searching for files in /opt/airflow/dags
[2026-09-19T14:05:24.537+0000] {manager.py:740} INFO - There are 1 files in /opt/airflow/dags
[2026-09-19T14:05:52.417+0000] {manager.py:878} INFO - 
================================================================================
DAG File Processing Stats

File Path                 PID    Runtime      # DAGs    # Errors  Last Runtime    Last Run
------------------------  -----  ---------  --------  ----------  --------------  -------------------
/opt/airflow/dags/etl.py                           1           0  0.11s           2026-09-19T14:05:35
================================================================================
[2026-09-19T14:06:22.551+0000] {manager.py:878} INFO - 
================================================================================
DAG File Processing Stats

File Path                 PID    Runtime      # DAGs    # Errors  Last Runtime    Last Run
------------------------  -----  ---------  --------  ----------  --------------  -------------------
/opt/airflow/dags/etl.py                           1           0  0.21s           2026-09-19T14:06:05
================================================================================
[2026-09-19T14:06:56.472+0000] {manager.py:878} INFO - 
================================================================================
DAG File Processing Stats

File Path                 PID    Runtime      # DAGs    # Errors  Last Runtime    Last Run
------------------------  -----  ---------  --------  ----------  --------------  -------------------
/opt/airflow/dags/etl.py                           1           0  0.21s           2026-09-19T14:06:36
================================================================================
[2026-09-19T14:07:32.013+0000] {manager.py:878} INFO - 
================================================================================
DAG File Processing Stats

File Path                 PID    Runtime      # DAGs    # Errors  Last Runtime    Last Run
------------------------  -----  ---------  --------  ----------  --------------  -------------------
/opt/airflow/dags/etl.py                           1           0  0.11s           2026-09-19T14:07:07
================================================================================
[2026-09-19T14:08:09.936+0000] {manager.py:878} INFO - 
================================================================================
DAG File Processing Stats

File Path                 PID    Runtime      # DAGs    # Errors  Last Runtime    Last Run
------------------------  -----  ---------  --------  ----------  --------------  -------------------
/opt/airflow/dags/etl.py                           1           0  0.11s           2026-09-19T14:07:42
================================================================================
[2026-09-19T14:08:42.196+0000] {manager.py:878} INFO - 
================================================================================
DAG File Processing Stats

File Path                 PID    Runtime      # DAGs    # Errors  Last Runtime    Last Run
------------------------  -----  ---------  --------  ----------  --------------  -------------------
/opt/airflow/dags/etl.py                           1           0  0.21s           2026-09-19T14:08:20
================================================================================
[2026-09-19T14:09:18.424+0000] {manager.py:878} INFO - 
================================================================================
DAG File Processing Stats

File Path                 PID    Runtime      # DAGs    # Errors  Last Runtime    Last Run
------------------------  -----  ---------  --------  ----------  --------------  -------------------
/opt/airflow/dags/etl.py                           1           0  0.21s           2026-09-19T14:08:57
================================================================================
[2026-09-19T14:09:54.669+0000] {manager.py:878} INFO - 
================================================================================
DAG File Processing Stats

File Path                 PID    Runtime      # DAGs    # Errors  Last Runtime    Last Run
------------------------  -----  ---------  --------  ----------  --------------  -------------------
/opt/airflow/dags/etl.py                           1           0  0.21s           2026-09-19T14:09:29
================================================================================
[2026-09-19T14:10:24.582+0000] {manager.py:737} INFO - Searching for files in /opt/airflow/dags
[2026-09-19T14:10:24.584+0000] {manager.py:740} INFO - There are 1 files in /opt/airflow/dags
[2026-09-19T14:10:24.708+0000] {manager.py:878} INFO - 
================================================================================
DAG File Processing Stats

File Path                 PID    Runtime      # DAGs    # Errors  Last Runtime    Last Run
------------------------  -----  ---------  --------  ----------  --------------  -------------------
/opt/airflow/dags/etl.py                           1           0  0.21s           2026-09-19T14:10:00
================================================================================
[2026-09-19T14:10:54.791+0000] {manager.py:878} INFO - 
================================================================================
DAG File Processing Stats

File Path                 PID    Runtime      # DAGs    # Errors  Last Runtime    Last Run
------------------------  -----  ---------  --------  ----------  --------------  -------------------
/opt/airflow/dags/etl.py                           1           0  0.21s           2026-09-19T14:10:32
================================================================================
[2026-09-19T14:11:24.891+0000] {manager.py:878} INFO - 
================================================================================
DAG File Processing Stats

File Path                 PID    Runtime      # DAGs    # Errors  Last Runtime    Last Run
------------------------  -----  ---------  --------  ----------  --------------  -------------------
/opt/airflow/dags/etl.py                           1           0  0.11s           2026-09-19T14:11:02
================================================================================
[2026-09-19T14:11:54.980+0000] {manager.py:878} INFO - 
================================================================================
DAG File Processing Stats

File Path                 PID    Runtime      # DAGs    # Errors  Last Runtime    Last Run
------------------------  -----  ---------  --------  ----------  --------------  -------------------
/opt/airflow/dags/etl.py                           1           0  0.12s           2026-09-19T14:11:32
================================================================================
[2026-09-19T14:12:25.066+0000] {manager.py:878} INFO - 
================================================================================
DAG File Processing Stats

File Path                 PID    Runtime      # DAGs    # Errors  Last Runtime    Last Run
------------------------  -----  ---------  --------  ----------  --------------  -------------------
/opt/airflow/dags/etl.py                           1           0  0.21s           2026-09-19T14:12:03
================================================================================
[2026-09-19T14:12:55.158+0000] {manager.py:878} INFO - 
================================================================================
DAG File Processing Stats

File Path                 PID    Runtime      # DAGs    # Errors  Last Runtime    Last Run
------------------------  -----  ---------  --------  ----------  --------------  -------------------
/opt/airflow/dags/etl.py                           1           0  0.21s           2026-09-19T14:12:33
================================================================================
[2026-09-19T14:13:25.251+0000] {manager.py:878} INFO - 
================================================================================
DAG File Processing Stats

File Path                 PID    Runtime      # DAGs    # Errors  Last Runtime    Last Run
------------------------  -----  ---------  --------  ----------  --------------  -------------------
/opt/airflow/dags/etl.py                           1           0  0.21s           2026-09-19T14:13:03
================================================================================
[2026-09-19T14:13:55.338+0000] {manager.py:878} INFO - 
================================================================================
DAG File Processing Stats

File Path                 PID    Runtime      # DAGs    # Errors  Last Runtime    Last Run
------------------------  -----  ---------  --------  ----------  --------------  -------------------
/opt/airflow/dags/etl.py                           1           0  0.21s           2026-09-19T14:13:34
================================================================================
[2026-09-19T14:14:25.431+0000] {manager.py:878} INFO - 
================================================================================
DAG File Processing Stats

File Path                 PID    Runtime      # DAGs    # Errors  Last Runtime    Last Run
------------------------  -----  ---------  --------  ----------  --------------  -------------------
/opt/airflow/dags/etl.py                           1           0  0.21s           2026-09-19T14:14:04
================================================================================
[2026-09-19T14:14:55.521+0000] {manager.py:878} INFO - 
================================================================================
DAG File Processing Stats

File Path                 PID    Runtime      # DAGs    # Errors  Last Runtime    Last Run
------------------------  -----  ---------  --------  ----------  --------------  -------------------
/opt/airflow/dags/etl.py                           1           0  0.11s           2026-09-19T14:14:34
================================================================================
[2026-09-19T14:15:24.650+0000] {manager.py:737} INFO - Searching for files in /opt/airflow/dags
[2026-09-19T14:15:24.653+0000] {manager.py:740} INFO - There are 1 files in /opt/airflow/dags
[2026-09-19T14:15:25.601+0000] {manager.py:878} INFO - 
================================================================================
DAG File Processing Stats

File Path                 PID    Runtime      # DAGs    # Errors  Last Runtime    Last Run
------------------------  -----  ---------  --------  ----------  --------------  -------------------
/opt/airflow/dags/etl.py                           1           0  0.11s           2026-09-19T14:15:05
================================================================================
[2026-09-19T14:15:59.108+0000] {manager.py:878} INFO - 
================================================================================
DAG File Processing Stats

File Path                 PID    Runtime      # DAGs    # Errors  Last Runtime    Last Run
------------------------  -----  ---------  --------  ----------  --------------  -------------------
/opt/airflow/dags/etl.py                           1           0  0.21s           2026-09-19T14:15:35
================================================================================
[2026-09-19T14:16:42.009+0000] {manager.py:878} INFO - 
================================================================================
DAG File Processing Stats

File Path                 PID    Runtime      # DAGs    # Errors  Last Runtime    Last Run
------------------------  -----  ---------  --------  ----------  --------------  -------------------
/opt/airflow/dags/etl.py                           1           0  0.21s           2026-09-19T14:16:42
================================================================================
[2026-09-19T14:17:18.914+0000] {manager.py:878} INFO - 
================================================================================
DAG File Processing Stats

File Path                 PID    Runtime      # DAGs    # Errors  Last Runtime    Last Run
------------------------  -----  ---------  --------  ----------  --------------  -------------------
/opt/airflow/dags/etl.py                           1           0  0.21s           2026-09-19T14:17:18
================================================================================
[2026-09-19T14:17:56.655+0000] {manager.py:878} INFO - 
================================================================================
DAG File Processing Stats

File Path                 PID    Runtime      # DAGs    # Errors  Last Runtime    Last Run
------------------------  -----  ---------  --------  ----------  --------------  -------------------
/opt/airflow/dags/etl.py                           1           0  0.11s           2026-09-19T14:17:56
================================================================================
[2026-09-19T14:18:32.710+0000] {manager.py:878} INFO - 
================================================================================
DAG File Processing Stats

File Path                 PID    Runtime      # DAGs    # Errors  Last Runtime    Last Run
------------------------  -----  ---------  --------  ----------  --------------  -------------------
/opt/airflow/dags/etl.py                           1           0  0.21s           2026-09-19T14:18:32
================================================================================
[2026-09-19T14:19:08.791+0000] {manager.py:878} INFO - 
================================================================================
DAG File Processing Stats

File Path                 PID    Runtime      # DAGs    # Errors  Last Runtime    Last Run
------------------------  -----  ---------  --------  ----------  --------------  -------------------
/opt/airflow/dags/etl.py                           1           0  0.11s           2026-09-19T14:19:08
================================================================================
[2026-09-19T14:19:46.288+0000] {manager.py:878} INFO - 
================================================================================
DAG File Processing Stats

File Path                 PID    Runtime      # DAGs    # Errors  Last Runtime    Last Run
------------------------  -----  ---------  --------  ----------  --------------  -------------------
/opt/airflow/dags/etl.py                           1           0  0.21s           2026-09-19T14:19:46
================================================================================
[2026-09-19T14:20:23.884+0000] {manager.py:878} INFO - 
================================================================================
DAG File Processing Stats

File Path                 PID    Runtime      # DAGs    # Errors  Last Runtime    Last Run
------------------------  -----  ---------  --------  ----------  --------------  -------------------
/opt/airflow/dags/etl.py                           1           0  0.11s           2026-09-19T14:20:23
================================================================================
[2026-09-19T14:20:24.716+0000] {manager.py:737} INFO - Searching for files in /opt/airflow/dags
[2026-09-19T14:20:24.718+0000] {manager.py:740} INFO - There are 1 files in /opt/airflow/dags
[2026-09-20T16:12:31.416+0000] {manager.py:470} INFO - Processing files using up to 1 processes at a time 
[2026-09-20T16:12:31.416+0000] {manager.py:471} INFO - Process each file at most once every 30 seconds
[2026-09-20T16:12:31.417+0000] {manager.py:472} INFO - Checking for new files in /opt/airflow/dags every 300 seconds
[2026-09-20T16:12:31.417+0000] {manager.py:737} INFO - Searching for files in /opt/airflow/dags
[2026-09-20T16:12:31.419+0000] {manager.py:740} INFO - There are 1 files in /opt/airflow/dags
[2026-09-20T16:12:31.703+0000] {manager.py:878} INFO - 
================================================================================
DAG File Processing Stats

File Path                 PID    Runtime      # DAGs    # Errors  Last Runtime    Last Run
------------------------  -----  ---------  --------  ----------  --------------  -------------------
/opt/airflow/dags/etl.py                           1           0  0.20s           2026-09-20T16:12:31
================================================================================
[2026-09-20T16:13:02.840+0000] {manager.py:878} INFO - 
================================================================================
DAG File Processing Stats

File Path                 PID    Runtime      # DAGs    # Errors  Last Runtime    Last Run
------------------------  -----  ---------  --------  ----------  --------------  -------------------
/opt/airflow/dags/etl.py                           1           0  0.11s           2026-09-20T16:13:02
================================================================================
[2026-09-20T16:13:33.132+0000] {manager.py:878} INFO - 
================================================================================
DAG File Processing Stats

File Path                 PID    Runtime      # DAGs    # Errors  Last Runtime    Last Run
------------------------  -----  ---------  --------  ----------  --------------  -------------------
/opt/airflow/dags/etl.py                           1           0  0.11s           2026-09-20T16:13:33
================================================================================
[2026-09-20T16:14:03.451+0000] {manager.py:878} INFO - 
================================================================================
DAG File Processing Stats

File Path                 PID    Runtime      # DAGs    # Errors  Last Runtime    Last Run
------------------------  -----  ---------  --------  ----------  --------------  -------------------
/opt/airflow/dags/etl.py                           1           0  0.11s           2026-09-20T16:14:03
================================================================================
[2026-09-20T16:14:33.762+0000] {manager.py:878} INFO - 
================================================================================
DAG File Processing Stats

File Path                 PID    Runtime      # DAGs    # Errors  Last Runtime    Last Run
------------------------  -----  ---------  --------  ----------  --------------  -------------------
/opt/airflow/dags/etl.py                           1           0  0.11s           2026-09-20T16:14:33
================================================================================
[2026-09-20T16:15:04.096+0000] {manager.py:878} INFO - 
================================================================================
DAG File Processing Stats

File Path                 PID    Runtime      # DAGs    # Errors  Last Runtime    Last Run
------------------------  -----  ---------  --------  ----------  --------------  -------------------
/opt/airflow/dags/etl.py                           1           0  0.11s           2026-09-20T16:15:04
================================================================================
[2026-09-20T16:15:34.415+0000] {manager.py:878} INFO - 
================================================================================
DAG File Processing Stats

File Path                 PID    Runtime      # DAGs    # Errors  Last Runtime    Last Run
------------------------  -----  ---------  --------  ----------  --------------  -------------------
/opt/airflow/dags/etl.py                           1           0  0.11s           2026-09-20T16:15:34
================================================================================
[2026-09-20T16:16:04.752+0000] {manager.py:878} INFO - 
================================================================================
DAG File Processing Stats

File Path                 PID    Runtime      # DAGs    # Errors  Last Runtime    Last Run
------------------------  -----  ---------  --------  ----------  --------------  -------------------
/opt/airflow/dags/etl.py                           1           0  0.10s           2026-09-20T16:16:04
================================================================================
[2026-09-20T16:16:35.084+0000] {manager.py:878} INFO - 
================================================================================
DAG File Processing Stats

File Path                 PID    Runtime      # DAGs    # Errors  Last Runtime    Last Run
------------------------  -----  ---------  --------  ----------  --------------  -------------------
/opt/airflow/dags/etl.py                           1           0  0.11s           2026-09-20T16:16:35
================================================================================
[2026-09-20T16:17:05.498+0000] {manager.py:878} INFO - 
================================================================================
DAG File Processing Stats

File Path                 PID    Runtime      # DAGs    # Errors  Last Runtime    Last Run
------------------------  -----  ---------  --------  ----------  --------------  -------------------
/opt/airflow/dags/etl.py                           1           0  0.21s           2026-09-20T16:17:05
================================================================================
[2026-09-20T16:17:31.436+0000] {manager.py:737} INFO - Searching for files in /opt/airflow/dags
[2026-09-20T16:17:31.439+0000] {manager.py:740} INFO - There are 1 files in /opt/airflow/dags
[2026-09-20T16:17:35.804+0000] {manager.py:878} INFO - 
================================================================================
DAG File Processing Stats

File Path                 PID    Runtime      # DAGs    # Errors  Last Runtime    Last Run
------------------------  -----  ---------  --------  ----------  --------------  -------------------
/opt/airflow/dags/etl.py                           1           0  0.21s           2026-09-20T16:17:35
================================================================================
[2026-09-20T16:18:06.234+0000] {manager.py:878} INFO - 
================================================================================
DAG File Processing Stats

File Path                 PID    Runtime      # DAGs    # Errors  Last Runtime    Last Run
------------------------  -----  ---------  --------  ----------  --------------  -------------------
/opt/airflow/dags/etl.py                           1           0  0.31s           2026-09-20T16:18:06
================================================================================
[2026-09-20T16:18:36.609+0000] {manager.py:878} INFO - 
================================================================================
DAG File Processing Stats

File Path                 PID    Runtime      # DAGs    # Errors  Last Runtime    Last Run
------------------------  -----  ---------  --------  ----------  --------------  -------------------
/opt/airflow/dags/etl.py                           1           0  0.31s           2026-09-20T16:18:36
================================================================================
[2026-09-20T16:19:06.952+0000] {manager.py:878} INFO - 
================================================================================
DAG File Processing Stats

File Path                 PID    Runtime      # DAGs    # Errors  Last Runtime    Last Run
------------------------  -----  ---------  --------  ----------  --------------  -------------------
/opt/airflow/dags/etl.py                           1           0  0.31s           2026-09-20T16:19:06
================================================================================
[2026-09-20T16:19:37.266+0000] {manager.py:878} INFO - 
================================================================================
DAG File Processing Stats

File Path                 PID    Runtime      # DAGs    # Errors  Last Runtime    Last Run
------------------------  -----  ---------  --------  ----------  --------------  -------------------
/opt/airflow/dags/etl.py                           1           0  0.31s           2026-09-20T16:19:37
================================================================================
[2026-09-20T16:20:07.588+0000] {manager.py:878} INFO - 
================================================================================
DAG File Processing Stats

File Path                 PID    Runtime      # DAGs    # Errors  Last Runtime    Last Run
------------------------  -----  ---------  --------  ----------  --------------  -------------------
/opt/airflow/dags/etl.py                           1           0  0.31s           2026-09-20T16:20:07
================================================================================
[2026-09-20T16:20:37.916+0000] {manager.py:878} INFO - 
================================================================================
DAG File Processing Stats

File Path                 PID    Runtime      # DAGs    # Errors  Last Runtime    Last Run
------------------------  -----  ---------  --------  ----------  --------------  -------------------
/opt/airflow/dags/etl.py                           1           0  0.31s           2026-09-20T16:20:37
================================================================================
[2026-09-20T16:21:08.169+0000] {manager.py:878} INFO - 
================================================================================
DAG File Processing Stats

File Path                 PID    Runtime      # DAGs    # Errors  Last Runtime    Last Run
------------------------  -----  ---------  --------  ----------  --------------  -------------------
/opt/airflow/dags/etl.py                           1           0  0.11s           2026-09-20T16:21:08
================================================================================
[2026-09-20T16:21:38.457+0000] {manager.py:878} INFO - 
================================================================================
DAG File Processing Stats

File Path                 PID    Runtime      # DAGs    # Errors  Last Runtime    Last Run
------------------------  -----  ---------  --------  ----------  --------------  -------------------
/opt/airflow/dags/etl.py                           1           0  0.21s           2026-09-20T16:21:38
================================================================================
[2026-09-20T16:22:08.740+0000] {manager.py:878} INFO - 
================================================================================
DAG File Processing Stats

File Path                 PID    Runtime      # DAGs    # Errors  Last Runtime    Last Run
------------------------  -----  ---------  --------  ----------  --------------  -------------------
/opt/airflow/dags/etl.py                           1           0  0.21s           2026-09-20T16:22:08
================================================================================
[2026-09-20T16:22:31.502+0000] {manager.py:737} INFO - Searching for files in /opt/airflow/dags
[2026-09-20T16:22:31.504+0000] {manager.py:740} INFO - There are 1 files in /opt/airflow/dags
[2026-09-20T16:22:38.935+0000] {manager.py:878} INFO - 
================================================================================
DAG File Processing Stats

File Path                 PID    Runtime      # DAGs    # Errors  Last Runtime    Last Run
------------------------  -----  ---------  --------  ----------  --------------  -------------------
/opt/airflow/dags/etl.py                           1           0  0.10s           2026-09-20T16:22:38
================================================================================
[2026-09-20T16:23:09.416+0000] {manager.py:878} INFO - 
================================================================================
DAG File Processing Stats

File Path                 PID    Runtime      # DAGs    # Errors  Last Runtime    Last Run
------------------------  -----  ---------  --------  ----------  --------------  -------------------
/opt/airflow/dags/etl.py                           1           0  0.21s           2026-09-20T16:23:09
================================================================================
[2026-09-20T16:23:39.755+0000] {manager.py:878} INFO - 
================================================================================
DAG File Processing Stats

File Path                 PID    Runtime      # DAGs    # Errors  Last Runtime    Last Run
------------------------  -----  ---------  --------  ----------  --------------  -------------------
/opt/airflow/dags/etl.py                           1           0  0.21s           2026-09-20T16:23:39
================================================================================
[2026-09-20T16:24:10.108+0000] {manager.py:878} INFO - 
================================================================================
DAG File Processing Stats

File Path                 PID    Runtime      # DAGs    # Errors  Last Runtime    Last Run
------------------------  -----  ---------  --------  ----------  --------------  -------------------
/opt/airflow/dags/etl.py                           1           0  0.21s           2026-09-20T16:24:10
================================================================================
[2026-09-20T16:24:40.470+0000] {manager.py:878} INFO - 
================================================================================
DAG File Processing Stats

File Path                 PID    Runtime      # DAGs    # Errors  Last Runtime    Last Run
------------------------  -----  ---------  --------  ----------  --------------  -------------------
/opt/airflow/dags/etl.py                           1           0  0.21s           2026-09-20T16:24:40
================================================================================
[2026-09-20T16:25:10.712+0000] {manager.py:878} INFO - 
================================================================================
DAG File Processing Stats

File Path                 PID    Runtime      # DAGs    # Errors  Last Runtime    Last Run
------------------------  -----  ---------  --------  ----------  --------------  -------------------
/opt/airflow/dags/etl.py                           1           0  0.11s           2026-09-20T16:25:10
================================================================================
[2026-09-20T16:25:41.159+0000] {manager.py:878} INFO - 
================================================================================
DAG File Processing Stats

File Path                 PID    Runtime      # DAGs    # Errors  Last Runtime    Last Run
------------------------  -----  ---------  --------  ----------  --------------  -------------------
/opt/airflow/dags/etl.py                           1           0  0.21s           2026-09-20T16:25:41
================================================================================
[2026-09-20T16:26:11.479+0000] {manager.py:878} INFO - 
================================================================================
DAG File Processing Stats

File Path                 PID    Runtime      # DAGs    # Errors  Last Runtime    Last Run
------------------------  -----  ---------  --------  ----------  --------------  -------------------
/opt/airflow/dags/etl.py                           1           0  0.21s           2026-09-20T16:26:11
================================================================================
[2026-09-20T16:26:41.834+0000] {manager.py:878} INFO - 
================================================================================
DAG File Processing Stats

File Path                 PID    Runtime      # DAGs    # Errors  Last Runtime    Last Run
------------------------  -----  ---------  --------  ----------  --------------  -------------------
/opt/airflow/dags/etl.py                           1           0  0.21s           2026-09-20T16:26:41
================================================================================
[2026-09-20T16:27:12.186+0000] {manager.py:878} INFO - 
================================================================================
DAG File Processing Stats

File Path                 PID    Runtime      # DAGs    # Errors  Last Runtime    Last Run
------------------------  -----  ---------  --------  ----------  --------------  -------------------
/opt/airflow/dags/etl.py                           1           0  0.21s           2026-09-20T16:27:12
================================================================================
[2026-09-20T16:27:31.564+0000] {manager.py:737} INFO - Searching for files in /opt/airflow/dags
[2026-09-20T16:27:31.566+0000] {manager.py:740} INFO - There are 1 files in /opt/airflow/dags
[2026-09-20T16:27:42.528+0000] {manager.py:878} INFO - 
================================================================================
DAG File Processing Stats

File Path                 PID    Runtime      # DAGs    # Errors  Last Runtime    Last Run
------------------------  -----  ---------  --------  ----------  --------------  -------------------
/opt/airflow/dags/etl.py                           1           0  0.21s           2026-09-20T16:27:42
================================================================================
[2026-09-20T16:28:12.826+0000] {manager.py:878} INFO - 
================================================================================
DAG File Processing Stats

File Path                 PID    Runtime      # DAGs    # Errors  Last Runtime    Last Run
------------------------  -----  ---------  --------  ----------  --------------  -------------------
/opt/airflow/dags/etl.py                           1           0  0.21s           2026-09-20T16:28:12
================================================================================
[2026-09-20T16:28:43.144+0000] {manager.py:878} INFO - 
================================================================================
DAG File Processing Stats

File Path                 PID    Runtime      # DAGs    # Errors  Last Runtime    Last Run
------------------------  -----  ---------  --------  ----------  --------------  -------------------
/opt/airflow/dags/etl.py                           1           0  0.21s           2026-09-20T16:28:43
================================================================================
[2026-09-20T16:29:13.492+0000] {manager.py:878} INFO - 
================================================================================
DAG File Processing Stats

File Path                 PID    Runtime      # DAGs    # Errors  Last Runtime    Last Run
------------------------  -----  ---------  --------  ----------  --------------  -------------------
/opt/airflow/dags/etl.py                           1           0  0.21s           2026-09-20T16:29:13
================================================================================
[2026-09-20T16:29:43.707+0000] {manager.py:878} INFO - 
================================================================================
DAG File Processing Stats

File Path                 PID    Runtime      # DAGs    # Errors  Last Runtime    Last Run
------------------------  -----  ---------  --------  ----------  --------------  -------------------
/opt/airflow/dags/etl.py                           1           0  0.11s           2026-09-20T16:29:43
================================================================================
[2026-09-20T16:30:14.105+0000] {manager.py:878} INFO - 
================================================================================
DAG File Processing Stats

File Path                 PID    Runtime      # DAGs    # Errors  Last Runtime    Last Run
------------------------  -----  ---------  --------  ----------  --------------  -------------------
/opt/airflow/dags/etl.py                           1           0  0.21s           2026-09-20T16:30:14
================================================================================
[2026-09-20T16:30:44.324+0000] {manager.py:878} INFO - 
================================================================================
DAG File Processing Stats

File Path                 PID    Runtime      # DAGs    # Errors  Last Runtime    Last Run
------------------------  -----  ---------  --------  ----------  --------------  -------------------
/opt/airflow/dags/etl.py                           1           0  0.11s           2026-09-20T16:30:44
================================================================================
[2026-09-20T16:31:14.738+0000] {manager.py:878} INFO - 
================================================================================
DAG File Processing Stats

File Path                 PID    Runtime      # DAGs    # Errors  Last Runtime    Last Run
------------------------  -----  ---------  --------  ----------  --------------  -------------------
/opt/airflow/dags/etl.py                           1           0  0.21s           2026-09-20T16:31:14
================================================================================
[2026-09-20T16:31:44.914+0000] {manager.py:878} INFO - 
================================================================================
DAG File Processing Stats

File Path                 PID    Runtime      # DAGs    # Errors  Last Runtime    Last Run
------------------------  -----  ---------  --------  ----------  --------------  -------------------
/opt/airflow/dags/etl.py                           1           0  0.11s           2026-09-20T16:31:44
================================================================================
[2026-09-20T16:32:15.240+0000] {manager.py:878} INFO - 
================================================================================
DAG File Processing Stats

File Path                 PID    Runtime      # DAGs    # Errors  Last Runtime    Last Run
------------------------  -----  ---------  --------  ----------  --------------  -------------------
/opt/airflow/dags/etl.py                           1           0  0.10s           2026-09-20T16:32:15
================================================================================
[2026-09-20T16:32:31.626+0000] {manager.py:737} INFO - Searching for files in /opt/airflow/dags
[2026-09-20T16:32:31.628+0000] {manager.py:740} INFO - There are 1 files in /opt/airflow/dags
[2026-09-20T16:32:45.655+0000] {manager.py:878} INFO - 
================================================================================
DAG File Processing Stats

File Path                 PID    Runtime      # DAGs    # Errors  Last Runtime    Last Run
------------------------  -----  ---------  --------  ----------  --------------  -------------------
/opt/airflow/dags/etl.py                           1           0  0.21s           2026-09-20T16:32:45
================================================================================
[2026-09-20T16:33:15.986+0000] {manager.py:878} INFO - 
================================================================================
DAG File Processing Stats

File Path                 PID    Runtime      # DAGs    # Errors  Last Runtime    Last Run
------------------------  -----  ---------  --------  ----------  --------------  -------------------
/opt/airflow/dags/etl.py                           1           0  0.21s           2026-09-20T16:33:15
================================================================================
[2026-09-20T16:33:46.316+0000] {manager.py:878} INFO - 
================================================================================
DAG File Processing Stats

File Path                 PID    Runtime      # DAGs    # Errors  Last Runtime    Last Run
------------------------  -----  ---------  --------  ----------  --------------  -------------------
/opt/airflow/dags/etl.py                           1           0  0.21s           2026-09-20T16:33:46
================================================================================
[2026-09-20T16:34:16.530+0000] {manager.py:878} INFO - 
================================================================================
DAG File Processing Stats

File Path                 PID    Runtime      # DAGs    # Errors  Last Runtime    Last Run
------------------------  -----  ---------  --------  ----------  --------------  -------------------
/opt/airflow/dags/etl.py                           1           0  0.11s           2026-09-20T16:34:16
================================================================================
[2026-09-20T16:34:46.935+0000] {manager.py:878} INFO - 
================================================================================
DAG File Processing Stats

File Path                 PID    Runtime      # DAGs    # Errors  Last Runtime    Last Run
------------------------  -----  ---------  --------  ----------  --------------  -------------------
/opt/airflow/dags/etl.py                           1           0  0.21s           2026-09-20T16:34:46
================================================================================
[2026-09-20T16:35:17.270+0000] {manager.py:878} INFO - 
================================================================================
DAG File Processing Stats

File Path                 PID    Runtime      # DAGs    # Errors  Last Runtime    Last Run
------------------------  -----  ---------  --------  ----------  --------------  -------------------
/opt/airflow/dags/etl.py                           1           0  0.21s           2026-09-20T16:35:17
================================================================================
[2026-09-20T16:35:47.626+0000] {manager.py:878} INFO - 
================================================================================
DAG File Processing Stats

File Path                 PID    Runtime      # DAGs    # Errors  Last Runtime    Last Run
------------------------  -----  ---------  --------  ----------  --------------  -------------------
/opt/airflow/dags/etl.py                           1           0  0.21s           2026-09-20T16:35:47
================================================================================
[2026-09-20T16:36:17.957+0000] {manager.py:878} INFO - 
================================================================================
DAG File Processing Stats

File Path                 PID    Runtime      # DAGs    # Errors  Last Runtime    Last Run
------------------------  -----  ---------  --------  ----------  --------------  -------------------
/opt/airflow/dags/etl.py                           1           0  0.21s           2026-09-20T16:36:17
================================================================================
[2026-09-20T16:36:48.260+0000] {manager.py:878} INFO - 
================================================================================
DAG File Processing Stats

File Path                 PID    Runtime      # DAGs    # Errors  Last Runtime    Last Run
------------------------  -----  ---------  --------  ----------  --------------  -------------------
/opt/airflow/dags/etl.py                           1           0  0.21s           2026-09-20T16:36:48
================================================================================
[2026-09-20T16:37:18.613+0000] {manager.py:878} INFO - 
================================================================================
DAG File Processing Stats

File Path                 PID    Runtime      # DAGs    # Errors  Last Runtime    Last Run
------------------------  -----  ---------  --------  ----------  --------------  -------------------
/opt/airflow/dags/etl.py                           1           0  0.21s           2026-09-20T16:37:18
================================================================================
[2026-09-20T16:37:31.702+0000] {manager.py:737} INFO - Searching for files in /opt/airflow/dags
[2026-09-20T16:37:31.704+0000] {manager.py:740} INFO - There are 1 files in /opt/airflow/dags
[2026-09-20T16:37:48.960+0000] {manager.py:878} INFO - 
================================================================================
DAG File Processing Stats

File Path                 PID    Runtime      # DAGs    # Errors  Last Runtime    Last Run
------------------------  -----  ---------  --------  ----------  --------------  -------------------
/opt/airflow/dags/etl.py                           1           0  0.21s           2026-09-20T16:37:48
================================================================================
[2026-09-20T16:38:19.306+0000] {manager.py:878} INFO - 
================================================================================
DAG File Processing Stats

File Path                 PID    Runtime      # DAGs    # Errors  Last Runtime    Last Run
------------------------  -----  ---------  --------  ----------  --------------  -------------------
/opt/airflow/dags/etl.py                           1           0  0.21s           2026-09-20T16:38:19
================================================================================
[2026-09-20T16:38:49.655+0000] {manager.py:878} INFO - 
================================================================================
DAG File Processing Stats

File Path                 PID    Runtime      # DAGs    # Errors  Last Runtime    Last Run
------------------------  -----  ---------  --------  ----------  --------------  -------------------
/opt/airflow/dags/etl.py                           1           0  0.21s           2026-09-20T16:38:49
================================================================================
[2026-09-20T16:39:19.989+0000] {manager.py:878} INFO - 
================================================================================
DAG File Processing Stats

File Path                 PID    Runtime      # DAGs    # Errors  Last Runtime    Last Run
------------------------  -----  ---------  --------  ----------  --------------  -------------------
/opt/airflow/dags/etl.py                           1           0  0.21s           2026-09-20T16:39:19
================================================================================
[2026-09-20T16:39:50.336+0000] {manager.py:878} INFO - 
================================================================================
DAG File Processing Stats

File Path                 PID    Runtime      # DAGs    # Errors  Last Runtime    Last Run
------------------------  -----  ---------  --------  ----------  --------------  -------------------
/opt/airflow/dags/etl.py                           1           0  0.21s           2026-09-20T16:39:50
================================================================================
[2026-09-20T16:40:20.677+0000] {manager.py:878} INFO - 
================================================================================
DAG File Processing Stats

File Path                 PID    Runtime      # DAGs    # Errors  Last Runtime    Last Run
------------------------  -----  ---------  --------  ----------  --------------  -------------------
/opt/airflow/dags/etl.py                           1           0  0.21s           2026-09-20T16:40:20
================================================================================
[2026-09-20T16:40:51.001+0000] {manager.py:878} INFO - 
================================================================================
DAG File Processing Stats

File Path                 PID    Runtime      # DAGs    # Errors  Last Runtime    Last Run
------------------------  -----  ---------  --------  ----------  --------------  -------------------
/opt/airflow/dags/etl.py                           1           0  0.21s           2026-09-20T16:40:50
================================================================================
[2026-09-20T16:41:21.233+0000] {manager.py:878} INFO - 
================================================================================
DAG File Processing Stats

File Path                 PID    Runtime      # DAGs    # Errors  Last Runtime    Last Run
------------------------  -----  ---------  --------  ----------  --------------  -------------------
/opt/airflow/dags/etl.py                           1           0  0.11s           2026-09-20T16:41:21
================================================================================
[2026-09-20T16:41:51.569+0000] {manager.py:878} INFO - 
================================================================================
DAG File Processing Stats

File Path                 PID    Runtime      # DAGs    # Errors  Last Runtime    Last Run
------------------------  -----  ---------  --------  ----------  --------------  -------------------
/opt/airflow/dags/etl.py                           1           0  0.21s           2026-09-20T16:41:51
================================================================================
[2026-09-20T16:42:21.912+0000] {manager.py:878} INFO - 
================================================================================
DAG File Processing Stats

File Path                 PID    Runtime      # DAGs    # Errors  Last Runtime    Last Run
------------------------  -----  ---------  --------  ----------  --------------  -------------------
/opt/airflow/dags/etl.py                           1           0  0.21s           2026-09-20T16:42:21
================================================================================
[2026-09-20T16:42:31.765+0000] {manager.py:737} INFO - Searching for files in /opt/airflow/dags
[2026-09-20T16:42:31.767+0000] {manager.py:740} INFO - There are 1 files in /opt/airflow/dags
[2026-09-20T16:42:52.107+0000] {manager.py:878} INFO - 
================================================================================
DAG File Processing Stats

File Path                 PID    Runtime      # DAGs    # Errors  Last Runtime    Last Run
------------------------  -----  ---------  --------  ----------  --------------  -------------------
/opt/airflow/dags/etl.py                           1           0  0.11s           2026-09-20T16:42:52
================================================================================
[2026-09-20T16:43:22.398+0000] {manager.py:878} INFO - 
================================================================================
DAG File Processing Stats

File Path                 PID    Runtime      # DAGs    # Errors  Last Runtime    Last Run
------------------------  -----  ---------  --------  ----------  --------------  -------------------
/opt/airflow/dags/etl.py                           1           0  0.21s           2026-09-20T16:43:22
================================================================================
[2026-09-20T16:43:52.705+0000] {manager.py:878} INFO - 
================================================================================
DAG File Processing Stats

File Path                 PID    Runtime      # DAGs    # Errors  Last Runtime    Last Run
------------------------  -----  ---------  --------  ----------  --------------  -------------------
/opt/airflow/dags/etl.py                           1           0  0.21s           2026-09-20T16:43:52
================================================================================
[2026-09-20T16:44:22.907+0000] {manager.py:878} INFO - 
================================================================================
DAG File Processing Stats

File Path                 PID    Runtime      # DAGs    # Errors  Last Runtime    Last Run
------------------------  -----  ---------  --------  ----------  --------------  -------------------
/opt/airflow/dags/etl.py                           1           0  0.11s           2026-09-20T16:44:22
================================================================================
[2026-09-20T16:44:53.200+0000] {manager.py:878} INFO - 
================================================================================
DAG File Processing Stats

File Path                 PID    Runtime      # DAGs    # Errors  Last Runtime    Last Run
------------------------  -----  ---------  --------  ----------  --------------  -------------------
/opt/airflow/dags/etl.py                           1           0  0.21s           2026-09-20T16:44:53
================================================================================
[2026-09-20T16:45:23.505+0000] {manager.py:878} INFO - 
================================================================================
DAG File Processing Stats

File Path                 PID    Runtime      # DAGs    # Errors  Last Runtime    Last Run
------------------------  -----  ---------  --------  ----------  --------------  -------------------
/opt/airflow/dags/etl.py                           1           0  0.21s           2026-09-20T16:45:23
================================================================================
[2026-09-20T16:45:53.814+0000] {manager.py:878} INFO - 
================================================================================
DAG File Processing Stats

File Path                 PID    Runtime      # DAGs    # Errors  Last Runtime    Last Run
------------------------  -----  ---------  --------  ----------  --------------  -------------------
/opt/airflow/dags/etl.py                           1           0  0.21s           2026-09-20T16:45:53
================================================================================
[2026-09-20T16:46:24.117+0000] {manager.py:878} INFO - 
================================================================================
DAG File Processing Stats

File Path                 PID    Runtime      # DAGs    # Errors  Last Runtime    Last Run
------------------------  -----  ---------  --------  ----------  --------------  -------------------
/opt/airflow/dags/etl.py                           1           0  0.21s           2026-09-20T16:46:24
================================================================================
[2026-09-20T16:46:54.425+0000] {manager.py:878} INFO - 
================================================================================
DAG File Processing Stats

File Path                 PID    Runtime      # DAGs    # Errors  Last Runtime    Last Run
------------------------  -----  ---------  --------  ----------  --------------  -------------------
/opt/airflow/dags/etl.py                           1           0  0.21s           2026-09-20T16:46:54
================================================================================
[2026-09-20T16:47:24.727+0000] {manager.py:878} INFO - 
================================================================================
DAG File Processing Stats

File Path                 PID    Runtime      # DAGs    # Errors  Last Runtime    Last Run
------------------------  -----  ---------  --------  ----------  --------------  -------------------
/opt/airflow/dags/etl.py                           1           0  0.21s           2026-09-20T16:47:24
================================================================================
[2026-09-20T16:47:31.833+0000] {manager.py:737} INFO - Searching for files in /opt/airflow/dags
[2026-09-20T16:47:31.835+0000] {manager.py:740} INFO - There are 1 files in /opt/airflow/dags
[2026-09-20T16:47:55.026+0000] {manager.py:878} INFO - 
================================================================================
DAG File Processing Stats

File Path                 PID    Runtime      # DAGs    # Errors  Last Runtime    Last Run
------------------------  -----  ---------  --------  ----------  --------------  -------------------
/opt/airflow/dags/etl.py                           1           0  0.21s           2026-09-20T16:47:55
================================================================================
[2026-09-20T16:48:25.327+0000] {manager.py:878} INFO - 
================================================================================
DAG File Processing Stats

File Path                 PID    Runtime      # DAGs    # Errors  Last Runtime    Last Run
------------------------  -----  ---------  --------  ----------  --------------  -------------------
/opt/airflow/dags/etl.py                           1           0  0.21s           2026-09-20T16:48:25
================================================================================
[2026-09-20T16:48:55.587+0000] {manager.py:878} INFO - 
================================================================================
DAG File Processing Stats

File Path                 PID    Runtime      # DAGs    # Errors  Last Runtime    Last Run
------------------------  -----  ---------  --------  ----------  --------------  -------------------
/opt/airflow/dags/etl.py                           1           0  0.21s           2026-09-20T16:48:55
================================================================================
[2026-09-20T16:49:25.903+0000] {manager.py:878} INFO - 
================================================================================
DAG File Processing Stats

File Path                 PID    Runtime      # DAGs    # Errors  Last Runtime    Last Run
------------------------  -----  ---------  --------  ----------  --------------  -------------------
/opt/airflow/dags/etl.py                           1           0  0.21s           2026-09-20T16:49:25
================================================================================
[2026-09-20T16:49:56.213+0000] {manager.py:878} INFO - 
================================================================================
DAG File Processing Stats

File Path                 PID    Runtime      # DAGs    # Errors  Last Runtime    Last Run
------------------------  -----  ---------  --------  ----------  --------------  -------------------
/opt/airflow/dags/etl.py                           1           0  0.21s           2026-09-20T16:49:56
================================================================================
[2026-09-20T16:50:26.523+0000] {manager.py:878} INFO - 
================================================================================
DAG File Processing Stats

File Path                 PID    Runtime      # DAGs    # Errors  Last Runtime    Last Run
------------------------  -----  ---------  --------  ----------  --------------  -------------------
/opt/airflow/dags/etl.py                           1           0  0.21s           2026-09-20T16:50:26
================================================================================
[2026-09-20T16:50:56.836+0000] {manager.py:878} INFO - 
================================================================================
DAG File Processing Stats

File Path                 PID    Runtime      # DAGs    # Errors  Last Runtime    Last Run
------------------------  -----  ---------  --------  ----------  --------------  -------------------
/opt/airflow/dags/etl.py                           1           0  0.21s           2026-09-20T16:50:56
================================================================================
[2026-09-20T16:51:27.146+0000] {manager.py:878} INFO - 
================================================================================
DAG File Processing Stats

File Path                 PID    Runtime      # DAGs    # Errors  Last Runtime    Last Run
------------------------  -----  ---------  --------  ----------  --------------  -------------------
/opt/airflow/dags/etl.py                           1           0  0.21s           2026-09-20T16:51:27
================================================================================
[2026-09-20T16:51:57.458+0000] {manager.py:878} INFO - 
================================================================================
DAG File Processing Stats

File Path                 PID    Runtime      # DAGs    # Errors  Last Runtime    Last Run
------------------------  -----  ---------  --------  ----------  --------------  -------------------
/opt/airflow/dags/etl.py                           1           0  0.21s           2026-09-20T16:51:57
================================================================================
[2026-09-20T16:52:27.672+0000] {manager.py:878} INFO - 
================================================================================
DAG File Processing Stats

File Path                 PID    Runtime      # DAGs    # Errors  Last Runtime    Last Run
------------------------  -----  ---------  --------  ----------  --------------  -------------------
/opt/airflow/dags/etl.py                           1           0  0.11s           2026-09-20T16:52:27
================================================================================
[2026-09-20T16:52:31.896+0000] {manager.py:737} INFO - Searching for files in /opt/airflow/dags
[2026-09-20T16:52:31.898+0000] {manager.py:740} INFO - There are 1 files in /opt/airflow/dags
[2026-09-20T16:52:57.961+0000] {manager.py:878} INFO - 
================================================================================
DAG File Processing Stats

File Path                 PID    Runtime      # DAGs    # Errors  Last Runtime    Last Run
------------------------  -----  ---------  --------  ----------  --------------  -------------------
/opt/airflow/dags/etl.py                           1           0  0.21s           2026-09-20T16:52:57
================================================================================
[2026-09-20T16:53:28.269+0000] {manager.py:878} INFO - 
================================================================================
DAG File Processing Stats

File Path                 PID    Runtime      # DAGs    # Errors  Last Runtime    Last Run
------------------------  -----  ---------  --------  ----------  --------------  -------------------
/opt/airflow/dags/etl.py                           1           0  0.21s           2026-09-20T16:53:28
================================================================================
[2026-09-20T16:53:58.570+0000] {manager.py:878} INFO - 
================================================================================
DAG File Processing Stats

File Path                 PID    Runtime      # DAGs    # Errors  Last Runtime    Last Run
------------------------  -----  ---------  --------  ----------  --------------  -------------------
/opt/airflow/dags/etl.py                           1           0  0.21s           2026-09-20T16:53:58
================================================================================
[2026-09-20T16:54:28.870+0000] {manager.py:878} INFO - 
================================================================================
DAG File Processing Stats

File Path                 PID    Runtime      # DAGs    # Errors  Last Runtime    Last Run
------------------------  -----  ---------  --------  ----------  --------------  -------------------
/opt/airflow/dags/etl.py                           1           0  0.21s           2026-09-20T16:54:28
================================================================================
[2026-09-20T16:54:59.074+0000] {manager.py:878} INFO - 
================================================================================
DAG File Processing Stats

File Path                 PID    Runtime      # DAGs    # Errors  Last Runtime    Last Run
------------------------  -----  ---------  --------  ----------  --------------  -------------------
/opt/airflow/dags/etl.py                           1           0  0.11s           2026-09-20T16:54:59
================================================================================
[2026-09-20T16:55:29.268+0000] {manager.py:878} INFO - 
================================================================================
DAG File Processing Stats

File Path                 PID    Runtime      # DAGs    # Errors  Last Runtime    Last Run
------------------------  -----  ---------  --------  ----------  --------------  -------------------
/opt/airflow/dags/etl.py                           1           0  0.12s           2026-09-20T16:55:29
================================================================================
[2026-09-20T16:55:59.555+0000] {manager.py:878} INFO - 
================================================================================
DAG File Processing Stats

File Path                 PID    Runtime      # DAGs    # Errors  Last Runtime    Last Run
------------------------  -----  ---------  --------  ----------  --------------  -------------------
/opt/airflow/dags/etl.py                           1           0  0.21s           2026-09-20T16:55:59
================================================================================
[2026-09-20T16:56:29.855+0000] {manager.py:878} INFO - 
================================================================================
DAG File Processing Stats

File Path                 PID    Runtime      # DAGs    # Errors  Last Runtime    Last Run
------------------------  -----  ---------  --------  ----------  --------------  -------------------
/opt/airflow/dags/etl.py                           1           0  0.21s           2026-09-20T16:56:29
================================================================================
[2026-09-20T16:57:00.144+0000] {manager.py:878} INFO - 
================================================================================
DAG File Processing Stats

File Path                 PID    Runtime      # DAGs    # Errors  Last Runtime    Last Run
------------------------  -----  ---------  --------  ----------  --------------  -------------------
/opt/airflow/dags/etl.py                           1           0  0.21s           2026-09-20T16:57:00
================================================================================
[2026-09-20T16:57:30.446+0000] {manager.py:878} INFO - 
================================================================================
DAG File Processing Stats

File Path                 PID    Runtime      # DAGs    # Errors  Last Runtime    Last Run
------------------------  -----  ---------  --------  ----------  --------------  -------------------
/opt/airflow/dags/etl.py                           1           0  0.21s           2026-09-20T16:57:30
================================================================================
[2026-09-20T16:57:31.959+0000] {manager.py:737} INFO - Searching for files in /opt/airflow/dags
[2026-09-20T16:57:31.961+0000] {manager.py:740} INFO - There are 1 files in /opt/airflow/dags
[2026-09-20T16:58:00.739+0000] {manager.py:878} INFO - 
================================================================================
DAG File Processing Stats

File Path                 PID    Runtime      # DAGs    # Errors  Last Runtime    Last Run
------------------------  -----  ---------  --------  ----------  --------------  -------------------
/opt/airflow/dags/etl.py                           1           0  0.21s           2026-09-20T16:58:00
================================================================================
[2026-09-20T16:58:31.041+0000] {manager.py:878} INFO - 
================================================================================
DAG File Processing Stats

File Path                 PID    Runtime      # DAGs    # Errors  Last Runtime    Last Run
------------------------  -----  ---------  --------  ----------  --------------  -------------------
/opt/airflow/dags/etl.py                           1           0  0.21s           2026-09-20T16:58:31
================================================================================
[2026-09-20T16:59:01.227+0000] {manager.py:878} INFO - 
================================================================================
DAG File Processing Stats

File Path                 PID    Runtime      # DAGs    # Errors  Last Runtime    Last Run
------------------------  -----  ---------  --------  ----------  --------------  -------------------
/opt/airflow/dags/etl.py                           1           0  0.11s           2026-09-20T16:59:01
================================================================================
[2026-09-20T16:59:31.521+0000] {manager.py:878} INFO - 
================================================================================
DAG File Processing Stats

File Path                 PID    Runtime      # DAGs    # Errors  Last Runtime    Last Run
------------------------  -----  ---------  --------  ----------  --------------  -------------------
/opt/airflow/dags/etl.py                           1           0  0.21s           2026-09-20T16:59:31
================================================================================
[2026-09-20T17:00:01.828+0000] {manager.py:878} INFO - 
================================================================================
DAG File Processing Stats

File Path                 PID    Runtime      # DAGs    # Errors  Last Runtime    Last Run
------------------------  -----  ---------  --------  ----------  --------------  -------------------
/opt/airflow/dags/etl.py                           1           0  0.21s           2026-09-20T17:00:01
================================================================================
[2026-09-20T17:00:32.128+0000] {manager.py:878} INFO - 
================================================================================
DAG File Processing Stats

File Path                 PID    Runtime      # DAGs    # Errors  Last Runtime    Last Run
------------------------  -----  ---------  --------  ----------  --------------  -------------------
/opt/airflow/dags/etl.py                           1           0  0.21s           2026-09-20T17:00:32
================================================================================
[2026-09-20T17:01:02.436+0000] {manager.py:878} INFO - 
================================================================================
DAG File Processing Stats

File Path                 PID    Runtime      # DAGs    # Errors  Last Runtime    Last Run
------------------------  -----  ---------  --------  ----------  --------------  -------------------
/opt/airflow/dags/etl.py                           1           0  0.21s           2026-09-20T17:01:02
================================================================================
[2026-09-20T17:01:32.734+0000] {manager.py:878} INFO - 
================================================================================
DAG File Processing Stats

File Path                 PID    Runtime      # DAGs    # Errors  Last Runtime    Last Run
------------------------  -----  ---------  --------  ----------  --------------  -------------------
/opt/airflow/dags/etl.py                           1           0  0.21s           2026-09-20T17:01:32
================================================================================
[2026-09-20T17:02:02.946+0000] {manager.py:878} INFO - 
================================================================================
DAG File Processing Stats

File Path                 PID    Runtime      # DAGs    # Errors  Last Runtime    Last Run
------------------------  -----  ---------  --------  ----------  --------------  -------------------
/opt/airflow/dags/etl.py                           1           0  0.11s           2026-09-20T17:02:02
================================================================================
[2026-09-20T17:02:32.021+0000] {manager.py:737} INFO - Searching for files in /opt/airflow/dags
[2026-09-20T17:02:32.023+0000] {manager.py:740} INFO - There are 1 files in /opt/airflow/dags
[2026-09-20T17:02:33.242+0000] {manager.py:878} INFO - 
================================================================================
DAG File Processing Stats

File Path                 PID    Runtime      # DAGs    # Errors  Last Runtime    Last Run
------------------------  -----  ---------  --------  ----------  --------------  -------------------
/opt/airflow/dags/etl.py                           1           0  0.21s           2026-09-20T17:02:33
================================================================================
[2026-09-20T17:03:03.553+0000] {manager.py:878} INFO - 
================================================================================
DAG File Processing Stats

File Path                 PID    Runtime      # DAGs    # Errors  Last Runtime    Last Run
------------------------  -----  ---------  --------  ----------  --------------  -------------------
/opt/airflow/dags/etl.py                           1           0  0.21s           2026-09-20T17:03:03
================================================================================
[2026-09-20T17:03:33.861+0000] {manager.py:878} INFO - 
================================================================================
DAG File Processing Stats

File Path                 PID    Runtime      # DAGs    # Errors  Last Runtime    Last Run
------------------------  -----  ---------  --------  ----------  --------------  -------------------
/opt/airflow/dags/etl.py                           1           0  0.21s           2026-09-20T17:03:33
================================================================================
[2026-09-20T17:04:04.167+0000] {manager.py:878} INFO - 
================================================================================
DAG File Processing Stats

File Path                 PID    Runtime      # DAGs    # Errors  Last Runtime    Last Run
------------------------  -----  ---------  --------  ----------  --------------  -------------------
/opt/airflow/dags/etl.py                           1           0  0.21s           2026-09-20T17:04:04
================================================================================
[2026-09-20T17:04:34.473+0000] {manager.py:878} INFO - 
================================================================================
DAG File Processing Stats

File Path                 PID    Runtime      # DAGs    # Errors  Last Runtime    Last Run
------------------------  -----  ---------  --------  ----------  --------------  -------------------
/opt/airflow/dags/etl.py                           1           0  0.21s           2026-09-20T17:04:34
================================================================================
[2026-09-20T17:05:04.783+0000] {manager.py:878} INFO - 
================================================================================
DAG File Processing Stats

File Path                 PID    Runtime      # DAGs    # Errors  Last Runtime    Last Run
------------------------  -----  ---------  --------  ----------  --------------  -------------------
/opt/airflow/dags/etl.py                           1           0  0.21s           2026-09-20T17:05:04
================================================================================
[2026-09-20T17:05:35.086+0000] {manager.py:878} INFO - 
================================================================================
DAG File Processing Stats

File Path                 PID    Runtime      # DAGs    # Errors  Last Runtime    Last Run
------------------------  -----  ---------  --------  ----------  --------------  -------------------
/opt/airflow/dags/etl.py                           1           0  0.21s           2026-09-20T17:05:35
================================================================================
[2026-09-20T17:06:05.389+0000] {manager.py:878} INFO - 
================================================================================
DAG File Processing Stats

File Path                 PID    Runtime      # DAGs    # Errors  Last Runtime    Last Run
------------------------  -----  ---------  --------  ----------  --------------  -------------------
/opt/airflow/dags/etl.py                           1           0  0.21s           2026-09-20T17:06:05
================================================================================
[2026-09-20T17:06:35.690+0000] {manager.py:878} INFO - 
================================================================================
DAG File Processing Stats

File Path                 PID    Runtime      # DAGs    # Errors  Last Runtime    Last Run
------------------------  -----  ---------  --------  ----------  --------------  -------------------
/opt/airflow/dags/etl.py                           1           0  0.21s           2026-09-20T17:06:35
================================================================================
[2026-09-20T17:07:05.992+0000] {manager.py:878} INFO - 
================================================================================
DAG File Processing Stats

File Path                 PID    Runtime      # DAGs    # Errors  Last Runtime    Last Run
------------------------  -----  ---------  --------  ----------  --------------  -------------------
/opt/airflow/dags/etl.py                           1           0  0.21s           2026-09-20T17:07:05
================================================================================
[2026-09-20T17:07:32.092+0000] {manager.py:737} INFO - Searching for files in /opt/airflow/dags
[2026-09-20T17:07:32.093+0000] {manager.py:740} INFO - There are 1 files in /opt/airflow/dags
[2026-09-20T17:07:36.295+0000] {manager.py:878} INFO - 
================================================================================
DAG File Processing Stats

File Path                 PID    Runtime      # DAGs    # Errors  Last Runtime    Last Run
------------------------  -----  ---------  --------  ----------  --------------  -------------------
/opt/airflow/dags/etl.py                           1           0  0.21s           2026-09-20T17:07:36
================================================================================
[2026-09-20T17:08:06.595+0000] {manager.py:878} INFO - 
================================================================================
DAG File Processing Stats

File Path                 PID    Runtime      # DAGs    # Errors  Last Runtime    Last Run
------------------------  -----  ---------  --------  ----------  --------------  -------------------
/opt/airflow/dags/etl.py                           1           0  0.21s           2026-09-20T17:08:06
================================================================================
[2026-09-20T17:08:36.895+0000] {manager.py:878} INFO - 
================================================================================
DAG File Processing Stats

File Path                 PID    Runtime      # DAGs    # Errors  Last Runtime    Last Run
------------------------  -----  ---------  --------  ----------  --------------  -------------------
/opt/airflow/dags/etl.py                           1           0  0.21s           2026-09-20T17:08:36
================================================================================
[2026-09-20T17:09:07.198+0000] {manager.py:878} INFO - 
================================================================================
DAG File Processing Stats

File Path                 PID    Runtime      # DAGs    # Errors  Last Runtime    Last Run
------------------------  -----  ---------  --------  ----------  --------------  -------------------
/opt/airflow/dags/etl.py                           1           0  0.21s           2026-09-20T17:09:07
================================================================================
[2026-09-20T17:09:37.355+0000] {manager.py:878} INFO - 
================================================================================
DAG File Processing Stats

File Path                 PID    Runtime      # DAGs    # Errors  Last Runtime    Last Run
------------------------  -----  ---------  --------  ----------  --------------  -------------------
/opt/airflow/dags/etl.py                           1           0  0.10s           2026-09-20T17:09:37
================================================================================
[2026-09-20T17:10:07.646+0000] {manager.py:878} INFO - 
================================================================================
DAG File Processing Stats

File Path                 PID    Runtime      # DAGs    # Errors  Last Runtime    Last Run
------------------------  -----  ---------  --------  ----------  --------------  -------------------
/opt/airflow/dags/etl.py                           1           0  0.21s           2026-09-20T17:10:07
================================================================================
[2026-09-20T17:10:37.881+0000] {manager.py:878} INFO - 
================================================================================
DAG File Processing Stats

File Path                 PID    Runtime      # DAGs    # Errors  Last Runtime    Last Run
------------------------  -----  ---------  --------  ----------  --------------  -------------------
/opt/airflow/dags/etl.py                           1           0  0.21s           2026-09-20T17:10:37
================================================================================
[2026-09-20T17:11:08.163+0000] {manager.py:878} INFO - 
================================================================================
DAG File Processing Stats

File Path                 PID    Runtime      # DAGs    # Errors  Last Runtime    Last Run
------------------------  -----  ---------  --------  ----------  --------------  -------------------
/opt/airflow/dags/etl.py                           1           0  0.21s           2026-09-20T17:11:08
================================================================================
[2026-09-20T17:11:38.355+0000] {manager.py:878} INFO - 
================================================================================
DAG File Processing Stats

File Path                 PID    Runtime      # DAGs    # Errors  Last Runtime    Last Run
------------------------  -----  ---------  --------  ----------  --------------  -------------------
/opt/airflow/dags/etl.py                           1           0  0.10s           2026-09-20T17:11:38
================================================================================
[2026-09-20T17:12:08.646+0000] {manager.py:878} INFO - 
================================================================================
DAG File Processing Stats

File Path                 PID    Runtime      # DAGs    # Errors  Last Runtime    Last Run
------------------------  -----  ---------  --------  ----------  --------------  -------------------
/opt/airflow/dags/etl.py                           1           0  0.21s           2026-09-20T17:12:08
================================================================================
[2026-09-20T17:12:32.155+0000] {manager.py:737} INFO - Searching for files in /opt/airflow/dags
[2026-09-20T17:12:32.157+0000] {manager.py:740} INFO - There are 1 files in /opt/airflow/dags
[2026-09-20T17:12:38.840+0000] {manager.py:878} INFO - 
================================================================================
DAG File Processing Stats

File Path                 PID    Runtime      # DAGs    # Errors  Last Runtime    Last Run
------------------------  -----  ---------  --------  ----------  --------------  -------------------
/opt/airflow/dags/etl.py                           1           0  0.11s           2026-09-20T17:12:38
================================================================================
[2026-09-20T17:13:09.131+0000] {manager.py:878} INFO - 
================================================================================
DAG File Processing Stats

File Path                 PID    Runtime      # DAGs    # Errors  Last Runtime    Last Run
------------------------  -----  ---------  --------  ----------  --------------  -------------------
/opt/airflow/dags/etl.py                           1           0  0.21s           2026-09-20T17:13:09
================================================================================
[2026-09-20T17:13:39.437+0000] {manager.py:878} INFO - 
================================================================================
DAG File Processing Stats

File Path                 PID    Runtime      # DAGs    # Errors  Last Runtime    Last Run
------------------------  -----  ---------  --------  ----------  --------------  -------------------
/opt/airflow/dags/etl.py                           1           0  0.21s           2026-09-20T17:13:39
================================================================================
[2026-09-20T17:14:09.740+0000] {manager.py:878} INFO - 
================================================================================
DAG File Processing Stats

File Path                 PID    Runtime      # DAGs    # Errors  Last Runtime    Last Run
------------------------  -----  ---------  --------  ----------  --------------  -------------------
/opt/airflow/dags/etl.py                           1           0  0.21s           2026-09-20T17:14:09
================================================================================
[2026-09-20T17:14:40.024+0000] {manager.py:878} INFO - 
================================================================================
DAG File Processing Stats

File Path                 PID    Runtime      # DAGs    # Errors  Last Runtime    Last Run
------------------------  -----  ---------  --------  ----------  --------------  -------------------
/opt/airflow/dags/etl.py                           1           0  0.21s           2026-09-20T17:14:40
================================================================================
[2026-09-20T17:15:10.332+0000] {manager.py:878} INFO - 
================================================================================
DAG File Processing Stats

File Path                 PID    Runtime      # DAGs    # Errors  Last Runtime    Last Run
------------------------  -----  ---------  --------  ----------  --------------  -------------------
/opt/airflow/dags/etl.py                           1           0  0.21s           2026-09-20T17:15:10
================================================================================
[2026-09-20T17:15:40.640+0000] {manager.py:878} INFO - 
================================================================================
DAG File Processing Stats

File Path                 PID    Runtime      # DAGs    # Errors  Last Runtime    Last Run
------------------------  -----  ---------  --------  ----------  --------------  -------------------
/opt/airflow/dags/etl.py                           1           0  0.21s           2026-09-20T17:15:40
================================================================================
[2026-09-20T17:16:10.947+0000] {manager.py:878} INFO - 
================================================================================
DAG File Processing Stats

File Path                 PID    Runtime      # DAGs    # Errors  Last Runtime    Last Run
------------------------  -----  ---------  --------  ----------  --------------  -------------------
/opt/airflow/dags/etl.py                           1           0  0.21s           2026-09-20T17:16:10
================================================================================
[2026-09-20T17:16:41.249+0000] {manager.py:878} INFO - 
================================================================================
DAG File Processing Stats

File Path                 PID    Runtime      # DAGs    # Errors  Last Runtime    Last Run
------------------------  -----  ---------  --------  ----------  --------------  -------------------
/opt/airflow/dags/etl.py                           1           0  0.21s           2026-09-20T17:16:41
================================================================================
[2026-09-20T17:17:11.553+0000] {manager.py:878} INFO - 
================================================================================
DAG File Processing Stats

File Path                 PID    Runtime      # DAGs    # Errors  Last Runtime    Last Run
------------------------  -----  ---------  --------  ----------  --------------  -------------------
/opt/airflow/dags/etl.py                           1           0  0.21s           2026-09-20T17:17:11
================================================================================
[2026-09-20T17:17:32.219+0000] {manager.py:737} INFO - Searching for files in /opt/airflow/dags
[2026-09-20T17:17:32.221+0000] {manager.py:740} INFO - There are 1 files in /opt/airflow/dags
[2026-09-20T17:17:41.860+0000] {manager.py:878} INFO - 
================================================================================
DAG File Processing Stats

File Path                 PID    Runtime      # DAGs    # Errors  Last Runtime    Last Run
------------------------  -----  ---------  --------  ----------  --------------  -------------------
/opt/airflow/dags/etl.py                           1           0  0.21s           2026-09-20T17:17:41
================================================================================
[2026-09-20T17:18:12.173+0000] {manager.py:878} INFO - 
================================================================================
DAG File Processing Stats

File Path                 PID    Runtime      # DAGs    # Errors  Last Runtime    Last Run
------------------------  -----  ---------  --------  ----------  --------------  -------------------
/opt/airflow/dags/etl.py                           1           0  0.21s           2026-09-20T17:18:12
================================================================================
[2026-09-20T17:18:42.396+0000] {manager.py:878} INFO - 
================================================================================
DAG File Processing Stats

File Path                 PID    Runtime      # DAGs    # Errors  Last Runtime    Last Run
------------------------  -----  ---------  --------  ----------  --------------  -------------------
/opt/airflow/dags/etl.py                           1           0  0.11s           2026-09-20T17:18:42
================================================================================
[2026-09-20T17:19:12.592+0000] {manager.py:878} INFO - 
================================================================================
DAG File Processing Stats

File Path                 PID    Runtime      # DAGs    # Errors  Last Runtime    Last Run
------------------------  -----  ---------  --------  ----------  --------------  -------------------
/opt/airflow/dags/etl.py                           1           0  0.11s           2026-09-20T17:19:12
================================================================================
[2026-09-20T17:19:42.879+0000] {manager.py:878} INFO - 
================================================================================
DAG File Processing Stats

File Path                 PID    Runtime      # DAGs    # Errors  Last Runtime    Last Run
------------------------  -----  ---------  --------  ----------  --------------  -------------------
/opt/airflow/dags/etl.py                           1           0  0.21s           2026-09-20T17:19:42
================================================================================
[2026-09-20T17:20:13.085+0000] {manager.py:878} INFO - 
================================================================================
DAG File Processing Stats

File Path                 PID    Runtime      # DAGs    # Errors  Last Runtime    Last Run
------------------------  -----  ---------  --------  ----------  --------------  -------------------
/opt/airflow/dags/etl.py                           1           0  0.11s           2026-09-20T17:20:13
================================================================================
[2026-09-20T17:20:43.357+0000] {manager.py:878} INFO - 
================================================================================
DAG File Processing Stats

File Path                 PID    Runtime      # DAGs    # Errors  Last Runtime    Last Run
------------------------  -----  ---------  --------  ----------  --------------  -------------------
/opt/airflow/dags/etl.py                           1           0  0.21s           2026-09-20T17:20:43
================================================================================
[2026-09-20T17:21:13.655+0000] {manager.py:878} INFO - 
================================================================================
DAG File Processing Stats

File Path                 PID    Runtime      # DAGs    # Errors  Last Runtime    Last Run
------------------------  -----  ---------  --------  ----------  --------------  -------------------
/opt/airflow/dags/etl.py                           1           0  0.21s           2026-09-20T17:21:13
================================================================================
[2026-09-20T17:21:43.953+0000] {manager.py:878} INFO - 
================================================================================
DAG File Processing Stats

File Path                 PID    Runtime      # DAGs    # Errors  Last Runtime    Last Run
------------------------  -----  ---------  --------  ----------  --------------  -------------------
/opt/airflow/dags/etl.py                           1           0  0.21s           2026-09-20T17:21:43
================================================================================
[2026-09-20T17:22:14.255+0000] {manager.py:878} INFO - 
================================================================================
DAG File Processing Stats

File Path                 PID    Runtime      # DAGs    # Errors  Last Runtime    Last Run
------------------------  -----  ---------  --------  ----------  --------------  -------------------
/opt/airflow/dags/etl.py                           1           0  0.21s           2026-09-20T17:22:14
================================================================================
[2026-09-20T17:22:32.281+0000] {manager.py:737} INFO - Searching for files in /opt/airflow/dags
[2026-09-20T17:22:32.283+0000] {manager.py:740} INFO - There are 1 files in /opt/airflow/dags
[2026-09-20T17:22:44.564+0000] {manager.py:878} INFO - 
================================================================================
DAG File Processing Stats

File Path                 PID    Runtime      # DAGs    # Errors  Last Runtime    Last Run
------------------------  -----  ---------  --------  ----------  --------------  -------------------
/opt/airflow/dags/etl.py                           1           0  0.21s           2026-09-20T17:22:44
================================================================================
[2026-09-20T17:23:14.864+0000] {manager.py:878} INFO - 
================================================================================
DAG File Processing Stats

File Path                 PID    Runtime      # DAGs    # Errors  Last Runtime    Last Run
------------------------  -----  ---------  --------  ----------  --------------  -------------------
/opt/airflow/dags/etl.py                           1           0  0.21s           2026-09-20T17:23:14
================================================================================
[2026-09-20T17:23:45.153+0000] {manager.py:878} INFO - 
================================================================================
DAG File Processing Stats

File Path                 PID    Runtime      # DAGs    # Errors  Last Runtime    Last Run
------------------------  -----  ---------  --------  ----------  --------------  -------------------
/opt/airflow/dags/etl.py                           1           0  0.21s           2026-09-20T17:23:45
================================================================================
