[2026-09-18T12:31:42.797+0000] {local_task_job_runner.py:120} INFO - ::group::Pre task execution logs
[2026-09-18T12:31:42.811+0000] {taskinstance.py:2076} INFO - Dependencies all met for dep_context=non-requeueable deps ti=<TaskInstance: ecommerce_data.extract scheduled__2019-10-03T00:00:00+00:00 [queued]>
[2026-09-18T12:31:42.814+0000] {taskinstance.py:2076} INFO - Dependencies all met for dep_context=requeueable deps ti=<TaskInstance: ecommerce_data.extract scheduled__2019-10-03T00:00:00+00:00 [queued]>
[2026-09-18T12:31:42.814+0000] {taskinstance.py:2306} INFO - Starting attempt 1 of 4
[2026-09-18T12:31:42.820+0000] {taskinstance.py:2330} INFO - Executing <Task(_PythonDecoratedOperator): extract> on 2019-10-03 00:00:00+00:00
[2026-09-18T12:31:42.824+0000] {standard_task_runner.py:63} INFO - Started process 322 to run task
[2026-09-18T12:31:42.825+0000] {standard_task_runner.py:90} INFO - Running: ['airflow', 'tasks', 'run', 'ecommerce_data', 'extract', 'scheduled__2019-10-03T00:00:00+00:00', '--job-id', '6', '--raw', '--subdir', 'DAGS_FOLDER/etl.py', '--cfg-path', '/tmp/tmp3j8aq4lg']
[2026-09-18T12:31:42.826+0000] {standard_task_runner.py:91} INFO - Job 6: Subtask extract
[2026-09-18T12:31:42.844+0000] {task_command.py:426} INFO - Running <TaskInstance: ecommerce_data.extract scheduled__2019-10-03T00:00:00+00:00 [running]> on host ac3d43ca2f24
[2026-09-18T12:31:42.875+0000] {taskinstance.py:2648} INFO - Exporting env vars: AIRFLOW_CTX_DAG_OWNER='airflow' AIRFLOW_CTX_DAG_ID='ecommerce_data' AIRFLOW_CTX_TASK_ID='extract' AIRFLOW_CTX_EXECUTION_DATE='2019-10-03T00:00:00+00:00' AIRFLOW_CTX_TRY_NUMBER='1' AIRFLOW_CTX_DAG_RUN_ID='scheduled__2019-10-03T00:00:00+00:00'
[2026-09-18T12:31:42.876+0000] {taskinstance.py:430} INFO - ::endgroup::
[2026-09-18T12:31:43.861+0000] {taskinstance.py:441} INFO - ::group::Post task execution logs
[2026-09-18T12:31:43.861+0000] {taskinstance.py:2905} ERROR - Task failed with exception
Traceback (most recent call last):
  File "/home/airflow/.local/lib/python3.11/site-packages/airflow/models/taskinstance.py", line 465, in _execute_task
    result = _execute_callable(context=context, **execute_callable_kwargs)
             ^^^^^^^^^^^^^^^^^^^^^^^^^^^^^^^^^^^^^^^^^^^^^^^^^^^^^^^^^^^^^
  File "/home/airflow/.local/lib/python3.11/site-packages/airflow/models/taskinstance.py", line 432, in _execute_callable
    return execute_callable(context=context, **execute_callable_kwargs)
           ^^^^^^^^^^^^^^^^^^^^^^^^^^^^^^^^^^^^^^^^^^^^^^^^^^^^^^^^^^^^
  File "/home/airflow/.local/lib/python3.11/site-packages/airflow/models/baseoperator.py", line 401, in wrapper
    return func(self, *args, **kwargs)
           ^^^^^^^^^^^^^^^^^^^^^^^^^^^
  File "/home/airflow/.local/lib/python3.11/site-packages/airflow/decorators/base.py", line 265, in execute
    return_value = super().execute(context)
                   ^^^^^^^^^^^^^^^^^^^^^^^^
  File "/home/airflow/.local/lib/python3.11/site-packages/airflow/models/baseoperator.py", line 401, in wrapper
    return func(self, *args, **kwargs)
           ^^^^^^^^^^^^^^^^^^^^^^^^^^^
  File "/home/airflow/.local/lib/python3.11/site-packages/airflow/operators/python.py", line 235, in execute
    return_value = self.execute_callable()
                   ^^^^^^^^^^^^^^^^^^^^^^^
  File "/home/airflow/.local/lib/python3.11/site-packages/airflow/operators/python.py", line 252, in execute_callable
    return self.python_callable(*self.op_args, **self.op_kwargs)
           ^^^^^^^^^^^^^^^^^^^^^^^^^^^^^^^^^^^^^^^^^^^^^^^^^^^^^
  File "/opt/airflow/dags/etl.py", line 26, in extract
    script_run = subprocess.run(["spark-submit", "daily_etl.py", ds], check=True)
                 ^^^^^^^^^^^^^^^^^^^^^^^^^^^^^^^^^^^^^^^^^^^^^^^^^^^^^^^^^^^^^^^^
  File "/usr/local/lib/python3.11/subprocess.py", line 571, in run
    raise CalledProcessError(retcode, process.args,
subprocess.CalledProcessError: Command '['spark-submit', 'daily_etl.py', '2019-10-03']' returned non-zero exit status 2.
[2026-09-18T12:31:43.864+0000] {taskinstance.py:1206} INFO - Marking task as UP_FOR_RETRY. dag_id=ecommerce_data, task_id=extract, run_id=scheduled__2019-10-03T00:00:00+00:00, execution_date=20191003T000000, start_date=20260918T123142, end_date=20260918T123143
[2026-09-18T12:31:43.870+0000] {standard_task_runner.py:110} ERROR - Failed to execute job 6 for task extract (Command '['spark-submit', 'daily_etl.py', '2019-10-03']' returned non-zero exit status 2.; 322)
[2026-09-18T12:31:43.879+0000] {local_task_job_runner.py:240} INFO - Task exited with return code 1
[2026-09-18T12:31:43.886+0000] {taskinstance.py:3503} INFO - 0 downstream tasks scheduled from follow-on schedule check
[2026-09-18T12:31:43.886+0000] {local_task_job_runner.py:222} INFO - ::endgroup::
[2026-09-19T13:11:00.768+0000] {local_task_job_runner.py:120} INFO - ::group::Pre task execution logs
[2026-09-19T13:11:00.790+0000] {taskinstance.py:2076} INFO - Dependencies all met for dep_context=non-requeueable deps ti=<TaskInstance: ecommerce_data.extract scheduled__2019-10-03T00:00:00+00:00 [queued]>
[2026-09-19T13:11:00.794+0000] {taskinstance.py:2076} INFO - Dependencies all met for dep_context=requeueable deps ti=<TaskInstance: ecommerce_data.extract scheduled__2019-10-03T00:00:00+00:00 [queued]>
[2026-09-19T13:11:00.795+0000] {taskinstance.py:2306} INFO - Starting attempt 1 of 4
[2026-09-19T13:11:00.804+0000] {taskinstance.py:2330} INFO - Executing <Task(_PythonDecoratedOperator): extract> on 2019-10-03 00:00:00+00:00
[2026-09-19T13:11:00.809+0000] {standard_task_runner.py:63} INFO - Started process 629 to run task
[2026-09-19T13:11:00.811+0000] {standard_task_runner.py:90} INFO - Running: ['airflow', 'tasks', 'run', 'ecommerce_data', 'extract', 'scheduled__2019-10-03T00:00:00+00:00', '--job-id', '8', '--raw', '--subdir', 'DAGS_FOLDER/etl.py', '--cfg-path', '/tmp/tmp_gj6gw9i']
[2026-09-19T13:11:00.813+0000] {standard_task_runner.py:91} INFO - Job 8: Subtask extract
[2026-09-19T13:11:00.843+0000] {task_command.py:426} INFO - Running <TaskInstance: ecommerce_data.extract scheduled__2019-10-03T00:00:00+00:00 [running]> on host 8e73891b263a
[2026-09-19T13:11:00.922+0000] {taskinstance.py:2648} INFO - Exporting env vars: AIRFLOW_CTX_DAG_OWNER='airflow' AIRFLOW_CTX_DAG_ID='ecommerce_data' AIRFLOW_CTX_TASK_ID='extract' AIRFLOW_CTX_EXECUTION_DATE='2019-10-03T00:00:00+00:00' AIRFLOW_CTX_TRY_NUMBER='1' AIRFLOW_CTX_DAG_RUN_ID='scheduled__2019-10-03T00:00:00+00:00'
[2026-09-19T13:11:00.923+0000] {taskinstance.py:430} INFO - ::endgroup::
[2026-09-19T13:11:07.159+0000] {taskinstance.py:441} INFO - ::group::Post task execution logs
[2026-09-19T13:11:07.160+0000] {taskinstance.py:2905} ERROR - Task failed with exception
Traceback (most recent call last):
  File "/home/airflow/.local/lib/python3.11/site-packages/airflow/models/taskinstance.py", line 465, in _execute_task
    result = _execute_callable(context=context, **execute_callable_kwargs)
             ^^^^^^^^^^^^^^^^^^^^^^^^^^^^^^^^^^^^^^^^^^^^^^^^^^^^^^^^^^^^^
  File "/home/airflow/.local/lib/python3.11/site-packages/airflow/models/taskinstance.py", line 432, in _execute_callable
    return execute_callable(context=context, **execute_callable_kwargs)
           ^^^^^^^^^^^^^^^^^^^^^^^^^^^^^^^^^^^^^^^^^^^^^^^^^^^^^^^^^^^^
  File "/home/airflow/.local/lib/python3.11/site-packages/airflow/models/baseoperator.py", line 401, in wrapper
    return func(self, *args, **kwargs)
           ^^^^^^^^^^^^^^^^^^^^^^^^^^^
  File "/home/airflow/.local/lib/python3.11/site-packages/airflow/decorators/base.py", line 265, in execute
    return_value = super().execute(context)
                   ^^^^^^^^^^^^^^^^^^^^^^^^
  File "/home/airflow/.local/lib/python3.11/site-packages/airflow/models/baseoperator.py", line 401, in wrapper
    return func(self, *args, **kwargs)
           ^^^^^^^^^^^^^^^^^^^^^^^^^^^
  File "/home/airflow/.local/lib/python3.11/site-packages/airflow/operators/python.py", line 235, in execute
    return_value = self.execute_callable()
                   ^^^^^^^^^^^^^^^^^^^^^^^
  File "/home/airflow/.local/lib/python3.11/site-packages/airflow/operators/python.py", line 252, in execute_callable
    return self.python_callable(*self.op_args, **self.op_kwargs)
           ^^^^^^^^^^^^^^^^^^^^^^^^^^^^^^^^^^^^^^^^^^^^^^^^^^^^^
  File "/opt/airflow/dags/etl.py", line 27, in extract
    script_run = subprocess.run(["spark-submit", "/opt/airflow/dags/daily_etl.py", ds], check=True)
                 ^^^^^^^^^^^^^^^^^^^^^^^^^^^^^^^^^^^^^^^^^^^^^^^^^^^^^^^^^^^^^^^^^^^^^^^^^^^^^^^^^^
  File "/usr/local/lib/python3.11/subprocess.py", line 571, in run
    raise CalledProcessError(retcode, process.args,
subprocess.CalledProcessError: Command '['spark-submit', '/opt/airflow/dags/daily_etl.py', '2019-10-03']' returned non-zero exit status 1.
[2026-09-19T13:11:07.169+0000] {taskinstance.py:1206} INFO - Marking task as UP_FOR_RETRY. dag_id=ecommerce_data, task_id=extract, run_id=scheduled__2019-10-03T00:00:00+00:00, execution_date=20191003T000000, start_date=20260919T131100, end_date=20260919T131107
[2026-09-19T13:11:07.182+0000] {standard_task_runner.py:110} ERROR - Failed to execute job 8 for task extract (Command '['spark-submit', '/opt/airflow/dags/daily_etl.py', '2019-10-03']' returned non-zero exit status 1.; 629)
[2026-09-19T13:11:07.233+0000] {local_task_job_runner.py:240} INFO - Task exited with return code 1
[2026-09-19T13:11:07.247+0000] {taskinstance.py:3503} INFO - 0 downstream tasks scheduled from follow-on schedule check
[2026-09-19T13:11:07.248+0000] {local_task_job_runner.py:222} INFO - ::endgroup::
[2026-09-19T13:37:16.553+0000] {local_task_job_runner.py:120} INFO - ::group::Pre task execution logs
[2026-09-19T13:37:16.572+0000] {taskinstance.py:2076} INFO - Dependencies all met for dep_context=non-requeueable deps ti=<TaskInstance: ecommerce_data.extract scheduled__2019-10-03T00:00:00+00:00 [queued]>
[2026-09-19T13:37:16.576+0000] {taskinstance.py:2076} INFO - Dependencies all met for dep_context=requeueable deps ti=<TaskInstance: ecommerce_data.extract scheduled__2019-10-03T00:00:00+00:00 [queued]>
[2026-09-19T13:37:16.576+0000] {taskinstance.py:2306} INFO - Starting attempt 1 of 4
[2026-09-19T13:37:16.584+0000] {taskinstance.py:2330} INFO - Executing <Task(_PythonDecoratedOperator): extract> on 2019-10-03 00:00:00+00:00
[2026-09-19T13:37:16.589+0000] {standard_task_runner.py:63} INFO - Started process 800 to run task
[2026-09-19T13:37:16.591+0000] {standard_task_runner.py:90} INFO - Running: ['airflow', 'tasks', 'run', 'ecommerce_data', 'extract', 'scheduled__2019-10-03T00:00:00+00:00', '--job-id', '54', '--raw', '--subdir', 'DAGS_FOLDER/etl.py', '--cfg-path', '/tmp/tmplyoyuncz']
[2026-09-19T13:37:16.593+0000] {standard_task_runner.py:91} INFO - Job 54: Subtask extract
[2026-09-19T13:37:16.621+0000] {task_command.py:426} INFO - Running <TaskInstance: ecommerce_data.extract scheduled__2019-10-03T00:00:00+00:00 [running]> on host 8e73891b263a
[2026-09-19T13:37:16.678+0000] {taskinstance.py:2648} INFO - Exporting env vars: AIRFLOW_CTX_DAG_OWNER='airflow' AIRFLOW_CTX_DAG_ID='ecommerce_data' AIRFLOW_CTX_TASK_ID='extract' AIRFLOW_CTX_EXECUTION_DATE='2019-10-03T00:00:00+00:00' AIRFLOW_CTX_TRY_NUMBER='1' AIRFLOW_CTX_DAG_RUN_ID='scheduled__2019-10-03T00:00:00+00:00'
[2026-09-19T13:37:16.679+0000] {taskinstance.py:430} INFO - ::endgroup::
[2026-09-19T13:37:22.589+0000] {taskinstance.py:441} INFO - ::group::Post task execution logs
[2026-09-19T13:37:22.589+0000] {taskinstance.py:2905} ERROR - Task failed with exception
Traceback (most recent call last):
  File "/home/airflow/.local/lib/python3.11/site-packages/airflow/models/taskinstance.py", line 465, in _execute_task
    result = _execute_callable(context=context, **execute_callable_kwargs)
             ^^^^^^^^^^^^^^^^^^^^^^^^^^^^^^^^^^^^^^^^^^^^^^^^^^^^^^^^^^^^^
  File "/home/airflow/.local/lib/python3.11/site-packages/airflow/models/taskinstance.py", line 432, in _execute_callable
    return execute_callable(context=context, **execute_callable_kwargs)
           ^^^^^^^^^^^^^^^^^^^^^^^^^^^^^^^^^^^^^^^^^^^^^^^^^^^^^^^^^^^^
  File "/home/airflow/.local/lib/python3.11/site-packages/airflow/models/baseoperator.py", line 401, in wrapper
    return func(self, *args, **kwargs)
           ^^^^^^^^^^^^^^^^^^^^^^^^^^^
  File "/home/airflow/.local/lib/python3.11/site-packages/airflow/decorators/base.py", line 265, in execute
    return_value = super().execute(context)
                   ^^^^^^^^^^^^^^^^^^^^^^^^
  File "/home/airflow/.local/lib/python3.11/site-packages/airflow/models/baseoperator.py", line 401, in wrapper
    return func(self, *args, **kwargs)
           ^^^^^^^^^^^^^^^^^^^^^^^^^^^
  File "/home/airflow/.local/lib/python3.11/site-packages/airflow/operators/python.py", line 235, in execute
    return_value = self.execute_callable()
                   ^^^^^^^^^^^^^^^^^^^^^^^
  File "/home/airflow/.local/lib/python3.11/site-packages/airflow/operators/python.py", line 252, in execute_callable
    return self.python_callable(*self.op_args, **self.op_kwargs)
           ^^^^^^^^^^^^^^^^^^^^^^^^^^^^^^^^^^^^^^^^^^^^^^^^^^^^^
  File "/opt/airflow/dags/etl.py", line 27, in extract
    script_run = subprocess.run(["spark-submit", "/opt/airflow/dags/daily_etl.py", ds], check=True)
                 ^^^^^^^^^^^^^^^^^^^^^^^^^^^^^^^^^^^^^^^^^^^^^^^^^^^^^^^^^^^^^^^^^^^^^^^^^^^^^^^^^^
  File "/usr/local/lib/python3.11/subprocess.py", line 571, in run
    raise CalledProcessError(retcode, process.args,
subprocess.CalledProcessError: Command '['spark-submit', '/opt/airflow/dags/daily_etl.py', '2019-10-03']' returned non-zero exit status 1.
[2026-09-19T13:37:22.597+0000] {taskinstance.py:1206} INFO - Marking task as UP_FOR_RETRY. dag_id=ecommerce_data, task_id=extract, run_id=scheduled__2019-10-03T00:00:00+00:00, execution_date=20191003T000000, start_date=20260919T133716, end_date=20260919T133722
[2026-09-19T13:37:22.608+0000] {standard_task_runner.py:110} ERROR - Failed to execute job 54 for task extract (Command '['spark-submit', '/opt/airflow/dags/daily_etl.py', '2019-10-03']' returned non-zero exit status 1.; 800)
[2026-09-19T13:37:22.651+0000] {local_task_job_runner.py:240} INFO - Task exited with return code 1
[2026-09-19T13:37:22.665+0000] {taskinstance.py:3503} INFO - 0 downstream tasks scheduled from follow-on schedule check
[2026-09-19T13:37:22.665+0000] {local_task_job_runner.py:222} INFO - ::endgroup::
[2026-09-19T14:08:13.311+0000] {local_task_job_runner.py:120} INFO - ::group::Pre task execution logs
[2026-09-19T14:08:13.330+0000] {taskinstance.py:2076} INFO - Dependencies all met for dep_context=non-requeueable deps ti=<TaskInstance: ecommerce_data.extract scheduled__2019-10-03T00:00:00+00:00 [queued]>
[2026-09-19T14:08:13.335+0000] {taskinstance.py:2076} INFO - Dependencies all met for dep_context=requeueable deps ti=<TaskInstance: ecommerce_data.extract scheduled__2019-10-03T00:00:00+00:00 [queued]>
[2026-09-19T14:08:13.335+0000] {taskinstance.py:2306} INFO - Starting attempt 1 of 4
[2026-09-19T14:08:13.344+0000] {taskinstance.py:2330} INFO - Executing <Task(_PythonDecoratedOperator): extract> on 2019-10-03 00:00:00+00:00
[2026-09-19T14:08:13.349+0000] {standard_task_runner.py:63} INFO - Started process 3648 to run task
[2026-09-19T14:08:13.351+0000] {standard_task_runner.py:90} INFO - Running: ['airflow', 'tasks', 'run', 'ecommerce_data', 'extract', 'scheduled__2019-10-03T00:00:00+00:00', '--job-id', '99', '--raw', '--subdir', 'DAGS_FOLDER/etl.py', '--cfg-path', '/tmp/tmpahf1a3_1']
[2026-09-19T14:08:13.352+0000] {standard_task_runner.py:91} INFO - Job 99: Subtask extract
[2026-09-19T14:08:13.381+0000] {task_command.py:426} INFO - Running <TaskInstance: ecommerce_data.extract scheduled__2019-10-03T00:00:00+00:00 [running]> on host 8e73891b263a
[2026-09-19T14:08:13.437+0000] {taskinstance.py:2648} INFO - Exporting env vars: AIRFLOW_CTX_DAG_OWNER='airflow' AIRFLOW_CTX_DAG_ID='ecommerce_data' AIRFLOW_CTX_TASK_ID='extract' AIRFLOW_CTX_EXECUTION_DATE='2019-10-03T00:00:00+00:00' AIRFLOW_CTX_TRY_NUMBER='1' AIRFLOW_CTX_DAG_RUN_ID='scheduled__2019-10-03T00:00:00+00:00'
[2026-09-19T14:08:13.437+0000] {taskinstance.py:430} INFO - ::endgroup::
[2026-09-19T14:08:19.884+0000] {taskinstance.py:441} INFO - ::group::Post task execution logs
[2026-09-19T14:08:19.885+0000] {taskinstance.py:2905} ERROR - Task failed with exception
Traceback (most recent call last):
  File "/home/airflow/.local/lib/python3.11/site-packages/airflow/models/taskinstance.py", line 465, in _execute_task
    result = _execute_callable(context=context, **execute_callable_kwargs)
             ^^^^^^^^^^^^^^^^^^^^^^^^^^^^^^^^^^^^^^^^^^^^^^^^^^^^^^^^^^^^^
  File "/home/airflow/.local/lib/python3.11/site-packages/airflow/models/taskinstance.py", line 432, in _execute_callable
    return execute_callable(context=context, **execute_callable_kwargs)
           ^^^^^^^^^^^^^^^^^^^^^^^^^^^^^^^^^^^^^^^^^^^^^^^^^^^^^^^^^^^^
  File "/home/airflow/.local/lib/python3.11/site-packages/airflow/models/baseoperator.py", line 401, in wrapper
    return func(self, *args, **kwargs)
           ^^^^^^^^^^^^^^^^^^^^^^^^^^^
  File "/home/airflow/.local/lib/python3.11/site-packages/airflow/decorators/base.py", line 265, in execute
    return_value = super().execute(context)
                   ^^^^^^^^^^^^^^^^^^^^^^^^
  File "/home/airflow/.local/lib/python3.11/site-packages/airflow/models/baseoperator.py", line 401, in wrapper
    return func(self, *args, **kwargs)
           ^^^^^^^^^^^^^^^^^^^^^^^^^^^
  File "/home/airflow/.local/lib/python3.11/site-packages/airflow/operators/python.py", line 235, in execute
    return_value = self.execute_callable()
                   ^^^^^^^^^^^^^^^^^^^^^^^
  File "/home/airflow/.local/lib/python3.11/site-packages/airflow/operators/python.py", line 252, in execute_callable
    return self.python_callable(*self.op_args, **self.op_kwargs)
           ^^^^^^^^^^^^^^^^^^^^^^^^^^^^^^^^^^^^^^^^^^^^^^^^^^^^^
  File "/opt/airflow/dags/etl.py", line 27, in extract
    script_run = subprocess.run([
                 ^^^^^^^^^^^^^^^^
  File "/usr/local/lib/python3.11/subprocess.py", line 571, in run
    raise CalledProcessError(retcode, process.args,
subprocess.CalledProcessError: Command '['spark-submit', '--packages', 'org.postgresql:postgresql:42.6.0', '/opt/airflow/dags/daily_etl.py', '2019-10-03']' returned non-zero exit status 1.
[2026-09-19T14:08:19.893+0000] {taskinstance.py:1206} INFO - Marking task as UP_FOR_RETRY. dag_id=ecommerce_data, task_id=extract, run_id=scheduled__2019-10-03T00:00:00+00:00, execution_date=20191003T000000, start_date=20260919T140813, end_date=20260919T140819
[2026-09-19T14:08:19.904+0000] {standard_task_runner.py:110} ERROR - Failed to execute job 99 for task extract (Command '['spark-submit', '--packages', 'org.postgresql:postgresql:42.6.0', '/opt/airflow/dags/daily_etl.py', '2019-10-03']' returned non-zero exit status 1.; 3648)
[2026-09-19T14:08:19.929+0000] {local_task_job_runner.py:240} INFO - Task exited with return code 1
[2026-09-19T14:08:19.943+0000] {taskinstance.py:3503} INFO - 0 downstream tasks scheduled from follow-on schedule check
[2026-09-19T14:08:19.944+0000] {local_task_job_runner.py:222} INFO - ::endgroup::
[2026-09-19T14:16:26.832+0000] {local_task_job_runner.py:120} INFO - ::group::Pre task execution logs
[2026-09-19T14:16:26.851+0000] {taskinstance.py:2076} INFO - Dependencies all met for dep_context=non-requeueable deps ti=<TaskInstance: ecommerce_data.extract scheduled__2019-10-03T00:00:00+00:00 [queued]>
[2026-09-19T14:16:26.855+0000] {taskinstance.py:2076} INFO - Dependencies all met for dep_context=requeueable deps ti=<TaskInstance: ecommerce_data.extract scheduled__2019-10-03T00:00:00+00:00 [queued]>
[2026-09-19T14:16:26.856+0000] {taskinstance.py:2306} INFO - Starting attempt 1 of 4
[2026-09-19T14:16:26.864+0000] {taskinstance.py:2330} INFO - Executing <Task(_PythonDecoratedOperator): extract> on 2019-10-03 00:00:00+00:00
[2026-09-19T14:16:26.869+0000] {standard_task_runner.py:63} INFO - Started process 6065 to run task
[2026-09-19T14:16:26.871+0000] {standard_task_runner.py:90} INFO - Running: ['airflow', 'tasks', 'run', 'ecommerce_data', 'extract', 'scheduled__2019-10-03T00:00:00+00:00', '--job-id', '110', '--raw', '--subdir', 'DAGS_FOLDER/etl.py', '--cfg-path', '/tmp/tmpnaw835o6']
[2026-09-19T14:16:26.872+0000] {standard_task_runner.py:91} INFO - Job 110: Subtask extract
[2026-09-19T14:16:26.898+0000] {task_command.py:426} INFO - Running <TaskInstance: ecommerce_data.extract scheduled__2019-10-03T00:00:00+00:00 [running]> on host 8e73891b263a
[2026-09-19T14:16:26.958+0000] {taskinstance.py:2648} INFO - Exporting env vars: AIRFLOW_CTX_DAG_OWNER='airflow' AIRFLOW_CTX_DAG_ID='ecommerce_data' AIRFLOW_CTX_TASK_ID='extract' AIRFLOW_CTX_EXECUTION_DATE='2019-10-03T00:00:00+00:00' AIRFLOW_CTX_TRY_NUMBER='1' AIRFLOW_CTX_DAG_RUN_ID='scheduled__2019-10-03T00:00:00+00:00'
[2026-09-19T14:16:26.958+0000] {taskinstance.py:430} INFO - ::endgroup::
[2026-09-19T14:16:41.296+0000] {python.py:237} INFO - Done. Returned value was: None
[2026-09-19T14:16:41.297+0000] {taskinstance.py:441} INFO - ::group::Post task execution logs
[2026-09-19T14:16:41.301+0000] {taskinstance.py:1206} INFO - Marking task as SUCCESS. dag_id=ecommerce_data, task_id=extract, run_id=scheduled__2019-10-03T00:00:00+00:00, execution_date=20191003T000000, start_date=20260919T141626, end_date=20260919T141641
[2026-09-19T14:16:41.323+0000] {local_task_job_runner.py:240} INFO - Task exited with return code 0
[2026-09-19T14:16:41.334+0000] {taskinstance.py:3503} INFO - 0 downstream tasks scheduled from follow-on schedule check
[2026-09-19T14:16:41.334+0000] {local_task_job_runner.py:222} INFO - ::endgroup::
[2026-09-21T21:36:11.556+0000] {local_task_job_runner.py:120} INFO - ::group::Pre task execution logs
[2026-09-21T21:36:11.578+0000] {taskinstance.py:2076} INFO - Dependencies all met for dep_context=non-requeueable deps ti=<TaskInstance: ecommerce_data.extract scheduled__2019-10-03T00:00:00+00:00 [queued]>
[2026-09-21T21:36:11.584+0000] {taskinstance.py:2076} INFO - Dependencies all met for dep_context=requeueable deps ti=<TaskInstance: ecommerce_data.extract scheduled__2019-10-03T00:00:00+00:00 [queued]>
[2026-09-21T21:36:11.584+0000] {taskinstance.py:2306} INFO - Starting attempt 1 of 4
[2026-09-21T21:36:11.593+0000] {taskinstance.py:2330} INFO - Executing <Task(_PythonDecoratedOperator): extract> on 2019-10-03 00:00:00+00:00
[2026-09-21T21:36:11.598+0000] {standard_task_runner.py:63} INFO - Started process 7331 to run task
[2026-09-21T21:36:11.600+0000] {standard_task_runner.py:90} INFO - Running: ['airflow', 'tasks', 'run', 'ecommerce_data', 'extract', 'scheduled__2019-10-03T00:00:00+00:00', '--job-id', '77', '--raw', '--subdir', 'DAGS_FOLDER/etl.py', '--cfg-path', '/tmp/tmp7d1x9967']
[2026-09-21T21:36:11.601+0000] {standard_task_runner.py:91} INFO - Job 77: Subtask extract
[2026-09-21T21:36:11.630+0000] {task_command.py:426} INFO - Running <TaskInstance: ecommerce_data.extract scheduled__2019-10-03T00:00:00+00:00 [running]> on host e6c3ac7e1715
[2026-09-21T21:36:11.680+0000] {taskinstance.py:2648} INFO - Exporting env vars: AIRFLOW_CTX_DAG_OWNER='airflow' AIRFLOW_CTX_DAG_ID='ecommerce_data' AIRFLOW_CTX_TASK_ID='extract' AIRFLOW_CTX_EXECUTION_DATE='2019-10-03T00:00:00+00:00' AIRFLOW_CTX_TRY_NUMBER='1' AIRFLOW_CTX_DAG_RUN_ID='scheduled__2019-10-03T00:00:00+00:00'
[2026-09-21T21:36:11.680+0000] {taskinstance.py:430} INFO - ::endgroup::
[2026-09-21T21:36:11.684+0000] {base.py:84} INFO - Using connection ID 'postgres_conn_id' for task execution.
[2026-09-21T21:36:20.649+0000] {etl.py:68} ERROR - === СПРАВЖНЯ ПОМИЛКА ВІД SPARK ===
[2026-09-21T21:36:20.649+0000] {etl.py:69} ERROR - /home/airflow/.local/lib/python3.11/site-packages/pyspark/bin/load-spark-env.sh: line 68: ps: command not found
Ivy Default Cache set to: /home/airflow/.ivy2/cache
The jars for the packages stored in: /home/airflow/.ivy2/jars
org.postgresql#postgresql added as a dependency
:: resolving dependencies :: org.apache.spark#spark-submit-parent-873611db-84dd-48c4-9e2c-c1fe1ddf8e97;1.0
	confs: [default]
	found org.postgresql#postgresql;42.6.0 in central
	found org.checkerframework#checker-qual;3.31.0 in central
:: resolution report :: resolve 122ms :: artifacts dl 7ms
	:: modules in use:
	org.checkerframework#checker-qual;3.31.0 from central in [default]
	org.postgresql#postgresql;42.6.0 from central in [default]
	---------------------------------------------------------------------
	|                  |            modules            ||   artifacts   |
	|       conf       | number| search|dwnlded|evicted|| number|dwnlded|
	---------------------------------------------------------------------
	|      default     |   2   |   0   |   0   |   0   ||   2   |   0   |
	---------------------------------------------------------------------
:: retrieving :: org.apache.spark#spark-submit-parent-873611db-84dd-48c4-9e2c-c1fe1ddf8e97
	confs: [default]
	0 artifacts copied, 2 already retrieved (0kB/5ms)
26/09/21 21:36:13 WARN NativeCodeLoader: Unable to load native-hadoop library for your platform... using builtin-java classes where applicable
26/09/21 21:36:14 INFO SparkContext: Running Spark version 3.5.1
26/09/21 21:36:14 INFO SparkContext: OS info Linux, 7.0.0-31-generic, amd64
26/09/21 21:36:14 INFO SparkContext: Java version 17.0.20.1
26/09/21 21:36:14 INFO ResourceUtils: ==============================================================
26/09/21 21:36:14 INFO ResourceUtils: No custom resources configured for spark.driver.
26/09/21 21:36:14 INFO ResourceUtils: ==============================================================
26/09/21 21:36:14 INFO SparkContext: Submitted application: Daily_ecommerce
26/09/21 21:36:14 INFO ResourceProfile: Default ResourceProfile created, executor resources: Map(cores -> name: cores, amount: 1, script: , vendor: , memory -> name: memory, amount: 1024, script: , vendor: , offHeap -> name: offHeap, amount: 0, script: , vendor: ), task resources: Map(cpus -> name: cpus, amount: 1.0)
26/09/21 21:36:14 INFO ResourceProfile: Limiting resource is cpu
26/09/21 21:36:14 INFO ResourceProfileManager: Added ResourceProfile id: 0
26/09/21 21:36:14 INFO SecurityManager: Changing view acls to: airflow
26/09/21 21:36:14 INFO SecurityManager: Changing modify acls to: airflow
26/09/21 21:36:14 INFO SecurityManager: Changing view acls groups to: 
26/09/21 21:36:14 INFO SecurityManager: Changing modify acls groups to: 
26/09/21 21:36:14 INFO SecurityManager: SecurityManager: authentication disabled; ui acls disabled; users with view permissions: airflow; groups with view permissions: EMPTY; users with modify permissions: airflow; groups with modify permissions: EMPTY
26/09/21 21:36:14 INFO Utils: Successfully started service 'sparkDriver' on port 41067.
26/09/21 21:36:14 INFO SparkEnv: Registering MapOutputTracker
26/09/21 21:36:14 INFO SparkEnv: Registering BlockManagerMaster
26/09/21 21:36:14 INFO BlockManagerMasterEndpoint: Using org.apache.spark.storage.DefaultTopologyMapper for getting topology information
26/09/21 21:36:14 INFO BlockManagerMasterEndpoint: BlockManagerMasterEndpoint up
26/09/21 21:36:14 INFO SparkEnv: Registering BlockManagerMasterHeartbeat
26/09/21 21:36:14 INFO DiskBlockManager: Created local directory at /tmp/blockmgr-f5bf57cf-8639-4e82-b47c-12128c6eb5c7
26/09/21 21:36:14 INFO MemoryStore: MemoryStore started with capacity 434.4 MiB
26/09/21 21:36:14 INFO SparkEnv: Registering OutputCommitCoordinator
26/09/21 21:36:15 INFO JettyUtils: Start Jetty 0.0.0.0:4040 for SparkUI
26/09/21 21:36:15 INFO Utils: Successfully started service 'SparkUI' on port 4040.
26/09/21 21:36:15 INFO SparkContext: Added JAR file:///home/airflow/.ivy2/jars/org.postgresql_postgresql-42.6.0.jar at spark://e6c3ac7e1715:41067/jars/org.postgresql_postgresql-42.6.0.jar with timestamp 1790026574467
26/09/21 21:36:15 INFO SparkContext: Added JAR file:///home/airflow/.ivy2/jars/org.checkerframework_checker-qual-3.31.0.jar at spark://e6c3ac7e1715:41067/jars/org.checkerframework_checker-qual-3.31.0.jar with timestamp 1790026574467
26/09/21 21:36:15 INFO SparkContext: Added file file:///home/airflow/.ivy2/jars/org.postgresql_postgresql-42.6.0.jar at file:///home/airflow/.ivy2/jars/org.postgresql_postgresql-42.6.0.jar with timestamp 1790026574467
26/09/21 21:36:15 INFO Utils: Copying /home/airflow/.ivy2/jars/org.postgresql_postgresql-42.6.0.jar to /tmp/spark-24cfb024-6f9e-42c4-a6fd-9d64ed29fbd3/userFiles-a525b2c1-a8f1-4d33-9006-d7c373fa5ada/org.postgresql_postgresql-42.6.0.jar
26/09/21 21:36:15 INFO SparkContext: Added file file:///home/airflow/.ivy2/jars/org.checkerframework_checker-qual-3.31.0.jar at file:///home/airflow/.ivy2/jars/org.checkerframework_checker-qual-3.31.0.jar with timestamp 1790026574467
26/09/21 21:36:15 INFO Utils: Copying /home/airflow/.ivy2/jars/org.checkerframework_checker-qual-3.31.0.jar to /tmp/spark-24cfb024-6f9e-42c4-a6fd-9d64ed29fbd3/userFiles-a525b2c1-a8f1-4d33-9006-d7c373fa5ada/org.checkerframework_checker-qual-3.31.0.jar
26/09/21 21:36:15 INFO Executor: Starting executor ID driver on host e6c3ac7e1715
26/09/21 21:36:15 INFO Executor: OS info Linux, 7.0.0-31-generic, amd64
26/09/21 21:36:15 INFO Executor: Java version 17.0.20.1
26/09/21 21:36:15 INFO Executor: Starting executor with user classpath (userClassPathFirst = false): ''
26/09/21 21:36:15 INFO Executor: Created or updated repl class loader org.apache.spark.util.MutableURLClassLoader@1c4997a4 for default.
26/09/21 21:36:15 INFO Executor: Fetching file:///home/airflow/.ivy2/jars/org.checkerframework_checker-qual-3.31.0.jar with timestamp 1790026574467
26/09/21 21:36:15 INFO Utils: /home/airflow/.ivy2/jars/org.checkerframework_checker-qual-3.31.0.jar has been previously copied to /tmp/spark-24cfb024-6f9e-42c4-a6fd-9d64ed29fbd3/userFiles-a525b2c1-a8f1-4d33-9006-d7c373fa5ada/org.checkerframework_checker-qual-3.31.0.jar
26/09/21 21:36:15 INFO Executor: Fetching file:///home/airflow/.ivy2/jars/org.postgresql_postgresql-42.6.0.jar with timestamp 1790026574467
26/09/21 21:36:15 INFO Utils: /home/airflow/.ivy2/jars/org.postgresql_postgresql-42.6.0.jar has been previously copied to /tmp/spark-24cfb024-6f9e-42c4-a6fd-9d64ed29fbd3/userFiles-a525b2c1-a8f1-4d33-9006-d7c373fa5ada/org.postgresql_postgresql-42.6.0.jar
26/09/21 21:36:15 INFO Executor: Fetching spark://e6c3ac7e1715:41067/jars/org.postgresql_postgresql-42.6.0.jar with timestamp 1790026574467
26/09/21 21:36:15 INFO TransportClientFactory: Successfully created connection to e6c3ac7e1715/172.21.0.3:41067 after 23 ms (0 ms spent in bootstraps)
26/09/21 21:36:15 INFO Utils: Fetching spark://e6c3ac7e1715:41067/jars/org.postgresql_postgresql-42.6.0.jar to /tmp/spark-24cfb024-6f9e-42c4-a6fd-9d64ed29fbd3/userFiles-a525b2c1-a8f1-4d33-9006-d7c373fa5ada/fetchFileTemp13634295459215139909.tmp
26/09/21 21:36:15 INFO Utils: /tmp/spark-24cfb024-6f9e-42c4-a6fd-9d64ed29fbd3/userFiles-a525b2c1-a8f1-4d33-9006-d7c373fa5ada/fetchFileTemp13634295459215139909.tmp has been previously copied to /tmp/spark-24cfb024-6f9e-42c4-a6fd-9d64ed29fbd3/userFiles-a525b2c1-a8f1-4d33-9006-d7c373fa5ada/org.postgresql_postgresql-42.6.0.jar
26/09/21 21:36:15 INFO Executor: Adding file:/tmp/spark-24cfb024-6f9e-42c4-a6fd-9d64ed29fbd3/userFiles-a525b2c1-a8f1-4d33-9006-d7c373fa5ada/org.postgresql_postgresql-42.6.0.jar to class loader default
26/09/21 21:36:15 INFO Executor: Fetching spark://e6c3ac7e1715:41067/jars/org.checkerframework_checker-qual-3.31.0.jar with timestamp 1790026574467
26/09/21 21:36:15 INFO Utils: Fetching spark://e6c3ac7e1715:41067/jars/org.checkerframework_checker-qual-3.31.0.jar to /tmp/spark-24cfb024-6f9e-42c4-a6fd-9d64ed29fbd3/userFiles-a525b2c1-a8f1-4d33-9006-d7c373fa5ada/fetchFileTemp2096871194086185618.tmp
26/09/21 21:36:15 INFO Utils: /tmp/spark-24cfb024-6f9e-42c4-a6fd-9d64ed29fbd3/userFiles-a525b2c1-a8f1-4d33-9006-d7c373fa5ada/fetchFileTemp2096871194086185618.tmp has been previously copied to /tmp/spark-24cfb024-6f9e-42c4-a6fd-9d64ed29fbd3/userFiles-a525b2c1-a8f1-4d33-9006-d7c373fa5ada/org.checkerframework_checker-qual-3.31.0.jar
26/09/21 21:36:15 INFO Executor: Adding file:/tmp/spark-24cfb024-6f9e-42c4-a6fd-9d64ed29fbd3/userFiles-a525b2c1-a8f1-4d33-9006-d7c373fa5ada/org.checkerframework_checker-qual-3.31.0.jar to class loader default
26/09/21 21:36:15 INFO Utils: Successfully started service 'org.apache.spark.network.netty.NettyBlockTransferService' on port 44909.
26/09/21 21:36:15 INFO NettyBlockTransferService: Server created on e6c3ac7e1715:44909
26/09/21 21:36:15 INFO BlockManager: Using org.apache.spark.storage.RandomBlockReplicationPolicy for block replication policy
26/09/21 21:36:15 INFO BlockManagerMaster: Registering BlockManager BlockManagerId(driver, e6c3ac7e1715, 44909, None)
26/09/21 21:36:15 INFO BlockManagerMasterEndpoint: Registering block manager e6c3ac7e1715:44909 with 434.4 MiB RAM, BlockManagerId(driver, e6c3ac7e1715, 44909, None)
26/09/21 21:36:15 INFO BlockManagerMaster: Registered BlockManager BlockManagerId(driver, e6c3ac7e1715, 44909, None)
26/09/21 21:36:15 INFO BlockManager: Initialized BlockManager: BlockManagerId(driver, e6c3ac7e1715, 44909, None)
26/09/21 21:36:15 INFO SharedState: Setting hive.metastore.warehouse.dir ('null') to the value of spark.sql.warehouse.dir.
26/09/21 21:36:15 INFO SharedState: Warehouse path is 'file:/opt/airflow/spark-warehouse'.
26/09/21 21:36:16 INFO InMemoryFileIndex: It took 32 ms to list leaf files for 1 paths.
26/09/21 21:36:16 INFO SparkContext: Starting job: parquet at NativeMethodAccessorImpl.java:0
26/09/21 21:36:16 INFO DAGScheduler: Got job 0 (parquet at NativeMethodAccessorImpl.java:0) with 1 output partitions
26/09/21 21:36:16 INFO DAGScheduler: Final stage: ResultStage 0 (parquet at NativeMethodAccessorImpl.java:0)
26/09/21 21:36:16 INFO DAGScheduler: Parents of final stage: List()
26/09/21 21:36:16 INFO DAGScheduler: Missing parents: List()
26/09/21 21:36:16 INFO DAGScheduler: Submitting ResultStage 0 (MapPartitionsRDD[1] at parquet at NativeMethodAccessorImpl.java:0), which has no missing parents
26/09/21 21:36:16 INFO MemoryStore: Block broadcast_0 stored as values in memory (estimated size 104.5 KiB, free 434.3 MiB)
26/09/21 21:36:16 INFO MemoryStore: Block broadcast_0_piece0 stored as bytes in memory (estimated size 37.6 KiB, free 434.3 MiB)
26/09/21 21:36:16 INFO BlockManagerInfo: Added broadcast_0_piece0 in memory on e6c3ac7e1715:44909 (size: 37.6 KiB, free: 434.4 MiB)
26/09/21 21:36:16 INFO SparkContext: Created broadcast 0 from broadcast at DAGScheduler.scala:1585
26/09/21 21:36:16 INFO DAGScheduler: Submitting 1 missing tasks from ResultStage 0 (MapPartitionsRDD[1] at parquet at NativeMethodAccessorImpl.java:0) (first 15 tasks are for partitions Vector(0))
26/09/21 21:36:16 INFO TaskSchedulerImpl: Adding task set 0.0 with 1 tasks resource profile 0
26/09/21 21:36:16 INFO TaskSetManager: Starting task 0.0 in stage 0.0 (TID 0) (e6c3ac7e1715, executor driver, partition 0, PROCESS_LOCAL, 8303 bytes) 
26/09/21 21:36:16 INFO Executor: Running task 0.0 in stage 0.0 (TID 0)
26/09/21 21:36:17 INFO Executor: Finished task 0.0 in stage 0.0 (TID 0). 2034 bytes result sent to driver
26/09/21 21:36:17 INFO TaskSetManager: Finished task 0.0 in stage 0.0 (TID 0) in 338 ms on e6c3ac7e1715 (executor driver) (1/1)
26/09/21 21:36:17 INFO TaskSchedulerImpl: Removed TaskSet 0.0, whose tasks have all completed, from pool 
26/09/21 21:36:17 INFO DAGScheduler: ResultStage 0 (parquet at NativeMethodAccessorImpl.java:0) finished in 0.490 s
26/09/21 21:36:17 INFO DAGScheduler: Job 0 is finished. Cancelling potential speculative or zombie tasks for this job
26/09/21 21:36:17 INFO TaskSchedulerImpl: Killing all running tasks in stage 0: Stage finished
26/09/21 21:36:17 INFO DAGScheduler: Job 0 finished: parquet at NativeMethodAccessorImpl.java:0, took 0.528743 s
26/09/21 21:36:17 INFO BlockManagerInfo: Removed broadcast_0_piece0 on e6c3ac7e1715:44909 in memory (size: 37.6 KiB, free: 434.4 MiB)
26/09/21 21:36:18 INFO FileSourceStrategy: Pushed Filters: 
26/09/21 21:36:18 INFO FileSourceStrategy: Post-Scan Filters: (((isnull(user_id#7) OR (cast(price#6 as int) <= 0)) OR isnull(event_type#1)) OR (event_type#1 = ))
26/09/21 21:36:18 INFO ParquetUtils: Using default output committer for Parquet: org.apache.parquet.hadoop.ParquetOutputCommitter
26/09/21 21:36:18 INFO FileOutputCommitter: File Output Committer Algorithm version is 1
26/09/21 21:36:18 INFO FileOutputCommitter: FileOutputCommitter skip cleanup _temporary folders under output directory:false, ignore cleanup failures: false
26/09/21 21:36:18 INFO SQLHadoopMapReduceCommitProtocol: Using user defined output committer class org.apache.parquet.hadoop.ParquetOutputCommitter
26/09/21 21:36:18 INFO FileOutputCommitter: File Output Committer Algorithm version is 1
26/09/21 21:36:18 INFO FileOutputCommitter: FileOutputCommitter skip cleanup _temporary folders under output directory:false, ignore cleanup failures: false
26/09/21 21:36:18 INFO SQLHadoopMapReduceCommitProtocol: Using output committer class org.apache.parquet.hadoop.ParquetOutputCommitter
26/09/21 21:36:18 INFO CodeGenerator: Code generated in 176.156565 ms
26/09/21 21:36:18 INFO MemoryStore: Block broadcast_1 stored as values in memory (estimated size 203.8 KiB, free 434.2 MiB)
26/09/21 21:36:18 INFO MemoryStore: Block broadcast_1_piece0 stored as bytes in memory (estimated size 35.7 KiB, free 434.2 MiB)
26/09/21 21:36:18 INFO BlockManagerInfo: Added broadcast_1_piece0 in memory on e6c3ac7e1715:44909 (size: 35.7 KiB, free: 434.4 MiB)
26/09/21 21:36:18 INFO SparkContext: Created broadcast 1 from parquet at NativeMethodAccessorImpl.java:0
26/09/21 21:36:18 INFO FileSourceScanExec: Planning scan with bin packing, max size: 5664392 bytes, open cost is considered as scanning 4194304 bytes.
26/09/21 21:36:18 INFO SparkContext: Starting job: parquet at NativeMethodAccessorImpl.java:0
26/09/21 21:36:18 INFO DAGScheduler: Got job 1 (parquet at NativeMethodAccessorImpl.java:0) with 8 output partitions
26/09/21 21:36:18 INFO DAGScheduler: Final stage: ResultStage 1 (parquet at NativeMethodAccessorImpl.java:0)
26/09/21 21:36:18 INFO DAGScheduler: Parents of final stage: List()
26/09/21 21:36:18 INFO DAGScheduler: Missing parents: List()
26/09/21 21:36:18 INFO DAGScheduler: Submitting ResultStage 1 (MapPartitionsRDD[5] at parquet at NativeMethodAccessorImpl.java:0), which has no missing parents
26/09/21 21:36:18 INFO MemoryStore: Block broadcast_2 stored as values in memory (estimated size 225.2 KiB, free 433.9 MiB)
26/09/21 21:36:18 INFO MemoryStore: Block broadcast_2_piece0 stored as bytes in memory (estimated size 79.3 KiB, free 433.9 MiB)
26/09/21 21:36:18 INFO BlockManagerInfo: Added broadcast_2_piece0 in memory on e6c3ac7e1715:44909 (size: 79.3 KiB, free: 434.3 MiB)
26/09/21 21:36:18 INFO SparkContext: Created broadcast 2 from broadcast at DAGScheduler.scala:1585
26/09/21 21:36:18 INFO DAGScheduler: Submitting 8 missing tasks from ResultStage 1 (MapPartitionsRDD[5] at parquet at NativeMethodAccessorImpl.java:0) (first 15 tasks are for partitions Vector(0, 1, 2, 3, 4, 5, 6, 7))
26/09/21 21:36:18 INFO TaskSchedulerImpl: Adding task set 1.0 with 8 tasks resource profile 0
26/09/21 21:36:18 INFO TaskSetManager: Starting task 0.0 in stage 1.0 (TID 1) (e6c3ac7e1715, executor driver, partition 0, PROCESS_LOCAL, 8810 bytes) 
26/09/21 21:36:18 INFO TaskSetManager: Starting task 1.0 in stage 1.0 (TID 2) (e6c3ac7e1715, executor driver, partition 1, PROCESS_LOCAL, 8810 bytes) 
26/09/21 21:36:18 INFO TaskSetManager: Starting task 2.0 in stage 1.0 (TID 3) (e6c3ac7e1715, executor driver, partition 2, PROCESS_LOCAL, 8810 bytes) 
26/09/21 21:36:18 INFO TaskSetManager: Starting task 3.0 in stage 1.0 (TID 4) (e6c3ac7e1715, executor driver, partition 3, PROCESS_LOCAL, 8810 bytes) 
26/09/21 21:36:18 INFO TaskSetManager: Starting task 4.0 in stage 1.0 (TID 5) (e6c3ac7e1715, executor driver, partition 4, PROCESS_LOCAL, 8810 bytes) 
26/09/21 21:36:18 INFO TaskSetManager: Starting task 5.0 in stage 1.0 (TID 6) (e6c3ac7e1715, executor driver, partition 5, PROCESS_LOCAL, 8810 bytes) 
26/09/21 21:36:18 INFO TaskSetManager: Starting task 6.0 in stage 1.0 (TID 7) (e6c3ac7e1715, executor driver, partition 6, PROCESS_LOCAL, 8810 bytes) 
26/09/21 21:36:18 INFO TaskSetManager: Starting task 7.0 in stage 1.0 (TID 8) (e6c3ac7e1715, executor driver, partition 7, PROCESS_LOCAL, 8810 bytes) 
26/09/21 21:36:18 INFO Executor: Running task 0.0 in stage 1.0 (TID 1)
26/09/21 21:36:18 INFO Executor: Running task 1.0 in stage 1.0 (TID 2)
26/09/21 21:36:18 INFO Executor: Running task 2.0 in stage 1.0 (TID 3)
26/09/21 21:36:18 INFO Executor: Running task 3.0 in stage 1.0 (TID 4)
26/09/21 21:36:18 INFO Executor: Running task 4.0 in stage 1.0 (TID 5)
26/09/21 21:36:18 INFO Executor: Running task 5.0 in stage 1.0 (TID 6)
26/09/21 21:36:19 INFO Executor: Running task 6.0 in stage 1.0 (TID 7)
26/09/21 21:36:19 INFO Executor: Running task 7.0 in stage 1.0 (TID 8)
26/09/21 21:36:19 INFO CodeGenerator: Code generated in 33.893855 ms
26/09/21 21:36:19 INFO FileOutputCommitter: File Output Committer Algorithm version is 1
26/09/21 21:36:19 INFO FileOutputCommitter: FileOutputCommitter skip cleanup _temporary folders under output directory:false, ignore cleanup failures: false
26/09/21 21:36:19 INFO FileOutputCommitter: File Output Committer Algorithm version is 1
26/09/21 21:36:19 INFO FileOutputCommitter: FileOutputCommitter skip cleanup _temporary folders under output directory:false, ignore cleanup failures: false
26/09/21 21:36:19 INFO FileOutputCommitter: File Output Committer Algorithm version is 1
26/09/21 21:36:19 INFO SQLHadoopMapReduceCommitProtocol: Using user defined output committer class org.apache.parquet.hadoop.ParquetOutputCommitter
26/09/21 21:36:19 INFO FileOutputCommitter: File Output Committer Algorithm version is 1
26/09/21 21:36:19 INFO FileOutputCommitter: FileOutputCommitter skip cleanup _temporary folders under output directory:false, ignore cleanup failures: false
26/09/21 21:36:19 INFO FileOutputCommitter: File Output Committer Algorithm version is 1
26/09/21 21:36:19 INFO FileOutputCommitter: FileOutputCommitter skip cleanup _temporary folders under output directory:false, ignore cleanup failures: false
26/09/21 21:36:19 INFO SQLHadoopMapReduceCommitProtocol: Using user defined output committer class org.apache.parquet.hadoop.ParquetOutputCommitter
26/09/21 21:36:19 INFO FileOutputCommitter: File Output Committer Algorithm version is 1
26/09/21 21:36:19 INFO FileOutputCommitter: FileOutputCommitter skip cleanup _temporary folders under output directory:false, ignore cleanup failures: false
26/09/21 21:36:19 INFO FileOutputCommitter: File Output Committer Algorithm version is 1
26/09/21 21:36:19 INFO FileOutputCommitter: FileOutputCommitter skip cleanup _temporary folders under output directory:false, ignore cleanup failures: false
26/09/21 21:36:19 INFO FileOutputCommitter: File Output Committer Algorithm version is 1
26/09/21 21:36:19 INFO FileOutputCommitter: FileOutputCommitter skip cleanup _temporary folders under output directory:false, ignore cleanup failures: false
26/09/21 21:36:19 INFO SQLHadoopMapReduceCommitProtocol: Using output committer class org.apache.parquet.hadoop.ParquetOutputCommitter
26/09/21 21:36:19 INFO FileOutputCommitter: File Output Committer Algorithm version is 1
26/09/21 21:36:19 INFO FileOutputCommitter: FileOutputCommitter skip cleanup _temporary folders under output directory:false, ignore cleanup failures: false
26/09/21 21:36:19 INFO SQLHadoopMapReduceCommitProtocol: Using user defined output committer class org.apache.parquet.hadoop.ParquetOutputCommitter
26/09/21 21:36:19 INFO FileOutputCommitter: File Output Committer Algorithm version is 1
26/09/21 21:36:19 INFO FileOutputCommitter: File Output Committer Algorithm version is 1
26/09/21 21:36:19 INFO FileOutputCommitter: FileOutputCommitter skip cleanup _temporary folders under output directory:false, ignore cleanup failures: false
26/09/21 21:36:19 INFO FileOutputCommitter: FileOutputCommitter skip cleanup _temporary folders under output directory:false, ignore cleanup failures: false
26/09/21 21:36:19 INFO SQLHadoopMapReduceCommitProtocol: Using user defined output committer class org.apache.parquet.hadoop.ParquetOutputCommitter
26/09/21 21:36:19 INFO FileOutputCommitter: File Output Committer Algorithm version is 1
26/09/21 21:36:19 INFO FileOutputCommitter: FileOutputCommitter skip cleanup _temporary folders under output directory:false, ignore cleanup failures: false
26/09/21 21:36:19 INFO SQLHadoopMapReduceCommitProtocol: Using output committer class org.apache.parquet.hadoop.ParquetOutputCommitter
26/09/21 21:36:19 INFO SQLHadoopMapReduceCommitProtocol: Using user defined output committer class org.apache.parquet.hadoop.ParquetOutputCommitter
26/09/21 21:36:19 INFO FileScanRDD: Reading File path: file:///opt/airflow/data/lake/raw/events/2019-Oct/event_date=2019-10-03/part-00002-e6dbecb7-a75e-4a1e-be16-8089c329fa2c.c000.snappy.parquet, range: 0-5664392, partition values: [empty row]
26/09/21 21:36:19 INFO FileOutputCommitter: File Output Committer Algorithm version is 1
26/09/21 21:36:19 INFO SQLHadoopMapReduceCommitProtocol: Using output committer class org.apache.parquet.hadoop.ParquetOutputCommitter
26/09/21 21:36:19 INFO FileOutputCommitter: FileOutputCommitter skip cleanup _temporary folders under output directory:false, ignore cleanup failures: false
26/09/21 21:36:19 INFO FileScanRDD: Reading File path: file:///opt/airflow/data/lake/raw/events/2019-Oct/event_date=2019-10-03/part-00002-e6dbecb7-a75e-4a1e-be16-8089c329fa2c.c000.snappy.parquet, range: 11328784-16993176, partition values: [empty row]
26/09/21 21:36:19 INFO SQLHadoopMapReduceCommitProtocol: Using output committer class org.apache.parquet.hadoop.ParquetOutputCommitter
26/09/21 21:36:19 INFO SQLHadoopMapReduceCommitProtocol: Using output committer class org.apache.parquet.hadoop.ParquetOutputCommitter
26/09/21 21:36:19 INFO FileScanRDD: Reading File path: file:///opt/airflow/data/lake/raw/events/2019-Oct/event_date=2019-10-03/part-00002-e6dbecb7-a75e-4a1e-be16-8089c329fa2c.c000.snappy.parquet, range: 16993176-19177274, partition values: [empty row]
26/09/21 21:36:19 INFO FileScanRDD: Reading File path: file:///opt/airflow/data/lake/raw/events/2019-Oct/event_date=2019-10-03/part-00003-e6dbecb7-a75e-4a1e-be16-8089c329fa2c.c000.snappy.parquet, range: 11328784-16993176, partition values: [empty row]
26/09/21 21:36:19 INFO FileOutputCommitter: FileOutputCommitter skip cleanup _temporary folders under output directory:false, ignore cleanup failures: false
26/09/21 21:36:19 INFO SQLHadoopMapReduceCommitProtocol: Using user defined output committer class org.apache.parquet.hadoop.ParquetOutputCommitter
26/09/21 21:36:19 INFO SQLHadoopMapReduceCommitProtocol: Using user defined output committer class org.apache.parquet.hadoop.ParquetOutputCommitter
26/09/21 21:36:19 INFO FileOutputCommitter: File Output Committer Algorithm version is 1
26/09/21 21:36:19 INFO FileOutputCommitter: FileOutputCommitter skip cleanup _temporary folders under output directory:false, ignore cleanup failures: false
26/09/21 21:36:19 INFO FileOutputCommitter: File Output Committer Algorithm version is 1
26/09/21 21:36:19 INFO FileOutputCommitter: FileOutputCommitter skip cleanup _temporary folders under output directory:false, ignore cleanup failures: false
26/09/21 21:36:19 INFO SQLHadoopMapReduceCommitProtocol: Using user defined output committer class org.apache.parquet.hadoop.ParquetOutputCommitter
26/09/21 21:36:19 INFO FileOutputCommitter: File Output Committer Algorithm version is 1
26/09/21 21:36:19 INFO FileOutputCommitter: FileOutputCommitter skip cleanup _temporary folders under output directory:false, ignore cleanup failures: false
26/09/21 21:36:19 INFO SQLHadoopMapReduceCommitProtocol: Using output committer class org.apache.parquet.hadoop.ParquetOutputCommitter
26/09/21 21:36:19 INFO FileScanRDD: Reading File path: file:///opt/airflow/data/lake/raw/events/2019-Oct/event_date=2019-10-03/part-00003-e6dbecb7-a75e-4a1e-be16-8089c329fa2c.c000.snappy.parquet, range: 5664392-11328784, partition values: [empty row]
26/09/21 21:36:19 INFO CodecConfig: Compression: SNAPPY
26/09/21 21:36:19 INFO SQLHadoopMapReduceCommitProtocol: Using output committer class org.apache.parquet.hadoop.ParquetOutputCommitter
26/09/21 21:36:19 INFO FileScanRDD: Reading File path: file:///opt/airflow/data/lake/raw/events/2019-Oct/event_date=2019-10-03/part-00002-e6dbecb7-a75e-4a1e-be16-8089c329fa2c.c000.snappy.parquet, range: 5664392-11328784, partition values: [empty row]
26/09/21 21:36:19 INFO SQLHadoopMapReduceCommitProtocol: Using output committer class org.apache.parquet.hadoop.ParquetOutputCommitter
26/09/21 21:36:19 INFO FileScanRDD: Reading File path: file:///opt/airflow/data/lake/raw/events/2019-Oct/event_date=2019-10-03/part-00003-e6dbecb7-a75e-4a1e-be16-8089c329fa2c.c000.snappy.parquet, range: 16993176-17749260, partition values: [empty row]
26/09/21 21:36:19 INFO CodecConfig: Compression: SNAPPY
26/09/21 21:36:19 INFO ParquetOutputFormat: ParquetRecordWriter [block size: 134217728b, row group padding size: 8388608b, validating: false]
26/09/21 21:36:19 INFO ParquetWriteSupport: Initialized Parquet WriteSupport with Catalyst schema:
{
  "type" : "struct",
  "fields" : [ {
    "name" : "event_time",
    "type" : "string",
    "nullable" : true,
    "metadata" : { }
  }, {
    "name" : "event_type",
    "type" : "string",
    "nullable" : true,
    "metadata" : { }
  }, {
    "name" : "product_id",
    "type" : "string",
    "nullable" : true,
    "metadata" : { }
  }, {
    "name" : "category_id",
    "type" : "string",
    "nullable" : true,
    "metadata" : { }
  }, {
    "name" : "category_code",
    "type" : "string",
    "nullable" : true,
    "metadata" : { }
  }, {
    "name" : "brand",
    "type" : "string",
    "nullable" : true,
    "metadata" : { }
  }, {
    "name" : "price",
    "type" : "string",
    "nullable" : true,
    "metadata" : { }
  }, {
    "name" : "user_id",
    "type" : "string",
    "nullable" : true,
    "metadata" : { }
  }, {
    "name" : "user_session",
    "type" : "string",
    "nullable" : true,
    "metadata" : { }
  } ]
}
and corresponding Parquet message type:
message spark_schema {
  optional binary event_time (STRING);
  optional binary event_type (STRING);
  optional binary product_id (STRING);
  optional binary category_id (STRING);
  optional binary category_code (STRING);
  optional binary brand (STRING);
  optional binary price (STRING);
  optional binary user_id (STRING);
  optional binary user_session (STRING);
}

       
26/09/21 21:36:19 INFO CodecPool: Got brand-new compressor [.snappy]
26/09/21 21:36:19 INFO SparkHadoopMapRedUtil: No need to commit output of task because needsTaskCommit=false: attempt_202609212136182298742334120839699_0001_m_000005_6
26/09/21 21:36:19 INFO SparkHadoopMapRedUtil: No need to commit output of task because needsTaskCommit=false: attempt_202609212136182298742334120839699_0001_m_000003_4
26/09/21 21:36:19 INFO SparkHadoopMapRedUtil: No need to commit output of task because needsTaskCommit=false: attempt_202609212136182298742334120839699_0001_m_000007_8
26/09/21 21:36:19 INFO SparkHadoopMapRedUtil: No need to commit output of task because needsTaskCommit=false: attempt_202609212136182298742334120839699_0001_m_000006_7
26/09/21 21:36:19 INFO SparkHadoopMapRedUtil: No need to commit output of task because needsTaskCommit=false: attempt_202609212136182298742334120839699_0001_m_000002_3
26/09/21 21:36:19 INFO Executor: Finished task 6.0 in stage 1.0 (TID 7). 2748 bytes result sent to driver
26/09/21 21:36:19 INFO Executor: Finished task 3.0 in stage 1.0 (TID 4). 2748 bytes result sent to driver
26/09/21 21:36:19 INFO Executor: Finished task 5.0 in stage 1.0 (TID 6). 2748 bytes result sent to driver
26/09/21 21:36:19 INFO Executor: Finished task 2.0 in stage 1.0 (TID 3). 2705 bytes result sent to driver
26/09/21 21:36:19 INFO Executor: Finished task 7.0 in stage 1.0 (TID 8). 2748 bytes result sent to driver
26/09/21 21:36:19 INFO TaskSetManager: Finished task 5.0 in stage 1.0 (TID 6) in 314 ms on e6c3ac7e1715 (executor driver) (1/8)
26/09/21 21:36:19 INFO TaskSetManager: Finished task 7.0 in stage 1.0 (TID 8) in 321 ms on e6c3ac7e1715 (executor driver) (2/8)
26/09/21 21:36:19 INFO TaskSetManager: Finished task 3.0 in stage 1.0 (TID 4) in 326 ms on e6c3ac7e1715 (executor driver) (3/8)
26/09/21 21:36:19 INFO TaskSetManager: Finished task 2.0 in stage 1.0 (TID 3) in 327 ms on e6c3ac7e1715 (executor driver) (4/8)
26/09/21 21:36:19 INFO TaskSetManager: Finished task 6.0 in stage 1.0 (TID 7) in 325 ms on e6c3ac7e1715 (executor driver) (5/8)
26/09/21 21:36:19 INFO CodecPool: Got brand-new decompressor [.snappy]
26/09/21 21:36:19 INFO CodecPool: Got brand-new decompressor [.snappy]
26/09/21 21:36:19 INFO FileScanRDD: Reading File path: file:///opt/airflow/data/lake/raw/events/2019-Oct/event_date=2019-10-03/part-00003-e6dbecb7-a75e-4a1e-be16-8089c329fa2c.c000.snappy.parquet, range: 0-5664392, partition values: [empty row]
26/09/21 21:36:19 INFO CodecConfig: Compression: SNAPPY
26/09/21 21:36:19 INFO CodecConfig: Compression: SNAPPY
26/09/21 21:36:19 INFO CodecConfig: Compression: SNAPPY
26/09/21 21:36:19 INFO CodecConfig: Compression: SNAPPY
26/09/21 21:36:19 INFO ParquetOutputFormat: ParquetRecordWriter [block size: 134217728b, row group padding size: 8388608b, validating: false]
26/09/21 21:36:19 INFO ParquetOutputFormat: ParquetRecordWriter [block size: 134217728b, row group padding size: 8388608b, validating: false]
26/09/21 21:36:19 INFO ParquetWriteSupport: Initialized Parquet WriteSupport with Catalyst schema:
{
  "type" : "struct",
  "fields" : [ {
    "name" : "event_time",
    "type" : "string",
    "nullable" : true,
    "metadata" : { }
  }, {
    "name" : "event_type",
    "type" : "string",
    "nullable" : true,
    "metadata" : { }
  }, {
    "name" : "product_id",
    "type" : "string",
    "nullable" : true,
    "metadata" : { }
  }, {
    "name" : "category_id",
    "type" : "string",
    "nullable" : true,
    "metadata" : { }
  }, {
    "name" : "category_code",
    "type" : "string",
    "nullable" : true,
    "metadata" : { }
  }, {
    "name" : "brand",
    "type" : "string",
    "nullable" : true,
    "metadata" : { }
  }, {
    "name" : "price",
    "type" : "string",
    "nullable" : true,
    "metadata" : { }
  }, {
    "name" : "user_id",
    "type" : "string",
    "nullable" : true,
    "metadata" : { }
  }, {
    "name" : "user_session",
    "type" : "string",
    "nullable" : true,
    "metadata" : { }
  } ]
}
and corresponding Parquet message type:
message spark_schema {
  optional binary event_time (STRING);
  optional binary event_type (STRING);
  optional binary product_id (STRING);
  optional binary category_id (STRING);
  optional binary category_code (STRING);
  optional binary brand (STRING);
  optional binary price (STRING);
  optional binary user_id (STRING);
  optional binary user_session (STRING);
}

       
26/09/21 21:36:19 INFO ParquetWriteSupport: Initialized Parquet WriteSupport with Catalyst schema:
{
  "type" : "struct",
  "fields" : [ {
    "name" : "event_time",
    "type" : "string",
    "nullable" : true,
    "metadata" : { }
  }, {
    "name" : "event_type",
    "type" : "string",
    "nullable" : true,
    "metadata" : { }
  }, {
    "name" : "product_id",
    "type" : "string",
    "nullable" : true,
    "metadata" : { }
  }, {
    "name" : "category_id",
    "type" : "string",
    "nullable" : true,
    "metadata" : { }
  }, {
    "name" : "category_code",
    "type" : "string",
    "nullable" : true,
    "metadata" : { }
  }, {
    "name" : "brand",
    "type" : "string",
    "nullable" : true,
    "metadata" : { }
  }, {
    "name" : "price",
    "type" : "string",
    "nullable" : true,
    "metadata" : { }
  }, {
    "name" : "user_id",
    "type" : "string",
    "nullable" : true,
    "metadata" : { }
  }, {
    "name" : "user_session",
    "type" : "string",
    "nullable" : true,
    "metadata" : { }
  } ]
}
and corresponding Parquet message type:
message spark_schema {
  optional binary event_time (STRING);
  optional binary event_type (STRING);
  optional binary product_id (STRING);
  optional binary category_id (STRING);
  optional binary category_code (STRING);
  optional binary brand (STRING);
  optional binary price (STRING);
  optional binary user_id (STRING);
  optional binary user_session (STRING);
}

       
26/09/21 21:36:19 INFO FileOutputCommitter: Saved output of task 'attempt_202609212136182298742334120839699_0001_m_000000_1' to file:/opt/airflow/data/lake/rejected/events/2019-10-03/_temporary/0/task_202609212136182298742334120839699_0001_m_000000
26/09/21 21:36:19 INFO SparkHadoopMapRedUtil: attempt_202609212136182298742334120839699_0001_m_000000_1: Committed. Elapsed time: 1 ms.
26/09/21 21:36:19 INFO Executor: Finished task 0.0 in stage 1.0 (TID 1). 2748 bytes result sent to driver
26/09/21 21:36:19 INFO TaskSetManager: Finished task 0.0 in stage 1.0 (TID 1) in 545 ms on e6c3ac7e1715 (executor driver) (6/8)
26/09/21 21:36:19 INFO CodecPool: Got brand-new compressor [.snappy]
26/09/21 21:36:20 INFO FileOutputCommitter: Saved output of task 'attempt_202609212136182298742334120839699_0001_m_000001_2' to file:/opt/airflow/data/lake/rejected/events/2019-10-03/_temporary/0/task_202609212136182298742334120839699_0001_m_000001
26/09/21 21:36:20 INFO FileOutputCommitter: Saved output of task 'attempt_202609212136182298742334120839699_0001_m_000004_5' to file:/opt/airflow/data/lake/rejected/events/2019-10-03/_temporary/0/task_202609212136182298742334120839699_0001_m_000004
26/09/21 21:36:20 INFO SparkHadoopMapRedUtil: attempt_202609212136182298742334120839699_0001_m_000001_2: Committed. Elapsed time: 0 ms.
26/09/21 21:36:20 INFO SparkHadoopMapRedUtil: attempt_202609212136182298742334120839699_0001_m_000004_5: Committed. Elapsed time: 0 ms.
26/09/21 21:36:20 INFO Executor: Finished task 1.0 in stage 1.0 (TID 2). 2834 bytes result sent to driver
26/09/21 21:36:20 INFO Executor: Finished task 4.0 in stage 1.0 (TID 5). 2834 bytes result sent to driver
26/09/21 21:36:20 INFO TaskSetManager: Finished task 1.0 in stage 1.0 (TID 2) in 1120 ms on e6c3ac7e1715 (executor driver) (7/8)
26/09/21 21:36:20 INFO TaskSetManager: Finished task 4.0 in stage 1.0 (TID 5) in 1119 ms on e6c3ac7e1715 (executor driver) (8/8)
26/09/21 21:36:20 INFO TaskSchedulerImpl: Removed TaskSet 1.0, whose tasks have all completed, from pool 
26/09/21 21:36:20 INFO DAGScheduler: ResultStage 1 (parquet at NativeMethodAccessorImpl.java:0) finished in 1.208 s
26/09/21 21:36:20 INFO DAGScheduler: Job 1 is finished. Cancelling potential speculative or zombie tasks for this job
26/09/21 21:36:20 INFO TaskSchedulerImpl: Killing all running tasks in stage 1: Stage finished
26/09/21 21:36:20 INFO DAGScheduler: Job 1 finished: parquet at NativeMethodAccessorImpl.java:0, took 1.214988 s
26/09/21 21:36:20 INFO FileFormatWriter: Start to commit write Job 355471b3-8388-45f5-b29b-c4a50c34d756.
26/09/21 21:36:20 INFO FileFormatWriter: Write Job 355471b3-8388-45f5-b29b-c4a50c34d756 committed. Elapsed time: 13 ms.
26/09/21 21:36:20 INFO FileFormatWriter: Finished processing stats for write job 355471b3-8388-45f5-b29b-c4a50c34d756.
26/09/21 21:36:20 INFO SparkContext: Invoking stop() from shutdown hook
26/09/21 21:36:20 INFO SparkContext: SparkContext is stopping with exitCode 0.
26/09/21 21:36:20 INFO SparkUI: Stopped Spark web UI at http://e6c3ac7e1715:4040
26/09/21 21:36:20 INFO MapOutputTrackerMasterEndpoint: MapOutputTrackerMasterEndpoint stopped!
26/09/21 21:36:20 INFO MemoryStore: MemoryStore cleared
26/09/21 21:36:20 INFO BlockManager: BlockManager stopped
26/09/21 21:36:20 INFO BlockManagerMaster: BlockManagerMaster stopped
26/09/21 21:36:20 INFO OutputCommitCoordinator$OutputCommitCoordinatorEndpoint: OutputCommitCoordinator stopped!
26/09/21 21:36:20 INFO SparkContext: Successfully stopped SparkContext
26/09/21 21:36:20 INFO ShutdownHookManager: Shutdown hook called
26/09/21 21:36:20 INFO ShutdownHookManager: Deleting directory /tmp/spark-24cfb024-6f9e-42c4-a6fd-9d64ed29fbd3
26/09/21 21:36:20 INFO ShutdownHookManager: Deleting directory /tmp/spark-55cc39cf-c2e3-4441-b87e-e153620f4c77
26/09/21 21:36:20 INFO ShutdownHookManager: Deleting directory /tmp/spark-24cfb024-6f9e-42c4-a6fd-9d64ed29fbd3/pyspark-4aba9e17-4b3c-421d-92c3-726da5c111ef

[2026-09-21T21:36:20.650+0000] {taskinstance.py:441} INFO - ::group::Post task execution logs
[2026-09-21T21:36:20.650+0000] {taskinstance.py:2905} ERROR - Task failed with exception
Traceback (most recent call last):
  File "/home/airflow/.local/lib/python3.11/site-packages/airflow/models/taskinstance.py", line 465, in _execute_task
    result = _execute_callable(context=context, **execute_callable_kwargs)
             ^^^^^^^^^^^^^^^^^^^^^^^^^^^^^^^^^^^^^^^^^^^^^^^^^^^^^^^^^^^^^
  File "/home/airflow/.local/lib/python3.11/site-packages/airflow/models/taskinstance.py", line 432, in _execute_callable
    return execute_callable(context=context, **execute_callable_kwargs)
           ^^^^^^^^^^^^^^^^^^^^^^^^^^^^^^^^^^^^^^^^^^^^^^^^^^^^^^^^^^^^
  File "/home/airflow/.local/lib/python3.11/site-packages/airflow/models/baseoperator.py", line 401, in wrapper
    return func(self, *args, **kwargs)
           ^^^^^^^^^^^^^^^^^^^^^^^^^^^
  File "/home/airflow/.local/lib/python3.11/site-packages/airflow/decorators/base.py", line 265, in execute
    return_value = super().execute(context)
                   ^^^^^^^^^^^^^^^^^^^^^^^^
  File "/home/airflow/.local/lib/python3.11/site-packages/airflow/models/baseoperator.py", line 401, in wrapper
    return func(self, *args, **kwargs)
           ^^^^^^^^^^^^^^^^^^^^^^^^^^^
  File "/home/airflow/.local/lib/python3.11/site-packages/airflow/operators/python.py", line 235, in execute
    return_value = self.execute_callable()
                   ^^^^^^^^^^^^^^^^^^^^^^^
  File "/home/airflow/.local/lib/python3.11/site-packages/airflow/operators/python.py", line 252, in execute_callable
    return self.python_callable(*self.op_args, **self.op_kwargs)
           ^^^^^^^^^^^^^^^^^^^^^^^^^^^^^^^^^^^^^^^^^^^^^^^^^^^^^
  File "/opt/airflow/dags/etl.py", line 70, in extract
    raise e
  File "/opt/airflow/dags/etl.py", line 59, in extract
    script_run = subprocess.run([
                 ^^^^^^^^^^^^^^^^
  File "/usr/local/lib/python3.11/subprocess.py", line 571, in run
    raise CalledProcessError(retcode, process.args,
subprocess.CalledProcessError: Command '['spark-submit', '--packages', 'org.postgresql:postgresql:42.6.0', '/opt/airflow/dags/daily_etl.py', '2019-10-03']' returned non-zero exit status 1.
[2026-09-21T21:36:20.659+0000] {taskinstance.py:1206} INFO - Marking task as UP_FOR_RETRY. dag_id=ecommerce_data, task_id=extract, run_id=scheduled__2019-10-03T00:00:00+00:00, execution_date=20191003T000000, start_date=20260921T213611, end_date=20260921T213620
[2026-09-21T21:36:20.671+0000] {standard_task_runner.py:110} ERROR - Failed to execute job 77 for task extract (Command '['spark-submit', '--packages', 'org.postgresql:postgresql:42.6.0', '/opt/airflow/dags/daily_etl.py', '2019-10-03']' returned non-zero exit status 1.; 7331)
[2026-09-21T21:36:20.717+0000] {local_task_job_runner.py:240} INFO - Task exited with return code 1
[2026-09-21T21:36:20.726+0000] {taskinstance.py:3503} INFO - 0 downstream tasks scheduled from follow-on schedule check
[2026-09-21T21:36:20.727+0000] {local_task_job_runner.py:222} INFO - ::endgroup::
[2026-09-21T22:22:31.091+0000] {local_task_job_runner.py:120} INFO - ::group::Pre task execution logs
[2026-09-21T22:22:31.110+0000] {taskinstance.py:2076} INFO - Dependencies all met for dep_context=non-requeueable deps ti=<TaskInstance: ecommerce_data.extract scheduled__2019-10-03T00:00:00+00:00 [queued]>
[2026-09-21T22:22:31.115+0000] {taskinstance.py:2076} INFO - Dependencies all met for dep_context=requeueable deps ti=<TaskInstance: ecommerce_data.extract scheduled__2019-10-03T00:00:00+00:00 [queued]>
[2026-09-21T22:22:31.115+0000] {taskinstance.py:2306} INFO - Starting attempt 1 of 4
[2026-09-21T22:22:31.124+0000] {taskinstance.py:2330} INFO - Executing <Task(_PythonDecoratedOperator): extract> on 2019-10-03 00:00:00+00:00
[2026-09-21T22:22:31.130+0000] {standard_task_runner.py:63} INFO - Started process 24825 to run task
[2026-09-21T22:22:31.133+0000] {standard_task_runner.py:90} INFO - Running: ['airflow', 'tasks', 'run', 'ecommerce_data', 'extract', 'scheduled__2019-10-03T00:00:00+00:00', '--job-id', '227', '--raw', '--subdir', 'DAGS_FOLDER/etl.py', '--cfg-path', '/tmp/tmptdhxyck8']
[2026-09-21T22:22:31.134+0000] {standard_task_runner.py:91} INFO - Job 227: Subtask extract
[2026-09-21T22:22:31.167+0000] {task_command.py:426} INFO - Running <TaskInstance: ecommerce_data.extract scheduled__2019-10-03T00:00:00+00:00 [running]> on host e6c3ac7e1715
[2026-09-21T22:22:31.220+0000] {taskinstance.py:2648} INFO - Exporting env vars: AIRFLOW_CTX_DAG_OWNER='airflow' AIRFLOW_CTX_DAG_ID='ecommerce_data' AIRFLOW_CTX_TASK_ID='extract' AIRFLOW_CTX_EXECUTION_DATE='2019-10-03T00:00:00+00:00' AIRFLOW_CTX_TRY_NUMBER='1' AIRFLOW_CTX_DAG_RUN_ID='scheduled__2019-10-03T00:00:00+00:00'
[2026-09-21T22:22:31.221+0000] {taskinstance.py:430} INFO - ::endgroup::
[2026-09-21T22:22:31.224+0000] {base.py:84} INFO - Using connection ID 'postgres_conn_id' for task execution.
[2026-09-21T22:22:38.317+0000] {taskinstance.py:441} INFO - ::group::Post task execution logs
[2026-09-21T22:22:38.317+0000] {taskinstance.py:2905} ERROR - Task failed with exception
Traceback (most recent call last):
  File "/home/airflow/.local/lib/python3.11/site-packages/airflow/models/taskinstance.py", line 465, in _execute_task
    result = _execute_callable(context=context, **execute_callable_kwargs)
             ^^^^^^^^^^^^^^^^^^^^^^^^^^^^^^^^^^^^^^^^^^^^^^^^^^^^^^^^^^^^^
  File "/home/airflow/.local/lib/python3.11/site-packages/airflow/models/taskinstance.py", line 432, in _execute_callable
    return execute_callable(context=context, **execute_callable_kwargs)
           ^^^^^^^^^^^^^^^^^^^^^^^^^^^^^^^^^^^^^^^^^^^^^^^^^^^^^^^^^^^^
  File "/home/airflow/.local/lib/python3.11/site-packages/airflow/models/baseoperator.py", line 401, in wrapper
    return func(self, *args, **kwargs)
           ^^^^^^^^^^^^^^^^^^^^^^^^^^^
  File "/home/airflow/.local/lib/python3.11/site-packages/airflow/decorators/base.py", line 265, in execute
    return_value = super().execute(context)
                   ^^^^^^^^^^^^^^^^^^^^^^^^
  File "/home/airflow/.local/lib/python3.11/site-packages/airflow/models/baseoperator.py", line 401, in wrapper
    return func(self, *args, **kwargs)
           ^^^^^^^^^^^^^^^^^^^^^^^^^^^
  File "/home/airflow/.local/lib/python3.11/site-packages/airflow/operators/python.py", line 235, in execute
    return_value = self.execute_callable()
                   ^^^^^^^^^^^^^^^^^^^^^^^
  File "/home/airflow/.local/lib/python3.11/site-packages/airflow/operators/python.py", line 252, in execute_callable
    return self.python_callable(*self.op_args, **self.op_kwargs)
           ^^^^^^^^^^^^^^^^^^^^^^^^^^^^^^^^^^^^^^^^^^^^^^^^^^^^^
  File "/opt/airflow/dags/etl.py", line 58, in extract
    script_run = subprocess.run([
                 ^^^^^^^^^^^^^^^^
  File "/usr/local/lib/python3.11/subprocess.py", line 571, in run
    raise CalledProcessError(retcode, process.args,
subprocess.CalledProcessError: Command '['spark-submit', '--packages', 'org.postgresql:postgresql:42.6.0', '/opt/airflow/dags/daily_etl.py', '2019-10-03']' returned non-zero exit status 1.
[2026-09-21T22:22:38.322+0000] {taskinstance.py:1206} INFO - Marking task as UP_FOR_RETRY. dag_id=ecommerce_data, task_id=extract, run_id=scheduled__2019-10-03T00:00:00+00:00, execution_date=20191003T000000, start_date=20260921T222231, end_date=20260921T222238
[2026-09-21T22:22:38.328+0000] {standard_task_runner.py:110} ERROR - Failed to execute job 227 for task extract (Command '['spark-submit', '--packages', 'org.postgresql:postgresql:42.6.0', '/opt/airflow/dags/daily_etl.py', '2019-10-03']' returned non-zero exit status 1.; 24825)
[2026-09-21T22:22:38.353+0000] {local_task_job_runner.py:240} INFO - Task exited with return code 1
[2026-09-21T22:22:38.366+0000] {taskinstance.py:3503} INFO - 0 downstream tasks scheduled from follow-on schedule check
[2026-09-21T22:22:38.366+0000] {local_task_job_runner.py:222} INFO - ::endgroup::
[2026-09-22T17:37:55.860+0000] {local_task_job_runner.py:120} INFO - ::group::Pre task execution logs
[2026-09-22T17:37:55.883+0000] {taskinstance.py:2076} INFO - Dependencies all met for dep_context=non-requeueable deps ti=<TaskInstance: ecommerce_data.extract scheduled__2019-10-03T00:00:00+00:00 [queued]>
[2026-09-22T17:37:55.890+0000] {taskinstance.py:2076} INFO - Dependencies all met for dep_context=requeueable deps ti=<TaskInstance: ecommerce_data.extract scheduled__2019-10-03T00:00:00+00:00 [queued]>
[2026-09-22T17:37:55.890+0000] {taskinstance.py:2306} INFO - Starting attempt 1 of 4
[2026-09-22T17:37:55.903+0000] {taskinstance.py:2330} INFO - Executing <Task(_PythonDecoratedOperator): extract> on 2019-10-03 00:00:00+00:00
[2026-09-22T17:37:55.908+0000] {standard_task_runner.py:63} INFO - Started process 3772 to run task
[2026-09-22T17:37:55.911+0000] {standard_task_runner.py:90} INFO - Running: ['airflow', 'tasks', 'run', 'ecommerce_data', 'extract', 'scheduled__2019-10-03T00:00:00+00:00', '--job-id', '36', '--raw', '--subdir', 'DAGS_FOLDER/etl.py', '--cfg-path', '/tmp/tmp62168n_x']
[2026-09-22T17:37:55.912+0000] {standard_task_runner.py:91} INFO - Job 36: Subtask extract
[2026-09-22T17:37:55.950+0000] {task_command.py:426} INFO - Running <TaskInstance: ecommerce_data.extract scheduled__2019-10-03T00:00:00+00:00 [running]> on host 398971961f28
[2026-09-22T17:37:55.994+0000] {taskinstance.py:2648} INFO - Exporting env vars: AIRFLOW_CTX_DAG_OWNER='airflow' AIRFLOW_CTX_DAG_ID='ecommerce_data' AIRFLOW_CTX_TASK_ID='extract' AIRFLOW_CTX_EXECUTION_DATE='2019-10-03T00:00:00+00:00' AIRFLOW_CTX_TRY_NUMBER='1' AIRFLOW_CTX_DAG_RUN_ID='scheduled__2019-10-03T00:00:00+00:00'
[2026-09-22T17:37:55.995+0000] {taskinstance.py:430} INFO - ::endgroup::
[2026-09-22T17:37:55.998+0000] {base.py:84} INFO - Using connection ID 'postgres_conn_id' for task execution.
[2026-09-22T17:38:13.034+0000] {etl.py:64} INFO - :: loading settings :: url = jar:file:/home/airflow/.local/lib/python3.11/site-packages/pyspark/jars/ivy-2.5.1.jar!/org/apache/ivy/core/settings/ivysettings.xml

[2026-09-22T17:38:13.035+0000] {python.py:237} INFO - Done. Returned value was: None
[2026-09-22T17:38:13.035+0000] {taskinstance.py:441} INFO - ::group::Post task execution logs
[2026-09-22T17:38:13.039+0000] {taskinstance.py:1206} INFO - Marking task as SUCCESS. dag_id=ecommerce_data, task_id=extract, run_id=scheduled__2019-10-03T00:00:00+00:00, execution_date=20191003T000000, start_date=20260922T173755, end_date=20260922T173813
[2026-09-22T17:38:13.072+0000] {local_task_job_runner.py:240} INFO - Task exited with return code 0
[2026-09-22T17:38:13.081+0000] {taskinstance.py:3503} INFO - 0 downstream tasks scheduled from follow-on schedule check
[2026-09-22T17:38:13.082+0000] {local_task_job_runner.py:222} INFO - ::endgroup::
[2026-09-22T17:49:38.432+0000] {local_task_job_runner.py:120} INFO - ::group::Pre task execution logs
[2026-09-22T17:49:38.450+0000] {taskinstance.py:2076} INFO - Dependencies all met for dep_context=non-requeueable deps ti=<TaskInstance: ecommerce_data.extract scheduled__2019-10-03T00:00:00+00:00 [queued]>
[2026-09-22T17:49:38.455+0000] {taskinstance.py:2076} INFO - Dependencies all met for dep_context=requeueable deps ti=<TaskInstance: ecommerce_data.extract scheduled__2019-10-03T00:00:00+00:00 [queued]>
[2026-09-22T17:49:38.455+0000] {taskinstance.py:2306} INFO - Starting attempt 1 of 4
[2026-09-22T17:49:38.465+0000] {taskinstance.py:2330} INFO - Executing <Task(_PythonDecoratedOperator): extract> on 2019-10-03 00:00:00+00:00
[2026-09-22T17:49:38.470+0000] {standard_task_runner.py:63} INFO - Started process 7609 to run task
[2026-09-22T17:49:38.473+0000] {standard_task_runner.py:90} INFO - Running: ['airflow', 'tasks', 'run', 'ecommerce_data', 'extract', 'scheduled__2019-10-03T00:00:00+00:00', '--job-id', '74', '--raw', '--subdir', 'DAGS_FOLDER/etl.py', '--cfg-path', '/tmp/tmp6_i8loos']
[2026-09-22T17:49:38.474+0000] {standard_task_runner.py:91} INFO - Job 74: Subtask extract
[2026-09-22T17:49:38.500+0000] {task_command.py:426} INFO - Running <TaskInstance: ecommerce_data.extract scheduled__2019-10-03T00:00:00+00:00 [running]> on host 398971961f28
[2026-09-22T17:49:38.560+0000] {taskinstance.py:2648} INFO - Exporting env vars: AIRFLOW_CTX_DAG_OWNER='airflow' AIRFLOW_CTX_DAG_ID='ecommerce_data' AIRFLOW_CTX_TASK_ID='extract' AIRFLOW_CTX_EXECUTION_DATE='2019-10-03T00:00:00+00:00' AIRFLOW_CTX_TRY_NUMBER='1' AIRFLOW_CTX_DAG_RUN_ID='scheduled__2019-10-03T00:00:00+00:00'
[2026-09-22T17:49:38.560+0000] {taskinstance.py:430} INFO - ::endgroup::
[2026-09-22T17:49:38.564+0000] {base.py:84} INFO - Using connection ID 'postgres_conn_id' for task execution.
[2026-09-22T17:49:47.386+0000] {etl.py:77} ERROR - === STDOUT ===
:: loading settings :: url = jar:file:/home/airflow/.local/lib/python3.11/site-packages/pyspark/jars/ivy-2.5.1.jar!/org/apache/ivy/core/settings/ivysettings.xml
Traceback (most recent call last):
  File "/opt/airflow/dags/daily_etl.py", line 69, in <module>
    .save()
     ^^^^^^
  File "/home/airflow/.local/lib/python3.11/site-packages/pyspark/python/lib/pyspark.zip/pyspark/sql/readwriter.py", line 1461, in save
  File "/home/airflow/.local/lib/python3.11/site-packages/pyspark/python/lib/py4j-0.10.9.7-src.zip/py4j/java_gateway.py", line 1322, in __call__
  File "/home/airflow/.local/lib/python3.11/site-packages/pyspark/python/lib/pyspark.zip/pyspark/errors/exceptions/captured.py", line 185, in deco
pyspark.errors.exceptions.captured.AnalysisException: Column total_views not found in schema Some(StructType(StructField(user_id,StringType,true),StructField(total_events,LongType,false),StructField(total_spent,DoubleType,true),StructField(country,StringType,true),StructField(event_date,DateType,true))).

[2026-09-22T17:49:47.386+0000] {etl.py:78} ERROR - === STDERR ===
/home/airflow/.local/lib/python3.11/site-packages/pyspark/bin/load-spark-env.sh: line 68: ps: command not found
Ivy Default Cache set to: /home/airflow/.ivy2/cache
The jars for the packages stored in: /home/airflow/.ivy2/jars
org.postgresql#postgresql added as a dependency
:: resolving dependencies :: org.apache.spark#spark-submit-parent-244d6d98-4818-4c02-b593-e0e16632fda2;1.0
	confs: [default]
	found org.postgresql#postgresql;42.6.0 in central
	found org.checkerframework#checker-qual;3.31.0 in central
:: resolution report :: resolve 116ms :: artifacts dl 6ms
	:: modules in use:
	org.checkerframework#checker-qual;3.31.0 from central in [default]
	org.postgresql#postgresql;42.6.0 from central in [default]
	---------------------------------------------------------------------
	|                  |            modules            ||   artifacts   |
	|       conf       | number| search|dwnlded|evicted|| number|dwnlded|
	---------------------------------------------------------------------
	|      default     |   2   |   0   |   0   |   0   ||   2   |   0   |
	---------------------------------------------------------------------
:: retrieving :: org.apache.spark#spark-submit-parent-244d6d98-4818-4c02-b593-e0e16632fda2
	confs: [default]
	0 artifacts copied, 2 already retrieved (0kB/5ms)
26/09/22 17:49:40 WARN NativeCodeLoader: Unable to load native-hadoop library for your platform... using builtin-java classes where applicable
26/09/22 17:49:41 INFO SparkContext: Running Spark version 3.5.1
26/09/22 17:49:41 INFO SparkContext: OS info Linux, 7.0.0-31-generic, amd64
26/09/22 17:49:41 INFO SparkContext: Java version 17.0.20.1
26/09/22 17:49:41 INFO ResourceUtils: ==============================================================
26/09/22 17:49:41 INFO ResourceUtils: No custom resources configured for spark.driver.
26/09/22 17:49:41 INFO ResourceUtils: ==============================================================
26/09/22 17:49:41 INFO SparkContext: Submitted application: Daily_ecommerce
26/09/22 17:49:41 INFO ResourceProfile: Default ResourceProfile created, executor resources: Map(cores -> name: cores, amount: 1, script: , vendor: , memory -> name: memory, amount: 1024, script: , vendor: , offHeap -> name: offHeap, amount: 0, script: , vendor: ), task resources: Map(cpus -> name: cpus, amount: 1.0)
26/09/22 17:49:41 INFO ResourceProfile: Limiting resource is cpu
26/09/22 17:49:41 INFO ResourceProfileManager: Added ResourceProfile id: 0
26/09/22 17:49:41 INFO SecurityManager: Changing view acls to: airflow
26/09/22 17:49:41 INFO SecurityManager: Changing modify acls to: airflow
26/09/22 17:49:41 INFO SecurityManager: Changing view acls groups to: 
26/09/22 17:49:41 INFO SecurityManager: Changing modify acls groups to: 
26/09/22 17:49:41 INFO SecurityManager: SecurityManager: authentication disabled; ui acls disabled; users with view permissions: airflow; groups with view permissions: EMPTY; users with modify permissions: airflow; groups with modify permissions: EMPTY
26/09/22 17:49:41 INFO Utils: Successfully started service 'sparkDriver' on port 41277.
26/09/22 17:49:41 INFO SparkEnv: Registering MapOutputTracker
26/09/22 17:49:41 INFO SparkEnv: Registering BlockManagerMaster
26/09/22 17:49:41 INFO BlockManagerMasterEndpoint: Using org.apache.spark.storage.DefaultTopologyMapper for getting topology information
26/09/22 17:49:41 INFO BlockManagerMasterEndpoint: BlockManagerMasterEndpoint up
26/09/22 17:49:41 INFO SparkEnv: Registering BlockManagerMasterHeartbeat
26/09/22 17:49:41 INFO DiskBlockManager: Created local directory at /tmp/blockmgr-72beeeff-262c-4c16-ad60-f50d483cf6a6
26/09/22 17:49:41 INFO MemoryStore: MemoryStore started with capacity 434.4 MiB
26/09/22 17:49:41 INFO SparkEnv: Registering OutputCommitCoordinator
26/09/22 17:49:41 INFO JettyUtils: Start Jetty 0.0.0.0:4040 for SparkUI
26/09/22 17:49:41 INFO Utils: Successfully started service 'SparkUI' on port 4040.
26/09/22 17:49:41 INFO SparkContext: Added JAR file:///home/airflow/.ivy2/jars/org.postgresql_postgresql-42.6.0.jar at spark://398971961f28:41277/jars/org.postgresql_postgresql-42.6.0.jar with timestamp 1790099381354
26/09/22 17:49:41 INFO SparkContext: Added JAR file:///home/airflow/.ivy2/jars/org.checkerframework_checker-qual-3.31.0.jar at spark://398971961f28:41277/jars/org.checkerframework_checker-qual-3.31.0.jar with timestamp 1790099381354
26/09/22 17:49:42 INFO SparkContext: Added file file:///home/airflow/.ivy2/jars/org.postgresql_postgresql-42.6.0.jar at file:///home/airflow/.ivy2/jars/org.postgresql_postgresql-42.6.0.jar with timestamp 1790099381354
26/09/22 17:49:42 INFO Utils: Copying /home/airflow/.ivy2/jars/org.postgresql_postgresql-42.6.0.jar to /tmp/spark-d1dcd00c-2dfc-405d-9daa-11161f9c08e4/userFiles-7b5a6a27-d4f5-44dc-9cff-819ea72bbd46/org.postgresql_postgresql-42.6.0.jar
26/09/22 17:49:42 INFO SparkContext: Added file file:///home/airflow/.ivy2/jars/org.checkerframework_checker-qual-3.31.0.jar at file:///home/airflow/.ivy2/jars/org.checkerframework_checker-qual-3.31.0.jar with timestamp 1790099381354
26/09/22 17:49:42 INFO Utils: Copying /home/airflow/.ivy2/jars/org.checkerframework_checker-qual-3.31.0.jar to /tmp/spark-d1dcd00c-2dfc-405d-9daa-11161f9c08e4/userFiles-7b5a6a27-d4f5-44dc-9cff-819ea72bbd46/org.checkerframework_checker-qual-3.31.0.jar
26/09/22 17:49:42 INFO Executor: Starting executor ID driver on host 398971961f28
26/09/22 17:49:42 INFO Executor: OS info Linux, 7.0.0-31-generic, amd64
26/09/22 17:49:42 INFO Executor: Java version 17.0.20.1
26/09/22 17:49:42 INFO Executor: Starting executor with user classpath (userClassPathFirst = false): ''
26/09/22 17:49:42 INFO Executor: Created or updated repl class loader org.apache.spark.util.MutableURLClassLoader@70b8e4c5 for default.
26/09/22 17:49:42 INFO Executor: Fetching file:///home/airflow/.ivy2/jars/org.checkerframework_checker-qual-3.31.0.jar with timestamp 1790099381354
26/09/22 17:49:42 INFO Utils: /home/airflow/.ivy2/jars/org.checkerframework_checker-qual-3.31.0.jar has been previously copied to /tmp/spark-d1dcd00c-2dfc-405d-9daa-11161f9c08e4/userFiles-7b5a6a27-d4f5-44dc-9cff-819ea72bbd46/org.checkerframework_checker-qual-3.31.0.jar
26/09/22 17:49:42 INFO Executor: Fetching file:///home/airflow/.ivy2/jars/org.postgresql_postgresql-42.6.0.jar with timestamp 1790099381354
26/09/22 17:49:42 INFO Utils: /home/airflow/.ivy2/jars/org.postgresql_postgresql-42.6.0.jar has been previously copied to /tmp/spark-d1dcd00c-2dfc-405d-9daa-11161f9c08e4/userFiles-7b5a6a27-d4f5-44dc-9cff-819ea72bbd46/org.postgresql_postgresql-42.6.0.jar
26/09/22 17:49:42 INFO Executor: Fetching spark://398971961f28:41277/jars/org.postgresql_postgresql-42.6.0.jar with timestamp 1790099381354
26/09/22 17:49:42 INFO TransportClientFactory: Successfully created connection to 398971961f28/172.21.0.3:41277 after 19 ms (0 ms spent in bootstraps)
26/09/22 17:49:42 INFO Utils: Fetching spark://398971961f28:41277/jars/org.postgresql_postgresql-42.6.0.jar to /tmp/spark-d1dcd00c-2dfc-405d-9daa-11161f9c08e4/userFiles-7b5a6a27-d4f5-44dc-9cff-819ea72bbd46/fetchFileTemp6103222846989137046.tmp
26/09/22 17:49:42 INFO Utils: /tmp/spark-d1dcd00c-2dfc-405d-9daa-11161f9c08e4/userFiles-7b5a6a27-d4f5-44dc-9cff-819ea72bbd46/fetchFileTemp6103222846989137046.tmp has been previously copied to /tmp/spark-d1dcd00c-2dfc-405d-9daa-11161f9c08e4/userFiles-7b5a6a27-d4f5-44dc-9cff-819ea72bbd46/org.postgresql_postgresql-42.6.0.jar
26/09/22 17:49:42 INFO Executor: Adding file:/tmp/spark-d1dcd00c-2dfc-405d-9daa-11161f9c08e4/userFiles-7b5a6a27-d4f5-44dc-9cff-819ea72bbd46/org.postgresql_postgresql-42.6.0.jar to class loader default
26/09/22 17:49:42 INFO Executor: Fetching spark://398971961f28:41277/jars/org.checkerframework_checker-qual-3.31.0.jar with timestamp 1790099381354
26/09/22 17:49:42 INFO Utils: Fetching spark://398971961f28:41277/jars/org.checkerframework_checker-qual-3.31.0.jar to /tmp/spark-d1dcd00c-2dfc-405d-9daa-11161f9c08e4/userFiles-7b5a6a27-d4f5-44dc-9cff-819ea72bbd46/fetchFileTemp5971782054431188838.tmp
26/09/22 17:49:42 INFO Utils: /tmp/spark-d1dcd00c-2dfc-405d-9daa-11161f9c08e4/userFiles-7b5a6a27-d4f5-44dc-9cff-819ea72bbd46/fetchFileTemp5971782054431188838.tmp has been previously copied to /tmp/spark-d1dcd00c-2dfc-405d-9daa-11161f9c08e4/userFiles-7b5a6a27-d4f5-44dc-9cff-819ea72bbd46/org.checkerframework_checker-qual-3.31.0.jar
26/09/22 17:49:42 INFO Executor: Adding file:/tmp/spark-d1dcd00c-2dfc-405d-9daa-11161f9c08e4/userFiles-7b5a6a27-d4f5-44dc-9cff-819ea72bbd46/org.checkerframework_checker-qual-3.31.0.jar to class loader default
26/09/22 17:49:42 INFO Utils: Successfully started service 'org.apache.spark.network.netty.NettyBlockTransferService' on port 34095.
26/09/22 17:49:42 INFO NettyBlockTransferService: Server created on 398971961f28:34095
26/09/22 17:49:42 INFO BlockManager: Using org.apache.spark.storage.RandomBlockReplicationPolicy for block replication policy
26/09/22 17:49:42 INFO BlockManagerMaster: Registering BlockManager BlockManagerId(driver, 398971961f28, 34095, None)
26/09/22 17:49:42 INFO BlockManagerMasterEndpoint: Registering block manager 398971961f28:34095 with 434.4 MiB RAM, BlockManagerId(driver, 398971961f28, 34095, None)
26/09/22 17:49:42 INFO BlockManagerMaster: Registered BlockManager BlockManagerId(driver, 398971961f28, 34095, None)
26/09/22 17:49:42 INFO BlockManager: Initialized BlockManager: BlockManagerId(driver, 398971961f28, 34095, None)
26/09/22 17:49:42 INFO SharedState: Setting hive.metastore.warehouse.dir ('null') to the value of spark.sql.warehouse.dir.
26/09/22 17:49:42 INFO SharedState: Warehouse path is 'file:/opt/airflow/spark-warehouse'.
26/09/22 17:49:43 INFO InMemoryFileIndex: It took 33 ms to list leaf files for 1 paths.
26/09/22 17:49:43 INFO SparkContext: Starting job: parquet at NativeMethodAccessorImpl.java:0
26/09/22 17:49:43 INFO DAGScheduler: Got job 0 (parquet at NativeMethodAccessorImpl.java:0) with 1 output partitions
26/09/22 17:49:43 INFO DAGScheduler: Final stage: ResultStage 0 (parquet at NativeMethodAccessorImpl.java:0)
26/09/22 17:49:43 INFO DAGScheduler: Parents of final stage: List()
26/09/22 17:49:43 INFO DAGScheduler: Missing parents: List()
26/09/22 17:49:43 INFO DAGScheduler: Submitting ResultStage 0 (MapPartitionsRDD[1] at parquet at NativeMethodAccessorImpl.java:0), which has no missing parents
26/09/22 17:49:43 INFO MemoryStore: Block broadcast_0 stored as values in memory (estimated size 104.5 KiB, free 434.3 MiB)
26/09/22 17:49:43 INFO MemoryStore: Block broadcast_0_piece0 stored as bytes in memory (estimated size 37.6 KiB, free 434.3 MiB)
26/09/22 17:49:43 INFO BlockManagerInfo: Added broadcast_0_piece0 in memory on 398971961f28:34095 (size: 37.6 KiB, free: 434.4 MiB)
26/09/22 17:49:43 INFO SparkContext: Created broadcast 0 from broadcast at DAGScheduler.scala:1585
26/09/22 17:49:43 INFO DAGScheduler: Submitting 1 missing tasks from ResultStage 0 (MapPartitionsRDD[1] at parquet at NativeMethodAccessorImpl.java:0) (first 15 tasks are for partitions Vector(0))
26/09/22 17:49:43 INFO TaskSchedulerImpl: Adding task set 0.0 with 1 tasks resource profile 0
26/09/22 17:49:43 INFO TaskSetManager: Starting task 0.0 in stage 0.0 (TID 0) (398971961f28, executor driver, partition 0, PROCESS_LOCAL, 8303 bytes) 
26/09/22 17:49:43 INFO Executor: Running task 0.0 in stage 0.0 (TID 0)
26/09/22 17:49:44 INFO Executor: Finished task 0.0 in stage 0.0 (TID 0). 2034 bytes result sent to driver
26/09/22 17:49:44 INFO TaskSetManager: Finished task 0.0 in stage 0.0 (TID 0) in 347 ms on 398971961f28 (executor driver) (1/1)
26/09/22 17:49:44 INFO TaskSchedulerImpl: Removed TaskSet 0.0, whose tasks have all completed, from pool 
26/09/22 17:49:44 INFO DAGScheduler: ResultStage 0 (parquet at NativeMethodAccessorImpl.java:0) finished in 0.472 s
26/09/22 17:49:44 INFO DAGScheduler: Job 0 is finished. Cancelling potential speculative or zombie tasks for this job
26/09/22 17:49:44 INFO TaskSchedulerImpl: Killing all running tasks in stage 0: Stage finished
26/09/22 17:49:44 INFO DAGScheduler: Job 0 finished: parquet at NativeMethodAccessorImpl.java:0, took 0.510429 s
26/09/22 17:49:44 INFO BlockManagerInfo: Removed broadcast_0_piece0 on 398971961f28:34095 in memory (size: 37.6 KiB, free: 434.4 MiB)
26/09/22 17:49:45 INFO FileSourceStrategy: Pushed Filters: 
26/09/22 17:49:45 INFO FileSourceStrategy: Post-Scan Filters: (((isnull(user_id#7) OR (cast(price#6 as float) <= 0.0)) OR isnull(event_type#1)) OR (event_type#1 = ))
26/09/22 17:49:45 INFO ParquetUtils: Using default output committer for Parquet: org.apache.parquet.hadoop.ParquetOutputCommitter
26/09/22 17:49:45 INFO FileOutputCommitter: File Output Committer Algorithm version is 1
26/09/22 17:49:45 INFO FileOutputCommitter: FileOutputCommitter skip cleanup _temporary folders under output directory:false, ignore cleanup failures: false
26/09/22 17:49:45 INFO SQLHadoopMapReduceCommitProtocol: Using user defined output committer class org.apache.parquet.hadoop.ParquetOutputCommitter
26/09/22 17:49:45 INFO FileOutputCommitter: File Output Committer Algorithm version is 1
26/09/22 17:49:45 INFO FileOutputCommitter: FileOutputCommitter skip cleanup _temporary folders under output directory:false, ignore cleanup failures: false
26/09/22 17:49:45 INFO SQLHadoopMapReduceCommitProtocol: Using output committer class org.apache.parquet.hadoop.ParquetOutputCommitter
26/09/22 17:49:45 INFO CodeGenerator: Code generated in 197.514977 ms
26/09/22 17:49:45 INFO MemoryStore: Block broadcast_1 stored as values in memory (estimated size 203.8 KiB, free 434.2 MiB)
26/09/22 17:49:45 INFO MemoryStore: Block broadcast_1_piece0 stored as bytes in memory (estimated size 35.7 KiB, free 434.2 MiB)
26/09/22 17:49:45 INFO BlockManagerInfo: Added broadcast_1_piece0 in memory on 398971961f28:34095 (size: 35.7 KiB, free: 434.4 MiB)
26/09/22 17:49:45 INFO SparkContext: Created broadcast 1 from parquet at NativeMethodAccessorImpl.java:0
26/09/22 17:49:45 INFO FileSourceScanExec: Planning scan with bin packing, max size: 5664392 bytes, open cost is considered as scanning 4194304 bytes.
26/09/22 17:49:45 INFO SparkContext: Starting job: parquet at NativeMethodAccessorImpl.java:0
26/09/22 17:49:45 INFO DAGScheduler: Got job 1 (parquet at NativeMethodAccessorImpl.java:0) with 8 output partitions
26/09/22 17:49:45 INFO DAGScheduler: Final stage: ResultStage 1 (parquet at NativeMethodAccessorImpl.java:0)
26/09/22 17:49:45 INFO DAGScheduler: Parents of final stage: List()
26/09/22 17:49:45 INFO DAGScheduler: Missing parents: List()
26/09/22 17:49:45 INFO DAGScheduler: Submitting ResultStage 1 (MapPartitionsRDD[5] at parquet at NativeMethodAccessorImpl.java:0), which has no missing parents
26/09/22 17:49:45 INFO MemoryStore: Block broadcast_2 stored as values in memory (estimated size 225.4 KiB, free 433.9 MiB)
26/09/22 17:49:45 INFO MemoryStore: Block broadcast_2_piece0 stored as bytes in memory (estimated size 79.5 KiB, free 433.9 MiB)
26/09/22 17:49:45 INFO BlockManagerInfo: Added broadcast_2_piece0 in memory on 398971961f28:34095 (size: 79.5 KiB, free: 434.3 MiB)
26/09/22 17:49:45 INFO SparkContext: Created broadcast 2 from broadcast at DAGScheduler.scala:1585
26/09/22 17:49:45 INFO DAGScheduler: Submitting 8 missing tasks from ResultStage 1 (MapPartitionsRDD[5] at parquet at NativeMethodAccessorImpl.java:0) (first 15 tasks are for partitions Vector(0, 1, 2, 3, 4, 5, 6, 7))
26/09/22 17:49:45 INFO TaskSchedulerImpl: Adding task set 1.0 with 8 tasks resource profile 0
26/09/22 17:49:45 INFO TaskSetManager: Starting task 0.0 in stage 1.0 (TID 1) (398971961f28, executor driver, partition 0, PROCESS_LOCAL, 8810 bytes) 
26/09/22 17:49:45 INFO TaskSetManager: Starting task 1.0 in stage 1.0 (TID 2) (398971961f28, executor driver, partition 1, PROCESS_LOCAL, 8810 bytes) 
26/09/22 17:49:45 INFO TaskSetManager: Starting task 2.0 in stage 1.0 (TID 3) (398971961f28, executor driver, partition 2, PROCESS_LOCAL, 8810 bytes) 
26/09/22 17:49:45 INFO TaskSetManager: Starting task 3.0 in stage 1.0 (TID 4) (398971961f28, executor driver, partition 3, PROCESS_LOCAL, 8810 bytes) 
26/09/22 17:49:45 INFO TaskSetManager: Starting task 4.0 in stage 1.0 (TID 5) (398971961f28, executor driver, partition 4, PROCESS_LOCAL, 8810 bytes) 
26/09/22 17:49:45 INFO TaskSetManager: Starting task 5.0 in stage 1.0 (TID 6) (398971961f28, executor driver, partition 5, PROCESS_LOCAL, 8810 bytes) 
26/09/22 17:49:45 INFO TaskSetManager: Starting task 6.0 in stage 1.0 (TID 7) (398971961f28, executor driver, partition 6, PROCESS_LOCAL, 8810 bytes) 
26/09/22 17:49:45 INFO TaskSetManager: Starting task 7.0 in stage 1.0 (TID 8) (398971961f28, executor driver, partition 7, PROCESS_LOCAL, 8810 bytes) 
26/09/22 17:49:45 INFO Executor: Running task 1.0 in stage 1.0 (TID 2)
26/09/22 17:49:45 INFO Executor: Running task 2.0 in stage 1.0 (TID 3)
26/09/22 17:49:45 INFO Executor: Running task 0.0 in stage 1.0 (TID 1)
26/09/22 17:49:45 INFO Executor: Running task 4.0 in stage 1.0 (TID 5)
26/09/22 17:49:45 INFO Executor: Running task 3.0 in stage 1.0 (TID 4)
26/09/22 17:49:45 INFO Executor: Running task 5.0 in stage 1.0 (TID 6)
26/09/22 17:49:45 INFO Executor: Running task 6.0 in stage 1.0 (TID 7)
26/09/22 17:49:45 INFO Executor: Running task 7.0 in stage 1.0 (TID 8)
26/09/22 17:49:45 INFO CodeGenerator: Code generated in 41.006482 ms
26/09/22 17:49:45 INFO FileOutputCommitter: File Output Committer Algorithm version is 1
26/09/22 17:49:45 INFO FileOutputCommitter: FileOutputCommitter skip cleanup _temporary folders under output directory:false, ignore cleanup failures: false
26/09/22 17:49:45 INFO SQLHadoopMapReduceCommitProtocol: Using user defined output committer class org.apache.parquet.hadoop.ParquetOutputCommitter
26/09/22 17:49:45 INFO FileOutputCommitter: File Output Committer Algorithm version is 1
26/09/22 17:49:45 INFO FileOutputCommitter: FileOutputCommitter skip cleanup _temporary folders under output directory:false, ignore cleanup failures: false
26/09/22 17:49:45 INFO FileOutputCommitter: File Output Committer Algorithm version is 1
26/09/22 17:49:45 INFO FileOutputCommitter: FileOutputCommitter skip cleanup _temporary folders under output directory:false, ignore cleanup failures: false
26/09/22 17:49:45 INFO FileOutputCommitter: File Output Committer Algorithm version is 1
26/09/22 17:49:45 INFO FileOutputCommitter: FileOutputCommitter skip cleanup _temporary folders under output directory:false, ignore cleanup failures: false
26/09/22 17:49:45 INFO SQLHadoopMapReduceCommitProtocol: Using output committer class org.apache.parquet.hadoop.ParquetOutputCommitter
26/09/22 17:49:45 INFO SQLHadoopMapReduceCommitProtocol: Using user defined output committer class org.apache.parquet.hadoop.ParquetOutputCommitter
26/09/22 17:49:45 INFO SQLHadoopMapReduceCommitProtocol: Using user defined output committer class org.apache.parquet.hadoop.ParquetOutputCommitter
26/09/22 17:49:45 INFO FileOutputCommitter: File Output Committer Algorithm version is 1
26/09/22 17:49:45 INFO FileOutputCommitter: File Output Committer Algorithm version is 1
26/09/22 17:49:45 INFO FileOutputCommitter: FileOutputCommitter skip cleanup _temporary folders under output directory:false, ignore cleanup failures: false
26/09/22 17:49:45 INFO FileOutputCommitter: FileOutputCommitter skip cleanup _temporary folders under output directory:false, ignore cleanup failures: false
26/09/22 17:49:45 INFO FileScanRDD: Reading File path: file:///opt/airflow/data/lake/raw/events/2019-Oct/event_date=2019-10-03/part-00002-e6dbecb7-a75e-4a1e-be16-8089c329fa2c.c000.snappy.parquet, range: 5664392-11328784, partition values: [empty row]
26/09/22 17:49:45 INFO SQLHadoopMapReduceCommitProtocol: Using output committer class org.apache.parquet.hadoop.ParquetOutputCommitter
26/09/22 17:49:45 INFO SQLHadoopMapReduceCommitProtocol: Using output committer class org.apache.parquet.hadoop.ParquetOutputCommitter
26/09/22 17:49:45 INFO FileOutputCommitter: File Output Committer Algorithm version is 1
26/09/22 17:49:45 INFO FileOutputCommitter: FileOutputCommitter skip cleanup _temporary folders under output directory:false, ignore cleanup failures: false
26/09/22 17:49:45 INFO FileOutputCommitter: File Output Committer Algorithm version is 1
26/09/22 17:49:45 INFO FileOutputCommitter: File Output Committer Algorithm version is 1
26/09/22 17:49:45 INFO FileOutputCommitter: FileOutputCommitter skip cleanup _temporary folders under output directory:false, ignore cleanup failures: false
26/09/22 17:49:45 INFO FileOutputCommitter: FileOutputCommitter skip cleanup _temporary folders under output directory:false, ignore cleanup failures: false
26/09/22 17:49:45 INFO SQLHadoopMapReduceCommitProtocol: Using user defined output committer class org.apache.parquet.hadoop.ParquetOutputCommitter
26/09/22 17:49:45 INFO FileOutputCommitter: File Output Committer Algorithm version is 1
26/09/22 17:49:45 INFO FileOutputCommitter: FileOutputCommitter skip cleanup _temporary folders under output directory:false, ignore cleanup failures: false
26/09/22 17:49:45 INFO SQLHadoopMapReduceCommitProtocol: Using user defined output committer class org.apache.parquet.hadoop.ParquetOutputCommitter
26/09/22 17:49:45 INFO FileOutputCommitter: File Output Committer Algorithm version is 1
26/09/22 17:49:45 INFO SQLHadoopMapReduceCommitProtocol: Using user defined output committer class org.apache.parquet.hadoop.ParquetOutputCommitter
26/09/22 17:49:45 INFO FileOutputCommitter: FileOutputCommitter skip cleanup _temporary folders under output directory:false, ignore cleanup failures: false
26/09/22 17:49:45 INFO FileOutputCommitter: File Output Committer Algorithm version is 1
26/09/22 17:49:45 INFO SQLHadoopMapReduceCommitProtocol: Using output committer class org.apache.parquet.hadoop.ParquetOutputCommitter
26/09/22 17:49:45 INFO FileOutputCommitter: FileOutputCommitter skip cleanup _temporary folders under output directory:false, ignore cleanup failures: false
26/09/22 17:49:45 INFO FileScanRDD: Reading File path: file:///opt/airflow/data/lake/raw/events/2019-Oct/event_date=2019-10-03/part-00002-e6dbecb7-a75e-4a1e-be16-8089c329fa2c.c000.snappy.parquet, range: 0-5664392, partition values: [empty row]
26/09/22 17:49:45 INFO FileOutputCommitter: File Output Committer Algorithm version is 1
26/09/22 17:49:45 INFO FileOutputCommitter: FileOutputCommitter skip cleanup _temporary folders under output directory:false, ignore cleanup failures: false
26/09/22 17:49:45 INFO SQLHadoopMapReduceCommitProtocol: Using output committer class org.apache.parquet.hadoop.ParquetOutputCommitter
26/09/22 17:49:45 INFO FileScanRDD: Reading File path: file:///opt/airflow/data/lake/raw/events/2019-Oct/event_date=2019-10-03/part-00002-e6dbecb7-a75e-4a1e-be16-8089c329fa2c.c000.snappy.parquet, range: 11328784-16993176, partition values: [empty row]
26/09/22 17:49:45 INFO SQLHadoopMapReduceCommitProtocol: Using output committer class org.apache.parquet.hadoop.ParquetOutputCommitter
26/09/22 17:49:45 INFO FileScanRDD: Reading File path: file:///opt/airflow/data/lake/raw/events/2019-Oct/event_date=2019-10-03/part-00002-e6dbecb7-a75e-4a1e-be16-8089c329fa2c.c000.snappy.parquet, range: 16993176-19177274, partition values: [empty row]
26/09/22 17:49:45 INFO FileScanRDD: Reading File path: file:///opt/airflow/data/lake/raw/events/2019-Oct/event_date=2019-10-03/part-00003-e6dbecb7-a75e-4a1e-be16-8089c329fa2c.c000.snappy.parquet, range: 11328784-16993176, partition values: [empty row]
26/09/22 17:49:45 INFO FileOutputCommitter: File Output Committer Algorithm version is 1
26/09/22 17:49:45 INFO FileOutputCommitter: FileOutputCommitter skip cleanup _temporary folders under output directory:false, ignore cleanup failures: false
26/09/22 17:49:45 INFO SQLHadoopMapReduceCommitProtocol: Using user defined output committer class org.apache.parquet.hadoop.ParquetOutputCommitter
26/09/22 17:49:45 INFO FileOutputCommitter: File Output Committer Algorithm version is 1
26/09/22 17:49:45 INFO FileOutputCommitter: FileOutputCommitter skip cleanup _temporary folders under output directory:false, ignore cleanup failures: false
26/09/22 17:49:45 INFO SQLHadoopMapReduceCommitProtocol: Using user defined output committer class org.apache.parquet.hadoop.ParquetOutputCommitter
26/09/22 17:49:45 INFO FileOutputCommitter: File Output Committer Algorithm version is 1
26/09/22 17:49:45 INFO FileOutputCommitter: FileOutputCommitter skip cleanup _temporary folders under output directory:false, ignore cleanup failures: false
26/09/22 17:49:45 INFO SQLHadoopMapReduceCommitProtocol: Using output committer class org.apache.parquet.hadoop.ParquetOutputCommitter
26/09/22 17:49:45 INFO FileScanRDD: Reading File path: file:///opt/airflow/data/lake/raw/events/2019-Oct/event_date=2019-10-03/part-00003-e6dbecb7-a75e-4a1e-be16-8089c329fa2c.c000.snappy.parquet, range: 5664392-11328784, partition values: [empty row]
26/09/22 17:49:45 INFO SQLHadoopMapReduceCommitProtocol: Using output committer class org.apache.parquet.hadoop.ParquetOutputCommitter
26/09/22 17:49:45 INFO FileScanRDD: Reading File path: file:///opt/airflow/data/lake/raw/events/2019-Oct/event_date=2019-10-03/part-00003-e6dbecb7-a75e-4a1e-be16-8089c329fa2c.c000.snappy.parquet, range: 16993176-17749260, partition values: [empty row]
26/09/22 17:49:45 INFO CodecConfig: Compression: SNAPPY
26/09/22 17:49:45 INFO CodecConfig: Compression: SNAPPY
26/09/22 17:49:45 INFO ParquetOutputFormat: ParquetRecordWriter [block size: 134217728b, row group padding size: 8388608b, validating: false]
26/09/22 17:49:45 INFO ParquetWriteSupport: Initialized Parquet WriteSupport with Catalyst schema:
{
  "type" : "struct",
  "fields" : [ {
    "name" : "event_time",
    "type" : "string",
    "nullable" : true,
    "metadata" : { }
  }, {
    "name" : "event_type",
    "type" : "string",
    "nullable" : true,
    "metadata" : { }
  }, {
    "name" : "product_id",
    "type" : "string",
    "nullable" : true,
    "metadata" : { }
  }, {
    "name" : "category_id",
    "type" : "string",
    "nullable" : true,
    "metadata" : { }
  }, {
    "name" : "category_code",
    "type" : "string",
    "nullable" : true,
    "metadata" : { }
  }, {
    "name" : "brand",
    "type" : "string",
    "nullable" : true,
    "metadata" : { }
  }, {
    "name" : "price",
    "type" : "string",
    "nullable" : true,
    "metadata" : { }
  }, {
    "name" : "user_id",
    "type" : "string",
    "nullable" : true,
    "metadata" : { }
  }, {
    "name" : "user_session",
    "type" : "string",
    "nullable" : true,
    "metadata" : { }
  } ]
}
and corresponding Parquet message type:
message spark_schema {
  optional binary event_time (STRING);
  optional binary event_type (STRING);
  optional binary product_id (STRING);
  optional binary category_id (STRING);
  optional binary category_code (STRING);
  optional binary brand (STRING);
  optional binary price (STRING);
  optional binary user_id (STRING);
  optional binary user_session (STRING);
}

       
26/09/22 17:49:46 INFO SparkHadoopMapRedUtil: No need to commit output of task because needsTaskCommit=false: attempt_202609221749456316325870710425953_0001_m_000003_4
26/09/22 17:49:46 INFO SparkHadoopMapRedUtil: No need to commit output of task because needsTaskCommit=false: attempt_202609221749456316325870710425953_0001_m_000002_3
26/09/22 17:49:46 INFO SparkHadoopMapRedUtil: No need to commit output of task because needsTaskCommit=false: attempt_202609221749456316325870710425953_0001_m_000006_7
26/09/22 17:49:46 INFO SparkHadoopMapRedUtil: No need to commit output of task because needsTaskCommit=false: attempt_202609221749456316325870710425953_0001_m_000005_6
26/09/22 17:49:46 INFO SparkHadoopMapRedUtil: No need to commit output of task because needsTaskCommit=false: attempt_202609221749456316325870710425953_0001_m_000007_8
26/09/22 17:49:46 INFO CodecPool: Got brand-new compressor [.snappy]
26/09/22 17:49:46 INFO Executor: Finished task 3.0 in stage 1.0 (TID 4). 2748 bytes result sent to driver
26/09/22 17:49:46 INFO Executor: Finished task 6.0 in stage 1.0 (TID 7). 2748 bytes result sent to driver
26/09/22 17:49:46 INFO Executor: Finished task 2.0 in stage 1.0 (TID 3). 2748 bytes result sent to driver
26/09/22 17:49:46 INFO Executor: Finished task 5.0 in stage 1.0 (TID 6). 2748 bytes result sent to driver
26/09/22 17:49:46 INFO Executor: Finished task 7.0 in stage 1.0 (TID 8). 2748 bytes result sent to driver
26/09/22 17:49:46 INFO TaskSetManager: Finished task 3.0 in stage 1.0 (TID 4) in 313 ms on 398971961f28 (executor driver) (1/8)
26/09/22 17:49:46 INFO TaskSetManager: Finished task 2.0 in stage 1.0 (TID 3) in 314 ms on 398971961f28 (executor driver) (2/8)
26/09/22 17:49:46 INFO TaskSetManager: Finished task 5.0 in stage 1.0 (TID 6) in 313 ms on 398971961f28 (executor driver) (3/8)
26/09/22 17:49:46 INFO TaskSetManager: Finished task 6.0 in stage 1.0 (TID 7) in 314 ms on 398971961f28 (executor driver) (4/8)
26/09/22 17:49:46 INFO TaskSetManager: Finished task 7.0 in stage 1.0 (TID 8) in 318 ms on 398971961f28 (executor driver) (5/8)
26/09/22 17:49:46 INFO CodecPool: Got brand-new decompressor [.snappy]
26/09/22 17:49:46 INFO CodecPool: Got brand-new decompressor [.snappy]
26/09/22 17:49:46 INFO FileScanRDD: Reading File path: file:///opt/airflow/data/lake/raw/events/2019-Oct/event_date=2019-10-03/part-00003-e6dbecb7-a75e-4a1e-be16-8089c329fa2c.c000.snappy.parquet, range: 0-5664392, partition values: [empty row]
26/09/22 17:49:46 INFO CodecConfig: Compression: SNAPPY
26/09/22 17:49:46 INFO CodecConfig: Compression: SNAPPY
26/09/22 17:49:46 INFO CodecConfig: Compression: SNAPPY
26/09/22 17:49:46 INFO CodecConfig: Compression: SNAPPY
26/09/22 17:49:46 INFO ParquetOutputFormat: ParquetRecordWriter [block size: 134217728b, row group padding size: 8388608b, validating: false]
26/09/22 17:49:46 INFO ParquetOutputFormat: ParquetRecordWriter [block size: 134217728b, row group padding size: 8388608b, validating: false]
26/09/22 17:49:46 INFO ParquetWriteSupport: Initialized Parquet WriteSupport with Catalyst schema:
{
  "type" : "struct",
  "fields" : [ {
    "name" : "event_time",
    "type" : "string",
    "nullable" : true,
    "metadata" : { }
  }, {
    "name" : "event_type",
    "type" : "string",
    "nullable" : true,
    "metadata" : { }
  }, {
    "name" : "product_id",
    "type" : "string",
    "nullable" : true,
    "metadata" : { }
  }, {
    "name" : "category_id",
    "type" : "string",
    "nullable" : true,
    "metadata" : { }
  }, {
    "name" : "category_code",
    "type" : "string",
    "nullable" : true,
    "metadata" : { }
  }, {
    "name" : "brand",
    "type" : "string",
    "nullable" : true,
    "metadata" : { }
  }, {
    "name" : "price",
    "type" : "string",
    "nullable" : true,
    "metadata" : { }
  }, {
    "name" : "user_id",
    "type" : "string",
    "nullable" : true,
    "metadata" : { }
  }, {
    "name" : "user_session",
    "type" : "string",
    "nullable" : true,
    "metadata" : { }
  } ]
}
and corresponding Parquet message type:
message spark_schema {
  optional binary event_time (STRING);
  optional binary event_type (STRING);
  optional binary product_id (STRING);
  optional binary category_id (STRING);
  optional binary category_code (STRING);
  optional binary brand (STRING);
  optional binary price (STRING);
  optional binary user_id (STRING);
  optional binary user_session (STRING);
}

       
26/09/22 17:49:46 INFO ParquetWriteSupport: Initialized Parquet WriteSupport with Catalyst schema:
{
  "type" : "struct",
  "fields" : [ {
    "name" : "event_time",
    "type" : "string",
    "nullable" : true,
    "metadata" : { }
  }, {
    "name" : "event_type",
    "type" : "string",
    "nullable" : true,
    "metadata" : { }
  }, {
    "name" : "product_id",
    "type" : "string",
    "nullable" : true,
    "metadata" : { }
  }, {
    "name" : "category_id",
    "type" : "string",
    "nullable" : true,
    "metadata" : { }
  }, {
    "name" : "category_code",
    "type" : "string",
    "nullable" : true,
    "metadata" : { }
  }, {
    "name" : "brand",
    "type" : "string",
    "nullable" : true,
    "metadata" : { }
  }, {
    "name" : "price",
    "type" : "string",
    "nullable" : true,
    "metadata" : { }
  }, {
    "name" : "user_id",
    "type" : "string",
    "nullable" : true,
    "metadata" : { }
  }, {
    "name" : "user_session",
    "type" : "string",
    "nullable" : true,
    "metadata" : { }
  } ]
}
and corresponding Parquet message type:
message spark_schema {
  optional binary event_time (STRING);
  optional binary event_type (STRING);
  optional binary product_id (STRING);
  optional binary category_id (STRING);
  optional binary category_code (STRING);
  optional binary brand (STRING);
  optional binary price (STRING);
  optional binary user_id (STRING);
  optional binary user_session (STRING);
}

       
26/09/22 17:49:46 INFO FileOutputCommitter: Saved output of task 'attempt_202609221749456316325870710425953_0001_m_000000_1' to file:/opt/airflow/data/lake/rejected/events/2019-10-03/_temporary/0/task_202609221749456316325870710425953_0001_m_000000
26/09/22 17:49:46 INFO SparkHadoopMapRedUtil: attempt_202609221749456316325870710425953_0001_m_000000_1: Committed. Elapsed time: 0 ms.
26/09/22 17:49:46 INFO Executor: Finished task 0.0 in stage 1.0 (TID 1). 2791 bytes result sent to driver
26/09/22 17:49:46 INFO TaskSetManager: Finished task 0.0 in stage 1.0 (TID 1) in 523 ms on 398971961f28 (executor driver) (6/8)
26/09/22 17:49:46 INFO CodecPool: Got brand-new compressor [.snappy]
26/09/22 17:49:46 INFO FileOutputCommitter: Saved output of task 'attempt_202609221749456316325870710425953_0001_m_000001_2' to file:/opt/airflow/data/lake/rejected/events/2019-10-03/_temporary/0/task_202609221749456316325870710425953_0001_m_000001
26/09/22 17:49:46 INFO SparkHadoopMapRedUtil: attempt_202609221749456316325870710425953_0001_m_000001_2: Committed. Elapsed time: 0 ms.
26/09/22 17:49:46 INFO Executor: Finished task 1.0 in stage 1.0 (TID 2). 2834 bytes result sent to driver
26/09/22 17:49:46 INFO TaskSetManager: Finished task 1.0 in stage 1.0 (TID 2) in 1133 ms on 398971961f28 (executor driver) (7/8)
26/09/22 17:49:46 INFO FileOutputCommitter: Saved output of task 'attempt_202609221749456316325870710425953_0001_m_000004_5' to file:/opt/airflow/data/lake/rejected/events/2019-10-03/_temporary/0/task_202609221749456316325870710425953_0001_m_000004
26/09/22 17:49:46 INFO SparkHadoopMapRedUtil: attempt_202609221749456316325870710425953_0001_m_000004_5: Committed. Elapsed time: 0 ms.
26/09/22 17:49:46 INFO Executor: Finished task 4.0 in stage 1.0 (TID 5). 2834 bytes result sent to driver
26/09/22 17:49:46 INFO TaskSetManager: Finished task 4.0 in stage 1.0 (TID 5) in 1178 ms on 398971961f28 (executor driver) (8/8)
26/09/22 17:49:46 INFO TaskSchedulerImpl: Removed TaskSet 1.0, whose tasks have all completed, from pool 
26/09/22 17:49:46 INFO DAGScheduler: ResultStage 1 (parquet at NativeMethodAccessorImpl.java:0) finished in 1.255 s
26/09/22 17:49:46 INFO DAGScheduler: Job 1 is finished. Cancelling potential speculative or zombie tasks for this job
26/09/22 17:49:46 INFO TaskSchedulerImpl: Killing all running tasks in stage 1: Stage finished
26/09/22 17:49:46 INFO DAGScheduler: Job 1 finished: parquet at NativeMethodAccessorImpl.java:0, took 1.266950 s
26/09/22 17:49:46 INFO FileFormatWriter: Start to commit write Job b8e98de1-54d8-4226-a699-ba508f38bbb7.
26/09/22 17:49:46 INFO FileFormatWriter: Write Job b8e98de1-54d8-4226-a699-ba508f38bbb7 committed. Elapsed time: 13 ms.
26/09/22 17:49:46 INFO FileFormatWriter: Finished processing stats for write job b8e98de1-54d8-4226-a699-ba508f38bbb7.
26/09/22 17:49:47 INFO SparkContext: Invoking stop() from shutdown hook
26/09/22 17:49:47 INFO SparkContext: SparkContext is stopping with exitCode 0.
26/09/22 17:49:47 INFO SparkUI: Stopped Spark web UI at http://398971961f28:4040
26/09/22 17:49:47 INFO MapOutputTrackerMasterEndpoint: MapOutputTrackerMasterEndpoint stopped!
26/09/22 17:49:47 INFO MemoryStore: MemoryStore cleared
26/09/22 17:49:47 INFO BlockManager: BlockManager stopped
26/09/22 17:49:47 INFO BlockManagerMaster: BlockManagerMaster stopped
26/09/22 17:49:47 INFO OutputCommitCoordinator$OutputCommitCoordinatorEndpoint: OutputCommitCoordinator stopped!
26/09/22 17:49:47 INFO SparkContext: Successfully stopped SparkContext
26/09/22 17:49:47 INFO ShutdownHookManager: Shutdown hook called
26/09/22 17:49:47 INFO ShutdownHookManager: Deleting directory /tmp/spark-89a370ee-6c5c-4892-bfb0-5680cf191f25
26/09/22 17:49:47 INFO ShutdownHookManager: Deleting directory /tmp/spark-d1dcd00c-2dfc-405d-9daa-11161f9c08e4/pyspark-53f6d6f2-19dc-47fe-ad2f-ba8b3c5f8712
26/09/22 17:49:47 INFO ShutdownHookManager: Deleting directory /tmp/spark-d1dcd00c-2dfc-405d-9daa-11161f9c08e4

[2026-09-22T17:49:47.387+0000] {taskinstance.py:441} INFO - ::group::Post task execution logs
[2026-09-22T17:49:47.387+0000] {taskinstance.py:2905} ERROR - Task failed with exception
Traceback (most recent call last):
  File "/home/airflow/.local/lib/python3.11/site-packages/airflow/models/taskinstance.py", line 465, in _execute_task
    result = _execute_callable(context=context, **execute_callable_kwargs)
             ^^^^^^^^^^^^^^^^^^^^^^^^^^^^^^^^^^^^^^^^^^^^^^^^^^^^^^^^^^^^^
  File "/home/airflow/.local/lib/python3.11/site-packages/airflow/models/taskinstance.py", line 432, in _execute_callable
    return execute_callable(context=context, **execute_callable_kwargs)
           ^^^^^^^^^^^^^^^^^^^^^^^^^^^^^^^^^^^^^^^^^^^^^^^^^^^^^^^^^^^^
  File "/home/airflow/.local/lib/python3.11/site-packages/airflow/models/baseoperator.py", line 401, in wrapper
    return func(self, *args, **kwargs)
           ^^^^^^^^^^^^^^^^^^^^^^^^^^^
  File "/home/airflow/.local/lib/python3.11/site-packages/airflow/decorators/base.py", line 265, in execute
    return_value = super().execute(context)
                   ^^^^^^^^^^^^^^^^^^^^^^^^
  File "/home/airflow/.local/lib/python3.11/site-packages/airflow/models/baseoperator.py", line 401, in wrapper
    return func(self, *args, **kwargs)
           ^^^^^^^^^^^^^^^^^^^^^^^^^^^
  File "/home/airflow/.local/lib/python3.11/site-packages/airflow/operators/python.py", line 235, in execute
    return_value = self.execute_callable()
                   ^^^^^^^^^^^^^^^^^^^^^^^
  File "/home/airflow/.local/lib/python3.11/site-packages/airflow/operators/python.py", line 252, in execute_callable
    return self.python_callable(*self.op_args, **self.op_kwargs)
           ^^^^^^^^^^^^^^^^^^^^^^^^^^^^^^^^^^^^^^^^^^^^^^^^^^^^^
  File "/opt/airflow/dags/etl.py", line 79, in extract
    raise e
  File "/opt/airflow/dags/etl.py", line 70, in extract
    script_run = subprocess.run([
                 ^^^^^^^^^^^^^^^^
  File "/usr/local/lib/python3.11/subprocess.py", line 571, in run
    raise CalledProcessError(retcode, process.args,
subprocess.CalledProcessError: Command '['spark-submit', '--packages', 'org.postgresql:postgresql:42.6.0', '/opt/airflow/dags/daily_etl.py', '2019-10-03']' returned non-zero exit status 1.
[2026-09-22T17:49:47.392+0000] {taskinstance.py:1206} INFO - Marking task as UP_FOR_RETRY. dag_id=ecommerce_data, task_id=extract, run_id=scheduled__2019-10-03T00:00:00+00:00, execution_date=20191003T000000, start_date=20260922T174938, end_date=20260922T174947
[2026-09-22T17:49:47.398+0000] {standard_task_runner.py:110} ERROR - Failed to execute job 74 for task extract (Command '['spark-submit', '--packages', 'org.postgresql:postgresql:42.6.0', '/opt/airflow/dags/daily_etl.py', '2019-10-03']' returned non-zero exit status 1.; 7609)
[2026-09-22T17:49:47.431+0000] {local_task_job_runner.py:240} INFO - Task exited with return code 1
[2026-09-22T17:49:47.446+0000] {taskinstance.py:3503} INFO - 0 downstream tasks scheduled from follow-on schedule check
[2026-09-22T17:49:47.447+0000] {local_task_job_runner.py:222} INFO - ::endgroup::
[2026-09-22T22:22:24.810+0000] {local_task_job_runner.py:120} INFO - ::group::Pre task execution logs
[2026-09-22T22:22:24.828+0000] {taskinstance.py:2076} INFO - Dependencies all met for dep_context=non-requeueable deps ti=<TaskInstance: ecommerce_data.extract scheduled__2019-10-03T00:00:00+00:00 [queued]>
[2026-09-22T22:22:24.833+0000] {taskinstance.py:2076} INFO - Dependencies all met for dep_context=requeueable deps ti=<TaskInstance: ecommerce_data.extract scheduled__2019-10-03T00:00:00+00:00 [queued]>
[2026-09-22T22:22:24.833+0000] {taskinstance.py:2306} INFO - Starting attempt 1 of 4
[2026-09-22T22:22:24.843+0000] {taskinstance.py:2330} INFO - Executing <Task(_PythonDecoratedOperator): extract> on 2019-10-03 00:00:00+00:00
[2026-09-22T22:22:24.849+0000] {standard_task_runner.py:63} INFO - Started process 10258 to run task
[2026-09-22T22:22:24.851+0000] {standard_task_runner.py:90} INFO - Running: ['airflow', 'tasks', 'run', 'ecommerce_data', 'extract', 'scheduled__2019-10-03T00:00:00+00:00', '--job-id', '104', '--raw', '--subdir', 'DAGS_FOLDER/etl.py', '--cfg-path', '/tmp/tmp205hjxvn']
[2026-09-22T22:22:24.853+0000] {standard_task_runner.py:91} INFO - Job 104: Subtask extract
[2026-09-22T22:22:24.888+0000] {task_command.py:426} INFO - Running <TaskInstance: ecommerce_data.extract scheduled__2019-10-03T00:00:00+00:00 [running]> on host 398971961f28
[2026-09-22T22:22:24.948+0000] {taskinstance.py:2648} INFO - Exporting env vars: AIRFLOW_CTX_DAG_OWNER='airflow' AIRFLOW_CTX_DAG_ID='ecommerce_data' AIRFLOW_CTX_TASK_ID='extract' AIRFLOW_CTX_EXECUTION_DATE='2019-10-03T00:00:00+00:00' AIRFLOW_CTX_TRY_NUMBER='1' AIRFLOW_CTX_DAG_RUN_ID='scheduled__2019-10-03T00:00:00+00:00'
[2026-09-22T22:22:24.949+0000] {taskinstance.py:430} INFO - ::endgroup::
[2026-09-22T22:22:24.953+0000] {base.py:84} INFO - Using connection ID 'postgres_conn_id' for task execution.
[2026-09-22T22:22:41.198+0000] {etl.py:75} INFO - :: loading settings :: url = jar:file:/home/airflow/.local/lib/python3.11/site-packages/pyspark/jars/ivy-2.5.1.jar!/org/apache/ivy/core/settings/ivysettings.xml

[2026-09-22T22:22:41.199+0000] {python.py:237} INFO - Done. Returned value was: None
[2026-09-22T22:22:41.199+0000] {taskinstance.py:441} INFO - ::group::Post task execution logs
[2026-09-22T22:22:41.203+0000] {taskinstance.py:1206} INFO - Marking task as SUCCESS. dag_id=ecommerce_data, task_id=extract, run_id=scheduled__2019-10-03T00:00:00+00:00, execution_date=20191003T000000, start_date=20260922T222224, end_date=20260922T222241
[2026-09-22T22:22:41.223+0000] {local_task_job_runner.py:240} INFO - Task exited with return code 0
[2026-09-22T22:22:41.235+0000] {taskinstance.py:3503} INFO - 0 downstream tasks scheduled from follow-on schedule check
[2026-09-22T22:22:41.235+0000] {local_task_job_runner.py:222} INFO - ::endgroup::
